-- MySQL dump 10.13  Distrib 5.5.52, for debian-linux-gnu (i686)
--
-- Host: localhost    Database: bitrix_local
-- ------------------------------------------------------
-- Server version	5.5.52-0ubuntu0.14.04.1

/*!40101 SET @OLD_CHARACTER_SET_CLIENT=@@CHARACTER_SET_CLIENT */;
/*!40101 SET @OLD_CHARACTER_SET_RESULTS=@@CHARACTER_SET_RESULTS */;
/*!40101 SET @OLD_COLLATION_CONNECTION=@@COLLATION_CONNECTION */;
/*!40101 SET NAMES utf8 */;
/*!40103 SET @OLD_TIME_ZONE=@@TIME_ZONE */;
/*!40103 SET TIME_ZONE='+00:00' */;
/*!40014 SET @OLD_UNIQUE_CHECKS=@@UNIQUE_CHECKS, UNIQUE_CHECKS=0 */;
/*!40014 SET @OLD_FOREIGN_KEY_CHECKS=@@FOREIGN_KEY_CHECKS, FOREIGN_KEY_CHECKS=0 */;
/*!40101 SET @OLD_SQL_MODE=@@SQL_MODE, SQL_MODE='NO_AUTO_VALUE_ON_ZERO' */;
/*!40111 SET @OLD_SQL_NOTES=@@SQL_NOTES, SQL_NOTES=0 */;

--
-- Table structure for table `b_abtest`
--

DROP TABLE IF EXISTS `b_abtest`;
/*!40101 SET @saved_cs_client     = @@character_set_client */;
/*!40101 SET character_set_client = utf8 */;
CREATE TABLE `b_abtest` (
  `ID` int(11) NOT NULL AUTO_INCREMENT,
  `SITE_ID` varchar(255) COLLATE utf8_unicode_ci NOT NULL,
  `ACTIVE` char(1) COLLATE utf8_unicode_ci NOT NULL DEFAULT 'N',
  `ENABLED` char(1) COLLATE utf8_unicode_ci NOT NULL DEFAULT 'N',
  `NAME` varchar(255) COLLATE utf8_unicode_ci DEFAULT NULL,
  `DESCR` text COLLATE utf8_unicode_ci,
  `TEST_DATA` text COLLATE utf8_unicode_ci NOT NULL,
  `START_DATE` datetime DEFAULT NULL,
  `STOP_DATE` datetime DEFAULT NULL,
  `DURATION` int(11) NOT NULL DEFAULT '0',
  `PORTION` int(11) NOT NULL DEFAULT '0',
  `MIN_AMOUNT` int(11) DEFAULT NULL,
  `USER_ID` int(11) DEFAULT NULL,
  `SORT` int(11) NOT NULL DEFAULT '100',
  PRIMARY KEY (`ID`)
) ENGINE=InnoDB AUTO_INCREMENT=10 DEFAULT CHARSET=utf8 COLLATE=utf8_unicode_ci;
/*!40101 SET character_set_client = @saved_cs_client */;

--
-- Dumping data for table `b_abtest`
--

LOCK TABLES `b_abtest` WRITE;
/*!40000 ALTER TABLE `b_abtest` DISABLE KEYS */;
INSERT INTO `b_abtest` VALUES (1,'s1','N','T','Новый дизайн','Запустите А/B-тестирование для сравнения текущего дизайна с новым, и убедитесь, что показатели конверсии нового шаблона сайта выше.','a:2:{s:2:\"id\";s:7:\"sample1\";s:4:\"list\";a:1:{i:0;a:3:{s:4:\"type\";s:8:\"template\";s:9:\"old_value\";s:0:\"\";s:9:\"new_value\";s:0:\"\";}}}',NULL,NULL,0,30,NULL,NULL,100),(2,'s1','N','T','Главная страница','Запустите А/B-тестирование, сравните влияние изменений на главной странице на конверсию вашего сайта.','a:2:{s:2:\"id\";s:7:\"sample2\";s:4:\"list\";a:1:{i:0;a:3:{s:4:\"type\";s:4:\"page\";s:9:\"old_value\";s:0:\"\";s:9:\"new_value\";s:0:\"\";}}}',NULL,NULL,0,30,NULL,NULL,200),(3,'s1','N','T','Детальная карточка товара','С этой страничкой знакомится почти каждый покупатель вашего магазина, прежде чем изменить ее, проведите А/B-тестирование и убедитесь, что для новой страницы показатели конверсии выше.','a:2:{s:2:\"id\";s:7:\"sample3\";s:4:\"list\";a:1:{i:0;a:3:{s:4:\"type\";s:4:\"page\";s:9:\"old_value\";s:0:\"\";s:9:\"new_value\";s:0:\"\";}}}',NULL,NULL,0,30,NULL,NULL,300),(4,'s1','N','T','Страницы корзины','Запустите А/B-тестирование, сравните влияние изменений на странице корзины на конверсию вашего сайта.','a:2:{s:2:\"id\";s:7:\"sample4\";s:4:\"list\";a:1:{i:0;a:3:{s:4:\"type\";s:4:\"page\";s:9:\"old_value\";s:0:\"\";s:9:\"new_value\";s:0:\"\";}}}',NULL,NULL,0,30,NULL,NULL,400),(5,'s1','N','T','Страница оформления заказа','Запустите А/B-тестирование, сравните влияние изменений на странице оформления заказа на конверсию вашего сайта.','a:2:{s:2:\"id\";s:7:\"sample5\";s:4:\"list\";a:1:{i:0;a:3:{s:4:\"type\";s:4:\"page\";s:9:\"old_value\";s:0:\"\";s:9:\"new_value\";s:0:\"\";}}}',NULL,NULL,0,30,NULL,NULL,500),(6,'s1','N','T','Произвольная выбранная страница','Проведите А/B-тестирование для любой страницы вашего сайта и сравните показатели конверсии для принятия правильного решения.','a:2:{s:2:\"id\";s:7:\"sample6\";s:4:\"list\";a:1:{i:0;a:3:{s:4:\"type\";s:4:\"page\";s:9:\"old_value\";s:0:\"\";s:9:\"new_value\";s:0:\"\";}}}',NULL,NULL,0,30,NULL,NULL,600),(7,'s1','N','N','Композит','Запустите А/B-тестирование и сравните показатели конверсии с композитом и без него.','a:2:{s:2:\"id\";s:7:\"sample7\";s:4:\"list\";a:1:{i:0;a:3:{s:4:\"type\";s:9:\"composite\";s:9:\"old_value\";s:1:\"N\";s:9:\"new_value\";s:1:\"Y\";}}}',NULL,NULL,0,30,NULL,NULL,700),(8,'s1','N','N','CDN','Запустите А/B-тестирование, чтобы выявить влияние CDN на конверсию вашего сайта.','a:2:{s:2:\"id\";s:7:\"sample8\";s:4:\"list\";a:1:{i:0;a:3:{s:4:\"type\";s:3:\"cdn\";s:9:\"old_value\";s:1:\"N\";s:9:\"new_value\";s:1:\"Y\";}}}',NULL,NULL,0,30,NULL,NULL,800),(9,'s1','N','N','BigData','Узнайте насколько эффективна работа BigData. Запустите А/B-тестирование и сравните показатели конверсии сайта.','a:2:{s:2:\"id\";s:7:\"sample9\";s:4:\"list\";a:1:{i:0;a:3:{s:4:\"type\";s:7:\"bigdata\";s:9:\"old_value\";s:1:\"N\";s:9:\"new_value\";s:1:\"Y\";}}}',NULL,NULL,0,30,NULL,NULL,900);
/*!40000 ALTER TABLE `b_abtest` ENABLE KEYS */;
UNLOCK TABLES;

--
-- Table structure for table `b_admin_notify`
--

DROP TABLE IF EXISTS `b_admin_notify`;
/*!40101 SET @saved_cs_client     = @@character_set_client */;
/*!40101 SET character_set_client = utf8 */;
CREATE TABLE `b_admin_notify` (
  `ID` int(18) NOT NULL AUTO_INCREMENT,
  `MODULE_ID` varchar(50) COLLATE utf8_unicode_ci DEFAULT NULL,
  `TAG` varchar(255) COLLATE utf8_unicode_ci DEFAULT NULL,
  `MESSAGE` text COLLATE utf8_unicode_ci,
  `ENABLE_CLOSE` char(1) COLLATE utf8_unicode_ci DEFAULT 'Y',
  `PUBLIC_SECTION` char(1) COLLATE utf8_unicode_ci NOT NULL DEFAULT 'N',
  `NOTIFY_TYPE` char(1) COLLATE utf8_unicode_ci NOT NULL DEFAULT 'M',
  PRIMARY KEY (`ID`),
  KEY `IX_AD_TAG` (`TAG`)
) ENGINE=InnoDB DEFAULT CHARSET=utf8 COLLATE=utf8_unicode_ci;
/*!40101 SET character_set_client = @saved_cs_client */;

--
-- Dumping data for table `b_admin_notify`
--

LOCK TABLES `b_admin_notify` WRITE;
/*!40000 ALTER TABLE `b_admin_notify` DISABLE KEYS */;
/*!40000 ALTER TABLE `b_admin_notify` ENABLE KEYS */;
UNLOCK TABLES;

--
-- Table structure for table `b_admin_notify_lang`
--

DROP TABLE IF EXISTS `b_admin_notify_lang`;
/*!40101 SET @saved_cs_client     = @@character_set_client */;
/*!40101 SET character_set_client = utf8 */;
CREATE TABLE `b_admin_notify_lang` (
  `ID` int(18) NOT NULL AUTO_INCREMENT,
  `NOTIFY_ID` int(18) NOT NULL,
  `LID` char(2) COLLATE utf8_unicode_ci NOT NULL,
  `MESSAGE` text COLLATE utf8_unicode_ci,
  PRIMARY KEY (`ID`),
  UNIQUE KEY `IX_ADM_NTFY_LANG` (`NOTIFY_ID`,`LID`),
  KEY `IX_ADM_NTFY_LID` (`LID`)
) ENGINE=InnoDB DEFAULT CHARSET=utf8 COLLATE=utf8_unicode_ci;
/*!40101 SET character_set_client = @saved_cs_client */;

--
-- Dumping data for table `b_admin_notify_lang`
--

LOCK TABLES `b_admin_notify_lang` WRITE;
/*!40000 ALTER TABLE `b_admin_notify_lang` DISABLE KEYS */;
/*!40000 ALTER TABLE `b_admin_notify_lang` ENABLE KEYS */;
UNLOCK TABLES;

--
-- Table structure for table `b_agent`
--

DROP TABLE IF EXISTS `b_agent`;
/*!40101 SET @saved_cs_client     = @@character_set_client */;
/*!40101 SET character_set_client = utf8 */;
CREATE TABLE `b_agent` (
  `ID` int(18) NOT NULL AUTO_INCREMENT,
  `MODULE_ID` varchar(50) COLLATE utf8_unicode_ci DEFAULT NULL,
  `SORT` int(18) NOT NULL DEFAULT '100',
  `NAME` text COLLATE utf8_unicode_ci,
  `ACTIVE` char(1) COLLATE utf8_unicode_ci NOT NULL DEFAULT 'Y',
  `LAST_EXEC` datetime DEFAULT NULL,
  `NEXT_EXEC` datetime NOT NULL,
  `DATE_CHECK` datetime DEFAULT NULL,
  `AGENT_INTERVAL` int(18) DEFAULT '86400',
  `IS_PERIOD` char(1) COLLATE utf8_unicode_ci DEFAULT 'Y',
  `USER_ID` int(18) DEFAULT NULL,
  `RUNNING` char(1) COLLATE utf8_unicode_ci NOT NULL DEFAULT 'N',
  PRIMARY KEY (`ID`),
  KEY `ix_act_next_exec` (`ACTIVE`,`NEXT_EXEC`),
  KEY `ix_agent_user_id` (`USER_ID`)
) ENGINE=InnoDB AUTO_INCREMENT=253 DEFAULT CHARSET=utf8 COLLATE=utf8_unicode_ci;
/*!40101 SET character_set_client = @saved_cs_client */;

--
-- Dumping data for table `b_agent`
--

LOCK TABLES `b_agent` WRITE;
/*!40000 ALTER TABLE `b_agent` DISABLE KEYS */;
INSERT INTO `b_agent` VALUES (1,'main',100,'CEvent::CleanUpAgent();','Y','2017-06-03 16:37:50','2017-06-04 00:00:00',NULL,86400,'Y',NULL,'N'),(2,'main',100,'CUser::CleanUpHitAuthAgent();','Y','2017-06-03 16:37:50','2017-06-04 00:00:00',NULL,86400,'Y',NULL,'N'),(3,'main',100,'CCaptchaAgent::DeleteOldCaptcha(3600);','Y','2017-06-03 21:39:44','2017-06-03 22:39:44',NULL,3600,'N',NULL,'N'),(4,'main',100,'CUndo::CleanUpOld();','Y','2017-06-03 16:37:50','2017-06-04 00:00:00',NULL,86400,'Y',NULL,'N'),(5,'main',100,'CSiteCheckerTest::CommonTest();','Y','2017-06-03 16:37:50','2017-06-04 16:37:50',NULL,86400,'N',NULL,'N'),(6,'main',100,'\\Bitrix\\Main\\Analytics\\CounterDataTable::submitData();','Y','2017-06-03 22:20:41','2017-06-03 22:21:41',NULL,60,'N',NULL,'N'),(7,'catalog',100,'\\Bitrix\\Catalog\\CatalogViewedProductTable::clearAgent();','Y','2017-06-01 23:17:44','2017-06-06 23:17:44',NULL,432000,'N',NULL,'N'),(8,'currency',100,'\\Bitrix\\Currency\\CurrencyManager::currencyBaseRateAgent();','Y','2017-06-03 16:37:51','2017-06-04 00:01:00',NULL,86400,'Y',NULL,'N'),(9,'forum',100,'CForumStat::CleanUp();','Y','2017-06-03 16:37:51','2017-06-04 16:37:51',NULL,86400,'N',NULL,'N'),(10,'forum',100,'CForumFiles::CleanUp();','Y','2017-06-03 16:37:51','2017-06-04 16:37:51',NULL,86400,'N',NULL,'N'),(15,'sale',100,'CSaleRecurring::AgentCheckRecurring();','Y','2017-06-03 20:39:39','2017-06-03 22:39:39',NULL,7200,'N',NULL,'N'),(16,'sale',100,'CSaleOrder::RemindPayment();','Y','2017-06-03 16:37:51','2017-06-04 16:37:51',NULL,86400,'N',NULL,'N'),(17,'sale',100,'CSaleViewedProduct::ClearViewed();','Y','2017-06-03 16:37:51','2017-06-04 16:37:51',NULL,86400,'N',NULL,'N'),(18,'sale',100,'CSaleOrder::ClearProductReservedQuantity();','Y','2017-06-03 16:37:51','2017-06-04 16:37:51',NULL,86400,'N',NULL,'N'),(21,'search',10,'CSearchSuggest::CleanUpAgent();','Y','2017-06-03 16:37:51','2017-06-04 16:37:51',NULL,86400,'N',NULL,'N'),(22,'search',10,'CSearchStatistic::CleanUpAgent();','Y','2017-06-03 16:37:51','2017-06-04 16:37:51',NULL,86400,'N',NULL,'N'),(24,'security',100,'CSecuritySession::CleanUpAgent();','Y','2017-06-03 21:52:13','2017-06-03 22:22:13',NULL,1800,'N',NULL,'N'),(25,'security',100,'CSecurityIPRule::CleanUpAgent();','Y','2017-06-03 21:39:44','2017-06-03 22:39:44',NULL,3600,'N',NULL,'N'),(27,'sender',100,'\\Bitrix\\Sender\\MailingManager::checkPeriod();','Y','2017-06-03 22:20:41','2017-06-03 22:21:41',NULL,60,'N',NULL,'N'),(29,'seo',100,'Bitrix\\Seo\\Engine\\YandexDirect::updateAgent();','Y','2017-06-03 21:39:44','2017-06-03 22:39:44',NULL,3600,'N',NULL,'N'),(30,'seo',100,'Bitrix\\Seo\\Adv\\LogTable::clean();','Y','2017-06-03 16:37:51','2017-06-04 16:37:51',NULL,86400,'N',NULL,'N'),(31,'seo',100,'Bitrix\\Seo\\Adv\\Auto::checkQuantityAgent();','Y','2017-06-03 21:39:44','2017-06-03 22:39:44',NULL,3600,'N',NULL,'N'),(34,'storeassist',100,'CStoreAssist::AgentCountDayOrders();','Y','2017-06-03 16:37:51','2017-06-04 16:37:51',NULL,86400,'N',NULL,'N'),(36,'subscribe',100,'CSubscription::CleanUp();','Y','2017-06-03 16:37:52','2017-06-04 03:00:00',NULL,86400,'Y',NULL,'N'),(40,'pull',100,'CPullChannel::CheckExpireAgent();','Y','2017-06-03 16:37:51','2017-06-04 04:37:51',NULL,43200,'N',NULL,'N'),(41,'pull',100,'CPullStack::CheckExpireAgent();','Y','2017-06-03 16:37:51','2017-06-04 16:37:51',NULL,86400,'N',NULL,'N'),(42,'pull',100,'CPullWatch::CheckExpireAgent();','Y','2017-06-03 22:02:24','2017-06-03 22:22:24',NULL,600,'N',NULL,'N'),(55,'im',100,'CIMMail::MailNotifyAgent();','Y','2017-06-03 22:12:33','2017-06-03 22:22:33',NULL,600,'N',NULL,'N'),(56,'im',100,'CIMMail::MailMessageAgent();','Y','2017-06-03 22:12:33','2017-06-03 22:22:33',NULL,600,'N',NULL,'N'),(62,'im',100,'CIMDisk::RemoveTmpFileAgent();','Y','2017-06-03 16:37:51','2017-06-04 04:37:51',NULL,43200,'N',NULL,'N'),(192,'main',100,'CEventLog::CleanUpAgent();','Y','2017-06-03 16:37:51','2017-06-04 16:37:51',NULL,86400,'N',NULL,'N'),(199,'main',100,'CUserCounter::DeleteOld();','Y','2017-06-03 16:37:51','2017-06-04 16:37:51',NULL,86400,'N',NULL,'N'),(202,'im',100,'\\Bitrix\\Im\\Bot::deleteExpiredTokenAgent();','Y','2017-06-03 16:37:51','2017-06-04 16:37:51',NULL,86400,'N',NULL,'N'),(224,'socialservices',100,'CSocServMessage::CleanUp();','Y','2017-06-03 16:37:51','2017-06-04 16:37:51',NULL,86400,'N',NULL,'N'),(230,'pull',100,'CPullChannel::CheckOnlineChannel();','Y','2017-06-03 22:20:41','2017-06-03 22:22:21',NULL,100,'N',NULL,'N');
/*!40000 ALTER TABLE `b_agent` ENABLE KEYS */;
UNLOCK TABLES;

--
-- Table structure for table `b_app_password`
--

DROP TABLE IF EXISTS `b_app_password`;
/*!40101 SET @saved_cs_client     = @@character_set_client */;
/*!40101 SET character_set_client = utf8 */;
CREATE TABLE `b_app_password` (
  `ID` int(11) NOT NULL AUTO_INCREMENT,
  `USER_ID` int(11) NOT NULL,
  `APPLICATION_ID` varchar(255) COLLATE utf8_unicode_ci NOT NULL,
  `PASSWORD` varchar(255) COLLATE utf8_unicode_ci NOT NULL,
  `DIGEST_PASSWORD` varchar(255) COLLATE utf8_unicode_ci NOT NULL,
  `DATE_CREATE` datetime DEFAULT NULL,
  `DATE_LOGIN` datetime DEFAULT NULL,
  `LAST_IP` varchar(255) COLLATE utf8_unicode_ci DEFAULT NULL,
  `COMMENT` varchar(255) COLLATE utf8_unicode_ci DEFAULT NULL,
  `SYSCOMMENT` varchar(255) COLLATE utf8_unicode_ci DEFAULT NULL,
  `CODE` varchar(255) COLLATE utf8_unicode_ci DEFAULT NULL,
  PRIMARY KEY (`ID`),
  KEY `ix_app_password_user` (`USER_ID`)
) ENGINE=InnoDB DEFAULT CHARSET=utf8 COLLATE=utf8_unicode_ci;
/*!40101 SET character_set_client = @saved_cs_client */;

--
-- Dumping data for table `b_app_password`
--

LOCK TABLES `b_app_password` WRITE;
/*!40000 ALTER TABLE `b_app_password` DISABLE KEYS */;
/*!40000 ALTER TABLE `b_app_password` ENABLE KEYS */;
UNLOCK TABLES;

--
-- Table structure for table `b_b24connector_buttons`
--

DROP TABLE IF EXISTS `b_b24connector_buttons`;
/*!40101 SET @saved_cs_client     = @@character_set_client */;
/*!40101 SET character_set_client = utf8 */;
CREATE TABLE `b_b24connector_buttons` (
  `ID` int(11) NOT NULL,
  `APP_ID` int(11) NOT NULL,
  `ADD_DATE` datetime NOT NULL,
  `ADD_BY` int(11) NOT NULL,
  `NAME` varchar(255) COLLATE utf8_unicode_ci DEFAULT NULL,
  `SCRIPT` text COLLATE utf8_unicode_ci,
  PRIMARY KEY (`ID`)
) ENGINE=InnoDB DEFAULT CHARSET=utf8 COLLATE=utf8_unicode_ci;
/*!40101 SET character_set_client = @saved_cs_client */;

--
-- Dumping data for table `b_b24connector_buttons`
--

LOCK TABLES `b_b24connector_buttons` WRITE;
/*!40000 ALTER TABLE `b_b24connector_buttons` DISABLE KEYS */;
/*!40000 ALTER TABLE `b_b24connector_buttons` ENABLE KEYS */;
UNLOCK TABLES;

--
-- Table structure for table `b_bitrixcloud_option`
--

DROP TABLE IF EXISTS `b_bitrixcloud_option`;
/*!40101 SET @saved_cs_client     = @@character_set_client */;
/*!40101 SET character_set_client = utf8 */;
CREATE TABLE `b_bitrixcloud_option` (
  `ID` int(11) NOT NULL AUTO_INCREMENT,
  `NAME` varchar(50) COLLATE utf8_unicode_ci NOT NULL,
  `SORT` int(11) NOT NULL,
  `PARAM_KEY` varchar(50) COLLATE utf8_unicode_ci DEFAULT NULL,
  `PARAM_VALUE` varchar(200) COLLATE utf8_unicode_ci DEFAULT NULL,
  PRIMARY KEY (`ID`),
  KEY `ix_b_bitrixcloud_option_1` (`NAME`)
) ENGINE=InnoDB AUTO_INCREMENT=5 DEFAULT CHARSET=utf8 COLLATE=utf8_unicode_ci;
/*!40101 SET character_set_client = @saved_cs_client */;

--
-- Dumping data for table `b_bitrixcloud_option`
--

LOCK TABLES `b_bitrixcloud_option` WRITE;
/*!40000 ALTER TABLE `b_bitrixcloud_option` DISABLE KEYS */;
INSERT INTO `b_bitrixcloud_option` VALUES (1,'backup_quota',0,'0','0'),(2,'backup_total_size',0,'0','0'),(3,'backup_last_backup_time',0,'0','1456933453'),(4,'monitoring_expire_time',0,'0','1496519528');
/*!40000 ALTER TABLE `b_bitrixcloud_option` ENABLE KEYS */;
UNLOCK TABLES;

--
-- Table structure for table `b_blog`
--

DROP TABLE IF EXISTS `b_blog`;
/*!40101 SET @saved_cs_client     = @@character_set_client */;
/*!40101 SET character_set_client = utf8 */;
CREATE TABLE `b_blog` (
  `ID` int(11) NOT NULL AUTO_INCREMENT,
  `NAME` varchar(255) COLLATE utf8_unicode_ci NOT NULL,
  `DESCRIPTION` text COLLATE utf8_unicode_ci,
  `DATE_CREATE` datetime NOT NULL,
  `DATE_UPDATE` datetime NOT NULL,
  `ACTIVE` char(1) COLLATE utf8_unicode_ci NOT NULL DEFAULT 'Y',
  `OWNER_ID` int(11) DEFAULT NULL,
  `SOCNET_GROUP_ID` int(11) DEFAULT NULL,
  `URL` varchar(255) COLLATE utf8_unicode_ci NOT NULL,
  `REAL_URL` varchar(255) COLLATE utf8_unicode_ci DEFAULT NULL,
  `GROUP_ID` int(11) NOT NULL,
  `ENABLE_COMMENTS` char(1) COLLATE utf8_unicode_ci NOT NULL DEFAULT 'Y',
  `ENABLE_IMG_VERIF` char(1) COLLATE utf8_unicode_ci NOT NULL DEFAULT 'N',
  `ENABLE_RSS` char(1) COLLATE utf8_unicode_ci NOT NULL DEFAULT 'Y',
  `LAST_POST_ID` int(11) DEFAULT NULL,
  `LAST_POST_DATE` datetime DEFAULT NULL,
  `AUTO_GROUPS` varchar(255) COLLATE utf8_unicode_ci DEFAULT NULL,
  `EMAIL_NOTIFY` char(1) COLLATE utf8_unicode_ci NOT NULL DEFAULT 'Y',
  `ALLOW_HTML` char(1) COLLATE utf8_unicode_ci NOT NULL DEFAULT 'N',
  `SEARCH_INDEX` char(1) COLLATE utf8_unicode_ci NOT NULL DEFAULT 'Y',
  `USE_SOCNET` char(1) COLLATE utf8_unicode_ci NOT NULL DEFAULT 'N',
  PRIMARY KEY (`ID`),
  UNIQUE KEY `IX_BLOG_BLOG_4` (`URL`),
  KEY `IX_BLOG_BLOG_1` (`GROUP_ID`,`ACTIVE`),
  KEY `IX_BLOG_BLOG_2` (`OWNER_ID`),
  KEY `IX_BLOG_BLOG_5` (`LAST_POST_DATE`),
  KEY `IX_BLOG_BLOG_6` (`SOCNET_GROUP_ID`)
) ENGINE=InnoDB AUTO_INCREMENT=3 DEFAULT CHARSET=utf8 COLLATE=utf8_unicode_ci;
/*!40101 SET character_set_client = @saved_cs_client */;

--
-- Dumping data for table `b_blog`
--

LOCK TABLES `b_blog` WRITE;
/*!40000 ALTER TABLE `b_blog` DISABLE KEYS */;
INSERT INTO `b_blog` VALUES (1,'Отзывы на товары','Здесь хранятся отзывы посетителей магазина на товары магазина','2017-01-30 08:53:54','2017-03-18 20:16:38','Y',1,NULL,'catalog_comments',NULL,1,'Y','Y','N',7,'2017-03-18 20:16:38','N','N','N','N','N'),(2,'Блог пользователя Админ ',NULL,'2017-03-05 10:52:38','2017-03-05 10:52:39','Y',1,NULL,'admin-blog-s1',NULL,1,'Y','Y','Y',5,'2017-03-05 10:52:39',NULL,'Y','N','Y','Y');
/*!40000 ALTER TABLE `b_blog` ENABLE KEYS */;
UNLOCK TABLES;

--
-- Table structure for table `b_blog_category`
--

DROP TABLE IF EXISTS `b_blog_category`;
/*!40101 SET @saved_cs_client     = @@character_set_client */;
/*!40101 SET character_set_client = utf8 */;
CREATE TABLE `b_blog_category` (
  `ID` int(11) NOT NULL AUTO_INCREMENT,
  `BLOG_ID` int(11) NOT NULL,
  `NAME` varchar(255) COLLATE utf8_unicode_ci NOT NULL,
  PRIMARY KEY (`ID`),
  UNIQUE KEY `IX_BLOG_CAT_1` (`BLOG_ID`,`NAME`)
) ENGINE=InnoDB DEFAULT CHARSET=utf8 COLLATE=utf8_unicode_ci;
/*!40101 SET character_set_client = @saved_cs_client */;

--
-- Dumping data for table `b_blog_category`
--

LOCK TABLES `b_blog_category` WRITE;
/*!40000 ALTER TABLE `b_blog_category` DISABLE KEYS */;
/*!40000 ALTER TABLE `b_blog_category` ENABLE KEYS */;
UNLOCK TABLES;

--
-- Table structure for table `b_blog_comment`
--

DROP TABLE IF EXISTS `b_blog_comment`;
/*!40101 SET @saved_cs_client     = @@character_set_client */;
/*!40101 SET character_set_client = utf8 */;
CREATE TABLE `b_blog_comment` (
  `ID` int(11) NOT NULL AUTO_INCREMENT,
  `BLOG_ID` int(11) NOT NULL,
  `POST_ID` int(11) NOT NULL,
  `PARENT_ID` int(11) DEFAULT NULL,
  `AUTHOR_ID` int(11) DEFAULT NULL,
  `ICON_ID` int(11) DEFAULT NULL,
  `AUTHOR_NAME` varchar(255) COLLATE utf8_unicode_ci DEFAULT NULL,
  `AUTHOR_EMAIL` varchar(255) COLLATE utf8_unicode_ci DEFAULT NULL,
  `AUTHOR_IP` varchar(20) COLLATE utf8_unicode_ci DEFAULT NULL,
  `AUTHOR_IP1` varchar(20) COLLATE utf8_unicode_ci DEFAULT NULL,
  `DATE_CREATE` datetime NOT NULL,
  `TITLE` varchar(255) COLLATE utf8_unicode_ci DEFAULT NULL,
  `POST_TEXT` text COLLATE utf8_unicode_ci NOT NULL,
  `PUBLISH_STATUS` char(1) COLLATE utf8_unicode_ci NOT NULL DEFAULT 'P',
  `HAS_PROPS` varchar(1) COLLATE utf8_unicode_ci DEFAULT NULL,
  `SHARE_DEST` varchar(255) COLLATE utf8_unicode_ci DEFAULT NULL,
  `PATH` varchar(255) COLLATE utf8_unicode_ci DEFAULT NULL,
  PRIMARY KEY (`ID`),
  KEY `IX_BLOG_COMM_1` (`BLOG_ID`,`POST_ID`),
  KEY `IX_BLOG_COMM_2` (`AUTHOR_ID`),
  KEY `IX_BLOG_COMM_3` (`DATE_CREATE`,`AUTHOR_ID`)
) ENGINE=InnoDB AUTO_INCREMENT=3 DEFAULT CHARSET=utf8 COLLATE=utf8_unicode_ci;
/*!40101 SET character_set_client = @saved_cs_client */;

--
-- Dumping data for table `b_blog_comment`
--

LOCK TABLES `b_blog_comment` WRITE;
/*!40000 ALTER TABLE `b_blog_comment` DISABLE KEYS */;
INSERT INTO `b_blog_comment` VALUES (1,1,1,NULL,1,NULL,NULL,NULL,'192.168.56.1','','2017-01-30 09:20:24',NULL,'тестовый','P',NULL,NULL,'http://bitrix.local/catalog/zhivotnovodstvo/?commentId=#comment_id###comment_id#'),(2,1,1,NULL,1,NULL,NULL,NULL,'192.168.56.1','','2017-01-30 09:21:46',NULL,'Тестовый 2','P',NULL,NULL,'http://bitrix.local/catalog/zhivotnovodstvo/?commentId=#comment_id###comment_id#');
/*!40000 ALTER TABLE `b_blog_comment` ENABLE KEYS */;
UNLOCK TABLES;

--
-- Table structure for table `b_blog_group`
--

DROP TABLE IF EXISTS `b_blog_group`;
/*!40101 SET @saved_cs_client     = @@character_set_client */;
/*!40101 SET character_set_client = utf8 */;
CREATE TABLE `b_blog_group` (
  `ID` int(11) NOT NULL AUTO_INCREMENT,
  `NAME` varchar(255) COLLATE utf8_unicode_ci NOT NULL,
  `SITE_ID` char(2) COLLATE utf8_unicode_ci NOT NULL,
  PRIMARY KEY (`ID`),
  KEY `IX_BLOG_GROUP_1` (`SITE_ID`)
) ENGINE=InnoDB AUTO_INCREMENT=2 DEFAULT CHARSET=utf8 COLLATE=utf8_unicode_ci;
/*!40101 SET character_set_client = @saved_cs_client */;

--
-- Dumping data for table `b_blog_group`
--

LOCK TABLES `b_blog_group` WRITE;
/*!40000 ALTER TABLE `b_blog_group` DISABLE KEYS */;
INSERT INTO `b_blog_group` VALUES (1,'Группа отзывов','s1');
/*!40000 ALTER TABLE `b_blog_group` ENABLE KEYS */;
UNLOCK TABLES;

--
-- Table structure for table `b_blog_image`
--

DROP TABLE IF EXISTS `b_blog_image`;
/*!40101 SET @saved_cs_client     = @@character_set_client */;
/*!40101 SET character_set_client = utf8 */;
CREATE TABLE `b_blog_image` (
  `ID` int(11) NOT NULL AUTO_INCREMENT,
  `FILE_ID` int(11) NOT NULL DEFAULT '0',
  `BLOG_ID` int(11) NOT NULL DEFAULT '0',
  `POST_ID` int(11) NOT NULL DEFAULT '0',
  `USER_ID` int(11) NOT NULL DEFAULT '0',
  `TIMESTAMP_X` datetime NOT NULL DEFAULT '0000-00-00 00:00:00',
  `TITLE` varchar(255) COLLATE utf8_unicode_ci DEFAULT NULL,
  `IMAGE_SIZE` int(11) NOT NULL DEFAULT '0',
  `IS_COMMENT` varchar(1) COLLATE utf8_unicode_ci NOT NULL DEFAULT 'N',
  `COMMENT_ID` int(11) DEFAULT NULL,
  PRIMARY KEY (`ID`),
  KEY `IX_BLOG_IMAGE_1` (`POST_ID`,`BLOG_ID`)
) ENGINE=InnoDB DEFAULT CHARSET=utf8 COLLATE=utf8_unicode_ci;
/*!40101 SET character_set_client = @saved_cs_client */;

--
-- Dumping data for table `b_blog_image`
--

LOCK TABLES `b_blog_image` WRITE;
/*!40000 ALTER TABLE `b_blog_image` DISABLE KEYS */;
/*!40000 ALTER TABLE `b_blog_image` ENABLE KEYS */;
UNLOCK TABLES;

--
-- Table structure for table `b_blog_post`
--

DROP TABLE IF EXISTS `b_blog_post`;
/*!40101 SET @saved_cs_client     = @@character_set_client */;
/*!40101 SET character_set_client = utf8 */;
CREATE TABLE `b_blog_post` (
  `ID` int(11) NOT NULL AUTO_INCREMENT,
  `TITLE` varchar(255) COLLATE utf8_unicode_ci NOT NULL,
  `BLOG_ID` int(11) NOT NULL,
  `AUTHOR_ID` int(11) NOT NULL,
  `PREVIEW_TEXT` text COLLATE utf8_unicode_ci,
  `PREVIEW_TEXT_TYPE` char(4) COLLATE utf8_unicode_ci NOT NULL DEFAULT 'text',
  `DETAIL_TEXT` text COLLATE utf8_unicode_ci NOT NULL,
  `DETAIL_TEXT_TYPE` char(4) COLLATE utf8_unicode_ci NOT NULL DEFAULT 'text',
  `DATE_CREATE` datetime NOT NULL,
  `DATE_PUBLISH` datetime NOT NULL,
  `KEYWORDS` varchar(255) COLLATE utf8_unicode_ci DEFAULT NULL,
  `PUBLISH_STATUS` char(1) COLLATE utf8_unicode_ci NOT NULL DEFAULT 'P',
  `CATEGORY_ID` char(100) COLLATE utf8_unicode_ci DEFAULT NULL,
  `ATRIBUTE` varchar(255) COLLATE utf8_unicode_ci DEFAULT NULL,
  `ENABLE_TRACKBACK` char(1) COLLATE utf8_unicode_ci NOT NULL DEFAULT 'Y',
  `ENABLE_COMMENTS` char(1) COLLATE utf8_unicode_ci NOT NULL DEFAULT 'Y',
  `ATTACH_IMG` int(11) DEFAULT NULL,
  `NUM_COMMENTS` int(11) NOT NULL DEFAULT '0',
  `NUM_TRACKBACKS` int(11) NOT NULL DEFAULT '0',
  `VIEWS` int(11) DEFAULT NULL,
  `FAVORITE_SORT` int(11) DEFAULT NULL,
  `PATH` varchar(255) COLLATE utf8_unicode_ci DEFAULT NULL,
  `CODE` varchar(255) COLLATE utf8_unicode_ci DEFAULT NULL,
  `MICRO` char(1) COLLATE utf8_unicode_ci NOT NULL DEFAULT 'N',
  `HAS_IMAGES` varchar(1) COLLATE utf8_unicode_ci DEFAULT NULL,
  `HAS_PROPS` varchar(1) COLLATE utf8_unicode_ci DEFAULT NULL,
  `HAS_TAGS` varchar(1) COLLATE utf8_unicode_ci DEFAULT NULL,
  `HAS_COMMENT_IMAGES` varchar(1) COLLATE utf8_unicode_ci DEFAULT NULL,
  `HAS_SOCNET_ALL` varchar(1) COLLATE utf8_unicode_ci DEFAULT NULL,
  `SEO_TITLE` varchar(255) COLLATE utf8_unicode_ci DEFAULT NULL,
  `SEO_TAGS` varchar(255) COLLATE utf8_unicode_ci DEFAULT NULL,
  `SEO_DESCRIPTION` text COLLATE utf8_unicode_ci,
  PRIMARY KEY (`ID`),
  KEY `IX_BLOG_POST_1` (`BLOG_ID`,`PUBLISH_STATUS`,`DATE_PUBLISH`),
  KEY `IX_BLOG_POST_2` (`BLOG_ID`,`DATE_PUBLISH`,`PUBLISH_STATUS`),
  KEY `IX_BLOG_POST_3` (`BLOG_ID`,`CATEGORY_ID`),
  KEY `IX_BLOG_POST_4` (`PUBLISH_STATUS`,`DATE_PUBLISH`),
  KEY `IX_BLOG_POST_5` (`DATE_PUBLISH`,`AUTHOR_ID`),
  KEY `IX_BLOG_POST_CODE` (`BLOG_ID`,`CODE`),
  KEY `IX_BLOG_POST_6` (`CODE`)
) ENGINE=InnoDB AUTO_INCREMENT=8 DEFAULT CHARSET=utf8 COLLATE=utf8_unicode_ci;
/*!40101 SET character_set_client = @saved_cs_client */;

--
-- Dumping data for table `b_blog_post`
--

LOCK TABLES `b_blog_post` WRITE;
/*!40000 ALTER TABLE `b_blog_post` DISABLE KEYS */;
INSERT INTO `b_blog_post` VALUES (1,'Свинина',1,1,NULL,'text','[URL=http://bitrix.local/catalog/zhivotnovodstvo/]Свинина[/URL]\n\n','text','2017-01-30 08:53:54','2017-01-30 08:53:54',NULL,'P',NULL,NULL,'N','Y',NULL,2,0,NULL,NULL,NULL,NULL,'N',NULL,NULL,NULL,NULL,NULL,NULL,NULL,NULL),(2,'Оленина',1,1,NULL,'text','[URL=http://bitrix.local/catalog/zhivotnovodstvo/]Оленина[/URL]\n\n','text','2017-02-08 02:18:03','2017-02-08 02:18:03',NULL,'P',NULL,NULL,'N','Y',NULL,0,0,NULL,NULL,NULL,NULL,'N',NULL,NULL,NULL,NULL,NULL,NULL,NULL,NULL),(3,'Козлятина',1,1,NULL,'text','[URL=http://bitrix.local/catalog/zhivotnovodstvo/]Козлятина[/URL]\n\n','text','2017-02-08 02:22:10','2017-02-08 02:22:10',NULL,'P',NULL,NULL,'N','Y',NULL,0,0,NULL,NULL,NULL,NULL,'N',NULL,NULL,NULL,NULL,NULL,NULL,NULL,NULL),(4,'Хуенина',1,1,NULL,'text','[URL=http://bitrix.local/catalog/zhivotnovodstvo/]Хуенина[/URL]\n\n','text','2017-02-08 02:22:18','2017-02-08 02:22:18',NULL,'P',NULL,NULL,'N','Y',NULL,0,0,NULL,NULL,NULL,NULL,'N',NULL,NULL,NULL,NULL,NULL,NULL,NULL,NULL),(5,'привет',2,1,NULL,'text','привет','text','2017-03-05 10:52:39','2017-03-05 10:52:39',NULL,'P','',NULL,'Y','Y',NULL,0,0,NULL,NULL,'/mess_data/user/1/blog/#post_id#/',NULL,'Y','N','N','N',NULL,'Y',NULL,NULL,NULL),(6,'говно на палке',1,1,NULL,'text','[URL=http://moiogorod.dev/catalog/barakholka/]говно на палке[/URL]\nговно с хорошей бамбуковой палкой\n','text','2017-03-18 20:02:30','2017-03-18 20:02:30',NULL,'P',NULL,NULL,'N','Y',NULL,0,0,NULL,NULL,NULL,NULL,'N',NULL,NULL,NULL,NULL,NULL,NULL,NULL,NULL),(7,'Объявление в барахолке',1,1,NULL,'text','[URL=http://moiogorod.dev/catalog/barakholka/]Объявление в барахолке[/URL]\nфдывоащцшоаы\n','text','2017-03-18 20:16:38','2017-03-18 20:16:38',NULL,'P',NULL,NULL,'N','Y',NULL,0,0,NULL,NULL,NULL,NULL,'N',NULL,NULL,NULL,NULL,NULL,NULL,NULL,NULL);
/*!40000 ALTER TABLE `b_blog_post` ENABLE KEYS */;
UNLOCK TABLES;

--
-- Table structure for table `b_blog_post_category`
--

DROP TABLE IF EXISTS `b_blog_post_category`;
/*!40101 SET @saved_cs_client     = @@character_set_client */;
/*!40101 SET character_set_client = utf8 */;
CREATE TABLE `b_blog_post_category` (
  `ID` int(11) NOT NULL AUTO_INCREMENT,
  `BLOG_ID` int(11) NOT NULL,
  `POST_ID` int(11) NOT NULL,
  `CATEGORY_ID` int(11) NOT NULL,
  PRIMARY KEY (`ID`),
  UNIQUE KEY `IX_BLOG_POST_CATEGORY` (`POST_ID`,`CATEGORY_ID`),
  KEY `IX_BLOG_POST_CATEGORY_CAT_ID` (`CATEGORY_ID`)
) ENGINE=InnoDB DEFAULT CHARSET=utf8 COLLATE=utf8_unicode_ci;
/*!40101 SET character_set_client = @saved_cs_client */;

--
-- Dumping data for table `b_blog_post_category`
--

LOCK TABLES `b_blog_post_category` WRITE;
/*!40000 ALTER TABLE `b_blog_post_category` DISABLE KEYS */;
/*!40000 ALTER TABLE `b_blog_post_category` ENABLE KEYS */;
UNLOCK TABLES;

--
-- Table structure for table `b_blog_post_param`
--

DROP TABLE IF EXISTS `b_blog_post_param`;
/*!40101 SET @saved_cs_client     = @@character_set_client */;
/*!40101 SET character_set_client = utf8 */;
CREATE TABLE `b_blog_post_param` (
  `ID` int(11) NOT NULL AUTO_INCREMENT,
  `POST_ID` int(11) DEFAULT NULL,
  `USER_ID` int(11) DEFAULT NULL,
  `NAME` varchar(50) COLLATE utf8_unicode_ci NOT NULL,
  `VALUE` varchar(255) COLLATE utf8_unicode_ci NOT NULL,
  PRIMARY KEY (`ID`),
  KEY `IX_BLOG_PP_1` (`POST_ID`,`USER_ID`),
  KEY `IX_BLOG_PP_2` (`USER_ID`)
) ENGINE=InnoDB DEFAULT CHARSET=utf8 COLLATE=utf8_unicode_ci;
/*!40101 SET character_set_client = @saved_cs_client */;

--
-- Dumping data for table `b_blog_post_param`
--

LOCK TABLES `b_blog_post_param` WRITE;
/*!40000 ALTER TABLE `b_blog_post_param` DISABLE KEYS */;
/*!40000 ALTER TABLE `b_blog_post_param` ENABLE KEYS */;
UNLOCK TABLES;

--
-- Table structure for table `b_blog_site_path`
--

DROP TABLE IF EXISTS `b_blog_site_path`;
/*!40101 SET @saved_cs_client     = @@character_set_client */;
/*!40101 SET character_set_client = utf8 */;
CREATE TABLE `b_blog_site_path` (
  `ID` int(11) NOT NULL AUTO_INCREMENT,
  `SITE_ID` char(2) COLLATE utf8_unicode_ci NOT NULL,
  `PATH` varchar(255) COLLATE utf8_unicode_ci NOT NULL,
  `TYPE` char(1) COLLATE utf8_unicode_ci DEFAULT NULL,
  PRIMARY KEY (`ID`),
  UNIQUE KEY `IX_BLOG_SITE_PATH_2` (`SITE_ID`,`TYPE`)
) ENGINE=InnoDB DEFAULT CHARSET=utf8 COLLATE=utf8_unicode_ci;
/*!40101 SET character_set_client = @saved_cs_client */;

--
-- Dumping data for table `b_blog_site_path`
--

LOCK TABLES `b_blog_site_path` WRITE;
/*!40000 ALTER TABLE `b_blog_site_path` DISABLE KEYS */;
/*!40000 ALTER TABLE `b_blog_site_path` ENABLE KEYS */;
UNLOCK TABLES;

--
-- Table structure for table `b_blog_smile`
--

DROP TABLE IF EXISTS `b_blog_smile`;
/*!40101 SET @saved_cs_client     = @@character_set_client */;
/*!40101 SET character_set_client = utf8 */;
CREATE TABLE `b_blog_smile` (
  `ID` smallint(3) NOT NULL AUTO_INCREMENT,
  `SMILE_TYPE` char(1) COLLATE utf8_unicode_ci NOT NULL DEFAULT 'S',
  `TYPING` varchar(100) COLLATE utf8_unicode_ci DEFAULT NULL,
  `IMAGE` varchar(128) COLLATE utf8_unicode_ci NOT NULL,
  `DESCRIPTION` varchar(50) COLLATE utf8_unicode_ci DEFAULT NULL,
  `CLICKABLE` char(1) COLLATE utf8_unicode_ci NOT NULL DEFAULT 'Y',
  `SORT` int(10) NOT NULL DEFAULT '150',
  `IMAGE_WIDTH` int(11) NOT NULL DEFAULT '0',
  `IMAGE_HEIGHT` int(11) NOT NULL DEFAULT '0',
  PRIMARY KEY (`ID`)
) ENGINE=InnoDB AUTO_INCREMENT=15 DEFAULT CHARSET=utf8 COLLATE=utf8_unicode_ci;
/*!40101 SET character_set_client = @saved_cs_client */;

--
-- Dumping data for table `b_blog_smile`
--

LOCK TABLES `b_blog_smile` WRITE;
/*!40000 ALTER TABLE `b_blog_smile` DISABLE KEYS */;
INSERT INTO `b_blog_smile` VALUES (1,'S',':D :-D','icon_biggrin.png',NULL,'Y',120,16,16),(2,'S',':) :-)','icon_smile.png',NULL,'Y',100,16,16),(3,'S',':( :-(','icon_sad.png',NULL,'Y',140,16,16),(4,'S',':o :-o :shock:','icon_eek.png',NULL,'Y',180,16,16),(5,'S','8) 8-)','icon_cool.png',NULL,'Y',130,16,16),(6,'S',':{} :-{}','icon_kiss.png',NULL,'Y',200,16,16),(7,'S',':oops:','icon_redface.png',NULL,'Y',190,16,16),(8,'S',':cry: :~(','icon_cry.png',NULL,'Y',160,16,16),(9,'S',':evil: >:-<','icon_evil.png',NULL,'Y',170,16,16),(10,'S',';) ;-)','icon_wink.png',NULL,'Y',110,16,16),(11,'S',':!:','icon_exclaim.png',NULL,'Y',220,16,16),(12,'S',':?:','icon_question.png',NULL,'Y',210,16,16),(13,'S',':idea:','icon_idea.png',NULL,'Y',230,16,16),(14,'S',':| :-|','icon_neutral.png',NULL,'Y',150,16,16);
/*!40000 ALTER TABLE `b_blog_smile` ENABLE KEYS */;
UNLOCK TABLES;

--
-- Table structure for table `b_blog_smile_lang`
--

DROP TABLE IF EXISTS `b_blog_smile_lang`;
/*!40101 SET @saved_cs_client     = @@character_set_client */;
/*!40101 SET character_set_client = utf8 */;
CREATE TABLE `b_blog_smile_lang` (
  `ID` int(11) NOT NULL AUTO_INCREMENT,
  `SMILE_ID` int(11) NOT NULL DEFAULT '0',
  `LID` char(2) COLLATE utf8_unicode_ci NOT NULL,
  `NAME` varchar(255) COLLATE utf8_unicode_ci NOT NULL,
  PRIMARY KEY (`ID`),
  UNIQUE KEY `IX_BLOG_SMILE_K` (`SMILE_ID`,`LID`)
) ENGINE=InnoDB AUTO_INCREMENT=29 DEFAULT CHARSET=utf8 COLLATE=utf8_unicode_ci;
/*!40101 SET character_set_client = @saved_cs_client */;

--
-- Dumping data for table `b_blog_smile_lang`
--

LOCK TABLES `b_blog_smile_lang` WRITE;
/*!40000 ALTER TABLE `b_blog_smile_lang` DISABLE KEYS */;
INSERT INTO `b_blog_smile_lang` VALUES (1,1,'ru','Широкая улыбка'),(2,1,'en','Big grin'),(3,2,'ru','С улыбкой'),(4,2,'en','Smile'),(5,3,'ru','Печально'),(6,3,'en','Sad'),(7,4,'ru','Удивленно'),(8,4,'en','Surprised'),(9,5,'ru','Здорово'),(10,5,'en','Cool'),(11,6,'ru','Поцелуй'),(12,6,'en','Kiss'),(13,7,'ru','Смущенный'),(14,7,'en','Embarrassed'),(15,8,'ru','Очень грустно'),(16,8,'en','Crying'),(17,9,'ru','Со злостью'),(18,9,'en','Angry'),(19,10,'ru','Шутливо'),(20,10,'en','Wink'),(21,11,'ru','Восклицание'),(22,11,'en','Exclamation'),(23,12,'ru','Вопрос'),(24,12,'en','Question'),(25,13,'ru','Идея'),(26,13,'en','Idea'),(27,14,'ru','Скептически'),(28,14,'en','Skeptic');
/*!40000 ALTER TABLE `b_blog_smile_lang` ENABLE KEYS */;
UNLOCK TABLES;

--
-- Table structure for table `b_blog_socnet`
--

DROP TABLE IF EXISTS `b_blog_socnet`;
/*!40101 SET @saved_cs_client     = @@character_set_client */;
/*!40101 SET character_set_client = utf8 */;
CREATE TABLE `b_blog_socnet` (
  `ID` int(11) NOT NULL AUTO_INCREMENT,
  `BLOG_ID` int(11) NOT NULL,
  PRIMARY KEY (`ID`),
  UNIQUE KEY `IX_BLOG_SOCNET` (`BLOG_ID`)
) ENGINE=InnoDB AUTO_INCREMENT=2 DEFAULT CHARSET=utf8 COLLATE=utf8_unicode_ci;
/*!40101 SET character_set_client = @saved_cs_client */;

--
-- Dumping data for table `b_blog_socnet`
--

LOCK TABLES `b_blog_socnet` WRITE;
/*!40000 ALTER TABLE `b_blog_socnet` DISABLE KEYS */;
INSERT INTO `b_blog_socnet` VALUES (1,2);
/*!40000 ALTER TABLE `b_blog_socnet` ENABLE KEYS */;
UNLOCK TABLES;

--
-- Table structure for table `b_blog_socnet_rights`
--

DROP TABLE IF EXISTS `b_blog_socnet_rights`;
/*!40101 SET @saved_cs_client     = @@character_set_client */;
/*!40101 SET character_set_client = utf8 */;
CREATE TABLE `b_blog_socnet_rights` (
  `ID` int(11) NOT NULL AUTO_INCREMENT,
  `POST_ID` int(11) NOT NULL,
  `ENTITY_TYPE` varchar(45) COLLATE utf8_unicode_ci NOT NULL,
  `ENTITY_ID` int(11) NOT NULL,
  `ENTITY` varchar(45) COLLATE utf8_unicode_ci NOT NULL,
  PRIMARY KEY (`ID`),
  KEY `IX_BLOG_SR_1` (`POST_ID`)
) ENGINE=InnoDB AUTO_INCREMENT=3 DEFAULT CHARSET=utf8 COLLATE=utf8_unicode_ci;
/*!40101 SET character_set_client = @saved_cs_client */;

--
-- Dumping data for table `b_blog_socnet_rights`
--

LOCK TABLES `b_blog_socnet_rights` WRITE;
/*!40000 ALTER TABLE `b_blog_socnet_rights` DISABLE KEYS */;
INSERT INTO `b_blog_socnet_rights` VALUES (1,5,'U',1,'US1'),(2,5,'U',1,'G2');
/*!40000 ALTER TABLE `b_blog_socnet_rights` ENABLE KEYS */;
UNLOCK TABLES;

--
-- Table structure for table `b_blog_trackback`
--

DROP TABLE IF EXISTS `b_blog_trackback`;
/*!40101 SET @saved_cs_client     = @@character_set_client */;
/*!40101 SET character_set_client = utf8 */;
CREATE TABLE `b_blog_trackback` (
  `ID` int(11) NOT NULL AUTO_INCREMENT,
  `TITLE` varchar(255) COLLATE utf8_unicode_ci NOT NULL,
  `URL` varchar(255) COLLATE utf8_unicode_ci NOT NULL,
  `PREVIEW_TEXT` text COLLATE utf8_unicode_ci NOT NULL,
  `BLOG_NAME` varchar(255) COLLATE utf8_unicode_ci DEFAULT NULL,
  `POST_DATE` datetime NOT NULL,
  `BLOG_ID` int(11) NOT NULL,
  `POST_ID` int(11) NOT NULL,
  PRIMARY KEY (`ID`),
  KEY `IX_BLOG_TRBK_1` (`BLOG_ID`,`POST_ID`),
  KEY `IX_BLOG_TRBK_2` (`POST_ID`)
) ENGINE=InnoDB DEFAULT CHARSET=utf8 COLLATE=utf8_unicode_ci;
/*!40101 SET character_set_client = @saved_cs_client */;

--
-- Dumping data for table `b_blog_trackback`
--

LOCK TABLES `b_blog_trackback` WRITE;
/*!40000 ALTER TABLE `b_blog_trackback` DISABLE KEYS */;
/*!40000 ALTER TABLE `b_blog_trackback` ENABLE KEYS */;
UNLOCK TABLES;

--
-- Table structure for table `b_blog_user`
--

DROP TABLE IF EXISTS `b_blog_user`;
/*!40101 SET @saved_cs_client     = @@character_set_client */;
/*!40101 SET character_set_client = utf8 */;
CREATE TABLE `b_blog_user` (
  `ID` int(11) NOT NULL AUTO_INCREMENT,
  `USER_ID` int(11) NOT NULL,
  `ALIAS` varchar(255) COLLATE utf8_unicode_ci DEFAULT NULL,
  `DESCRIPTION` text COLLATE utf8_unicode_ci,
  `AVATAR` int(11) DEFAULT NULL,
  `INTERESTS` varchar(255) COLLATE utf8_unicode_ci DEFAULT NULL,
  `LAST_VISIT` datetime DEFAULT NULL,
  `DATE_REG` datetime NOT NULL,
  `ALLOW_POST` char(1) COLLATE utf8_unicode_ci NOT NULL DEFAULT 'Y',
  PRIMARY KEY (`ID`),
  UNIQUE KEY `IX_BLOG_USER_1` (`USER_ID`),
  KEY `IX_BLOG_USER_2` (`ALIAS`)
) ENGINE=InnoDB AUTO_INCREMENT=3 DEFAULT CHARSET=utf8 COLLATE=utf8_unicode_ci;
/*!40101 SET character_set_client = @saved_cs_client */;

--
-- Dumping data for table `b_blog_user`
--

LOCK TABLES `b_blog_user` WRITE;
/*!40000 ALTER TABLE `b_blog_user` DISABLE KEYS */;
INSERT INTO `b_blog_user` VALUES (1,1,'','',NULL,'',NULL,'2016-11-03 00:38:23','Y'),(2,2,'','',NULL,'',NULL,'2017-05-01 23:12:32','Y');
/*!40000 ALTER TABLE `b_blog_user` ENABLE KEYS */;
UNLOCK TABLES;

--
-- Table structure for table `b_blog_user2blog`
--

DROP TABLE IF EXISTS `b_blog_user2blog`;
/*!40101 SET @saved_cs_client     = @@character_set_client */;
/*!40101 SET character_set_client = utf8 */;
CREATE TABLE `b_blog_user2blog` (
  `ID` int(11) NOT NULL AUTO_INCREMENT,
  `USER_ID` int(11) NOT NULL,
  `BLOG_ID` int(11) NOT NULL,
  PRIMARY KEY (`ID`),
  UNIQUE KEY `IX_BLOG_USER2GROUP_1` (`BLOG_ID`,`USER_ID`)
) ENGINE=InnoDB DEFAULT CHARSET=utf8 COLLATE=utf8_unicode_ci;
/*!40101 SET character_set_client = @saved_cs_client */;

--
-- Dumping data for table `b_blog_user2blog`
--

LOCK TABLES `b_blog_user2blog` WRITE;
/*!40000 ALTER TABLE `b_blog_user2blog` DISABLE KEYS */;
/*!40000 ALTER TABLE `b_blog_user2blog` ENABLE KEYS */;
UNLOCK TABLES;

--
-- Table structure for table `b_blog_user2user_group`
--

DROP TABLE IF EXISTS `b_blog_user2user_group`;
/*!40101 SET @saved_cs_client     = @@character_set_client */;
/*!40101 SET character_set_client = utf8 */;
CREATE TABLE `b_blog_user2user_group` (
  `ID` int(11) NOT NULL AUTO_INCREMENT,
  `USER_ID` int(11) NOT NULL,
  `BLOG_ID` int(11) NOT NULL,
  `USER_GROUP_ID` int(11) NOT NULL,
  PRIMARY KEY (`ID`),
  UNIQUE KEY `IX_BLOG_USER2GROUP_1` (`USER_ID`,`BLOG_ID`,`USER_GROUP_ID`)
) ENGINE=InnoDB DEFAULT CHARSET=utf8 COLLATE=utf8_unicode_ci;
/*!40101 SET character_set_client = @saved_cs_client */;

--
-- Dumping data for table `b_blog_user2user_group`
--

LOCK TABLES `b_blog_user2user_group` WRITE;
/*!40000 ALTER TABLE `b_blog_user2user_group` DISABLE KEYS */;
/*!40000 ALTER TABLE `b_blog_user2user_group` ENABLE KEYS */;
UNLOCK TABLES;

--
-- Table structure for table `b_blog_user_group`
--

DROP TABLE IF EXISTS `b_blog_user_group`;
/*!40101 SET @saved_cs_client     = @@character_set_client */;
/*!40101 SET character_set_client = utf8 */;
CREATE TABLE `b_blog_user_group` (
  `ID` int(11) NOT NULL AUTO_INCREMENT,
  `BLOG_ID` int(11) DEFAULT NULL,
  `NAME` varchar(255) COLLATE utf8_unicode_ci NOT NULL,
  PRIMARY KEY (`ID`),
  KEY `IX_BLOG_USER_GROUP_1` (`BLOG_ID`)
) ENGINE=InnoDB AUTO_INCREMENT=3 DEFAULT CHARSET=utf8 COLLATE=utf8_unicode_ci;
/*!40101 SET character_set_client = @saved_cs_client */;

--
-- Dumping data for table `b_blog_user_group`
--

LOCK TABLES `b_blog_user_group` WRITE;
/*!40000 ALTER TABLE `b_blog_user_group` DISABLE KEYS */;
INSERT INTO `b_blog_user_group` VALUES (1,NULL,'all'),(2,NULL,'registered');
/*!40000 ALTER TABLE `b_blog_user_group` ENABLE KEYS */;
UNLOCK TABLES;

--
-- Table structure for table `b_blog_user_group_perms`
--

DROP TABLE IF EXISTS `b_blog_user_group_perms`;
/*!40101 SET @saved_cs_client     = @@character_set_client */;
/*!40101 SET character_set_client = utf8 */;
CREATE TABLE `b_blog_user_group_perms` (
  `ID` int(11) NOT NULL AUTO_INCREMENT,
  `BLOG_ID` int(11) NOT NULL,
  `USER_GROUP_ID` int(11) NOT NULL,
  `PERMS_TYPE` char(1) COLLATE utf8_unicode_ci NOT NULL DEFAULT 'P',
  `POST_ID` int(11) DEFAULT NULL,
  `PERMS` char(1) COLLATE utf8_unicode_ci NOT NULL DEFAULT 'D',
  `AUTOSET` char(1) COLLATE utf8_unicode_ci NOT NULL DEFAULT 'N',
  PRIMARY KEY (`ID`),
  UNIQUE KEY `IX_BLOG_UG_PERMS_1` (`BLOG_ID`,`USER_GROUP_ID`,`PERMS_TYPE`,`POST_ID`),
  KEY `IX_BLOG_UG_PERMS_2` (`USER_GROUP_ID`,`PERMS_TYPE`,`POST_ID`),
  KEY `IX_BLOG_UG_PERMS_3` (`POST_ID`,`USER_GROUP_ID`,`PERMS_TYPE`)
) ENGINE=InnoDB AUTO_INCREMENT=37 DEFAULT CHARSET=utf8 COLLATE=utf8_unicode_ci;
/*!40101 SET character_set_client = @saved_cs_client */;

--
-- Dumping data for table `b_blog_user_group_perms`
--

LOCK TABLES `b_blog_user_group_perms` WRITE;
/*!40000 ALTER TABLE `b_blog_user_group_perms` DISABLE KEYS */;
INSERT INTO `b_blog_user_group_perms` VALUES (1,1,1,'P',NULL,'I','N'),(2,1,2,'P',NULL,'I','N'),(3,1,1,'C',NULL,'P','N'),(4,1,2,'C',NULL,'P','N'),(5,1,1,'P',1,'I','Y'),(6,1,2,'P',1,'I','Y'),(7,1,1,'C',1,'P','Y'),(8,1,2,'C',1,'P','Y'),(9,1,1,'P',2,'I','Y'),(10,1,2,'P',2,'I','Y'),(11,1,1,'C',2,'P','Y'),(12,1,2,'C',2,'P','Y'),(13,1,1,'P',3,'I','Y'),(14,1,2,'P',3,'I','Y'),(15,1,1,'C',3,'P','Y'),(16,1,2,'C',3,'P','Y'),(17,1,1,'P',4,'I','Y'),(18,1,2,'P',4,'I','Y'),(19,1,1,'C',4,'P','Y'),(20,1,2,'C',4,'P','Y'),(21,2,1,'P',NULL,'I','N'),(22,2,2,'P',NULL,'I','N'),(23,2,1,'C',NULL,'P','N'),(24,2,2,'C',NULL,'P','N'),(25,2,1,'P',5,'I','Y'),(26,2,2,'P',5,'I','Y'),(27,2,1,'C',5,'P','Y'),(28,2,2,'C',5,'P','Y'),(29,1,1,'P',6,'I','Y'),(30,1,2,'P',6,'I','Y'),(31,1,1,'C',6,'P','Y'),(32,1,2,'C',6,'P','Y'),(33,1,1,'P',7,'I','Y'),(34,1,2,'P',7,'I','Y'),(35,1,1,'C',7,'P','Y'),(36,1,2,'C',7,'P','Y');
/*!40000 ALTER TABLE `b_blog_user_group_perms` ENABLE KEYS */;
UNLOCK TABLES;

--
-- Table structure for table `b_bp_workflow_state_identify`
--

DROP TABLE IF EXISTS `b_bp_workflow_state_identify`;
/*!40101 SET @saved_cs_client     = @@character_set_client */;
/*!40101 SET character_set_client = utf8 */;
CREATE TABLE `b_bp_workflow_state_identify` (
  `ID` int(11) NOT NULL AUTO_INCREMENT,
  `WORKFLOW_ID` varchar(32) COLLATE utf8_unicode_ci NOT NULL,
  PRIMARY KEY (`ID`),
  UNIQUE KEY `ix_bp_wsi_wf` (`WORKFLOW_ID`)
) ENGINE=MyISAM DEFAULT CHARSET=utf8 COLLATE=utf8_unicode_ci;
/*!40101 SET character_set_client = @saved_cs_client */;

--
-- Dumping data for table `b_bp_workflow_state_identify`
--

LOCK TABLES `b_bp_workflow_state_identify` WRITE;
/*!40000 ALTER TABLE `b_bp_workflow_state_identify` DISABLE KEYS */;
/*!40000 ALTER TABLE `b_bp_workflow_state_identify` ENABLE KEYS */;
UNLOCK TABLES;

--
-- Table structure for table `b_cache_tag`
--

DROP TABLE IF EXISTS `b_cache_tag`;
/*!40101 SET @saved_cs_client     = @@character_set_client */;
/*!40101 SET character_set_client = utf8 */;
CREATE TABLE `b_cache_tag` (
  `SITE_ID` char(2) COLLATE utf8_unicode_ci DEFAULT NULL,
  `CACHE_SALT` char(4) COLLATE utf8_unicode_ci DEFAULT NULL,
  `RELATIVE_PATH` varchar(255) COLLATE utf8_unicode_ci DEFAULT NULL,
  `TAG` varchar(100) COLLATE utf8_unicode_ci DEFAULT NULL,
  KEY `ix_b_cache_tag_0` (`SITE_ID`,`CACHE_SALT`,`RELATIVE_PATH`(50)),
  KEY `ix_b_cache_tag_1` (`TAG`)
) ENGINE=InnoDB DEFAULT CHARSET=utf8 COLLATE=utf8_unicode_ci;
/*!40101 SET character_set_client = @saved_cs_client */;

--
-- Dumping data for table `b_cache_tag`
--

LOCK TABLES `b_cache_tag` WRITE;
/*!40000 ALTER TABLE `b_cache_tag` DISABLE KEYS */;
INSERT INTO `b_cache_tag` VALUES (NULL,NULL,'0:1495635046','**');
/*!40000 ALTER TABLE `b_cache_tag` ENABLE KEYS */;
UNLOCK TABLES;

--
-- Table structure for table `b_calendar_access`
--

DROP TABLE IF EXISTS `b_calendar_access`;
/*!40101 SET @saved_cs_client     = @@character_set_client */;
/*!40101 SET character_set_client = utf8 */;
CREATE TABLE `b_calendar_access` (
  `ACCESS_CODE` varchar(100) COLLATE utf8_unicode_ci NOT NULL,
  `TASK_ID` int(11) NOT NULL,
  `SECT_ID` varchar(100) COLLATE utf8_unicode_ci NOT NULL,
  PRIMARY KEY (`ACCESS_CODE`,`TASK_ID`,`SECT_ID`)
) ENGINE=MyISAM DEFAULT CHARSET=utf8 COLLATE=utf8_unicode_ci;
/*!40101 SET character_set_client = @saved_cs_client */;

--
-- Dumping data for table `b_calendar_access`
--

LOCK TABLES `b_calendar_access` WRITE;
/*!40000 ALTER TABLE `b_calendar_access` DISABLE KEYS */;
/*!40000 ALTER TABLE `b_calendar_access` ENABLE KEYS */;
UNLOCK TABLES;

--
-- Table structure for table `b_calendar_attendees`
--

DROP TABLE IF EXISTS `b_calendar_attendees`;
/*!40101 SET @saved_cs_client     = @@character_set_client */;
/*!40101 SET character_set_client = utf8 */;
CREATE TABLE `b_calendar_attendees` (
  `EVENT_ID` int(11) NOT NULL,
  `USER_KEY` varchar(255) COLLATE utf8_unicode_ci NOT NULL,
  `USER_ID` int(11) DEFAULT NULL,
  `USER_EMAIL` varchar(255) COLLATE utf8_unicode_ci DEFAULT NULL,
  `USER_NAME` varchar(255) COLLATE utf8_unicode_ci DEFAULT NULL,
  `STATUS` char(10) COLLATE utf8_unicode_ci NOT NULL DEFAULT 'Q',
  `DESCRIPTION` varchar(255) COLLATE utf8_unicode_ci DEFAULT NULL,
  `ACCESSIBILITY` char(10) COLLATE utf8_unicode_ci DEFAULT NULL,
  `REMIND` varchar(255) COLLATE utf8_unicode_ci DEFAULT NULL,
  `SECT_ID` int(11) DEFAULT NULL,
  `COLOR` varchar(10) COLLATE utf8_unicode_ci DEFAULT NULL,
  `TEXT_COLOR` varchar(10) COLLATE utf8_unicode_ci DEFAULT NULL,
  PRIMARY KEY (`EVENT_ID`,`USER_KEY`),
  KEY `ix_cal_attendees_0` (`USER_KEY`)
) ENGINE=MyISAM DEFAULT CHARSET=utf8 COLLATE=utf8_unicode_ci;
/*!40101 SET character_set_client = @saved_cs_client */;

--
-- Dumping data for table `b_calendar_attendees`
--

LOCK TABLES `b_calendar_attendees` WRITE;
/*!40000 ALTER TABLE `b_calendar_attendees` DISABLE KEYS */;
/*!40000 ALTER TABLE `b_calendar_attendees` ENABLE KEYS */;
UNLOCK TABLES;

--
-- Table structure for table `b_calendar_event`
--

DROP TABLE IF EXISTS `b_calendar_event`;
/*!40101 SET @saved_cs_client     = @@character_set_client */;
/*!40101 SET character_set_client = utf8 */;
CREATE TABLE `b_calendar_event` (
  `ID` int(11) NOT NULL AUTO_INCREMENT,
  `ACTIVE` char(1) COLLATE utf8_unicode_ci NOT NULL DEFAULT 'Y',
  `DELETED` char(1) COLLATE utf8_unicode_ci NOT NULL DEFAULT 'N',
  `CAL_TYPE` varchar(100) COLLATE utf8_unicode_ci DEFAULT NULL,
  `OWNER_ID` int(11) NOT NULL,
  `CREATED_BY` int(11) NOT NULL,
  `DATE_CREATE` datetime DEFAULT NULL,
  `TIMESTAMP_X` datetime DEFAULT NULL,
  `NAME` varchar(255) COLLATE utf8_unicode_ci DEFAULT NULL,
  `DESCRIPTION` text COLLATE utf8_unicode_ci,
  `DT_FROM` datetime DEFAULT NULL,
  `DT_TO` datetime DEFAULT NULL,
  `DT_SKIP_TIME` char(1) COLLATE utf8_unicode_ci DEFAULT NULL,
  `DT_LENGTH` bigint(20) DEFAULT NULL,
  `PRIVATE_EVENT` char(10) COLLATE utf8_unicode_ci DEFAULT NULL,
  `ACCESSIBILITY` char(10) COLLATE utf8_unicode_ci DEFAULT NULL,
  `IMPORTANCE` char(10) COLLATE utf8_unicode_ci DEFAULT NULL,
  `IS_MEETING` char(1) COLLATE utf8_unicode_ci DEFAULT NULL,
  `MEETING_HOST` int(11) DEFAULT NULL,
  `MEETING` text COLLATE utf8_unicode_ci,
  `LOCATION` varchar(255) COLLATE utf8_unicode_ci DEFAULT NULL,
  `REMIND` varchar(255) COLLATE utf8_unicode_ci DEFAULT NULL,
  `EXTERNAL_ID` varchar(255) COLLATE utf8_unicode_ci DEFAULT NULL,
  `COLOR` varchar(10) COLLATE utf8_unicode_ci DEFAULT NULL,
  `TEXT_COLOR` varchar(10) COLLATE utf8_unicode_ci DEFAULT NULL,
  `RRULE` varchar(255) COLLATE utf8_unicode_ci DEFAULT NULL,
  `EXRULE` varchar(255) COLLATE utf8_unicode_ci DEFAULT NULL,
  `RDATE` text COLLATE utf8_unicode_ci,
  `EXDATE` text COLLATE utf8_unicode_ci,
  `DAV_XML_ID` varchar(255) COLLATE utf8_unicode_ci DEFAULT NULL,
  `DAV_EXCH_LABEL` varchar(255) COLLATE utf8_unicode_ci DEFAULT NULL,
  `CAL_DAV_LABEL` varchar(255) COLLATE utf8_unicode_ci DEFAULT NULL,
  `VERSION` varchar(255) COLLATE utf8_unicode_ci DEFAULT NULL,
  `ATTENDEES_CODES` varchar(255) COLLATE utf8_unicode_ci DEFAULT NULL,
  `PARENT_ID` int(11) DEFAULT NULL,
  `DATE_FROM` datetime DEFAULT NULL,
  `DATE_TO` datetime DEFAULT NULL,
  `TZ_FROM` varchar(50) COLLATE utf8_unicode_ci DEFAULT NULL,
  `TZ_TO` varchar(50) COLLATE utf8_unicode_ci DEFAULT NULL,
  `TZ_OFFSET_FROM` int(11) DEFAULT NULL,
  `TZ_OFFSET_TO` int(11) DEFAULT NULL,
  `DATE_FROM_TS_UTC` int(18) DEFAULT NULL,
  `DATE_TO_TS_UTC` int(18) DEFAULT NULL,
  `MEETING_STATUS` char(1) COLLATE utf8_unicode_ci DEFAULT NULL,
  `EVENT_TYPE` varchar(50) COLLATE utf8_unicode_ci DEFAULT NULL,
  PRIMARY KEY (`ID`),
  KEY `ix_cal_event_date` (`DT_TO`,`DT_FROM`),
  KEY `ix_cal_event_date_utc` (`DATE_FROM_TS_UTC`,`DATE_TO_TS_UTC`),
  KEY `ix_cal_event_created_by` (`CREATED_BY`),
  KEY `ix_cal_event_parent_id` (`PARENT_ID`),
  KEY `ix_cal_event_owner_id_date` (`OWNER_ID`,`DATE_FROM_TS_UTC`,`DATE_TO_TS_UTC`),
  KEY `ix_cal_event_owner_id_accessibility` (`ACCESSIBILITY`,`DATE_FROM_TS_UTC`,`DATE_TO_TS_UTC`)
) ENGINE=MyISAM DEFAULT CHARSET=utf8 COLLATE=utf8_unicode_ci;
/*!40101 SET character_set_client = @saved_cs_client */;

--
-- Dumping data for table `b_calendar_event`
--

LOCK TABLES `b_calendar_event` WRITE;
/*!40000 ALTER TABLE `b_calendar_event` DISABLE KEYS */;
/*!40000 ALTER TABLE `b_calendar_event` ENABLE KEYS */;
UNLOCK TABLES;

--
-- Table structure for table `b_calendar_event_sect`
--

DROP TABLE IF EXISTS `b_calendar_event_sect`;
/*!40101 SET @saved_cs_client     = @@character_set_client */;
/*!40101 SET character_set_client = utf8 */;
CREATE TABLE `b_calendar_event_sect` (
  `EVENT_ID` int(11) NOT NULL,
  `SECT_ID` int(11) NOT NULL,
  `REL` char(10) COLLATE utf8_unicode_ci DEFAULT NULL,
  PRIMARY KEY (`EVENT_ID`,`SECT_ID`)
) ENGINE=MyISAM DEFAULT CHARSET=utf8 COLLATE=utf8_unicode_ci;
/*!40101 SET character_set_client = @saved_cs_client */;

--
-- Dumping data for table `b_calendar_event_sect`
--

LOCK TABLES `b_calendar_event_sect` WRITE;
/*!40000 ALTER TABLE `b_calendar_event_sect` DISABLE KEYS */;
/*!40000 ALTER TABLE `b_calendar_event_sect` ENABLE KEYS */;
UNLOCK TABLES;

--
-- Table structure for table `b_calendar_section`
--

DROP TABLE IF EXISTS `b_calendar_section`;
/*!40101 SET @saved_cs_client     = @@character_set_client */;
/*!40101 SET character_set_client = utf8 */;
CREATE TABLE `b_calendar_section` (
  `ID` int(11) NOT NULL AUTO_INCREMENT,
  `NAME` varchar(255) COLLATE utf8_unicode_ci DEFAULT NULL,
  `XML_ID` varchar(100) COLLATE utf8_unicode_ci DEFAULT NULL,
  `EXTERNAL_ID` varchar(100) COLLATE utf8_unicode_ci DEFAULT NULL,
  `ACTIVE` char(1) COLLATE utf8_unicode_ci NOT NULL DEFAULT 'Y',
  `DESCRIPTION` text COLLATE utf8_unicode_ci,
  `COLOR` varchar(10) COLLATE utf8_unicode_ci DEFAULT NULL,
  `TEXT_COLOR` varchar(10) COLLATE utf8_unicode_ci DEFAULT NULL,
  `EXPORT` varchar(255) COLLATE utf8_unicode_ci DEFAULT NULL,
  `SORT` int(11) NOT NULL DEFAULT '100',
  `CAL_TYPE` varchar(100) COLLATE utf8_unicode_ci DEFAULT NULL,
  `OWNER_ID` int(11) DEFAULT NULL,
  `CREATED_BY` int(11) NOT NULL,
  `PARENT_ID` int(11) DEFAULT NULL,
  `DATE_CREATE` datetime DEFAULT NULL,
  `TIMESTAMP_X` datetime DEFAULT NULL,
  `DAV_EXCH_CAL` varchar(255) COLLATE utf8_unicode_ci DEFAULT NULL,
  `DAV_EXCH_MOD` varchar(255) COLLATE utf8_unicode_ci DEFAULT NULL,
  `CAL_DAV_CON` varchar(255) COLLATE utf8_unicode_ci DEFAULT NULL,
  `CAL_DAV_CAL` varchar(255) COLLATE utf8_unicode_ci DEFAULT NULL,
  `CAL_DAV_MOD` varchar(255) COLLATE utf8_unicode_ci DEFAULT NULL,
  `IS_EXCHANGE` char(1) COLLATE utf8_unicode_ci DEFAULT NULL,
  PRIMARY KEY (`ID`),
  KEY `ix_cal_sect_owner` (`CAL_TYPE`,`OWNER_ID`)
) ENGINE=MyISAM DEFAULT CHARSET=utf8 COLLATE=utf8_unicode_ci;
/*!40101 SET character_set_client = @saved_cs_client */;

--
-- Dumping data for table `b_calendar_section`
--

LOCK TABLES `b_calendar_section` WRITE;
/*!40000 ALTER TABLE `b_calendar_section` DISABLE KEYS */;
/*!40000 ALTER TABLE `b_calendar_section` ENABLE KEYS */;
UNLOCK TABLES;

--
-- Table structure for table `b_calendar_type`
--

DROP TABLE IF EXISTS `b_calendar_type`;
/*!40101 SET @saved_cs_client     = @@character_set_client */;
/*!40101 SET character_set_client = utf8 */;
CREATE TABLE `b_calendar_type` (
  `XML_ID` varchar(255) COLLATE utf8_unicode_ci NOT NULL,
  `NAME` varchar(255) COLLATE utf8_unicode_ci DEFAULT NULL,
  `DESCRIPTION` text COLLATE utf8_unicode_ci,
  `EXTERNAL_ID` varchar(100) COLLATE utf8_unicode_ci DEFAULT NULL,
  `ACTIVE` char(1) COLLATE utf8_unicode_ci NOT NULL DEFAULT 'Y',
  PRIMARY KEY (`XML_ID`)
) ENGINE=MyISAM DEFAULT CHARSET=utf8 COLLATE=utf8_unicode_ci;
/*!40101 SET character_set_client = @saved_cs_client */;

--
-- Dumping data for table `b_calendar_type`
--

LOCK TABLES `b_calendar_type` WRITE;
/*!40000 ALTER TABLE `b_calendar_type` DISABLE KEYS */;
/*!40000 ALTER TABLE `b_calendar_type` ENABLE KEYS */;
UNLOCK TABLES;

--
-- Table structure for table `b_captcha`
--

DROP TABLE IF EXISTS `b_captcha`;
/*!40101 SET @saved_cs_client     = @@character_set_client */;
/*!40101 SET character_set_client = utf8 */;
CREATE TABLE `b_captcha` (
  `ID` varchar(32) COLLATE utf8_unicode_ci NOT NULL,
  `CODE` varchar(20) COLLATE utf8_unicode_ci NOT NULL,
  `IP` varchar(15) COLLATE utf8_unicode_ci NOT NULL,
  `DATE_CREATE` datetime NOT NULL,
  UNIQUE KEY `UX_B_CAPTCHA` (`ID`)
) ENGINE=InnoDB DEFAULT CHARSET=utf8 COLLATE=utf8_unicode_ci;
/*!40101 SET character_set_client = @saved_cs_client */;

--
-- Dumping data for table `b_captcha`
--

LOCK TABLES `b_captcha` WRITE;
/*!40000 ALTER TABLE `b_captcha` DISABLE KEYS */;
/*!40000 ALTER TABLE `b_captcha` ENABLE KEYS */;
UNLOCK TABLES;

--
-- Table structure for table `b_catalog_contractor`
--

DROP TABLE IF EXISTS `b_catalog_contractor`;
/*!40101 SET @saved_cs_client     = @@character_set_client */;
/*!40101 SET character_set_client = utf8 */;
CREATE TABLE `b_catalog_contractor` (
  `ID` int(11) NOT NULL AUTO_INCREMENT,
  `PERSON_TYPE` char(1) COLLATE utf8_unicode_ci NOT NULL,
  `PERSON_NAME` varchar(100) COLLATE utf8_unicode_ci DEFAULT NULL,
  `PERSON_LASTNAME` varchar(100) COLLATE utf8_unicode_ci DEFAULT NULL,
  `PERSON_MIDDLENAME` varchar(100) COLLATE utf8_unicode_ci DEFAULT NULL,
  `EMAIL` varchar(100) COLLATE utf8_unicode_ci DEFAULT NULL,
  `PHONE` varchar(45) COLLATE utf8_unicode_ci DEFAULT NULL,
  `POST_INDEX` varchar(45) COLLATE utf8_unicode_ci DEFAULT NULL,
  `COUNTRY` varchar(45) COLLATE utf8_unicode_ci DEFAULT NULL,
  `CITY` varchar(45) COLLATE utf8_unicode_ci DEFAULT NULL,
  `COMPANY` varchar(145) COLLATE utf8_unicode_ci DEFAULT NULL,
  `INN` varchar(145) COLLATE utf8_unicode_ci DEFAULT NULL,
  `KPP` varchar(145) COLLATE utf8_unicode_ci DEFAULT NULL,
  `ADDRESS` varchar(255) COLLATE utf8_unicode_ci DEFAULT NULL,
  `DATE_MODIFY` timestamp NOT NULL DEFAULT CURRENT_TIMESTAMP ON UPDATE CURRENT_TIMESTAMP,
  `DATE_CREATE` datetime DEFAULT NULL,
  `CREATED_BY` int(11) DEFAULT NULL,
  `MODIFIED_BY` int(11) DEFAULT NULL,
  PRIMARY KEY (`ID`)
) ENGINE=InnoDB DEFAULT CHARSET=utf8 COLLATE=utf8_unicode_ci;
/*!40101 SET character_set_client = @saved_cs_client */;

--
-- Dumping data for table `b_catalog_contractor`
--

LOCK TABLES `b_catalog_contractor` WRITE;
/*!40000 ALTER TABLE `b_catalog_contractor` DISABLE KEYS */;
/*!40000 ALTER TABLE `b_catalog_contractor` ENABLE KEYS */;
UNLOCK TABLES;

--
-- Table structure for table `b_catalog_currency`
--

DROP TABLE IF EXISTS `b_catalog_currency`;
/*!40101 SET @saved_cs_client     = @@character_set_client */;
/*!40101 SET character_set_client = utf8 */;
CREATE TABLE `b_catalog_currency` (
  `CURRENCY` char(3) COLLATE utf8_unicode_ci NOT NULL,
  `AMOUNT_CNT` int(11) NOT NULL DEFAULT '1',
  `AMOUNT` decimal(18,4) DEFAULT NULL,
  `SORT` int(11) NOT NULL DEFAULT '100',
  `DATE_UPDATE` datetime NOT NULL,
  `NUMCODE` char(3) COLLATE utf8_unicode_ci DEFAULT NULL,
  `BASE` char(1) COLLATE utf8_unicode_ci NOT NULL DEFAULT 'N',
  `CREATED_BY` int(18) DEFAULT NULL,
  `DATE_CREATE` datetime DEFAULT NULL,
  `MODIFIED_BY` int(18) DEFAULT NULL,
  `CURRENT_BASE_RATE` decimal(26,12) DEFAULT NULL,
  PRIMARY KEY (`CURRENCY`)
) ENGINE=InnoDB DEFAULT CHARSET=utf8 COLLATE=utf8_unicode_ci;
/*!40101 SET character_set_client = @saved_cs_client */;

--
-- Dumping data for table `b_catalog_currency`
--

LOCK TABLES `b_catalog_currency` WRITE;
/*!40000 ALTER TABLE `b_catalog_currency` DISABLE KEYS */;
INSERT INTO `b_catalog_currency` VALUES ('BYR',10000,36.9000,500,'2016-03-02 18:40:44','974','N',NULL,'2016-03-02 18:40:44',NULL,0.003690000000),('EUR',1,70.6000,300,'2016-03-02 18:40:44','978','N',NULL,'2016-03-02 18:40:44',NULL,70.600000000000),('RUB',1,1.0000,100,'2017-05-13 22:27:53','643','Y',NULL,'2016-03-02 18:40:44',1,1.000000000000),('UAH',10,27.6900,400,'2016-03-02 18:40:44','980','N',NULL,'2016-03-02 18:40:44',NULL,2.769000000000),('USD',1,64.3600,200,'2016-03-02 18:40:44','840','N',NULL,'2016-03-02 18:40:44',NULL,64.360000000000);
/*!40000 ALTER TABLE `b_catalog_currency` ENABLE KEYS */;
UNLOCK TABLES;

--
-- Table structure for table `b_catalog_currency_lang`
--

DROP TABLE IF EXISTS `b_catalog_currency_lang`;
/*!40101 SET @saved_cs_client     = @@character_set_client */;
/*!40101 SET character_set_client = utf8 */;
CREATE TABLE `b_catalog_currency_lang` (
  `CURRENCY` char(3) COLLATE utf8_unicode_ci NOT NULL,
  `LID` char(2) COLLATE utf8_unicode_ci NOT NULL,
  `FORMAT_STRING` varchar(50) COLLATE utf8_unicode_ci NOT NULL,
  `FULL_NAME` varchar(50) COLLATE utf8_unicode_ci DEFAULT NULL,
  `DEC_POINT` varchar(5) COLLATE utf8_unicode_ci DEFAULT '.',
  `THOUSANDS_SEP` varchar(5) COLLATE utf8_unicode_ci DEFAULT ' ',
  `DECIMALS` tinyint(4) NOT NULL DEFAULT '2',
  `THOUSANDS_VARIANT` char(1) COLLATE utf8_unicode_ci DEFAULT NULL,
  `HIDE_ZERO` char(1) COLLATE utf8_unicode_ci NOT NULL DEFAULT 'N',
  `CREATED_BY` int(18) DEFAULT NULL,
  `DATE_CREATE` datetime DEFAULT NULL,
  `MODIFIED_BY` int(18) DEFAULT NULL,
  `TIMESTAMP_X` datetime DEFAULT NULL,
  PRIMARY KEY (`CURRENCY`,`LID`)
) ENGINE=InnoDB DEFAULT CHARSET=utf8 COLLATE=utf8_unicode_ci;
/*!40101 SET character_set_client = @saved_cs_client */;

--
-- Dumping data for table `b_catalog_currency_lang`
--

LOCK TABLES `b_catalog_currency_lang` WRITE;
/*!40000 ALTER TABLE `b_catalog_currency_lang` DISABLE KEYS */;
INSERT INTO `b_catalog_currency_lang` VALUES ('BYR','en','# BYR','Belarusian ruble','.','',2,'S','Y',NULL,'2016-03-02 18:40:44',NULL,'2016-03-02 18:40:44'),('BYR','ru','# руб.','Белорусский рубль','.','',2,'S','Y',NULL,'2016-03-02 18:40:44',NULL,'2016-03-02 18:40:44'),('EUR','en','&euro;#','Euro','.','',2,'C','Y',NULL,'2016-03-02 18:40:44',NULL,'2016-03-02 18:40:44'),('EUR','ru','&euro;#','Евро','.','',2,'C','Y',NULL,'2016-03-02 18:40:44',NULL,'2016-03-02 18:40:44'),('RUB','en','# rub.','Ruble','.',NULL,2,'S','Y',NULL,'2016-03-02 18:40:44',1,'2017-05-13 22:27:53'),('RUB','ru','# <i class=\"fa fa-rub\"></i>','Рубль','.',NULL,2,'S','Y',NULL,'2016-03-02 18:40:44',1,'2017-05-13 22:27:53'),('UAH','en','UAH #','UAH','.','',2,'S','Y',NULL,'2016-03-02 18:40:44',NULL,'2016-03-02 18:40:44'),('UAH','ru','# грн.','Гривна','.','',2,'S','Y',NULL,'2016-03-02 18:40:44',NULL,'2016-03-02 18:40:44'),('USD','en','$#','US Dollar','.','',2,'C','Y',NULL,'2016-03-02 18:40:44',NULL,'2016-03-02 18:40:44'),('USD','ru','$#','Доллар США','.','',2,'C','Y',NULL,'2016-03-02 18:40:44',NULL,'2016-03-02 18:40:44');
/*!40000 ALTER TABLE `b_catalog_currency_lang` ENABLE KEYS */;
UNLOCK TABLES;

--
-- Table structure for table `b_catalog_currency_rate`
--

DROP TABLE IF EXISTS `b_catalog_currency_rate`;
/*!40101 SET @saved_cs_client     = @@character_set_client */;
/*!40101 SET character_set_client = utf8 */;
CREATE TABLE `b_catalog_currency_rate` (
  `ID` int(11) NOT NULL AUTO_INCREMENT,
  `CURRENCY` char(3) COLLATE utf8_unicode_ci NOT NULL,
  `DATE_RATE` date NOT NULL,
  `RATE_CNT` int(11) NOT NULL DEFAULT '1',
  `RATE` decimal(18,4) NOT NULL DEFAULT '0.0000',
  `CREATED_BY` int(18) DEFAULT NULL,
  `DATE_CREATE` datetime DEFAULT NULL,
  `MODIFIED_BY` int(18) DEFAULT NULL,
  `TIMESTAMP_X` datetime DEFAULT NULL,
  `BASE_CURRENCY` char(3) COLLATE utf8_unicode_ci DEFAULT NULL,
  PRIMARY KEY (`ID`),
  UNIQUE KEY `IX_CURRENCY_RATE` (`CURRENCY`,`DATE_RATE`)
) ENGINE=InnoDB DEFAULT CHARSET=utf8 COLLATE=utf8_unicode_ci;
/*!40101 SET character_set_client = @saved_cs_client */;

--
-- Dumping data for table `b_catalog_currency_rate`
--

LOCK TABLES `b_catalog_currency_rate` WRITE;
/*!40000 ALTER TABLE `b_catalog_currency_rate` DISABLE KEYS */;
/*!40000 ALTER TABLE `b_catalog_currency_rate` ENABLE KEYS */;
UNLOCK TABLES;

--
-- Table structure for table `b_catalog_disc_save_group`
--

DROP TABLE IF EXISTS `b_catalog_disc_save_group`;
/*!40101 SET @saved_cs_client     = @@character_set_client */;
/*!40101 SET character_set_client = utf8 */;
CREATE TABLE `b_catalog_disc_save_group` (
  `ID` int(11) NOT NULL AUTO_INCREMENT,
  `DISCOUNT_ID` int(11) NOT NULL,
  `GROUP_ID` int(11) NOT NULL,
  PRIMARY KEY (`ID`),
  KEY `IX_CAT_DSG_DISCOUNT` (`DISCOUNT_ID`),
  KEY `IX_CAT_DSG_GROUP` (`GROUP_ID`)
) ENGINE=InnoDB DEFAULT CHARSET=utf8 COLLATE=utf8_unicode_ci;
/*!40101 SET character_set_client = @saved_cs_client */;

--
-- Dumping data for table `b_catalog_disc_save_group`
--

LOCK TABLES `b_catalog_disc_save_group` WRITE;
/*!40000 ALTER TABLE `b_catalog_disc_save_group` DISABLE KEYS */;
/*!40000 ALTER TABLE `b_catalog_disc_save_group` ENABLE KEYS */;
UNLOCK TABLES;

--
-- Table structure for table `b_catalog_disc_save_range`
--

DROP TABLE IF EXISTS `b_catalog_disc_save_range`;
/*!40101 SET @saved_cs_client     = @@character_set_client */;
/*!40101 SET character_set_client = utf8 */;
CREATE TABLE `b_catalog_disc_save_range` (
  `ID` int(11) NOT NULL AUTO_INCREMENT,
  `DISCOUNT_ID` int(11) NOT NULL,
  `RANGE_FROM` double NOT NULL,
  `TYPE` char(1) COLLATE utf8_unicode_ci NOT NULL DEFAULT 'P',
  `VALUE` double NOT NULL,
  PRIMARY KEY (`ID`),
  KEY `IX_CAT_DSR_DISCOUNT` (`DISCOUNT_ID`),
  KEY `IX_CAT_DSR_DISCOUNT2` (`DISCOUNT_ID`,`RANGE_FROM`)
) ENGINE=InnoDB DEFAULT CHARSET=utf8 COLLATE=utf8_unicode_ci;
/*!40101 SET character_set_client = @saved_cs_client */;

--
-- Dumping data for table `b_catalog_disc_save_range`
--

LOCK TABLES `b_catalog_disc_save_range` WRITE;
/*!40000 ALTER TABLE `b_catalog_disc_save_range` DISABLE KEYS */;
/*!40000 ALTER TABLE `b_catalog_disc_save_range` ENABLE KEYS */;
UNLOCK TABLES;

--
-- Table structure for table `b_catalog_disc_save_user`
--

DROP TABLE IF EXISTS `b_catalog_disc_save_user`;
/*!40101 SET @saved_cs_client     = @@character_set_client */;
/*!40101 SET character_set_client = utf8 */;
CREATE TABLE `b_catalog_disc_save_user` (
  `ID` int(11) NOT NULL AUTO_INCREMENT,
  `DISCOUNT_ID` int(11) NOT NULL,
  `USER_ID` int(11) NOT NULL,
  `ACTIVE_FROM` datetime NOT NULL,
  `ACTIVE_TO` datetime NOT NULL,
  `RANGE_FROM` double NOT NULL,
  PRIMARY KEY (`ID`),
  KEY `IX_CAT_DSU_DISCOUNT` (`DISCOUNT_ID`),
  KEY `IX_CAT_DSU_USER` (`DISCOUNT_ID`,`USER_ID`)
) ENGINE=InnoDB DEFAULT CHARSET=utf8 COLLATE=utf8_unicode_ci;
/*!40101 SET character_set_client = @saved_cs_client */;

--
-- Dumping data for table `b_catalog_disc_save_user`
--

LOCK TABLES `b_catalog_disc_save_user` WRITE;
/*!40000 ALTER TABLE `b_catalog_disc_save_user` DISABLE KEYS */;
/*!40000 ALTER TABLE `b_catalog_disc_save_user` ENABLE KEYS */;
UNLOCK TABLES;

--
-- Table structure for table `b_catalog_discount`
--

DROP TABLE IF EXISTS `b_catalog_discount`;
/*!40101 SET @saved_cs_client     = @@character_set_client */;
/*!40101 SET character_set_client = utf8 */;
CREATE TABLE `b_catalog_discount` (
  `ID` int(11) NOT NULL AUTO_INCREMENT,
  `XML_ID` varchar(255) COLLATE utf8_unicode_ci DEFAULT NULL,
  `SITE_ID` char(2) COLLATE utf8_unicode_ci NOT NULL,
  `TYPE` int(11) NOT NULL DEFAULT '0',
  `ACTIVE` char(1) COLLATE utf8_unicode_ci NOT NULL DEFAULT 'Y',
  `ACTIVE_FROM` datetime DEFAULT NULL,
  `ACTIVE_TO` datetime DEFAULT NULL,
  `RENEWAL` char(1) COLLATE utf8_unicode_ci NOT NULL DEFAULT 'N',
  `NAME` varchar(255) COLLATE utf8_unicode_ci DEFAULT NULL,
  `MAX_USES` int(11) NOT NULL DEFAULT '0',
  `COUNT_USES` int(11) NOT NULL DEFAULT '0',
  `COUPON` varchar(20) COLLATE utf8_unicode_ci DEFAULT NULL,
  `SORT` int(11) NOT NULL DEFAULT '100',
  `MAX_DISCOUNT` decimal(18,4) DEFAULT NULL,
  `VALUE_TYPE` char(1) COLLATE utf8_unicode_ci NOT NULL DEFAULT 'P',
  `VALUE` decimal(18,4) NOT NULL DEFAULT '0.0000',
  `CURRENCY` char(3) COLLATE utf8_unicode_ci NOT NULL,
  `MIN_ORDER_SUM` decimal(18,4) DEFAULT '0.0000',
  `TIMESTAMP_X` timestamp NOT NULL DEFAULT CURRENT_TIMESTAMP ON UPDATE CURRENT_TIMESTAMP,
  `COUNT_PERIOD` char(1) COLLATE utf8_unicode_ci NOT NULL DEFAULT 'U',
  `COUNT_SIZE` int(11) NOT NULL DEFAULT '0',
  `COUNT_TYPE` char(1) COLLATE utf8_unicode_ci NOT NULL DEFAULT 'Y',
  `COUNT_FROM` datetime DEFAULT NULL,
  `COUNT_TO` datetime DEFAULT NULL,
  `ACTION_SIZE` int(11) NOT NULL DEFAULT '0',
  `ACTION_TYPE` char(1) COLLATE utf8_unicode_ci NOT NULL DEFAULT 'Y',
  `MODIFIED_BY` int(18) DEFAULT NULL,
  `DATE_CREATE` datetime DEFAULT NULL,
  `CREATED_BY` int(18) DEFAULT NULL,
  `PRIORITY` int(18) NOT NULL DEFAULT '1',
  `LAST_DISCOUNT` char(1) COLLATE utf8_unicode_ci NOT NULL DEFAULT 'Y',
  `VERSION` int(11) NOT NULL DEFAULT '1',
  `NOTES` varchar(255) COLLATE utf8_unicode_ci DEFAULT NULL,
  `CONDITIONS` text COLLATE utf8_unicode_ci,
  `UNPACK` text COLLATE utf8_unicode_ci,
  PRIMARY KEY (`ID`),
  KEY `IX_C_D_COUPON` (`COUPON`),
  KEY `IX_C_D_ACT` (`ACTIVE`,`ACTIVE_FROM`,`ACTIVE_TO`),
  KEY `IX_C_D_ACT_B` (`SITE_ID`,`RENEWAL`,`ACTIVE`,`ACTIVE_FROM`,`ACTIVE_TO`)
) ENGINE=InnoDB DEFAULT CHARSET=utf8 COLLATE=utf8_unicode_ci;
/*!40101 SET character_set_client = @saved_cs_client */;

--
-- Dumping data for table `b_catalog_discount`
--

LOCK TABLES `b_catalog_discount` WRITE;
/*!40000 ALTER TABLE `b_catalog_discount` DISABLE KEYS */;
/*!40000 ALTER TABLE `b_catalog_discount` ENABLE KEYS */;
UNLOCK TABLES;

--
-- Table structure for table `b_catalog_discount2cat`
--

DROP TABLE IF EXISTS `b_catalog_discount2cat`;
/*!40101 SET @saved_cs_client     = @@character_set_client */;
/*!40101 SET character_set_client = utf8 */;
CREATE TABLE `b_catalog_discount2cat` (
  `ID` int(11) NOT NULL AUTO_INCREMENT,
  `DISCOUNT_ID` int(11) NOT NULL,
  `CATALOG_GROUP_ID` int(11) NOT NULL,
  PRIMARY KEY (`ID`),
  UNIQUE KEY `IX_C_D2C_CATDIS` (`CATALOG_GROUP_ID`,`DISCOUNT_ID`),
  UNIQUE KEY `IX_C_D2C_CATDIS_B` (`DISCOUNT_ID`,`CATALOG_GROUP_ID`)
) ENGINE=InnoDB DEFAULT CHARSET=utf8 COLLATE=utf8_unicode_ci;
/*!40101 SET character_set_client = @saved_cs_client */;

--
-- Dumping data for table `b_catalog_discount2cat`
--

LOCK TABLES `b_catalog_discount2cat` WRITE;
/*!40000 ALTER TABLE `b_catalog_discount2cat` DISABLE KEYS */;
/*!40000 ALTER TABLE `b_catalog_discount2cat` ENABLE KEYS */;
UNLOCK TABLES;

--
-- Table structure for table `b_catalog_discount2group`
--

DROP TABLE IF EXISTS `b_catalog_discount2group`;
/*!40101 SET @saved_cs_client     = @@character_set_client */;
/*!40101 SET character_set_client = utf8 */;
CREATE TABLE `b_catalog_discount2group` (
  `ID` int(11) NOT NULL AUTO_INCREMENT,
  `DISCOUNT_ID` int(11) NOT NULL,
  `GROUP_ID` int(11) NOT NULL,
  PRIMARY KEY (`ID`),
  UNIQUE KEY `IX_C_D2G_GRDIS` (`GROUP_ID`,`DISCOUNT_ID`),
  UNIQUE KEY `IX_C_D2G_GRDIS_B` (`DISCOUNT_ID`,`GROUP_ID`)
) ENGINE=InnoDB DEFAULT CHARSET=utf8 COLLATE=utf8_unicode_ci;
/*!40101 SET character_set_client = @saved_cs_client */;

--
-- Dumping data for table `b_catalog_discount2group`
--

LOCK TABLES `b_catalog_discount2group` WRITE;
/*!40000 ALTER TABLE `b_catalog_discount2group` DISABLE KEYS */;
/*!40000 ALTER TABLE `b_catalog_discount2group` ENABLE KEYS */;
UNLOCK TABLES;

--
-- Table structure for table `b_catalog_discount2iblock`
--

DROP TABLE IF EXISTS `b_catalog_discount2iblock`;
/*!40101 SET @saved_cs_client     = @@character_set_client */;
/*!40101 SET character_set_client = utf8 */;
CREATE TABLE `b_catalog_discount2iblock` (
  `ID` int(11) NOT NULL AUTO_INCREMENT,
  `DISCOUNT_ID` int(11) NOT NULL,
  `IBLOCK_ID` int(11) NOT NULL,
  PRIMARY KEY (`ID`),
  UNIQUE KEY `IX_C_D2I_IBDIS` (`IBLOCK_ID`,`DISCOUNT_ID`),
  UNIQUE KEY `IX_C_D2I_IBDIS_B` (`DISCOUNT_ID`,`IBLOCK_ID`)
) ENGINE=InnoDB DEFAULT CHARSET=utf8 COLLATE=utf8_unicode_ci;
/*!40101 SET character_set_client = @saved_cs_client */;

--
-- Dumping data for table `b_catalog_discount2iblock`
--

LOCK TABLES `b_catalog_discount2iblock` WRITE;
/*!40000 ALTER TABLE `b_catalog_discount2iblock` DISABLE KEYS */;
/*!40000 ALTER TABLE `b_catalog_discount2iblock` ENABLE KEYS */;
UNLOCK TABLES;

--
-- Table structure for table `b_catalog_discount2product`
--

DROP TABLE IF EXISTS `b_catalog_discount2product`;
/*!40101 SET @saved_cs_client     = @@character_set_client */;
/*!40101 SET character_set_client = utf8 */;
CREATE TABLE `b_catalog_discount2product` (
  `ID` int(11) NOT NULL AUTO_INCREMENT,
  `DISCOUNT_ID` int(11) NOT NULL,
  `PRODUCT_ID` int(11) NOT NULL,
  PRIMARY KEY (`ID`),
  UNIQUE KEY `IX_C_D2P_PRODIS` (`PRODUCT_ID`,`DISCOUNT_ID`),
  UNIQUE KEY `IX_C_D2P_PRODIS_B` (`DISCOUNT_ID`,`PRODUCT_ID`)
) ENGINE=InnoDB DEFAULT CHARSET=utf8 COLLATE=utf8_unicode_ci;
/*!40101 SET character_set_client = @saved_cs_client */;

--
-- Dumping data for table `b_catalog_discount2product`
--

LOCK TABLES `b_catalog_discount2product` WRITE;
/*!40000 ALTER TABLE `b_catalog_discount2product` DISABLE KEYS */;
/*!40000 ALTER TABLE `b_catalog_discount2product` ENABLE KEYS */;
UNLOCK TABLES;

--
-- Table structure for table `b_catalog_discount2section`
--

DROP TABLE IF EXISTS `b_catalog_discount2section`;
/*!40101 SET @saved_cs_client     = @@character_set_client */;
/*!40101 SET character_set_client = utf8 */;
CREATE TABLE `b_catalog_discount2section` (
  `ID` int(11) NOT NULL AUTO_INCREMENT,
  `DISCOUNT_ID` int(11) NOT NULL,
  `SECTION_ID` int(11) NOT NULL,
  PRIMARY KEY (`ID`),
  UNIQUE KEY `IX_C_D2S_SECDIS` (`SECTION_ID`,`DISCOUNT_ID`),
  UNIQUE KEY `IX_C_D2S_SECDIS_B` (`DISCOUNT_ID`,`SECTION_ID`)
) ENGINE=InnoDB DEFAULT CHARSET=utf8 COLLATE=utf8_unicode_ci;
/*!40101 SET character_set_client = @saved_cs_client */;

--
-- Dumping data for table `b_catalog_discount2section`
--

LOCK TABLES `b_catalog_discount2section` WRITE;
/*!40000 ALTER TABLE `b_catalog_discount2section` DISABLE KEYS */;
/*!40000 ALTER TABLE `b_catalog_discount2section` ENABLE KEYS */;
UNLOCK TABLES;

--
-- Table structure for table `b_catalog_discount_cond`
--

DROP TABLE IF EXISTS `b_catalog_discount_cond`;
/*!40101 SET @saved_cs_client     = @@character_set_client */;
/*!40101 SET character_set_client = utf8 */;
CREATE TABLE `b_catalog_discount_cond` (
  `ID` int(11) NOT NULL AUTO_INCREMENT,
  `DISCOUNT_ID` int(11) NOT NULL,
  `ACTIVE` char(1) COLLATE utf8_unicode_ci DEFAULT NULL,
  `USER_GROUP_ID` int(11) NOT NULL DEFAULT '-1',
  `PRICE_TYPE_ID` int(11) NOT NULL DEFAULT '-1',
  PRIMARY KEY (`ID`)
) ENGINE=InnoDB DEFAULT CHARSET=utf8 COLLATE=utf8_unicode_ci;
/*!40101 SET character_set_client = @saved_cs_client */;

--
-- Dumping data for table `b_catalog_discount_cond`
--

LOCK TABLES `b_catalog_discount_cond` WRITE;
/*!40000 ALTER TABLE `b_catalog_discount_cond` DISABLE KEYS */;
/*!40000 ALTER TABLE `b_catalog_discount_cond` ENABLE KEYS */;
UNLOCK TABLES;

--
-- Table structure for table `b_catalog_discount_coupon`
--

DROP TABLE IF EXISTS `b_catalog_discount_coupon`;
/*!40101 SET @saved_cs_client     = @@character_set_client */;
/*!40101 SET character_set_client = utf8 */;
CREATE TABLE `b_catalog_discount_coupon` (
  `ID` int(11) NOT NULL AUTO_INCREMENT,
  `DISCOUNT_ID` int(11) NOT NULL,
  `ACTIVE` char(1) COLLATE utf8_unicode_ci NOT NULL DEFAULT 'Y',
  `COUPON` varchar(32) COLLATE utf8_unicode_ci NOT NULL,
  `DATE_APPLY` datetime DEFAULT NULL,
  `ONE_TIME` char(1) COLLATE utf8_unicode_ci NOT NULL DEFAULT 'Y',
  `TIMESTAMP_X` datetime DEFAULT NULL,
  `MODIFIED_BY` int(18) DEFAULT NULL,
  `DATE_CREATE` datetime DEFAULT NULL,
  `CREATED_BY` int(18) DEFAULT NULL,
  `DESCRIPTION` text COLLATE utf8_unicode_ci,
  PRIMARY KEY (`ID`),
  UNIQUE KEY `ix_cat_dc_index1` (`DISCOUNT_ID`,`COUPON`),
  KEY `ix_cat_dc_index2` (`COUPON`,`ACTIVE`)
) ENGINE=InnoDB DEFAULT CHARSET=utf8 COLLATE=utf8_unicode_ci;
/*!40101 SET character_set_client = @saved_cs_client */;

--
-- Dumping data for table `b_catalog_discount_coupon`
--

LOCK TABLES `b_catalog_discount_coupon` WRITE;
/*!40000 ALTER TABLE `b_catalog_discount_coupon` DISABLE KEYS */;
/*!40000 ALTER TABLE `b_catalog_discount_coupon` ENABLE KEYS */;
UNLOCK TABLES;

--
-- Table structure for table `b_catalog_discount_module`
--

DROP TABLE IF EXISTS `b_catalog_discount_module`;
/*!40101 SET @saved_cs_client     = @@character_set_client */;
/*!40101 SET character_set_client = utf8 */;
CREATE TABLE `b_catalog_discount_module` (
  `ID` int(11) NOT NULL AUTO_INCREMENT,
  `DISCOUNT_ID` int(11) NOT NULL,
  `MODULE_ID` varchar(50) COLLATE utf8_unicode_ci NOT NULL,
  PRIMARY KEY (`ID`),
  KEY `IX_CAT_DSC_MOD` (`DISCOUNT_ID`)
) ENGINE=InnoDB DEFAULT CHARSET=utf8 COLLATE=utf8_unicode_ci;
/*!40101 SET character_set_client = @saved_cs_client */;

--
-- Dumping data for table `b_catalog_discount_module`
--

LOCK TABLES `b_catalog_discount_module` WRITE;
/*!40000 ALTER TABLE `b_catalog_discount_module` DISABLE KEYS */;
/*!40000 ALTER TABLE `b_catalog_discount_module` ENABLE KEYS */;
UNLOCK TABLES;

--
-- Table structure for table `b_catalog_docs_barcode`
--

DROP TABLE IF EXISTS `b_catalog_docs_barcode`;
/*!40101 SET @saved_cs_client     = @@character_set_client */;
/*!40101 SET character_set_client = utf8 */;
CREATE TABLE `b_catalog_docs_barcode` (
  `ID` int(11) NOT NULL AUTO_INCREMENT,
  `DOC_ELEMENT_ID` int(11) NOT NULL,
  `BARCODE` varchar(100) COLLATE utf8_unicode_ci NOT NULL,
  PRIMARY KEY (`ID`),
  KEY `IX_B_CATALOG_DOCS_BARCODE1` (`DOC_ELEMENT_ID`)
) ENGINE=InnoDB DEFAULT CHARSET=utf8 COLLATE=utf8_unicode_ci;
/*!40101 SET character_set_client = @saved_cs_client */;

--
-- Dumping data for table `b_catalog_docs_barcode`
--

LOCK TABLES `b_catalog_docs_barcode` WRITE;
/*!40000 ALTER TABLE `b_catalog_docs_barcode` DISABLE KEYS */;
/*!40000 ALTER TABLE `b_catalog_docs_barcode` ENABLE KEYS */;
UNLOCK TABLES;

--
-- Table structure for table `b_catalog_docs_element`
--

DROP TABLE IF EXISTS `b_catalog_docs_element`;
/*!40101 SET @saved_cs_client     = @@character_set_client */;
/*!40101 SET character_set_client = utf8 */;
CREATE TABLE `b_catalog_docs_element` (
  `ID` int(11) NOT NULL AUTO_INCREMENT,
  `DOC_ID` int(11) NOT NULL,
  `STORE_FROM` int(11) DEFAULT NULL,
  `STORE_TO` int(11) DEFAULT NULL,
  `ELEMENT_ID` int(11) DEFAULT NULL,
  `AMOUNT` double DEFAULT NULL,
  `PURCHASING_PRICE` double DEFAULT NULL,
  PRIMARY KEY (`ID`),
  KEY `IX_B_CATALOG_DOCS_ELEMENT1` (`DOC_ID`)
) ENGINE=InnoDB DEFAULT CHARSET=utf8 COLLATE=utf8_unicode_ci;
/*!40101 SET character_set_client = @saved_cs_client */;

--
-- Dumping data for table `b_catalog_docs_element`
--

LOCK TABLES `b_catalog_docs_element` WRITE;
/*!40000 ALTER TABLE `b_catalog_docs_element` DISABLE KEYS */;
/*!40000 ALTER TABLE `b_catalog_docs_element` ENABLE KEYS */;
UNLOCK TABLES;

--
-- Table structure for table `b_catalog_export`
--

DROP TABLE IF EXISTS `b_catalog_export`;
/*!40101 SET @saved_cs_client     = @@character_set_client */;
/*!40101 SET character_set_client = utf8 */;
CREATE TABLE `b_catalog_export` (
  `ID` int(11) NOT NULL AUTO_INCREMENT,
  `FILE_NAME` varchar(100) COLLATE utf8_unicode_ci NOT NULL,
  `NAME` varchar(250) COLLATE utf8_unicode_ci NOT NULL,
  `DEFAULT_PROFILE` char(1) COLLATE utf8_unicode_ci NOT NULL DEFAULT 'N',
  `IN_MENU` char(1) COLLATE utf8_unicode_ci NOT NULL DEFAULT 'N',
  `IN_AGENT` char(1) COLLATE utf8_unicode_ci NOT NULL DEFAULT 'N',
  `IN_CRON` char(1) COLLATE utf8_unicode_ci NOT NULL DEFAULT 'N',
  `SETUP_VARS` text COLLATE utf8_unicode_ci,
  `LAST_USE` datetime DEFAULT NULL,
  `IS_EXPORT` char(1) COLLATE utf8_unicode_ci NOT NULL DEFAULT 'Y',
  `NEED_EDIT` char(1) COLLATE utf8_unicode_ci NOT NULL DEFAULT 'N',
  `TIMESTAMP_X` datetime DEFAULT NULL,
  `MODIFIED_BY` int(18) DEFAULT NULL,
  `DATE_CREATE` datetime DEFAULT NULL,
  `CREATED_BY` int(18) DEFAULT NULL,
  PRIMARY KEY (`ID`),
  KEY `BCAT_EX_FILE_NAME` (`FILE_NAME`),
  KEY `IX_CAT_IS_EXPORT` (`IS_EXPORT`)
) ENGINE=InnoDB AUTO_INCREMENT=2 DEFAULT CHARSET=utf8 COLLATE=utf8_unicode_ci;
/*!40101 SET character_set_client = @saved_cs_client */;

--
-- Dumping data for table `b_catalog_export`
--

LOCK TABLES `b_catalog_export` WRITE;
/*!40000 ALTER TABLE `b_catalog_export` DISABLE KEYS */;
INSERT INTO `b_catalog_export` VALUES (1,'yandex','IRR.ru (\"Из рук в руки\")','N','N','N','N',NULL,NULL,'Y','Y',NULL,NULL,NULL,NULL);
/*!40000 ALTER TABLE `b_catalog_export` ENABLE KEYS */;
UNLOCK TABLES;

--
-- Table structure for table `b_catalog_extra`
--

DROP TABLE IF EXISTS `b_catalog_extra`;
/*!40101 SET @saved_cs_client     = @@character_set_client */;
/*!40101 SET character_set_client = utf8 */;
CREATE TABLE `b_catalog_extra` (
  `ID` int(11) NOT NULL AUTO_INCREMENT,
  `NAME` varchar(50) COLLATE utf8_unicode_ci NOT NULL,
  `PERCENTAGE` decimal(18,2) NOT NULL,
  PRIMARY KEY (`ID`)
) ENGINE=InnoDB DEFAULT CHARSET=utf8 COLLATE=utf8_unicode_ci;
/*!40101 SET character_set_client = @saved_cs_client */;

--
-- Dumping data for table `b_catalog_extra`
--

LOCK TABLES `b_catalog_extra` WRITE;
/*!40000 ALTER TABLE `b_catalog_extra` DISABLE KEYS */;
/*!40000 ALTER TABLE `b_catalog_extra` ENABLE KEYS */;
UNLOCK TABLES;

--
-- Table structure for table `b_catalog_group`
--

DROP TABLE IF EXISTS `b_catalog_group`;
/*!40101 SET @saved_cs_client     = @@character_set_client */;
/*!40101 SET character_set_client = utf8 */;
CREATE TABLE `b_catalog_group` (
  `ID` int(11) NOT NULL AUTO_INCREMENT,
  `NAME` varchar(100) COLLATE utf8_unicode_ci NOT NULL,
  `BASE` char(1) COLLATE utf8_unicode_ci NOT NULL DEFAULT 'N',
  `SORT` int(11) NOT NULL DEFAULT '100',
  `XML_ID` varchar(255) COLLATE utf8_unicode_ci DEFAULT NULL,
  `TIMESTAMP_X` datetime DEFAULT NULL,
  `MODIFIED_BY` int(18) DEFAULT NULL,
  `DATE_CREATE` datetime DEFAULT NULL,
  `CREATED_BY` int(18) DEFAULT NULL,
  PRIMARY KEY (`ID`)
) ENGINE=InnoDB AUTO_INCREMENT=2 DEFAULT CHARSET=utf8 COLLATE=utf8_unicode_ci;
/*!40101 SET character_set_client = @saved_cs_client */;

--
-- Dumping data for table `b_catalog_group`
--

LOCK TABLES `b_catalog_group` WRITE;
/*!40000 ALTER TABLE `b_catalog_group` DISABLE KEYS */;
INSERT INTO `b_catalog_group` VALUES (1,'RUB','Y',100,'RUB','2017-01-06 22:26:07',1,'2017-01-06 22:26:07',1);
/*!40000 ALTER TABLE `b_catalog_group` ENABLE KEYS */;
UNLOCK TABLES;

--
-- Table structure for table `b_catalog_group2group`
--

DROP TABLE IF EXISTS `b_catalog_group2group`;
/*!40101 SET @saved_cs_client     = @@character_set_client */;
/*!40101 SET character_set_client = utf8 */;
CREATE TABLE `b_catalog_group2group` (
  `ID` int(11) NOT NULL AUTO_INCREMENT,
  `CATALOG_GROUP_ID` int(11) NOT NULL,
  `GROUP_ID` int(11) NOT NULL,
  `BUY` char(1) COLLATE utf8_unicode_ci NOT NULL DEFAULT 'Y',
  PRIMARY KEY (`ID`),
  UNIQUE KEY `IX_CATG2G_UNI` (`CATALOG_GROUP_ID`,`GROUP_ID`,`BUY`)
) ENGINE=InnoDB AUTO_INCREMENT=9 DEFAULT CHARSET=utf8 COLLATE=utf8_unicode_ci;
/*!40101 SET character_set_client = @saved_cs_client */;

--
-- Dumping data for table `b_catalog_group2group`
--

LOCK TABLES `b_catalog_group2group` WRITE;
/*!40000 ALTER TABLE `b_catalog_group2group` DISABLE KEYS */;
INSERT INTO `b_catalog_group2group` VALUES (1,1,1,'N'),(5,1,1,'Y'),(2,1,2,'N'),(6,1,2,'Y'),(3,1,3,'N'),(7,1,3,'Y'),(4,1,4,'N'),(8,1,4,'Y');
/*!40000 ALTER TABLE `b_catalog_group2group` ENABLE KEYS */;
UNLOCK TABLES;

--
-- Table structure for table `b_catalog_group_lang`
--

DROP TABLE IF EXISTS `b_catalog_group_lang`;
/*!40101 SET @saved_cs_client     = @@character_set_client */;
/*!40101 SET character_set_client = utf8 */;
CREATE TABLE `b_catalog_group_lang` (
  `ID` int(11) NOT NULL AUTO_INCREMENT,
  `CATALOG_GROUP_ID` int(11) NOT NULL,
  `LANG` char(2) COLLATE utf8_unicode_ci NOT NULL,
  `NAME` varchar(100) COLLATE utf8_unicode_ci DEFAULT NULL,
  PRIMARY KEY (`ID`),
  UNIQUE KEY `IX_CATALOG_GROUP_ID` (`CATALOG_GROUP_ID`,`LANG`)
) ENGINE=InnoDB AUTO_INCREMENT=3 DEFAULT CHARSET=utf8 COLLATE=utf8_unicode_ci;
/*!40101 SET character_set_client = @saved_cs_client */;

--
-- Dumping data for table `b_catalog_group_lang`
--

LOCK TABLES `b_catalog_group_lang` WRITE;
/*!40000 ALTER TABLE `b_catalog_group_lang` DISABLE KEYS */;
INSERT INTO `b_catalog_group_lang` VALUES (1,1,'ru','Рубль'),(2,1,'en','Rouble');
/*!40000 ALTER TABLE `b_catalog_group_lang` ENABLE KEYS */;
UNLOCK TABLES;

--
-- Table structure for table `b_catalog_iblock`
--

DROP TABLE IF EXISTS `b_catalog_iblock`;
/*!40101 SET @saved_cs_client     = @@character_set_client */;
/*!40101 SET character_set_client = utf8 */;
CREATE TABLE `b_catalog_iblock` (
  `IBLOCK_ID` int(11) NOT NULL,
  `YANDEX_EXPORT` char(1) COLLATE utf8_unicode_ci NOT NULL DEFAULT 'N',
  `SUBSCRIPTION` char(1) COLLATE utf8_unicode_ci NOT NULL DEFAULT 'N',
  `VAT_ID` int(11) DEFAULT '0',
  `PRODUCT_IBLOCK_ID` int(11) NOT NULL DEFAULT '0',
  `SKU_PROPERTY_ID` int(11) NOT NULL DEFAULT '0',
  PRIMARY KEY (`IBLOCK_ID`),
  KEY `IXS_CAT_IB_PRODUCT` (`PRODUCT_IBLOCK_ID`),
  KEY `IXS_CAT_IB_SKU_PROP` (`SKU_PROPERTY_ID`)
) ENGINE=InnoDB DEFAULT CHARSET=utf8 COLLATE=utf8_unicode_ci;
/*!40101 SET character_set_client = @saved_cs_client */;

--
-- Dumping data for table `b_catalog_iblock`
--

LOCK TABLES `b_catalog_iblock` WRITE;
/*!40000 ALTER TABLE `b_catalog_iblock` DISABLE KEYS */;
/*!40000 ALTER TABLE `b_catalog_iblock` ENABLE KEYS */;
UNLOCK TABLES;

--
-- Table structure for table `b_catalog_load`
--

DROP TABLE IF EXISTS `b_catalog_load`;
/*!40101 SET @saved_cs_client     = @@character_set_client */;
/*!40101 SET character_set_client = utf8 */;
CREATE TABLE `b_catalog_load` (
  `NAME` varchar(250) COLLATE utf8_unicode_ci NOT NULL,
  `VALUE` text COLLATE utf8_unicode_ci NOT NULL,
  `TYPE` char(1) COLLATE utf8_unicode_ci NOT NULL DEFAULT 'I',
  `LAST_USED` char(1) COLLATE utf8_unicode_ci NOT NULL DEFAULT 'N',
  PRIMARY KEY (`NAME`,`TYPE`)
) ENGINE=InnoDB DEFAULT CHARSET=utf8 COLLATE=utf8_unicode_ci;
/*!40101 SET character_set_client = @saved_cs_client */;

--
-- Dumping data for table `b_catalog_load`
--

LOCK TABLES `b_catalog_load` WRITE;
/*!40000 ALTER TABLE `b_catalog_load` DISABLE KEYS */;
/*!40000 ALTER TABLE `b_catalog_load` ENABLE KEYS */;
UNLOCK TABLES;

--
-- Table structure for table `b_catalog_measure`
--

DROP TABLE IF EXISTS `b_catalog_measure`;
/*!40101 SET @saved_cs_client     = @@character_set_client */;
/*!40101 SET character_set_client = utf8 */;
CREATE TABLE `b_catalog_measure` (
  `ID` int(11) NOT NULL AUTO_INCREMENT,
  `CODE` int(11) NOT NULL,
  `MEASURE_TITLE` varchar(500) COLLATE utf8_unicode_ci DEFAULT NULL,
  `SYMBOL_RUS` varchar(20) COLLATE utf8_unicode_ci DEFAULT NULL,
  `SYMBOL_INTL` varchar(20) COLLATE utf8_unicode_ci DEFAULT NULL,
  `SYMBOL_LETTER_INTL` varchar(20) COLLATE utf8_unicode_ci DEFAULT NULL,
  `IS_DEFAULT` char(1) COLLATE utf8_unicode_ci NOT NULL DEFAULT 'N',
  PRIMARY KEY (`ID`),
  UNIQUE KEY `IX_B_CATALOG_MEASURE1` (`CODE`)
) ENGINE=InnoDB AUTO_INCREMENT=6 DEFAULT CHARSET=utf8 COLLATE=utf8_unicode_ci;
/*!40101 SET character_set_client = @saved_cs_client */;

--
-- Dumping data for table `b_catalog_measure`
--

LOCK TABLES `b_catalog_measure` WRITE;
/*!40000 ALTER TABLE `b_catalog_measure` DISABLE KEYS */;
INSERT INTO `b_catalog_measure` VALUES (1,6,NULL,NULL,'m','MTR','N'),(2,112,NULL,NULL,'l','LTR','N'),(3,163,NULL,NULL,'g','GRM','N'),(4,166,NULL,NULL,'kg','KGM','N'),(5,796,NULL,NULL,'pc. 1','PCE. NMB','Y');
/*!40000 ALTER TABLE `b_catalog_measure` ENABLE KEYS */;
UNLOCK TABLES;

--
-- Table structure for table `b_catalog_measure_ratio`
--

DROP TABLE IF EXISTS `b_catalog_measure_ratio`;
/*!40101 SET @saved_cs_client     = @@character_set_client */;
/*!40101 SET character_set_client = utf8 */;
CREATE TABLE `b_catalog_measure_ratio` (
  `ID` int(11) NOT NULL AUTO_INCREMENT,
  `PRODUCT_ID` int(11) NOT NULL,
  `RATIO` double NOT NULL DEFAULT '1',
  PRIMARY KEY (`ID`),
  UNIQUE KEY `IX_B_CATALOG_MEASURE_RATIO` (`PRODUCT_ID`,`RATIO`)
) ENGINE=InnoDB DEFAULT CHARSET=utf8 COLLATE=utf8_unicode_ci;
/*!40101 SET character_set_client = @saved_cs_client */;

--
-- Dumping data for table `b_catalog_measure_ratio`
--

LOCK TABLES `b_catalog_measure_ratio` WRITE;
/*!40000 ALTER TABLE `b_catalog_measure_ratio` DISABLE KEYS */;
/*!40000 ALTER TABLE `b_catalog_measure_ratio` ENABLE KEYS */;
UNLOCK TABLES;

--
-- Table structure for table `b_catalog_price`
--

DROP TABLE IF EXISTS `b_catalog_price`;
/*!40101 SET @saved_cs_client     = @@character_set_client */;
/*!40101 SET character_set_client = utf8 */;
CREATE TABLE `b_catalog_price` (
  `ID` int(11) NOT NULL AUTO_INCREMENT,
  `PRODUCT_ID` int(11) NOT NULL,
  `EXTRA_ID` int(11) DEFAULT NULL,
  `CATALOG_GROUP_ID` int(11) NOT NULL,
  `PRICE` decimal(18,2) NOT NULL,
  `CURRENCY` char(3) COLLATE utf8_unicode_ci NOT NULL,
  `TIMESTAMP_X` timestamp NOT NULL DEFAULT CURRENT_TIMESTAMP ON UPDATE CURRENT_TIMESTAMP,
  `QUANTITY_FROM` int(11) DEFAULT NULL,
  `QUANTITY_TO` int(11) DEFAULT NULL,
  `TMP_ID` varchar(40) COLLATE utf8_unicode_ci DEFAULT NULL,
  `PRICE_SCALE` decimal(26,12) DEFAULT NULL,
  PRIMARY KEY (`ID`),
  KEY `IXS_CAT_PRICE_PID` (`PRODUCT_ID`,`CATALOG_GROUP_ID`),
  KEY `IXS_CAT_PRICE_GID` (`CATALOG_GROUP_ID`),
  KEY `IXS_CAT_PRICE_SCALE` (`PRICE_SCALE`)
) ENGINE=InnoDB DEFAULT CHARSET=utf8 COLLATE=utf8_unicode_ci;
/*!40101 SET character_set_client = @saved_cs_client */;

--
-- Dumping data for table `b_catalog_price`
--

LOCK TABLES `b_catalog_price` WRITE;
/*!40000 ALTER TABLE `b_catalog_price` DISABLE KEYS */;
/*!40000 ALTER TABLE `b_catalog_price` ENABLE KEYS */;
UNLOCK TABLES;

--
-- Table structure for table `b_catalog_product`
--

DROP TABLE IF EXISTS `b_catalog_product`;
/*!40101 SET @saved_cs_client     = @@character_set_client */;
/*!40101 SET character_set_client = utf8 */;
CREATE TABLE `b_catalog_product` (
  `ID` int(11) NOT NULL,
  `QUANTITY` double NOT NULL,
  `QUANTITY_TRACE` char(1) COLLATE utf8_unicode_ci NOT NULL DEFAULT 'N',
  `WEIGHT` double NOT NULL DEFAULT '0',
  `TIMESTAMP_X` timestamp NOT NULL DEFAULT CURRENT_TIMESTAMP ON UPDATE CURRENT_TIMESTAMP,
  `PRICE_TYPE` char(1) COLLATE utf8_unicode_ci NOT NULL DEFAULT 'S',
  `RECUR_SCHEME_LENGTH` int(11) DEFAULT NULL,
  `RECUR_SCHEME_TYPE` char(1) COLLATE utf8_unicode_ci NOT NULL DEFAULT 'D',
  `TRIAL_PRICE_ID` int(11) DEFAULT NULL,
  `WITHOUT_ORDER` char(1) COLLATE utf8_unicode_ci NOT NULL DEFAULT 'N',
  `SELECT_BEST_PRICE` char(1) COLLATE utf8_unicode_ci NOT NULL DEFAULT 'Y',
  `VAT_ID` int(11) DEFAULT '0',
  `VAT_INCLUDED` char(1) COLLATE utf8_unicode_ci DEFAULT 'Y',
  `CAN_BUY_ZERO` char(1) COLLATE utf8_unicode_ci NOT NULL DEFAULT 'N',
  `NEGATIVE_AMOUNT_TRACE` char(1) COLLATE utf8_unicode_ci NOT NULL DEFAULT 'D',
  `TMP_ID` varchar(40) COLLATE utf8_unicode_ci DEFAULT NULL,
  `PURCHASING_PRICE` decimal(18,2) DEFAULT NULL,
  `PURCHASING_CURRENCY` char(3) COLLATE utf8_unicode_ci DEFAULT NULL,
  `BARCODE_MULTI` char(1) COLLATE utf8_unicode_ci NOT NULL DEFAULT 'N',
  `QUANTITY_RESERVED` double DEFAULT '0',
  `SUBSCRIBE` char(1) COLLATE utf8_unicode_ci DEFAULT NULL,
  `WIDTH` double DEFAULT NULL,
  `LENGTH` double DEFAULT NULL,
  `HEIGHT` double DEFAULT NULL,
  `MEASURE` int(11) DEFAULT NULL,
  `TYPE` int(11) DEFAULT NULL,
  `AVAILABLE` char(1) COLLATE utf8_unicode_ci DEFAULT NULL,
  `BUNDLE` char(1) COLLATE utf8_unicode_ci DEFAULT NULL,
  PRIMARY KEY (`ID`)
) ENGINE=InnoDB DEFAULT CHARSET=utf8 COLLATE=utf8_unicode_ci;
/*!40101 SET character_set_client = @saved_cs_client */;

--
-- Dumping data for table `b_catalog_product`
--

LOCK TABLES `b_catalog_product` WRITE;
/*!40000 ALTER TABLE `b_catalog_product` DISABLE KEYS */;
/*!40000 ALTER TABLE `b_catalog_product` ENABLE KEYS */;
UNLOCK TABLES;

--
-- Table structure for table `b_catalog_product2group`
--

DROP TABLE IF EXISTS `b_catalog_product2group`;
/*!40101 SET @saved_cs_client     = @@character_set_client */;
/*!40101 SET character_set_client = utf8 */;
CREATE TABLE `b_catalog_product2group` (
  `ID` int(11) NOT NULL AUTO_INCREMENT,
  `PRODUCT_ID` int(11) NOT NULL,
  `GROUP_ID` int(11) NOT NULL,
  `ACCESS_LENGTH` int(11) NOT NULL,
  `ACCESS_LENGTH_TYPE` char(1) COLLATE utf8_unicode_ci NOT NULL DEFAULT 'D',
  PRIMARY KEY (`ID`),
  UNIQUE KEY `IX_C_P2G_PROD_GROUP` (`PRODUCT_ID`,`GROUP_ID`)
) ENGINE=InnoDB DEFAULT CHARSET=utf8 COLLATE=utf8_unicode_ci;
/*!40101 SET character_set_client = @saved_cs_client */;

--
-- Dumping data for table `b_catalog_product2group`
--

LOCK TABLES `b_catalog_product2group` WRITE;
/*!40000 ALTER TABLE `b_catalog_product2group` DISABLE KEYS */;
/*!40000 ALTER TABLE `b_catalog_product2group` ENABLE KEYS */;
UNLOCK TABLES;

--
-- Table structure for table `b_catalog_product_sets`
--

DROP TABLE IF EXISTS `b_catalog_product_sets`;
/*!40101 SET @saved_cs_client     = @@character_set_client */;
/*!40101 SET character_set_client = utf8 */;
CREATE TABLE `b_catalog_product_sets` (
  `ID` int(11) NOT NULL AUTO_INCREMENT,
  `TYPE` int(11) NOT NULL,
  `SET_ID` int(11) NOT NULL,
  `ACTIVE` char(1) COLLATE utf8_unicode_ci NOT NULL,
  `OWNER_ID` int(11) NOT NULL,
  `ITEM_ID` int(11) NOT NULL,
  `QUANTITY` double DEFAULT NULL,
  `MEASURE` int(11) DEFAULT NULL,
  `DISCOUNT_PERCENT` double DEFAULT NULL,
  `SORT` int(11) NOT NULL DEFAULT '100',
  `CREATED_BY` int(18) DEFAULT NULL,
  `DATE_CREATE` datetime DEFAULT NULL,
  `MODIFIED_BY` int(18) DEFAULT NULL,
  `TIMESTAMP_X` datetime DEFAULT NULL,
  `XML_ID` varchar(255) COLLATE utf8_unicode_ci DEFAULT NULL,
  PRIMARY KEY (`ID`),
  KEY `IX_CAT_PR_SET_TYPE` (`TYPE`),
  KEY `IX_CAT_PR_SET_OWNER_ID` (`OWNER_ID`),
  KEY `IX_CAT_PR_SET_SET_ID` (`SET_ID`),
  KEY `IX_CAT_PR_SET_ITEM_ID` (`ITEM_ID`)
) ENGINE=InnoDB DEFAULT CHARSET=utf8 COLLATE=utf8_unicode_ci;
/*!40101 SET character_set_client = @saved_cs_client */;

--
-- Dumping data for table `b_catalog_product_sets`
--

LOCK TABLES `b_catalog_product_sets` WRITE;
/*!40000 ALTER TABLE `b_catalog_product_sets` DISABLE KEYS */;
/*!40000 ALTER TABLE `b_catalog_product_sets` ENABLE KEYS */;
UNLOCK TABLES;

--
-- Table structure for table `b_catalog_rounding`
--

DROP TABLE IF EXISTS `b_catalog_rounding`;
/*!40101 SET @saved_cs_client     = @@character_set_client */;
/*!40101 SET character_set_client = utf8 */;
CREATE TABLE `b_catalog_rounding` (
  `ID` int(11) NOT NULL AUTO_INCREMENT,
  `CATALOG_GROUP_ID` int(11) NOT NULL,
  `PRICE` decimal(18,4) NOT NULL,
  `ROUND_TYPE` int(11) NOT NULL,
  `ROUND_PRECISION` decimal(18,4) NOT NULL,
  `CREATED_BY` int(18) DEFAULT NULL,
  `DATE_CREATE` datetime DEFAULT NULL,
  `MODIFIED_BY` int(18) DEFAULT NULL,
  `DATE_MODIFY` datetime DEFAULT NULL,
  PRIMARY KEY (`ID`),
  KEY `IX_CAT_RND_CATALOG_GROUP` (`CATALOG_GROUP_ID`)
) ENGINE=InnoDB DEFAULT CHARSET=utf8 COLLATE=utf8_unicode_ci;
/*!40101 SET character_set_client = @saved_cs_client */;

--
-- Dumping data for table `b_catalog_rounding`
--

LOCK TABLES `b_catalog_rounding` WRITE;
/*!40000 ALTER TABLE `b_catalog_rounding` DISABLE KEYS */;
/*!40000 ALTER TABLE `b_catalog_rounding` ENABLE KEYS */;
UNLOCK TABLES;

--
-- Table structure for table `b_catalog_store`
--

DROP TABLE IF EXISTS `b_catalog_store`;
/*!40101 SET @saved_cs_client     = @@character_set_client */;
/*!40101 SET character_set_client = utf8 */;
CREATE TABLE `b_catalog_store` (
  `ID` int(11) NOT NULL AUTO_INCREMENT,
  `TITLE` varchar(75) COLLATE utf8_unicode_ci DEFAULT NULL,
  `ACTIVE` char(1) COLLATE utf8_unicode_ci NOT NULL DEFAULT 'Y',
  `ADDRESS` varchar(245) COLLATE utf8_unicode_ci NOT NULL,
  `DESCRIPTION` text COLLATE utf8_unicode_ci,
  `GPS_N` varchar(15) COLLATE utf8_unicode_ci DEFAULT '0',
  `GPS_S` varchar(15) COLLATE utf8_unicode_ci DEFAULT '0',
  `IMAGE_ID` varchar(45) COLLATE utf8_unicode_ci DEFAULT NULL,
  `LOCATION_ID` int(11) DEFAULT NULL,
  `DATE_MODIFY` timestamp NOT NULL DEFAULT CURRENT_TIMESTAMP ON UPDATE CURRENT_TIMESTAMP,
  `DATE_CREATE` datetime DEFAULT NULL,
  `USER_ID` int(11) DEFAULT NULL,
  `MODIFIED_BY` int(11) DEFAULT NULL,
  `PHONE` varchar(45) COLLATE utf8_unicode_ci DEFAULT NULL,
  `SCHEDULE` varchar(255) COLLATE utf8_unicode_ci DEFAULT NULL,
  `XML_ID` varchar(255) COLLATE utf8_unicode_ci DEFAULT NULL,
  `SORT` int(11) NOT NULL DEFAULT '100',
  `EMAIL` varchar(255) COLLATE utf8_unicode_ci DEFAULT NULL,
  `ISSUING_CENTER` char(1) COLLATE utf8_unicode_ci NOT NULL DEFAULT 'Y',
  `SHIPPING_CENTER` char(1) COLLATE utf8_unicode_ci NOT NULL DEFAULT 'Y',
  `SITE_ID` char(2) COLLATE utf8_unicode_ci DEFAULT NULL,
  PRIMARY KEY (`ID`)
) ENGINE=InnoDB DEFAULT CHARSET=utf8 COLLATE=utf8_unicode_ci;
/*!40101 SET character_set_client = @saved_cs_client */;

--
-- Dumping data for table `b_catalog_store`
--

LOCK TABLES `b_catalog_store` WRITE;
/*!40000 ALTER TABLE `b_catalog_store` DISABLE KEYS */;
/*!40000 ALTER TABLE `b_catalog_store` ENABLE KEYS */;
UNLOCK TABLES;

--
-- Table structure for table `b_catalog_store_barcode`
--

DROP TABLE IF EXISTS `b_catalog_store_barcode`;
/*!40101 SET @saved_cs_client     = @@character_set_client */;
/*!40101 SET character_set_client = utf8 */;
CREATE TABLE `b_catalog_store_barcode` (
  `ID` int(11) NOT NULL AUTO_INCREMENT,
  `PRODUCT_ID` int(11) NOT NULL,
  `BARCODE` varchar(100) COLLATE utf8_unicode_ci DEFAULT NULL,
  `STORE_ID` int(11) DEFAULT NULL,
  `ORDER_ID` int(11) DEFAULT NULL,
  `DATE_MODIFY` datetime DEFAULT NULL,
  `DATE_CREATE` datetime DEFAULT NULL,
  `CREATED_BY` int(11) DEFAULT NULL,
  `MODIFIED_BY` int(11) DEFAULT NULL,
  PRIMARY KEY (`ID`),
  UNIQUE KEY `IX_B_CATALOG_STORE_BARCODE1` (`BARCODE`)
) ENGINE=InnoDB DEFAULT CHARSET=utf8 COLLATE=utf8_unicode_ci;
/*!40101 SET character_set_client = @saved_cs_client */;

--
-- Dumping data for table `b_catalog_store_barcode`
--

LOCK TABLES `b_catalog_store_barcode` WRITE;
/*!40000 ALTER TABLE `b_catalog_store_barcode` DISABLE KEYS */;
/*!40000 ALTER TABLE `b_catalog_store_barcode` ENABLE KEYS */;
UNLOCK TABLES;

--
-- Table structure for table `b_catalog_store_docs`
--

DROP TABLE IF EXISTS `b_catalog_store_docs`;
/*!40101 SET @saved_cs_client     = @@character_set_client */;
/*!40101 SET character_set_client = utf8 */;
CREATE TABLE `b_catalog_store_docs` (
  `ID` int(11) NOT NULL AUTO_INCREMENT,
  `DOC_TYPE` char(1) COLLATE utf8_unicode_ci NOT NULL,
  `SITE_ID` char(2) COLLATE utf8_unicode_ci DEFAULT NULL,
  `CONTRACTOR_ID` int(11) DEFAULT NULL,
  `DATE_MODIFY` datetime DEFAULT NULL,
  `DATE_CREATE` datetime DEFAULT NULL,
  `CREATED_BY` int(11) DEFAULT NULL,
  `MODIFIED_BY` int(11) DEFAULT NULL,
  `CURRENCY` char(3) COLLATE utf8_unicode_ci DEFAULT NULL,
  `STATUS` char(1) COLLATE utf8_unicode_ci NOT NULL DEFAULT 'N',
  `DATE_STATUS` datetime DEFAULT NULL,
  `DATE_DOCUMENT` datetime DEFAULT NULL,
  `STATUS_BY` int(11) DEFAULT NULL,
  `TOTAL` double DEFAULT NULL,
  `COMMENTARY` varchar(1000) COLLATE utf8_unicode_ci DEFAULT NULL,
  PRIMARY KEY (`ID`)
) ENGINE=InnoDB DEFAULT CHARSET=utf8 COLLATE=utf8_unicode_ci;
/*!40101 SET character_set_client = @saved_cs_client */;

--
-- Dumping data for table `b_catalog_store_docs`
--

LOCK TABLES `b_catalog_store_docs` WRITE;
/*!40000 ALTER TABLE `b_catalog_store_docs` DISABLE KEYS */;
/*!40000 ALTER TABLE `b_catalog_store_docs` ENABLE KEYS */;
UNLOCK TABLES;

--
-- Table structure for table `b_catalog_store_product`
--

DROP TABLE IF EXISTS `b_catalog_store_product`;
/*!40101 SET @saved_cs_client     = @@character_set_client */;
/*!40101 SET character_set_client = utf8 */;
CREATE TABLE `b_catalog_store_product` (
  `ID` int(11) NOT NULL AUTO_INCREMENT,
  `PRODUCT_ID` int(11) NOT NULL,
  `AMOUNT` double NOT NULL DEFAULT '0',
  `STORE_ID` int(11) NOT NULL,
  PRIMARY KEY (`ID`),
  UNIQUE KEY `IX_CATALOG_STORE_PRODUCT2` (`PRODUCT_ID`,`STORE_ID`),
  KEY `IX_CATALOG_STORE_PRODUCT1` (`STORE_ID`)
) ENGINE=InnoDB DEFAULT CHARSET=utf8 COLLATE=utf8_unicode_ci;
/*!40101 SET character_set_client = @saved_cs_client */;

--
-- Dumping data for table `b_catalog_store_product`
--

LOCK TABLES `b_catalog_store_product` WRITE;
/*!40000 ALTER TABLE `b_catalog_store_product` DISABLE KEYS */;
/*!40000 ALTER TABLE `b_catalog_store_product` ENABLE KEYS */;
UNLOCK TABLES;

--
-- Table structure for table `b_catalog_subscribe`
--

DROP TABLE IF EXISTS `b_catalog_subscribe`;
/*!40101 SET @saved_cs_client     = @@character_set_client */;
/*!40101 SET character_set_client = utf8 */;
CREATE TABLE `b_catalog_subscribe` (
  `ID` int(10) unsigned NOT NULL AUTO_INCREMENT,
  `DATE_FROM` datetime NOT NULL,
  `DATE_TO` datetime DEFAULT NULL,
  `USER_CONTACT` varchar(255) COLLATE utf8_unicode_ci NOT NULL,
  `CONTACT_TYPE` smallint(5) unsigned NOT NULL,
  `USER_ID` int(10) unsigned DEFAULT NULL,
  `ITEM_ID` int(10) unsigned NOT NULL,
  `NEED_SENDING` char(1) COLLATE utf8_unicode_ci NOT NULL DEFAULT 'N',
  `SITE_ID` char(2) COLLATE utf8_unicode_ci NOT NULL,
  PRIMARY KEY (`ID`),
  KEY `IX_CAT_SUB_USER_CONTACT` (`USER_CONTACT`),
  KEY `IX_CAT_SUB_USER_ID` (`USER_ID`),
  KEY `IX_CAT_SUB_ITEM_ID` (`ITEM_ID`)
) ENGINE=MyISAM DEFAULT CHARSET=utf8 COLLATE=utf8_unicode_ci;
/*!40101 SET character_set_client = @saved_cs_client */;

--
-- Dumping data for table `b_catalog_subscribe`
--

LOCK TABLES `b_catalog_subscribe` WRITE;
/*!40000 ALTER TABLE `b_catalog_subscribe` DISABLE KEYS */;
/*!40000 ALTER TABLE `b_catalog_subscribe` ENABLE KEYS */;
UNLOCK TABLES;

--
-- Table structure for table `b_catalog_subscribe_access`
--

DROP TABLE IF EXISTS `b_catalog_subscribe_access`;
/*!40101 SET @saved_cs_client     = @@character_set_client */;
/*!40101 SET character_set_client = utf8 */;
CREATE TABLE `b_catalog_subscribe_access` (
  `ID` int(10) unsigned NOT NULL AUTO_INCREMENT,
  `DATE_FROM` datetime NOT NULL,
  `USER_CONTACT` varchar(255) COLLATE utf8_unicode_ci NOT NULL,
  `TOKEN` char(6) COLLATE utf8_unicode_ci NOT NULL,
  PRIMARY KEY (`ID`),
  KEY `IX_CAT_SUB_ACS_USER_CONTACT` (`USER_CONTACT`)
) ENGINE=MyISAM DEFAULT CHARSET=utf8 COLLATE=utf8_unicode_ci;
/*!40101 SET character_set_client = @saved_cs_client */;

--
-- Dumping data for table `b_catalog_subscribe_access`
--

LOCK TABLES `b_catalog_subscribe_access` WRITE;
/*!40000 ALTER TABLE `b_catalog_subscribe_access` DISABLE KEYS */;
/*!40000 ALTER TABLE `b_catalog_subscribe_access` ENABLE KEYS */;
UNLOCK TABLES;

--
-- Table structure for table `b_catalog_vat`
--

DROP TABLE IF EXISTS `b_catalog_vat`;
/*!40101 SET @saved_cs_client     = @@character_set_client */;
/*!40101 SET character_set_client = utf8 */;
CREATE TABLE `b_catalog_vat` (
  `ID` int(11) NOT NULL AUTO_INCREMENT,
  `TIMESTAMP_X` timestamp NOT NULL DEFAULT CURRENT_TIMESTAMP ON UPDATE CURRENT_TIMESTAMP,
  `ACTIVE` char(1) COLLATE utf8_unicode_ci NOT NULL DEFAULT 'Y',
  `C_SORT` int(18) NOT NULL DEFAULT '100',
  `NAME` varchar(50) COLLATE utf8_unicode_ci NOT NULL DEFAULT '',
  `RATE` decimal(18,2) NOT NULL DEFAULT '0.00',
  PRIMARY KEY (`ID`),
  KEY `IX_CAT_VAT_ACTIVE` (`ACTIVE`)
) ENGINE=InnoDB DEFAULT CHARSET=utf8 COLLATE=utf8_unicode_ci;
/*!40101 SET character_set_client = @saved_cs_client */;

--
-- Dumping data for table `b_catalog_vat`
--

LOCK TABLES `b_catalog_vat` WRITE;
/*!40000 ALTER TABLE `b_catalog_vat` DISABLE KEYS */;
/*!40000 ALTER TABLE `b_catalog_vat` ENABLE KEYS */;
UNLOCK TABLES;

--
-- Table structure for table `b_catalog_viewed_product`
--

DROP TABLE IF EXISTS `b_catalog_viewed_product`;
/*!40101 SET @saved_cs_client     = @@character_set_client */;
/*!40101 SET character_set_client = utf8 */;
CREATE TABLE `b_catalog_viewed_product` (
  `ID` int(11) NOT NULL AUTO_INCREMENT,
  `FUSER_ID` int(11) NOT NULL,
  `DATE_VISIT` datetime NOT NULL,
  `PRODUCT_ID` int(11) NOT NULL,
  `ELEMENT_ID` int(11) NOT NULL DEFAULT '0',
  `SITE_ID` char(2) COLLATE utf8_unicode_ci NOT NULL,
  `VIEW_COUNT` int(11) NOT NULL DEFAULT '1',
  `RECOMMENDATION` varchar(40) COLLATE utf8_unicode_ci DEFAULT NULL,
  PRIMARY KEY (`ID`),
  KEY `IX_CAT_V_PR_FUSER_ID` (`FUSER_ID`)
) ENGINE=InnoDB DEFAULT CHARSET=utf8 COLLATE=utf8_unicode_ci;
/*!40101 SET character_set_client = @saved_cs_client */;

--
-- Dumping data for table `b_catalog_viewed_product`
--

LOCK TABLES `b_catalog_viewed_product` WRITE;
/*!40000 ALTER TABLE `b_catalog_viewed_product` DISABLE KEYS */;
/*!40000 ALTER TABLE `b_catalog_viewed_product` ENABLE KEYS */;
UNLOCK TABLES;

--
-- Table structure for table `b_checklist`
--

DROP TABLE IF EXISTS `b_checklist`;
/*!40101 SET @saved_cs_client     = @@character_set_client */;
/*!40101 SET character_set_client = utf8 */;
CREATE TABLE `b_checklist` (
  `ID` int(11) NOT NULL AUTO_INCREMENT,
  `DATE_CREATE` varchar(255) COLLATE utf8_unicode_ci DEFAULT NULL,
  `TESTER` varchar(255) COLLATE utf8_unicode_ci DEFAULT NULL,
  `COMPANY_NAME` varchar(255) COLLATE utf8_unicode_ci DEFAULT NULL,
  `PICTURE` int(11) DEFAULT NULL,
  `TOTAL` int(11) DEFAULT NULL,
  `SUCCESS` int(11) DEFAULT NULL,
  `FAILED` int(11) DEFAULT NULL,
  `PENDING` int(11) DEFAULT NULL,
  `SKIP` int(11) DEFAULT NULL,
  `STATE` longtext COLLATE utf8_unicode_ci,
  `REPORT_COMMENT` text COLLATE utf8_unicode_ci,
  `REPORT` char(1) COLLATE utf8_unicode_ci DEFAULT 'Y',
  `EMAIL` varchar(50) COLLATE utf8_unicode_ci DEFAULT NULL,
  `PHONE` varchar(50) COLLATE utf8_unicode_ci DEFAULT NULL,
  `SENDED_TO_BITRIX` char(1) COLLATE utf8_unicode_ci DEFAULT 'N',
  `HIDDEN` char(1) COLLATE utf8_unicode_ci DEFAULT 'N',
  PRIMARY KEY (`ID`)
) ENGINE=InnoDB DEFAULT CHARSET=utf8 COLLATE=utf8_unicode_ci;
/*!40101 SET character_set_client = @saved_cs_client */;

--
-- Dumping data for table `b_checklist`
--

LOCK TABLES `b_checklist` WRITE;
/*!40000 ALTER TABLE `b_checklist` DISABLE KEYS */;
/*!40000 ALTER TABLE `b_checklist` ENABLE KEYS */;
UNLOCK TABLES;

--
-- Table structure for table `b_clouds_file_bucket`
--

DROP TABLE IF EXISTS `b_clouds_file_bucket`;
/*!40101 SET @saved_cs_client     = @@character_set_client */;
/*!40101 SET character_set_client = utf8 */;
CREATE TABLE `b_clouds_file_bucket` (
  `ID` int(11) NOT NULL AUTO_INCREMENT,
  `ACTIVE` char(1) COLLATE utf8_unicode_ci DEFAULT 'Y',
  `SORT` int(11) DEFAULT '500',
  `READ_ONLY` char(1) COLLATE utf8_unicode_ci DEFAULT 'N',
  `SERVICE_ID` varchar(50) COLLATE utf8_unicode_ci DEFAULT NULL,
  `BUCKET` varchar(63) COLLATE utf8_unicode_ci DEFAULT NULL,
  `LOCATION` varchar(50) COLLATE utf8_unicode_ci DEFAULT NULL,
  `CNAME` varchar(100) COLLATE utf8_unicode_ci DEFAULT NULL,
  `FILE_COUNT` int(11) DEFAULT '0',
  `FILE_SIZE` float DEFAULT '0',
  `LAST_FILE_ID` int(11) DEFAULT NULL,
  `PREFIX` varchar(100) COLLATE utf8_unicode_ci DEFAULT NULL,
  `SETTINGS` text COLLATE utf8_unicode_ci,
  `FILE_RULES` text COLLATE utf8_unicode_ci,
  PRIMARY KEY (`ID`)
) ENGINE=InnoDB DEFAULT CHARSET=utf8 COLLATE=utf8_unicode_ci;
/*!40101 SET character_set_client = @saved_cs_client */;

--
-- Dumping data for table `b_clouds_file_bucket`
--

LOCK TABLES `b_clouds_file_bucket` WRITE;
/*!40000 ALTER TABLE `b_clouds_file_bucket` DISABLE KEYS */;
/*!40000 ALTER TABLE `b_clouds_file_bucket` ENABLE KEYS */;
UNLOCK TABLES;

--
-- Table structure for table `b_clouds_file_resize`
--

DROP TABLE IF EXISTS `b_clouds_file_resize`;
/*!40101 SET @saved_cs_client     = @@character_set_client */;
/*!40101 SET character_set_client = utf8 */;
CREATE TABLE `b_clouds_file_resize` (
  `ID` int(11) NOT NULL AUTO_INCREMENT,
  `TIMESTAMP_X` timestamp NOT NULL DEFAULT CURRENT_TIMESTAMP ON UPDATE CURRENT_TIMESTAMP,
  `ERROR_CODE` char(1) COLLATE utf8_unicode_ci NOT NULL DEFAULT '0',
  `FILE_ID` int(11) DEFAULT NULL,
  `PARAMS` text COLLATE utf8_unicode_ci,
  `FROM_PATH` varchar(500) COLLATE utf8_unicode_ci DEFAULT NULL,
  `TO_PATH` varchar(500) COLLATE utf8_unicode_ci DEFAULT NULL,
  PRIMARY KEY (`ID`),
  KEY `ix_b_file_resize_ts` (`TIMESTAMP_X`),
  KEY `ix_b_file_resize_path` (`TO_PATH`(100)),
  KEY `ix_b_file_resize_file` (`FILE_ID`)
) ENGINE=InnoDB DEFAULT CHARSET=utf8 COLLATE=utf8_unicode_ci;
/*!40101 SET character_set_client = @saved_cs_client */;

--
-- Dumping data for table `b_clouds_file_resize`
--

LOCK TABLES `b_clouds_file_resize` WRITE;
/*!40000 ALTER TABLE `b_clouds_file_resize` DISABLE KEYS */;
/*!40000 ALTER TABLE `b_clouds_file_resize` ENABLE KEYS */;
UNLOCK TABLES;

--
-- Table structure for table `b_clouds_file_upload`
--

DROP TABLE IF EXISTS `b_clouds_file_upload`;
/*!40101 SET @saved_cs_client     = @@character_set_client */;
/*!40101 SET character_set_client = utf8 */;
CREATE TABLE `b_clouds_file_upload` (
  `ID` varchar(32) COLLATE utf8_unicode_ci NOT NULL,
  `TIMESTAMP_X` timestamp NOT NULL DEFAULT CURRENT_TIMESTAMP ON UPDATE CURRENT_TIMESTAMP,
  `FILE_PATH` varchar(500) COLLATE utf8_unicode_ci NOT NULL,
  `TMP_FILE` varchar(500) COLLATE utf8_unicode_ci DEFAULT NULL,
  `BUCKET_ID` int(11) NOT NULL,
  `PART_SIZE` int(11) NOT NULL,
  `PART_NO` int(11) NOT NULL,
  `PART_FAIL_COUNTER` int(11) NOT NULL,
  `NEXT_STEP` text COLLATE utf8_unicode_ci,
  `FILE_SIZE` int(11) DEFAULT NULL,
  PRIMARY KEY (`ID`)
) ENGINE=InnoDB DEFAULT CHARSET=utf8 COLLATE=utf8_unicode_ci;
/*!40101 SET character_set_client = @saved_cs_client */;

--
-- Dumping data for table `b_clouds_file_upload`
--

LOCK TABLES `b_clouds_file_upload` WRITE;
/*!40000 ALTER TABLE `b_clouds_file_upload` DISABLE KEYS */;
/*!40000 ALTER TABLE `b_clouds_file_upload` ENABLE KEYS */;
UNLOCK TABLES;

--
-- Table structure for table `b_cluster_dbnode`
--

DROP TABLE IF EXISTS `b_cluster_dbnode`;
/*!40101 SET @saved_cs_client     = @@character_set_client */;
/*!40101 SET character_set_client = utf8 */;
CREATE TABLE `b_cluster_dbnode` (
  `ID` int(11) NOT NULL AUTO_INCREMENT,
  `ACTIVE` char(1) COLLATE utf8_unicode_ci NOT NULL DEFAULT 'Y',
  `GROUP_ID` int(11) DEFAULT NULL,
  `ROLE_ID` varchar(50) COLLATE utf8_unicode_ci DEFAULT NULL,
  `NAME` varchar(50) COLLATE utf8_unicode_ci DEFAULT NULL,
  `DESCRIPTION` varchar(250) COLLATE utf8_unicode_ci DEFAULT NULL,
  `DB_HOST` varchar(250) COLLATE utf8_unicode_ci DEFAULT NULL,
  `DB_NAME` varchar(250) COLLATE utf8_unicode_ci DEFAULT NULL,
  `DB_LOGIN` varchar(50) COLLATE utf8_unicode_ci DEFAULT NULL,
  `DB_PASSWORD` varchar(50) COLLATE utf8_unicode_ci DEFAULT NULL,
  `MASTER_ID` int(11) DEFAULT NULL,
  `MASTER_HOST` varchar(50) COLLATE utf8_unicode_ci DEFAULT NULL,
  `MASTER_PORT` int(11) DEFAULT NULL,
  `SERVER_ID` varchar(50) COLLATE utf8_unicode_ci DEFAULT NULL,
  `STATUS` varchar(50) COLLATE utf8_unicode_ci DEFAULT NULL,
  `UNIQID` varchar(50) COLLATE utf8_unicode_ci DEFAULT NULL,
  `SELECTABLE` char(1) COLLATE utf8_unicode_ci DEFAULT NULL,
  `WEIGHT` int(11) DEFAULT NULL,
  PRIMARY KEY (`ID`)
) ENGINE=MyISAM AUTO_INCREMENT=2 DEFAULT CHARSET=utf8 COLLATE=utf8_unicode_ci;
/*!40101 SET character_set_client = @saved_cs_client */;

--
-- Dumping data for table `b_cluster_dbnode`
--

LOCK TABLES `b_cluster_dbnode` WRITE;
/*!40000 ALTER TABLE `b_cluster_dbnode` DISABLE KEYS */;
INSERT INTO `b_cluster_dbnode` VALUES (1,'Y',1,'MAIN','Главная база данных',NULL,NULL,NULL,NULL,NULL,NULL,NULL,NULL,NULL,'ONLINE',NULL,NULL,NULL);
/*!40000 ALTER TABLE `b_cluster_dbnode` ENABLE KEYS */;
UNLOCK TABLES;

--
-- Table structure for table `b_cluster_group`
--

DROP TABLE IF EXISTS `b_cluster_group`;
/*!40101 SET @saved_cs_client     = @@character_set_client */;
/*!40101 SET character_set_client = utf8 */;
CREATE TABLE `b_cluster_group` (
  `ID` int(11) NOT NULL AUTO_INCREMENT,
  `NAME` varchar(50) COLLATE utf8_unicode_ci DEFAULT NULL,
  PRIMARY KEY (`ID`)
) ENGINE=MyISAM AUTO_INCREMENT=2 DEFAULT CHARSET=utf8 COLLATE=utf8_unicode_ci;
/*!40101 SET character_set_client = @saved_cs_client */;

--
-- Dumping data for table `b_cluster_group`
--

LOCK TABLES `b_cluster_group` WRITE;
/*!40000 ALTER TABLE `b_cluster_group` DISABLE KEYS */;
INSERT INTO `b_cluster_group` VALUES (1,'Группа #1');
/*!40000 ALTER TABLE `b_cluster_group` ENABLE KEYS */;
UNLOCK TABLES;

--
-- Table structure for table `b_cluster_queue`
--

DROP TABLE IF EXISTS `b_cluster_queue`;
/*!40101 SET @saved_cs_client     = @@character_set_client */;
/*!40101 SET character_set_client = utf8 */;
CREATE TABLE `b_cluster_queue` (
  `ID` int(11) NOT NULL AUTO_INCREMENT,
  `TIMESTAMP_X` timestamp NOT NULL DEFAULT CURRENT_TIMESTAMP ON UPDATE CURRENT_TIMESTAMP,
  `GROUP_ID` int(11) NOT NULL,
  `COMMAND` varchar(50) COLLATE utf8_unicode_ci DEFAULT NULL,
  `PARAM1` varchar(255) COLLATE utf8_unicode_ci DEFAULT NULL,
  `PARAM2` varchar(255) COLLATE utf8_unicode_ci DEFAULT NULL,
  `PARAM3` varchar(255) COLLATE utf8_unicode_ci DEFAULT NULL,
  PRIMARY KEY (`ID`),
  KEY `ix_b_cluster_queue_time` (`TIMESTAMP_X`),
  KEY `ix_b_cluster_queue_group` (`GROUP_ID`)
) ENGINE=MyISAM DEFAULT CHARSET=utf8 COLLATE=utf8_unicode_ci;
/*!40101 SET character_set_client = @saved_cs_client */;

--
-- Dumping data for table `b_cluster_queue`
--

LOCK TABLES `b_cluster_queue` WRITE;
/*!40000 ALTER TABLE `b_cluster_queue` DISABLE KEYS */;
/*!40000 ALTER TABLE `b_cluster_queue` ENABLE KEYS */;
UNLOCK TABLES;

--
-- Table structure for table `b_cluster_table`
--

DROP TABLE IF EXISTS `b_cluster_table`;
/*!40101 SET @saved_cs_client     = @@character_set_client */;
/*!40101 SET character_set_client = utf8 */;
CREATE TABLE `b_cluster_table` (
  `ID` int(11) NOT NULL AUTO_INCREMENT,
  `TIMESTAMP_X` timestamp NOT NULL DEFAULT CURRENT_TIMESTAMP ON UPDATE CURRENT_TIMESTAMP,
  `MODULE_ID` varchar(50) COLLATE utf8_unicode_ci DEFAULT NULL,
  `TABLE_NAME` varchar(50) COLLATE utf8_unicode_ci DEFAULT NULL,
  `KEY_COLUMN` varchar(50) COLLATE utf8_unicode_ci DEFAULT NULL,
  `FROM_NODE_ID` int(11) DEFAULT NULL,
  `TO_NODE_ID` int(11) DEFAULT NULL,
  `REC_COUNT` int(11) DEFAULT NULL,
  `LAST_ID` varchar(250) COLLATE utf8_unicode_ci DEFAULT NULL,
  PRIMARY KEY (`ID`)
) ENGINE=MyISAM DEFAULT CHARSET=utf8 COLLATE=utf8_unicode_ci;
/*!40101 SET character_set_client = @saved_cs_client */;

--
-- Dumping data for table `b_cluster_table`
--

LOCK TABLES `b_cluster_table` WRITE;
/*!40000 ALTER TABLE `b_cluster_table` DISABLE KEYS */;
/*!40000 ALTER TABLE `b_cluster_table` ENABLE KEYS */;
UNLOCK TABLES;

--
-- Table structure for table `b_cluster_webnode`
--

DROP TABLE IF EXISTS `b_cluster_webnode`;
/*!40101 SET @saved_cs_client     = @@character_set_client */;
/*!40101 SET character_set_client = utf8 */;
CREATE TABLE `b_cluster_webnode` (
  `ID` int(11) NOT NULL AUTO_INCREMENT,
  `GROUP_ID` int(11) DEFAULT NULL,
  `NAME` varchar(50) COLLATE utf8_unicode_ci DEFAULT NULL,
  `DESCRIPTION` varchar(250) COLLATE utf8_unicode_ci DEFAULT NULL,
  `HOST` varchar(250) COLLATE utf8_unicode_ci DEFAULT NULL,
  `PORT` int(11) DEFAULT NULL,
  `STATUS_URL` varchar(250) COLLATE utf8_unicode_ci DEFAULT NULL,
  PRIMARY KEY (`ID`)
) ENGINE=MyISAM AUTO_INCREMENT=2 DEFAULT CHARSET=utf8 COLLATE=utf8_unicode_ci;
/*!40101 SET character_set_client = @saved_cs_client */;

--
-- Dumping data for table `b_cluster_webnode`
--

LOCK TABLES `b_cluster_webnode` WRITE;
/*!40000 ALTER TABLE `b_cluster_webnode` DISABLE KEYS */;
/*!40000 ALTER TABLE `b_cluster_webnode` ENABLE KEYS */;
UNLOCK TABLES;

--
-- Table structure for table `b_component_params`
--

DROP TABLE IF EXISTS `b_component_params`;
/*!40101 SET @saved_cs_client     = @@character_set_client */;
/*!40101 SET character_set_client = utf8 */;
CREATE TABLE `b_component_params` (
  `ID` int(11) NOT NULL AUTO_INCREMENT,
  `SITE_ID` char(2) COLLATE utf8_unicode_ci NOT NULL,
  `COMPONENT_NAME` varchar(255) COLLATE utf8_unicode_ci NOT NULL,
  `TEMPLATE_NAME` varchar(255) COLLATE utf8_unicode_ci DEFAULT NULL,
  `REAL_PATH` varchar(255) COLLATE utf8_unicode_ci NOT NULL,
  `SEF_MODE` char(1) COLLATE utf8_unicode_ci NOT NULL DEFAULT 'Y',
  `SEF_FOLDER` varchar(255) COLLATE utf8_unicode_ci DEFAULT NULL,
  `START_CHAR` int(11) NOT NULL,
  `END_CHAR` int(11) NOT NULL,
  `PARAMETERS` text COLLATE utf8_unicode_ci,
  PRIMARY KEY (`ID`),
  KEY `ix_comp_params_name` (`COMPONENT_NAME`),
  KEY `ix_comp_params_path` (`SITE_ID`,`REAL_PATH`),
  KEY `ix_comp_params_sname` (`SITE_ID`,`COMPONENT_NAME`)
) ENGINE=InnoDB AUTO_INCREMENT=1431 DEFAULT CHARSET=utf8 COLLATE=utf8_unicode_ci;
/*!40101 SET character_set_client = @saved_cs_client */;

--
-- Dumping data for table `b_component_params`
--

LOCK TABLES `b_component_params` WRITE;
/*!40000 ALTER TABLE `b_component_params` DISABLE KEYS */;
INSERT INTO `b_component_params` VALUES (737,'s1','bitrix:main.include','','/bitrix/templates/404/header.php','N',NULL,2459,2762,'a:5:{s:14:\"AREA_FILE_SHOW\";s:4:\"file\";s:16:\"AREA_FILE_SUFFIX\";s:3:\"inc\";s:18:\"COMPONENT_TEMPLATE\";s:8:\".default\";s:13:\"EDIT_TEMPLATE\";s:0:\"\";s:4:\"PATH\";s:20:\"/includes/social.php\";}'),(738,'s1','bitrix:main.include','','/bitrix/templates/404/header.php','N',NULL,2896,3198,'a:5:{s:14:\"AREA_FILE_SHOW\";s:4:\"file\";s:16:\"AREA_FILE_SUFFIX\";s:3:\"inc\";s:18:\"COMPONENT_TEMPLATE\";s:8:\".default\";s:13:\"EDIT_TEMPLATE\";s:0:\"\";s:4:\"PATH\";s:19:\"/includes/phone.php\";}'),(739,'s1','bitrix:menu','head_foot_menu','/bitrix/templates/404/header.php','N',NULL,3645,4133,'a:11:{s:18:\"ALLOW_MULTI_SELECT\";s:1:\"N\";s:15:\"CHILD_MENU_TYPE\";s:4:\"left\";s:18:\"COMPONENT_TEMPLATE\";s:8:\".default\";s:5:\"DELAY\";s:1:\"N\";s:9:\"MAX_LEVEL\";s:1:\"1\";s:19:\"MENU_CACHE_GET_VARS\";s:0:\"\";s:15:\"MENU_CACHE_TIME\";s:4:\"3600\";s:15:\"MENU_CACHE_TYPE\";s:1:\"A\";s:21:\"MENU_CACHE_USE_GROUPS\";s:1:\"Y\";s:14:\"ROOT_MENU_TYPE\";s:3:\"top\";s:7:\"USE_EXT\";s:1:\"N\";}'),(740,'s1','bitrix:main.include','','/bitrix/templates/404/footer.php','N',NULL,210,489,'a:5:{s:19:\"AREA_FILE_RECURSIVE\";s:1:\"Y\";s:14:\"AREA_FILE_SHOW\";s:4:\"sect\";s:16:\"AREA_FILE_SUFFIX\";s:3:\"inc\";s:18:\"COMPONENT_TEMPLATE\";s:8:\".default\";s:13:\"EDIT_TEMPLATE\";s:0:\"\";}'),(741,'s1','bitrix:menu','head_foot_menu','/bitrix/templates/404/footer.php','N',NULL,1089,1514,'a:11:{s:18:\"ALLOW_MULTI_SELECT\";s:1:\"N\";s:15:\"CHILD_MENU_TYPE\";s:4:\"left\";s:18:\"COMPONENT_TEMPLATE\";s:14:\"head_foot_menu\";s:5:\"DELAY\";s:1:\"N\";s:9:\"MAX_LEVEL\";s:1:\"1\";s:19:\"MENU_CACHE_GET_VARS\";N;s:15:\"MENU_CACHE_TIME\";s:4:\"3600\";s:15:\"MENU_CACHE_TYPE\";s:1:\"N\";s:21:\"MENU_CACHE_USE_GROUPS\";s:1:\"Y\";s:14:\"ROOT_MENU_TYPE\";s:12:\"bottom_about\";s:7:\"USE_EXT\";s:1:\"N\";}'),(742,'s1','bitrix:menu','head_foot_menu','/bitrix/templates/404/footer.php','N',NULL,1711,2137,'a:11:{s:18:\"ALLOW_MULTI_SELECT\";s:1:\"N\";s:15:\"CHILD_MENU_TYPE\";s:4:\"left\";s:18:\"COMPONENT_TEMPLATE\";s:14:\"head_foot_menu\";s:5:\"DELAY\";s:1:\"N\";s:9:\"MAX_LEVEL\";s:1:\"1\";s:19:\"MENU_CACHE_GET_VARS\";N;s:15:\"MENU_CACHE_TIME\";s:4:\"3600\";s:15:\"MENU_CACHE_TYPE\";s:1:\"N\";s:21:\"MENU_CACHE_USE_GROUPS\";s:1:\"Y\";s:14:\"ROOT_MENU_TYPE\";s:13:\"bottom_uslugi\";s:7:\"USE_EXT\";s:1:\"N\";}'),(743,'s1','bitrix:menu','head_foot_menu','/bitrix/templates/404/footer.php','N',NULL,2398,2823,'a:11:{s:18:\"ALLOW_MULTI_SELECT\";s:1:\"N\";s:15:\"CHILD_MENU_TYPE\";s:4:\"left\";s:18:\"COMPONENT_TEMPLATE\";s:14:\"head_foot_menu\";s:5:\"DELAY\";s:1:\"N\";s:9:\"MAX_LEVEL\";s:1:\"1\";s:19:\"MENU_CACHE_GET_VARS\";N;s:15:\"MENU_CACHE_TIME\";s:4:\"3600\";s:15:\"MENU_CACHE_TYPE\";s:1:\"N\";s:21:\"MENU_CACHE_USE_GROUPS\";s:1:\"Y\";s:14:\"ROOT_MENU_TYPE\";s:12:\"bottom_sites\";s:7:\"USE_EXT\";s:1:\"N\";}'),(744,'s1','bitrix:main.include','','/bitrix/templates/404/footer.php','N',NULL,3040,3342,'a:5:{s:14:\"AREA_FILE_SHOW\";s:4:\"file\";s:16:\"AREA_FILE_SUFFIX\";s:3:\"inc\";s:18:\"COMPONENT_TEMPLATE\";s:8:\".default\";s:13:\"EDIT_TEMPLATE\";s:0:\"\";s:4:\"PATH\";s:19:\"/includes/phone.php\";}'),(745,'s1','bitrix:main.include','','/bitrix/templates/404/footer.php','N',NULL,3553,3856,'a:5:{s:14:\"AREA_FILE_SHOW\";s:4:\"file\";s:16:\"AREA_FILE_SUFFIX\";s:3:\"inc\";s:18:\"COMPONENT_TEMPLATE\";s:8:\".default\";s:13:\"EDIT_TEMPLATE\";s:0:\"\";s:4:\"PATH\";s:20:\"/includes/social.php\";}'),(748,'s1','bitrix:main.include','page_dev_text','/page-dev/index.php','N',NULL,100,325,'a:4:{s:14:\"AREA_FILE_SHOW\";s:4:\"page\";s:16:\"AREA_FILE_SUFFIX\";s:3:\"inc\";s:18:\"COMPONENT_TEMPLATE\";s:13:\"page_dev_text\";s:13:\"EDIT_TEMPLATE\";s:0:\"\";}'),(839,'s1','bitrix:main.include','','/bitrix/templates/linkor/header.php','N',NULL,3144,3447,'a:5:{s:14:\"AREA_FILE_SHOW\";s:4:\"file\";s:16:\"AREA_FILE_SUFFIX\";s:3:\"inc\";s:18:\"COMPONENT_TEMPLATE\";s:8:\".default\";s:13:\"EDIT_TEMPLATE\";s:0:\"\";s:4:\"PATH\";s:20:\"/includes/social.php\";}'),(840,'s1','bitrix:main.include','','/bitrix/templates/linkor/header.php','N',NULL,3581,3883,'a:5:{s:14:\"AREA_FILE_SHOW\";s:4:\"file\";s:16:\"AREA_FILE_SUFFIX\";s:3:\"inc\";s:18:\"COMPONENT_TEMPLATE\";s:8:\".default\";s:13:\"EDIT_TEMPLATE\";s:0:\"\";s:4:\"PATH\";s:19:\"/includes/phone.php\";}'),(841,'s1','bitrix:menu','head_foot_menu','/bitrix/templates/linkor/header.php','N',NULL,4330,4818,'a:11:{s:18:\"ALLOW_MULTI_SELECT\";s:1:\"N\";s:15:\"CHILD_MENU_TYPE\";s:4:\"left\";s:18:\"COMPONENT_TEMPLATE\";s:8:\".default\";s:5:\"DELAY\";s:1:\"N\";s:9:\"MAX_LEVEL\";s:1:\"1\";s:19:\"MENU_CACHE_GET_VARS\";s:0:\"\";s:15:\"MENU_CACHE_TIME\";s:4:\"3600\";s:15:\"MENU_CACHE_TYPE\";s:1:\"A\";s:21:\"MENU_CACHE_USE_GROUPS\";s:1:\"Y\";s:14:\"ROOT_MENU_TYPE\";s:3:\"top\";s:7:\"USE_EXT\";s:1:\"N\";}'),(842,'s1','bitrix:main.include','','/bitrix/templates/linkor/footer.php','N',NULL,322,601,'a:5:{s:19:\"AREA_FILE_RECURSIVE\";s:1:\"Y\";s:14:\"AREA_FILE_SHOW\";s:4:\"sect\";s:16:\"AREA_FILE_SUFFIX\";s:3:\"inc\";s:18:\"COMPONENT_TEMPLATE\";s:8:\".default\";s:13:\"EDIT_TEMPLATE\";s:0:\"\";}'),(843,'s1','bitrix:menu','head_foot_menu','/bitrix/templates/linkor/footer.php','N',NULL,1255,1680,'a:11:{s:18:\"ALLOW_MULTI_SELECT\";s:1:\"N\";s:15:\"CHILD_MENU_TYPE\";s:4:\"left\";s:18:\"COMPONENT_TEMPLATE\";s:14:\"head_foot_menu\";s:5:\"DELAY\";s:1:\"N\";s:9:\"MAX_LEVEL\";s:1:\"1\";s:19:\"MENU_CACHE_GET_VARS\";N;s:15:\"MENU_CACHE_TIME\";s:4:\"3600\";s:15:\"MENU_CACHE_TYPE\";s:1:\"N\";s:21:\"MENU_CACHE_USE_GROUPS\";s:1:\"Y\";s:14:\"ROOT_MENU_TYPE\";s:12:\"bottom_about\";s:7:\"USE_EXT\";s:1:\"N\";}'),(844,'s1','bitrix:menu','head_foot_menu','/bitrix/templates/linkor/footer.php','N',NULL,1877,2303,'a:11:{s:18:\"ALLOW_MULTI_SELECT\";s:1:\"N\";s:15:\"CHILD_MENU_TYPE\";s:4:\"left\";s:18:\"COMPONENT_TEMPLATE\";s:14:\"head_foot_menu\";s:5:\"DELAY\";s:1:\"N\";s:9:\"MAX_LEVEL\";s:1:\"1\";s:19:\"MENU_CACHE_GET_VARS\";N;s:15:\"MENU_CACHE_TIME\";s:4:\"3600\";s:15:\"MENU_CACHE_TYPE\";s:1:\"N\";s:21:\"MENU_CACHE_USE_GROUPS\";s:1:\"Y\";s:14:\"ROOT_MENU_TYPE\";s:13:\"bottom_uslugi\";s:7:\"USE_EXT\";s:1:\"N\";}'),(845,'s1','bitrix:menu','head_foot_menu','/bitrix/templates/linkor/footer.php','N',NULL,2564,2989,'a:11:{s:18:\"ALLOW_MULTI_SELECT\";s:1:\"N\";s:15:\"CHILD_MENU_TYPE\";s:4:\"left\";s:18:\"COMPONENT_TEMPLATE\";s:14:\"head_foot_menu\";s:5:\"DELAY\";s:1:\"N\";s:9:\"MAX_LEVEL\";s:1:\"1\";s:19:\"MENU_CACHE_GET_VARS\";N;s:15:\"MENU_CACHE_TIME\";s:4:\"3600\";s:15:\"MENU_CACHE_TYPE\";s:1:\"N\";s:21:\"MENU_CACHE_USE_GROUPS\";s:1:\"Y\";s:14:\"ROOT_MENU_TYPE\";s:12:\"bottom_sites\";s:7:\"USE_EXT\";s:1:\"N\";}'),(846,'s1','bitrix:main.include','','/bitrix/templates/linkor/footer.php','N',NULL,3206,3508,'a:5:{s:14:\"AREA_FILE_SHOW\";s:4:\"file\";s:16:\"AREA_FILE_SUFFIX\";s:3:\"inc\";s:18:\"COMPONENT_TEMPLATE\";s:8:\".default\";s:13:\"EDIT_TEMPLATE\";s:0:\"\";s:4:\"PATH\";s:19:\"/includes/phone.php\";}'),(847,'s1','bitrix:main.include','','/bitrix/templates/linkor/footer.php','N',NULL,3719,4022,'a:5:{s:14:\"AREA_FILE_SHOW\";s:4:\"file\";s:16:\"AREA_FILE_SUFFIX\";s:3:\"inc\";s:18:\"COMPONENT_TEMPLATE\";s:8:\".default\";s:13:\"EDIT_TEMPLATE\";s:0:\"\";s:4:\"PATH\";s:20:\"/includes/social.php\";}'),(889,'s1','bitrix:main.include','','/optimizatsiya-i-prodvizhenie/index.php','N',NULL,381,619,'a:5:{s:14:\"AREA_FILE_SHOW\";s:4:\"file\";s:16:\"AREA_FILE_SUFFIX\";s:3:\"inc\";s:18:\"COMPONENT_TEMPLATE\";s:8:\".default\";s:13:\"EDIT_TEMPLATE\";s:0:\"\";s:4:\"PATH\";s:25:\"/includes/seo/top_txt.php\";}'),(890,'s1','bitrix:main.include','','/optimizatsiya-i-prodvizhenie/index.php','N',NULL,665,907,'a:5:{s:14:\"AREA_FILE_SHOW\";s:4:\"file\";s:16:\"AREA_FILE_SUFFIX\";s:3:\"inc\";s:18:\"COMPONENT_TEMPLATE\";s:8:\".default\";s:13:\"EDIT_TEMPLATE\";s:0:\"\";s:4:\"PATH\";s:29:\"/includes/seo/sertificats.php\";}'),(891,'s1','bitrix:main.include','','/optimizatsiya-i-prodvizhenie/index.php','N',NULL,1561,1796,'a:5:{s:14:\"AREA_FILE_SHOW\";s:4:\"file\";s:16:\"AREA_FILE_SUFFIX\";s:3:\"inc\";s:18:\"COMPONENT_TEMPLATE\";s:8:\".default\";s:13:\"EDIT_TEMPLATE\";s:0:\"\";s:4:\"PATH\";s:22:\"/includes/seo/tab1.php\";}'),(892,'s1','bitrix:main.include','','/optimizatsiya-i-prodvizhenie/index.php','N',NULL,2145,2380,'a:5:{s:14:\"AREA_FILE_SHOW\";s:4:\"file\";s:16:\"AREA_FILE_SUFFIX\";s:3:\"inc\";s:18:\"COMPONENT_TEMPLATE\";s:8:\".default\";s:13:\"EDIT_TEMPLATE\";s:0:\"\";s:4:\"PATH\";s:22:\"/includes/seo/tab2.php\";}'),(893,'s1','bitrix:main.include','','/optimizatsiya-i-prodvizhenie/index.php','N',NULL,2723,2958,'a:5:{s:14:\"AREA_FILE_SHOW\";s:4:\"file\";s:16:\"AREA_FILE_SUFFIX\";s:3:\"inc\";s:18:\"COMPONENT_TEMPLATE\";s:8:\".default\";s:13:\"EDIT_TEMPLATE\";s:0:\"\";s:4:\"PATH\";s:22:\"/includes/seo/tab3.php\";}'),(894,'s1','bitrix:main.include','','/optimizatsiya-i-prodvizhenie/index.php','N',NULL,3285,3520,'a:5:{s:14:\"AREA_FILE_SHOW\";s:4:\"file\";s:16:\"AREA_FILE_SUFFIX\";s:3:\"inc\";s:18:\"COMPONENT_TEMPLATE\";s:8:\".default\";s:13:\"EDIT_TEMPLATE\";s:0:\"\";s:4:\"PATH\";s:22:\"/includes/seo/tab4.php\";}'),(895,'s1','bitrix:news.list','tarifs','/optimizatsiya-i-prodvizhenie/index.php','N',NULL,3680,5411,'a:51:{s:18:\"ACTIVE_DATE_FORMAT\";s:0:\"\";s:18:\"ADD_SECTIONS_CHAIN\";s:1:\"N\";s:9:\"AJAX_MODE\";s:1:\"N\";s:22:\"AJAX_OPTION_ADDITIONAL\";s:0:\"\";s:19:\"AJAX_OPTION_HISTORY\";s:1:\"N\";s:16:\"AJAX_OPTION_JUMP\";s:1:\"N\";s:17:\"AJAX_OPTION_STYLE\";s:1:\"N\";s:12:\"CACHE_FILTER\";s:1:\"N\";s:12:\"CACHE_GROUPS\";s:1:\"Y\";s:10:\"CACHE_TIME\";s:8:\"36000000\";s:10:\"CACHE_TYPE\";s:1:\"A\";s:11:\"CHECK_DATES\";s:1:\"Y\";s:18:\"COMPONENT_TEMPLATE\";s:8:\".default\";s:10:\"DETAIL_URL\";s:0:\"\";s:20:\"DISPLAY_BOTTOM_PAGER\";s:1:\"N\";s:12:\"DISPLAY_DATE\";s:1:\"N\";s:12:\"DISPLAY_NAME\";s:1:\"N\";s:15:\"DISPLAY_PICTURE\";s:1:\"N\";s:20:\"DISPLAY_PREVIEW_TEXT\";s:1:\"N\";s:17:\"DISPLAY_TOP_PAGER\";s:1:\"N\";s:10:\"FIELD_CODE\";s:0:\"\";s:11:\"FILTER_NAME\";s:0:\"\";s:24:\"HIDE_LINK_WHEN_NO_DETAIL\";s:1:\"N\";s:9:\"IBLOCK_ID\";s:1:\"7\";s:11:\"IBLOCK_TYPE\";s:7:\"content\";s:25:\"INCLUDE_IBLOCK_INTO_CHAIN\";s:1:\"N\";s:19:\"INCLUDE_SUBSECTIONS\";s:1:\"Y\";s:11:\"MESSAGE_404\";s:0:\"\";s:10:\"NEWS_COUNT\";s:1:\"3\";s:22:\"PAGER_BASE_LINK_ENABLE\";s:1:\"N\";s:20:\"PAGER_DESC_NUMBERING\";s:1:\"N\";s:31:\"PAGER_DESC_NUMBERING_CACHE_TIME\";s:5:\"36000\";s:14:\"PAGER_SHOW_ALL\";s:1:\"N\";s:17:\"PAGER_SHOW_ALWAYS\";s:1:\"N\";s:14:\"PAGER_TEMPLATE\";s:8:\".default\";s:11:\"PAGER_TITLE\";s:14:\"Новости\";s:14:\"PARENT_SECTION\";s:0:\"\";s:19:\"PARENT_SECTION_CODE\";s:0:\"\";s:20:\"PREVIEW_TRUNCATE_LEN\";s:0:\"\";s:13:\"PROPERTY_CODE\";s:0:\"\";s:17:\"SET_BROWSER_TITLE\";s:1:\"N\";s:17:\"SET_LAST_MODIFIED\";s:1:\"N\";s:20:\"SET_META_DESCRIPTION\";s:1:\"N\";s:17:\"SET_META_KEYWORDS\";s:1:\"N\";s:14:\"SET_STATUS_404\";s:1:\"N\";s:9:\"SET_TITLE\";s:1:\"N\";s:8:\"SHOW_404\";s:1:\"N\";s:8:\"SORT_BY1\";s:4:\"SORT\";s:8:\"SORT_BY2\";s:2:\"ID\";s:11:\"SORT_ORDER1\";s:3:\"ASC\";s:11:\"SORT_ORDER2\";s:3:\"ASC\";}'),(896,'s1','bitrix:main.include','','/optimizatsiya-i-prodvizhenie/index.php','N',NULL,9292,9533,'a:5:{s:14:\"AREA_FILE_SHOW\";s:4:\"file\";s:16:\"AREA_FILE_SUFFIX\";s:3:\"inc\";s:18:\"COMPONENT_TEMPLATE\";s:8:\".default\";s:13:\"EDIT_TEMPLATE\";s:0:\"\";s:4:\"PATH\";s:28:\"/includes/seo/bottom_txt.php\";}'),(897,'s1','bitrix:main.include','','/optimizatsiya-i-prodvizhenie/index.php','N',NULL,9747,9990,'a:5:{s:14:\"AREA_FILE_SHOW\";s:4:\"file\";s:16:\"AREA_FILE_SUFFIX\";s:3:\"inc\";s:18:\"COMPONENT_TEMPLATE\";s:8:\".default\";s:13:\"EDIT_TEMPLATE\";s:0:\"\";s:4:\"PATH\";s:30:\"/includes/seo/link_prezent.php\";}'),(898,'s1','bitrix:main.include','','/optimizatsiya-i-prodvizhenie/index.php','N',NULL,10223,10466,'a:5:{s:14:\"AREA_FILE_SHOW\";s:4:\"file\";s:16:\"AREA_FILE_SUFFIX\";s:3:\"inc\";s:18:\"COMPONENT_TEMPLATE\";s:8:\".default\";s:13:\"EDIT_TEMPLATE\";s:0:\"\";s:4:\"PATH\";s:30:\"/includes/seo/link_dogovor.php\";}'),(912,'s1','bitrix:main.include','.default','/optimizatsiya-i-prodvizhenie/upks/index.php','N',NULL,126,334,'a:4:{s:14:\"AREA_FILE_SHOW\";s:4:\"page\";s:16:\"AREA_FILE_SUFFIX\";s:6:\"upks_1\";s:18:\"COMPONENT_TEMPLATE\";s:8:\".default\";s:13:\"EDIT_TEMPLATE\";s:0:\"\";}'),(913,'s1','bitrix:main.include','.default','/optimizatsiya-i-prodvizhenie/upks/index.php','N',NULL,351,559,'a:4:{s:14:\"AREA_FILE_SHOW\";s:4:\"page\";s:16:\"AREA_FILE_SUFFIX\";s:6:\"upks_2\";s:18:\"COMPONENT_TEMPLATE\";s:8:\".default\";s:13:\"EDIT_TEMPLATE\";s:0:\"\";}'),(914,'s1','bitrix:main.include','','/optimizatsiya-i-prodvizhenie/upks/index.php','N',NULL,575,775,'a:4:{s:14:\"AREA_FILE_SHOW\";s:4:\"page\";s:16:\"AREA_FILE_SUFFIX\";s:6:\"upks_3\";s:18:\"COMPONENT_TEMPLATE\";s:8:\".default\";s:13:\"EDIT_TEMPLATE\";s:0:\"\";}'),(998,'s1','bitrix:main.include','page_dev_text','/test-322/index.php','N',NULL,165,381,'a:4:{s:14:\"AREA_FILE_SHOW\";s:4:\"page\";s:16:\"AREA_FILE_SUFFIX\";s:4:\"rs_1\";s:18:\"COMPONENT_TEMPLATE\";s:13:\"page_dev_text\";s:13:\"EDIT_TEMPLATE\";s:0:\"\";}'),(999,'s1','bitrix:main.include','','/test-322/index.php','N',NULL,398,596,'a:4:{s:14:\"AREA_FILE_SHOW\";s:4:\"page\";s:16:\"AREA_FILE_SUFFIX\";s:4:\"rs_2\";s:18:\"COMPONENT_TEMPLATE\";s:8:\".default\";s:13:\"EDIT_TEMPLATE\";s:0:\"\";}'),(1000,'s1','bitrix:main.include','','/test-322/index.php','N',NULL,619,817,'a:4:{s:14:\"AREA_FILE_SHOW\";s:4:\"page\";s:16:\"AREA_FILE_SUFFIX\";s:4:\"rs_3\";s:18:\"COMPONENT_TEMPLATE\";s:8:\".default\";s:13:\"EDIT_TEMPLATE\";s:0:\"\";}'),(1001,'s1','bitrix:main.include','','/test-322/index.php','N',NULL,893,1091,'a:4:{s:14:\"AREA_FILE_SHOW\";s:4:\"page\";s:16:\"AREA_FILE_SUFFIX\";s:4:\"rs_4\";s:18:\"COMPONENT_TEMPLATE\";s:8:\".default\";s:13:\"EDIT_TEMPLATE\";s:0:\"\";}'),(1002,'s1','bitrix:main.include','','/test-322/index.php','N',NULL,1116,1314,'a:4:{s:14:\"AREA_FILE_SHOW\";s:4:\"page\";s:16:\"AREA_FILE_SUFFIX\";s:4:\"rs_5\";s:18:\"COMPONENT_TEMPLATE\";s:8:\".default\";s:13:\"EDIT_TEMPLATE\";s:0:\"\";}'),(1003,'s1','bitrix:main.include','','/test-322/index.php','N',NULL,1331,1529,'a:4:{s:14:\"AREA_FILE_SHOW\";s:4:\"page\";s:16:\"AREA_FILE_SUFFIX\";s:4:\"rs_6\";s:18:\"COMPONENT_TEMPLATE\";s:8:\".default\";s:13:\"EDIT_TEMPLATE\";s:0:\"\";}'),(1004,'s1','bitrix:main.include','','/test-322/index.php','N',NULL,1546,1744,'a:4:{s:14:\"AREA_FILE_SHOW\";s:4:\"page\";s:16:\"AREA_FILE_SUFFIX\";s:4:\"rs_7\";s:18:\"COMPONENT_TEMPLATE\";s:8:\".default\";s:13:\"EDIT_TEMPLATE\";s:0:\"\";}'),(1015,'s1','bitrix:main.include','','/razrabotka-saytov/index.php','N',NULL,174,372,'a:4:{s:14:\"AREA_FILE_SHOW\";s:4:\"page\";s:16:\"AREA_FILE_SUFFIX\";s:4:\"rs_1\";s:18:\"COMPONENT_TEMPLATE\";s:8:\".default\";s:13:\"EDIT_TEMPLATE\";s:0:\"\";}'),(1016,'s1','bitrix:main.include','','/razrabotka-saytov/index.php','N',NULL,389,587,'a:4:{s:14:\"AREA_FILE_SHOW\";s:4:\"page\";s:16:\"AREA_FILE_SUFFIX\";s:4:\"rs_2\";s:18:\"COMPONENT_TEMPLATE\";s:8:\".default\";s:13:\"EDIT_TEMPLATE\";s:0:\"\";}'),(1017,'s1','bitrix:main.include','','/razrabotka-saytov/index.php','N',NULL,610,808,'a:4:{s:14:\"AREA_FILE_SHOW\";s:4:\"page\";s:16:\"AREA_FILE_SUFFIX\";s:4:\"rs_3\";s:18:\"COMPONENT_TEMPLATE\";s:8:\".default\";s:13:\"EDIT_TEMPLATE\";s:0:\"\";}'),(1018,'s1','bitrix:main.include','','/razrabotka-saytov/index.php','N',NULL,884,1082,'a:4:{s:14:\"AREA_FILE_SHOW\";s:4:\"page\";s:16:\"AREA_FILE_SUFFIX\";s:4:\"rs_4\";s:18:\"COMPONENT_TEMPLATE\";s:8:\".default\";s:13:\"EDIT_TEMPLATE\";s:0:\"\";}'),(1019,'s1','bitrix:main.include','','/razrabotka-saytov/index.php','N',NULL,1107,1305,'a:4:{s:14:\"AREA_FILE_SHOW\";s:4:\"page\";s:16:\"AREA_FILE_SUFFIX\";s:4:\"rs_5\";s:18:\"COMPONENT_TEMPLATE\";s:8:\".default\";s:13:\"EDIT_TEMPLATE\";s:0:\"\";}'),(1020,'s1','bitrix:main.include','','/razrabotka-saytov/index.php','N',NULL,1322,1520,'a:4:{s:14:\"AREA_FILE_SHOW\";s:4:\"page\";s:16:\"AREA_FILE_SUFFIX\";s:4:\"rs_6\";s:18:\"COMPONENT_TEMPLATE\";s:8:\".default\";s:13:\"EDIT_TEMPLATE\";s:0:\"\";}'),(1021,'s1','bitrix:main.include','','/razrabotka-saytov/index.php','N',NULL,1537,1735,'a:4:{s:14:\"AREA_FILE_SHOW\";s:4:\"page\";s:16:\"AREA_FILE_SUFFIX\";s:4:\"rs_7\";s:18:\"COMPONENT_TEMPLATE\";s:8:\".default\";s:13:\"EDIT_TEMPLATE\";s:0:\"\";}'),(1022,'s1','bitrix:main.include','','/razrabotka-saytov/index.php','N',NULL,1793,2022,'a:5:{s:19:\"AREA_FILE_RECURSIVE\";s:1:\"Y\";s:14:\"AREA_FILE_SHOW\";s:4:\"sect\";s:16:\"AREA_FILE_SUFFIX\";s:3:\"inc\";s:18:\"COMPONENT_TEMPLATE\";s:8:\".default\";s:13:\"EDIT_TEMPLATE\";s:0:\"\";}'),(1023,'s1','bitrix:main.include','','/razrabotka-saytov/index.php','N',NULL,2480,2714,'a:5:{s:14:\"AREA_FILE_SHOW\";s:4:\"file\";s:16:\"AREA_FILE_SUFFIX\";s:3:\"inc\";s:18:\"COMPONENT_TEMPLATE\";s:8:\".default\";s:13:\"EDIT_TEMPLATE\";s:0:\"\";s:4:\"PATH\";s:21:\"/includes/address.php\";}'),(1024,'s1','bitrix:main.include','','/razrabotka-saytov/index.php','N',NULL,2809,3041,'a:5:{s:14:\"AREA_FILE_SHOW\";s:4:\"file\";s:16:\"AREA_FILE_SUFFIX\";s:3:\"inc\";s:18:\"COMPONENT_TEMPLATE\";s:8:\".default\";s:13:\"EDIT_TEMPLATE\";s:0:\"\";s:4:\"PATH\";s:19:\"/includes/phone.php\";}'),(1025,'s1','bitrix:main.include','','/razrabotka-saytov/index.php','N',NULL,3137,3369,'a:5:{s:14:\"AREA_FILE_SHOW\";s:4:\"file\";s:16:\"AREA_FILE_SUFFIX\";s:3:\"inc\";s:18:\"COMPONENT_TEMPLATE\";s:8:\".default\";s:13:\"EDIT_TEMPLATE\";s:0:\"\";s:4:\"PATH\";s:19:\"/includes/email.php\";}'),(1026,'s1','bitrix:main.include','','/razrabotka-saytov/index.php','N',NULL,3450,3683,'a:5:{s:14:\"AREA_FILE_SHOW\";s:4:\"file\";s:16:\"AREA_FILE_SUFFIX\";s:3:\"inc\";s:18:\"COMPONENT_TEMPLATE\";s:8:\".default\";s:13:\"EDIT_TEMPLATE\";s:0:\"\";s:4:\"PATH\";s:20:\"/includes/social.php\";}'),(1027,'s1','bitrix:main.include','','/razrabotka-saytov/index.php','N',NULL,3750,3980,'a:5:{s:14:\"AREA_FILE_SHOW\";s:4:\"file\";s:16:\"AREA_FILE_SUFFIX\";s:3:\"inc\";s:18:\"COMPONENT_TEMPLATE\";s:8:\".default\";s:13:\"EDIT_TEMPLATE\";s:0:\"\";s:4:\"PATH\";s:17:\"/includes/map.php\";}'),(1045,'s1','bitrix:news.list','rs_reviwes','/razrabotka-saytov/index_rs_7.php','N',NULL,29,1620,'a:51:{s:18:\"ACTIVE_DATE_FORMAT\";s:5:\"d.m.Y\";s:18:\"ADD_SECTIONS_CHAIN\";s:1:\"N\";s:9:\"AJAX_MODE\";s:1:\"N\";s:22:\"AJAX_OPTION_ADDITIONAL\";s:0:\"\";s:19:\"AJAX_OPTION_HISTORY\";s:1:\"N\";s:16:\"AJAX_OPTION_JUMP\";s:1:\"N\";s:17:\"AJAX_OPTION_STYLE\";s:1:\"Y\";s:12:\"CACHE_FILTER\";s:1:\"N\";s:12:\"CACHE_GROUPS\";s:1:\"Y\";s:10:\"CACHE_TIME\";s:8:\"36000000\";s:10:\"CACHE_TYPE\";s:1:\"A\";s:11:\"CHECK_DATES\";s:1:\"Y\";s:18:\"COMPONENT_TEMPLATE\";s:10:\"rs_reviwes\";s:10:\"DETAIL_URL\";s:0:\"\";s:20:\"DISPLAY_BOTTOM_PAGER\";s:1:\"Y\";s:12:\"DISPLAY_DATE\";s:1:\"Y\";s:12:\"DISPLAY_NAME\";s:1:\"Y\";s:15:\"DISPLAY_PICTURE\";s:1:\"Y\";s:20:\"DISPLAY_PREVIEW_TEXT\";s:1:\"Y\";s:17:\"DISPLAY_TOP_PAGER\";s:1:\"N\";s:10:\"FIELD_CODE\";s:0:\"\";s:11:\"FILTER_NAME\";s:0:\"\";s:24:\"HIDE_LINK_WHEN_NO_DETAIL\";s:1:\"N\";s:9:\"IBLOCK_ID\";s:1:\"8\";s:11:\"IBLOCK_TYPE\";s:1:\"-\";s:25:\"INCLUDE_IBLOCK_INTO_CHAIN\";s:1:\"N\";s:19:\"INCLUDE_SUBSECTIONS\";s:1:\"Y\";s:11:\"MESSAGE_404\";s:0:\"\";s:10:\"NEWS_COUNT\";s:2:\"20\";s:22:\"PAGER_BASE_LINK_ENABLE\";s:1:\"N\";s:20:\"PAGER_DESC_NUMBERING\";s:1:\"N\";s:31:\"PAGER_DESC_NUMBERING_CACHE_TIME\";s:5:\"36000\";s:14:\"PAGER_SHOW_ALL\";s:1:\"N\";s:17:\"PAGER_SHOW_ALWAYS\";s:1:\"N\";s:14:\"PAGER_TEMPLATE\";s:8:\".default\";s:11:\"PAGER_TITLE\";s:14:\"Новости\";s:14:\"PARENT_SECTION\";s:0:\"\";s:19:\"PARENT_SECTION_CODE\";s:0:\"\";s:20:\"PREVIEW_TRUNCATE_LEN\";s:0:\"\";s:13:\"PROPERTY_CODE\";s:0:\"\";s:17:\"SET_BROWSER_TITLE\";s:1:\"N\";s:17:\"SET_LAST_MODIFIED\";s:1:\"N\";s:20:\"SET_META_DESCRIPTION\";s:1:\"N\";s:17:\"SET_META_KEYWORDS\";s:1:\"N\";s:14:\"SET_STATUS_404\";s:1:\"N\";s:9:\"SET_TITLE\";s:1:\"N\";s:8:\"SHOW_404\";s:1:\"N\";s:8:\"SORT_BY1\";s:11:\"ACTIVE_FROM\";s:8:\"SORT_BY2\";s:4:\"SORT\";s:11:\"SORT_ORDER1\";s:4:\"DESC\";s:11:\"SORT_ORDER2\";s:3:\"ASC\";}'),(1054,'s1','bitrix:news.list','porfolio_list','/razrabotka-saytov/index_rs_6_1.php','N',NULL,2,1644,'a:51:{s:18:\"ACTIVE_DATE_FORMAT\";s:5:\"d.m.Y\";s:18:\"ADD_SECTIONS_CHAIN\";s:1:\"N\";s:9:\"AJAX_MODE\";s:1:\"N\";s:22:\"AJAX_OPTION_ADDITIONAL\";s:0:\"\";s:19:\"AJAX_OPTION_HISTORY\";s:1:\"N\";s:16:\"AJAX_OPTION_JUMP\";s:1:\"N\";s:17:\"AJAX_OPTION_STYLE\";s:1:\"Y\";s:12:\"CACHE_FILTER\";s:1:\"N\";s:12:\"CACHE_GROUPS\";s:1:\"Y\";s:10:\"CACHE_TIME\";s:8:\"36000000\";s:10:\"CACHE_TYPE\";s:1:\"A\";s:11:\"CHECK_DATES\";s:1:\"Y\";s:18:\"COMPONENT_TEMPLATE\";s:13:\"porfolio_list\";s:10:\"DETAIL_URL\";s:0:\"\";s:20:\"DISPLAY_BOTTOM_PAGER\";s:1:\"Y\";s:12:\"DISPLAY_DATE\";s:1:\"Y\";s:12:\"DISPLAY_NAME\";s:1:\"Y\";s:15:\"DISPLAY_PICTURE\";s:1:\"Y\";s:20:\"DISPLAY_PREVIEW_TEXT\";s:1:\"Y\";s:17:\"DISPLAY_TOP_PAGER\";s:1:\"N\";s:10:\"FIELD_CODE\";a:2:{i:0;s:0:\"\";i:1;s:0:\"\";}s:11:\"FILTER_NAME\";s:0:\"\";s:24:\"HIDE_LINK_WHEN_NO_DETAIL\";s:1:\"N\";s:9:\"IBLOCK_ID\";s:1:\"9\";s:11:\"IBLOCK_TYPE\";s:1:\"-\";s:25:\"INCLUDE_IBLOCK_INTO_CHAIN\";s:1:\"N\";s:19:\"INCLUDE_SUBSECTIONS\";s:1:\"Y\";s:11:\"MESSAGE_404\";s:0:\"\";s:10:\"NEWS_COUNT\";s:2:\"50\";s:22:\"PAGER_BASE_LINK_ENABLE\";s:1:\"N\";s:20:\"PAGER_DESC_NUMBERING\";s:1:\"N\";s:31:\"PAGER_DESC_NUMBERING_CACHE_TIME\";s:5:\"36000\";s:14:\"PAGER_SHOW_ALL\";s:1:\"N\";s:17:\"PAGER_SHOW_ALWAYS\";s:1:\"N\";s:14:\"PAGER_TEMPLATE\";s:8:\".default\";s:11:\"PAGER_TITLE\";s:14:\"Новости\";s:14:\"PARENT_SECTION\";s:0:\"\";s:19:\"PARENT_SECTION_CODE\";s:0:\"\";s:20:\"PREVIEW_TRUNCATE_LEN\";s:0:\"\";s:13:\"PROPERTY_CODE\";a:2:{i:0;s:9:\"SITE_TYPE\";i:1;s:0:\"\";}s:17:\"SET_BROWSER_TITLE\";s:1:\"N\";s:17:\"SET_LAST_MODIFIED\";s:1:\"N\";s:20:\"SET_META_DESCRIPTION\";s:1:\"N\";s:17:\"SET_META_KEYWORDS\";s:1:\"N\";s:14:\"SET_STATUS_404\";s:1:\"N\";s:9:\"SET_TITLE\";s:1:\"N\";s:8:\"SHOW_404\";s:1:\"N\";s:8:\"SORT_BY1\";s:11:\"ACTIVE_FROM\";s:8:\"SORT_BY2\";s:4:\"SORT\";s:11:\"SORT_ORDER1\";s:4:\"DESC\";s:11:\"SORT_ORDER2\";s:3:\"ASC\";}'),(1106,'s1','bitrix:search.form','flat','/bitrix/templates/linkor/components/bitrix/news/news_er/news.php','N',NULL,1065,1224,'a:1:{s:4:\"PAGE\";s:59:\"={$arResult[\"FOLDER\"].$arResult[\"URL_TEMPLATES\"][\"search\"]}\";}'),(1107,'s1','bitrix:catalog.filter','','/bitrix/templates/linkor/components/bitrix/news/news_er/news.php','N',NULL,1284,1800,'a:9:{s:11:\"IBLOCK_TYPE\";s:27:\"={$arParams[\"IBLOCK_TYPE\"]}\";s:9:\"IBLOCK_ID\";s:25:\"={$arParams[\"IBLOCK_ID\"]}\";s:11:\"FILTER_NAME\";s:27:\"={$arParams[\"FILTER_NAME\"]}\";s:10:\"FIELD_CODE\";s:33:\"={$arParams[\"FILTER_FIELD_CODE\"]}\";s:13:\"PROPERTY_CODE\";s:36:\"={$arParams[\"FILTER_PROPERTY_CODE\"]}\";s:10:\"CACHE_TYPE\";s:26:\"={$arParams[\"CACHE_TYPE\"]}\";s:10:\"CACHE_TIME\";s:26:\"={$arParams[\"CACHE_TIME\"]}\";s:12:\"CACHE_GROUPS\";s:28:\"={$arParams[\"CACHE_GROUPS\"]}\";s:17:\"PAGER_PARAMS_NAME\";s:33:\"={$arParams[\"PAGER_PARAMS_NAME\"]}\";}'),(1108,'s1','bitrix:news.list','','/bitrix/templates/linkor/components/bitrix/news/news_er/news.php','N',NULL,1823,4343,'a:46:{s:11:\"IBLOCK_TYPE\";s:27:\"={$arParams[\"IBLOCK_TYPE\"]}\";s:9:\"IBLOCK_ID\";s:25:\"={$arParams[\"IBLOCK_ID\"]}\";s:10:\"NEWS_COUNT\";s:26:\"={$arParams[\"NEWS_COUNT\"]}\";s:8:\"SORT_BY1\";s:24:\"={$arParams[\"SORT_BY1\"]}\";s:11:\"SORT_ORDER1\";s:27:\"={$arParams[\"SORT_ORDER1\"]}\";s:8:\"SORT_BY2\";s:24:\"={$arParams[\"SORT_BY2\"]}\";s:11:\"SORT_ORDER2\";s:27:\"={$arParams[\"SORT_ORDER2\"]}\";s:10:\"FIELD_CODE\";s:31:\"={$arParams[\"LIST_FIELD_CODE\"]}\";s:13:\"PROPERTY_CODE\";s:34:\"={$arParams[\"LIST_PROPERTY_CODE\"]}\";s:10:\"DETAIL_URL\";s:59:\"={$arResult[\"FOLDER\"].$arResult[\"URL_TEMPLATES\"][\"detail\"]}\";s:11:\"SECTION_URL\";s:60:\"={$arResult[\"FOLDER\"].$arResult[\"URL_TEMPLATES\"][\"section\"]}\";s:10:\"IBLOCK_URL\";s:57:\"={$arResult[\"FOLDER\"].$arResult[\"URL_TEMPLATES\"][\"news\"]}\";s:13:\"DISPLAY_PANEL\";s:29:\"={$arParams[\"DISPLAY_PANEL\"]}\";s:9:\"SET_TITLE\";s:25:\"={$arParams[\"SET_TITLE\"]}\";s:17:\"SET_LAST_MODIFIED\";s:33:\"={$arParams[\"SET_LAST_MODIFIED\"]}\";s:11:\"MESSAGE_404\";s:27:\"={$arParams[\"MESSAGE_404\"]}\";s:14:\"SET_STATUS_404\";s:30:\"={$arParams[\"SET_STATUS_404\"]}\";s:8:\"SHOW_404\";s:24:\"={$arParams[\"SHOW_404\"]}\";s:8:\"FILE_404\";s:24:\"={$arParams[\"FILE_404\"]}\";s:25:\"INCLUDE_IBLOCK_INTO_CHAIN\";s:41:\"={$arParams[\"INCLUDE_IBLOCK_INTO_CHAIN\"]}\";s:10:\"CACHE_TYPE\";s:26:\"={$arParams[\"CACHE_TYPE\"]}\";s:10:\"CACHE_TIME\";s:26:\"={$arParams[\"CACHE_TIME\"]}\";s:12:\"CACHE_FILTER\";s:28:\"={$arParams[\"CACHE_FILTER\"]}\";s:12:\"CACHE_GROUPS\";s:28:\"={$arParams[\"CACHE_GROUPS\"]}\";s:17:\"DISPLAY_TOP_PAGER\";s:33:\"={$arParams[\"DISPLAY_TOP_PAGER\"]}\";s:20:\"DISPLAY_BOTTOM_PAGER\";s:36:\"={$arParams[\"DISPLAY_BOTTOM_PAGER\"]}\";s:11:\"PAGER_TITLE\";s:27:\"={$arParams[\"PAGER_TITLE\"]}\";s:14:\"PAGER_TEMPLATE\";s:30:\"={$arParams[\"PAGER_TEMPLATE\"]}\";s:17:\"PAGER_SHOW_ALWAYS\";s:33:\"={$arParams[\"PAGER_SHOW_ALWAYS\"]}\";s:20:\"PAGER_DESC_NUMBERING\";s:36:\"={$arParams[\"PAGER_DESC_NUMBERING\"]}\";s:31:\"PAGER_DESC_NUMBERING_CACHE_TIME\";s:47:\"={$arParams[\"PAGER_DESC_NUMBERING_CACHE_TIME\"]}\";s:14:\"PAGER_SHOW_ALL\";s:30:\"={$arParams[\"PAGER_SHOW_ALL\"]}\";s:22:\"PAGER_BASE_LINK_ENABLE\";s:38:\"={$arParams[\"PAGER_BASE_LINK_ENABLE\"]}\";s:15:\"PAGER_BASE_LINK\";s:31:\"={$arParams[\"PAGER_BASE_LINK\"]}\";s:17:\"PAGER_PARAMS_NAME\";s:33:\"={$arParams[\"PAGER_PARAMS_NAME\"]}\";s:12:\"DISPLAY_DATE\";s:28:\"={$arParams[\"DISPLAY_DATE\"]}\";s:12:\"DISPLAY_NAME\";s:1:\"Y\";s:15:\"DISPLAY_PICTURE\";s:31:\"={$arParams[\"DISPLAY_PICTURE\"]}\";s:20:\"DISPLAY_PREVIEW_TEXT\";s:36:\"={$arParams[\"DISPLAY_PREVIEW_TEXT\"]}\";s:20:\"PREVIEW_TRUNCATE_LEN\";s:36:\"={$arParams[\"PREVIEW_TRUNCATE_LEN\"]}\";s:18:\"ACTIVE_DATE_FORMAT\";s:39:\"={$arParams[\"LIST_ACTIVE_DATE_FORMAT\"]}\";s:15:\"USE_PERMISSIONS\";s:31:\"={$arParams[\"USE_PERMISSIONS\"]}\";s:17:\"GROUP_PERMISSIONS\";s:33:\"={$arParams[\"GROUP_PERMISSIONS\"]}\";s:11:\"FILTER_NAME\";s:27:\"={$arParams[\"FILTER_NAME\"]}\";s:24:\"HIDE_LINK_WHEN_NO_DETAIL\";s:40:\"={$arParams[\"HIDE_LINK_WHEN_NO_DETAIL\"]}\";s:11:\"CHECK_DATES\";s:27:\"={$arParams[\"CHECK_DATES\"]}\";}'),(1111,'s1','bitrix:search.form','flat','/bitrix/templates/linkor/components/bitrix/news/news_er_2016/news.php','N',NULL,1065,1224,'a:1:{s:4:\"PAGE\";s:59:\"={$arResult[\"FOLDER\"].$arResult[\"URL_TEMPLATES\"][\"search\"]}\";}'),(1112,'s1','bitrix:catalog.filter','','/bitrix/templates/linkor/components/bitrix/news/news_er_2016/news.php','N',NULL,1284,1800,'a:9:{s:11:\"IBLOCK_TYPE\";s:27:\"={$arParams[\"IBLOCK_TYPE\"]}\";s:9:\"IBLOCK_ID\";s:25:\"={$arParams[\"IBLOCK_ID\"]}\";s:11:\"FILTER_NAME\";s:27:\"={$arParams[\"FILTER_NAME\"]}\";s:10:\"FIELD_CODE\";s:33:\"={$arParams[\"FILTER_FIELD_CODE\"]}\";s:13:\"PROPERTY_CODE\";s:36:\"={$arParams[\"FILTER_PROPERTY_CODE\"]}\";s:10:\"CACHE_TYPE\";s:26:\"={$arParams[\"CACHE_TYPE\"]}\";s:10:\"CACHE_TIME\";s:26:\"={$arParams[\"CACHE_TIME\"]}\";s:12:\"CACHE_GROUPS\";s:28:\"={$arParams[\"CACHE_GROUPS\"]}\";s:17:\"PAGER_PARAMS_NAME\";s:33:\"={$arParams[\"PAGER_PARAMS_NAME\"]}\";}'),(1113,'s1','bitrix:news.list','','/bitrix/templates/linkor/components/bitrix/news/news_er_2016/news.php','N',NULL,1823,4343,'a:46:{s:11:\"IBLOCK_TYPE\";s:27:\"={$arParams[\"IBLOCK_TYPE\"]}\";s:9:\"IBLOCK_ID\";s:25:\"={$arParams[\"IBLOCK_ID\"]}\";s:10:\"NEWS_COUNT\";s:26:\"={$arParams[\"NEWS_COUNT\"]}\";s:8:\"SORT_BY1\";s:24:\"={$arParams[\"SORT_BY1\"]}\";s:11:\"SORT_ORDER1\";s:27:\"={$arParams[\"SORT_ORDER1\"]}\";s:8:\"SORT_BY2\";s:24:\"={$arParams[\"SORT_BY2\"]}\";s:11:\"SORT_ORDER2\";s:27:\"={$arParams[\"SORT_ORDER2\"]}\";s:10:\"FIELD_CODE\";s:31:\"={$arParams[\"LIST_FIELD_CODE\"]}\";s:13:\"PROPERTY_CODE\";s:34:\"={$arParams[\"LIST_PROPERTY_CODE\"]}\";s:10:\"DETAIL_URL\";s:59:\"={$arResult[\"FOLDER\"].$arResult[\"URL_TEMPLATES\"][\"detail\"]}\";s:11:\"SECTION_URL\";s:60:\"={$arResult[\"FOLDER\"].$arResult[\"URL_TEMPLATES\"][\"section\"]}\";s:10:\"IBLOCK_URL\";s:57:\"={$arResult[\"FOLDER\"].$arResult[\"URL_TEMPLATES\"][\"news\"]}\";s:13:\"DISPLAY_PANEL\";s:29:\"={$arParams[\"DISPLAY_PANEL\"]}\";s:9:\"SET_TITLE\";s:25:\"={$arParams[\"SET_TITLE\"]}\";s:17:\"SET_LAST_MODIFIED\";s:33:\"={$arParams[\"SET_LAST_MODIFIED\"]}\";s:11:\"MESSAGE_404\";s:27:\"={$arParams[\"MESSAGE_404\"]}\";s:14:\"SET_STATUS_404\";s:30:\"={$arParams[\"SET_STATUS_404\"]}\";s:8:\"SHOW_404\";s:24:\"={$arParams[\"SHOW_404\"]}\";s:8:\"FILE_404\";s:24:\"={$arParams[\"FILE_404\"]}\";s:25:\"INCLUDE_IBLOCK_INTO_CHAIN\";s:41:\"={$arParams[\"INCLUDE_IBLOCK_INTO_CHAIN\"]}\";s:10:\"CACHE_TYPE\";s:26:\"={$arParams[\"CACHE_TYPE\"]}\";s:10:\"CACHE_TIME\";s:26:\"={$arParams[\"CACHE_TIME\"]}\";s:12:\"CACHE_FILTER\";s:28:\"={$arParams[\"CACHE_FILTER\"]}\";s:12:\"CACHE_GROUPS\";s:28:\"={$arParams[\"CACHE_GROUPS\"]}\";s:17:\"DISPLAY_TOP_PAGER\";s:33:\"={$arParams[\"DISPLAY_TOP_PAGER\"]}\";s:20:\"DISPLAY_BOTTOM_PAGER\";s:36:\"={$arParams[\"DISPLAY_BOTTOM_PAGER\"]}\";s:11:\"PAGER_TITLE\";s:27:\"={$arParams[\"PAGER_TITLE\"]}\";s:14:\"PAGER_TEMPLATE\";s:30:\"={$arParams[\"PAGER_TEMPLATE\"]}\";s:17:\"PAGER_SHOW_ALWAYS\";s:33:\"={$arParams[\"PAGER_SHOW_ALWAYS\"]}\";s:20:\"PAGER_DESC_NUMBERING\";s:36:\"={$arParams[\"PAGER_DESC_NUMBERING\"]}\";s:31:\"PAGER_DESC_NUMBERING_CACHE_TIME\";s:47:\"={$arParams[\"PAGER_DESC_NUMBERING_CACHE_TIME\"]}\";s:14:\"PAGER_SHOW_ALL\";s:30:\"={$arParams[\"PAGER_SHOW_ALL\"]}\";s:22:\"PAGER_BASE_LINK_ENABLE\";s:38:\"={$arParams[\"PAGER_BASE_LINK_ENABLE\"]}\";s:15:\"PAGER_BASE_LINK\";s:31:\"={$arParams[\"PAGER_BASE_LINK\"]}\";s:17:\"PAGER_PARAMS_NAME\";s:33:\"={$arParams[\"PAGER_PARAMS_NAME\"]}\";s:12:\"DISPLAY_DATE\";s:28:\"={$arParams[\"DISPLAY_DATE\"]}\";s:12:\"DISPLAY_NAME\";s:1:\"Y\";s:15:\"DISPLAY_PICTURE\";s:31:\"={$arParams[\"DISPLAY_PICTURE\"]}\";s:20:\"DISPLAY_PREVIEW_TEXT\";s:36:\"={$arParams[\"DISPLAY_PREVIEW_TEXT\"]}\";s:20:\"PREVIEW_TRUNCATE_LEN\";s:36:\"={$arParams[\"PREVIEW_TRUNCATE_LEN\"]}\";s:18:\"ACTIVE_DATE_FORMAT\";s:39:\"={$arParams[\"LIST_ACTIVE_DATE_FORMAT\"]}\";s:15:\"USE_PERMISSIONS\";s:31:\"={$arParams[\"USE_PERMISSIONS\"]}\";s:17:\"GROUP_PERMISSIONS\";s:33:\"={$arParams[\"GROUP_PERMISSIONS\"]}\";s:11:\"FILTER_NAME\";s:27:\"={$arParams[\"FILTER_NAME\"]}\";s:24:\"HIDE_LINK_WHEN_NO_DETAIL\";s:40:\"={$arParams[\"HIDE_LINK_WHEN_NO_DETAIL\"]}\";s:11:\"CHECK_DATES\";s:27:\"={$arParams[\"CHECK_DATES\"]}\";}'),(1158,'s1','bitrix:news','news_er_2016','/stati/index.php','Y','/stati/',152,2445,'a:67:{s:17:\"ADD_ELEMENT_CHAIN\";s:1:\"N\";s:18:\"ADD_SECTIONS_CHAIN\";s:1:\"N\";s:9:\"AJAX_MODE\";s:1:\"N\";s:22:\"AJAX_OPTION_ADDITIONAL\";s:0:\"\";s:19:\"AJAX_OPTION_HISTORY\";s:1:\"N\";s:16:\"AJAX_OPTION_JUMP\";s:1:\"N\";s:17:\"AJAX_OPTION_STYLE\";s:1:\"Y\";s:13:\"BROWSER_TITLE\";s:1:\"-\";s:12:\"CACHE_FILTER\";s:1:\"N\";s:12:\"CACHE_GROUPS\";s:1:\"Y\";s:10:\"CACHE_TIME\";s:8:\"36000000\";s:10:\"CACHE_TYPE\";s:1:\"A\";s:11:\"CHECK_DATES\";s:1:\"Y\";s:18:\"COMPONENT_TEMPLATE\";s:12:\"news_er_2016\";s:25:\"DETAIL_ACTIVE_DATE_FORMAT\";s:5:\"d.m.Y\";s:27:\"DETAIL_DISPLAY_BOTTOM_PAGER\";s:1:\"Y\";s:24:\"DETAIL_DISPLAY_TOP_PAGER\";s:1:\"N\";s:17:\"DETAIL_FIELD_CODE\";a:2:{i:0;s:12:\"SHOW_COUNTER\";i:1;s:0:\"\";}s:21:\"DETAIL_PAGER_SHOW_ALL\";s:1:\"Y\";s:21:\"DETAIL_PAGER_TEMPLATE\";s:0:\"\";s:18:\"DETAIL_PAGER_TITLE\";s:16:\"Страница\";s:20:\"DETAIL_PROPERTY_CODE\";a:2:{i:0;s:0:\"\";i:1;s:0:\"\";}s:24:\"DETAIL_SET_CANONICAL_URL\";s:1:\"N\";s:20:\"DISPLAY_BOTTOM_PAGER\";s:1:\"Y\";s:12:\"DISPLAY_DATE\";s:1:\"Y\";s:12:\"DISPLAY_NAME\";s:1:\"Y\";s:15:\"DISPLAY_PICTURE\";s:1:\"Y\";s:20:\"DISPLAY_PREVIEW_TEXT\";s:1:\"Y\";s:17:\"DISPLAY_TOP_PAGER\";s:1:\"N\";s:24:\"HIDE_LINK_WHEN_NO_DETAIL\";s:1:\"N\";s:9:\"IBLOCK_ID\";s:2:\"11\";s:11:\"IBLOCK_TYPE\";s:7:\"content\";s:25:\"INCLUDE_IBLOCK_INTO_CHAIN\";s:1:\"N\";s:23:\"LIST_ACTIVE_DATE_FORMAT\";s:5:\"d.m.Y\";s:15:\"LIST_FIELD_CODE\";a:2:{i:0;s:16:\"DATE_ACTIVE_FROM\";i:1;s:0:\"\";}s:18:\"LIST_PROPERTY_CODE\";a:2:{i:0;s:0:\"\";i:1;s:0:\"\";}s:11:\"MESSAGE_404\";s:0:\"\";s:16:\"META_DESCRIPTION\";s:1:\"-\";s:13:\"META_KEYWORDS\";s:1:\"-\";s:10:\"NEWS_COUNT\";s:2:\"20\";s:22:\"PAGER_BASE_LINK_ENABLE\";s:1:\"N\";s:20:\"PAGER_DESC_NUMBERING\";s:1:\"N\";s:31:\"PAGER_DESC_NUMBERING_CACHE_TIME\";s:5:\"36000\";s:14:\"PAGER_SHOW_ALL\";s:1:\"N\";s:17:\"PAGER_SHOW_ALWAYS\";s:1:\"N\";s:14:\"PAGER_TEMPLATE\";s:8:\".default\";s:11:\"PAGER_TITLE\";s:14:\"Новости\";s:20:\"PREVIEW_TRUNCATE_LEN\";s:0:\"\";s:10:\"SEF_FOLDER\";s:7:\"/stati/\";s:8:\"SEF_MODE\";s:1:\"Y\";s:17:\"SET_LAST_MODIFIED\";s:1:\"N\";s:14:\"SET_STATUS_404\";s:1:\"N\";s:9:\"SET_TITLE\";s:1:\"Y\";s:8:\"SHOW_404\";s:1:\"N\";s:8:\"SORT_BY1\";s:11:\"ACTIVE_FROM\";s:8:\"SORT_BY2\";s:4:\"SORT\";s:11:\"SORT_ORDER1\";s:4:\"DESC\";s:11:\"SORT_ORDER2\";s:3:\"ASC\";s:14:\"USE_CATEGORIES\";s:1:\"N\";s:10:\"USE_FILTER\";s:1:\"N\";s:15:\"USE_PERMISSIONS\";s:1:\"N\";s:10:\"USE_RATING\";s:1:\"N\";s:10:\"USE_REVIEW\";s:1:\"N\";s:7:\"USE_RSS\";s:1:\"N\";s:10:\"USE_SEARCH\";s:1:\"N\";s:9:\"USE_SHARE\";s:1:\"N\";s:17:\"SEF_URL_TEMPLATES\";a:3:{s:4:\"news\";s:0:\"\";s:7:\"section\";s:0:\"\";s:6:\"detail\";s:15:\"#ELEMENT_CODE#/\";}}'),(1177,'s1','bitrix:news','news_er_2016','/novosti/index.php','Y','/novosti/',153,2448,'a:67:{s:17:\"ADD_ELEMENT_CHAIN\";s:1:\"N\";s:18:\"ADD_SECTIONS_CHAIN\";s:1:\"N\";s:9:\"AJAX_MODE\";s:1:\"N\";s:22:\"AJAX_OPTION_ADDITIONAL\";s:0:\"\";s:19:\"AJAX_OPTION_HISTORY\";s:1:\"N\";s:16:\"AJAX_OPTION_JUMP\";s:1:\"N\";s:17:\"AJAX_OPTION_STYLE\";s:1:\"Y\";s:13:\"BROWSER_TITLE\";s:1:\"-\";s:12:\"CACHE_FILTER\";s:1:\"N\";s:12:\"CACHE_GROUPS\";s:1:\"Y\";s:10:\"CACHE_TIME\";s:8:\"36000000\";s:10:\"CACHE_TYPE\";s:1:\"A\";s:11:\"CHECK_DATES\";s:1:\"Y\";s:18:\"COMPONENT_TEMPLATE\";s:12:\"news_er_2016\";s:25:\"DETAIL_ACTIVE_DATE_FORMAT\";s:5:\"d.m.Y\";s:27:\"DETAIL_DISPLAY_BOTTOM_PAGER\";s:1:\"Y\";s:24:\"DETAIL_DISPLAY_TOP_PAGER\";s:1:\"N\";s:17:\"DETAIL_FIELD_CODE\";a:2:{i:0;s:12:\"SHOW_COUNTER\";i:1;s:0:\"\";}s:21:\"DETAIL_PAGER_SHOW_ALL\";s:1:\"Y\";s:21:\"DETAIL_PAGER_TEMPLATE\";s:0:\"\";s:18:\"DETAIL_PAGER_TITLE\";s:16:\"Страница\";s:20:\"DETAIL_PROPERTY_CODE\";a:2:{i:0;s:0:\"\";i:1;s:0:\"\";}s:24:\"DETAIL_SET_CANONICAL_URL\";s:1:\"N\";s:20:\"DISPLAY_BOTTOM_PAGER\";s:1:\"Y\";s:12:\"DISPLAY_DATE\";s:1:\"Y\";s:12:\"DISPLAY_NAME\";s:1:\"Y\";s:15:\"DISPLAY_PICTURE\";s:1:\"Y\";s:20:\"DISPLAY_PREVIEW_TEXT\";s:1:\"Y\";s:17:\"DISPLAY_TOP_PAGER\";s:1:\"N\";s:24:\"HIDE_LINK_WHEN_NO_DETAIL\";s:1:\"N\";s:9:\"IBLOCK_ID\";s:2:\"10\";s:11:\"IBLOCK_TYPE\";s:7:\"content\";s:25:\"INCLUDE_IBLOCK_INTO_CHAIN\";s:1:\"N\";s:23:\"LIST_ACTIVE_DATE_FORMAT\";s:5:\"d.m.Y\";s:15:\"LIST_FIELD_CODE\";a:2:{i:0;s:16:\"DATE_ACTIVE_FROM\";i:1;s:0:\"\";}s:18:\"LIST_PROPERTY_CODE\";a:2:{i:0;s:0:\"\";i:1;s:0:\"\";}s:11:\"MESSAGE_404\";s:0:\"\";s:16:\"META_DESCRIPTION\";s:1:\"-\";s:13:\"META_KEYWORDS\";s:1:\"-\";s:10:\"NEWS_COUNT\";s:2:\"20\";s:22:\"PAGER_BASE_LINK_ENABLE\";s:1:\"N\";s:20:\"PAGER_DESC_NUMBERING\";s:1:\"N\";s:31:\"PAGER_DESC_NUMBERING_CACHE_TIME\";s:5:\"36000\";s:14:\"PAGER_SHOW_ALL\";s:1:\"N\";s:17:\"PAGER_SHOW_ALWAYS\";s:1:\"N\";s:14:\"PAGER_TEMPLATE\";s:8:\".default\";s:11:\"PAGER_TITLE\";s:14:\"Новости\";s:20:\"PREVIEW_TRUNCATE_LEN\";s:0:\"\";s:10:\"SEF_FOLDER\";s:9:\"/novosti/\";s:8:\"SEF_MODE\";s:1:\"Y\";s:17:\"SET_LAST_MODIFIED\";s:1:\"N\";s:14:\"SET_STATUS_404\";s:1:\"N\";s:9:\"SET_TITLE\";s:1:\"N\";s:8:\"SHOW_404\";s:1:\"N\";s:8:\"SORT_BY1\";s:11:\"ACTIVE_FROM\";s:8:\"SORT_BY2\";s:4:\"SORT\";s:11:\"SORT_ORDER1\";s:4:\"DESC\";s:11:\"SORT_ORDER2\";s:3:\"ASC\";s:14:\"USE_CATEGORIES\";s:1:\"N\";s:10:\"USE_FILTER\";s:1:\"N\";s:15:\"USE_PERMISSIONS\";s:1:\"N\";s:10:\"USE_RATING\";s:1:\"N\";s:10:\"USE_REVIEW\";s:1:\"N\";s:7:\"USE_RSS\";s:1:\"N\";s:10:\"USE_SEARCH\";s:1:\"N\";s:9:\"USE_SHARE\";s:1:\"N\";s:17:\"SEF_URL_TEMPLATES\";a:3:{s:4:\"news\";s:0:\"\";s:7:\"section\";s:0:\"\";s:6:\"detail\";s:15:\"#ELEMENT_CODE#/\";}}'),(1190,'s1','bitrix:news.list','last_news','/bitrix/templates/linkor/components/bitrix/news/news_er_2016/bitrix/news.detail/.default/template.php','N',NULL,1950,3591,'a:51:{s:18:\"ACTIVE_DATE_FORMAT\";s:5:\"d.m.Y\";s:18:\"ADD_SECTIONS_CHAIN\";s:1:\"N\";s:9:\"AJAX_MODE\";s:1:\"N\";s:22:\"AJAX_OPTION_ADDITIONAL\";s:0:\"\";s:19:\"AJAX_OPTION_HISTORY\";s:1:\"N\";s:16:\"AJAX_OPTION_JUMP\";s:1:\"N\";s:17:\"AJAX_OPTION_STYLE\";s:1:\"Y\";s:12:\"CACHE_FILTER\";s:1:\"N\";s:12:\"CACHE_GROUPS\";s:1:\"Y\";s:10:\"CACHE_TIME\";s:8:\"36000000\";s:10:\"CACHE_TYPE\";s:1:\"A\";s:11:\"CHECK_DATES\";s:1:\"Y\";s:18:\"COMPONENT_TEMPLATE\";s:9:\"last_news\";s:10:\"DETAIL_URL\";s:0:\"\";s:20:\"DISPLAY_BOTTOM_PAGER\";s:1:\"Y\";s:12:\"DISPLAY_DATE\";s:1:\"Y\";s:12:\"DISPLAY_NAME\";s:1:\"Y\";s:15:\"DISPLAY_PICTURE\";s:1:\"Y\";s:20:\"DISPLAY_PREVIEW_TEXT\";s:1:\"Y\";s:17:\"DISPLAY_TOP_PAGER\";s:1:\"N\";s:10:\"FIELD_CODE\";a:2:{i:0;s:16:\"DATE_ACTIVE_FROM\";i:1;s:0:\"\";}s:11:\"FILTER_NAME\";s:0:\"\";s:24:\"HIDE_LINK_WHEN_NO_DETAIL\";s:1:\"N\";s:9:\"IBLOCK_ID\";s:2:\"10\";s:11:\"IBLOCK_TYPE\";s:1:\"-\";s:25:\"INCLUDE_IBLOCK_INTO_CHAIN\";s:1:\"N\";s:19:\"INCLUDE_SUBSECTIONS\";s:1:\"Y\";s:11:\"MESSAGE_404\";s:0:\"\";s:10:\"NEWS_COUNT\";s:1:\"5\";s:22:\"PAGER_BASE_LINK_ENABLE\";s:1:\"N\";s:20:\"PAGER_DESC_NUMBERING\";s:1:\"N\";s:31:\"PAGER_DESC_NUMBERING_CACHE_TIME\";s:5:\"36000\";s:14:\"PAGER_SHOW_ALL\";s:1:\"N\";s:17:\"PAGER_SHOW_ALWAYS\";s:1:\"N\";s:14:\"PAGER_TEMPLATE\";s:8:\".default\";s:11:\"PAGER_TITLE\";s:14:\"Новости\";s:14:\"PARENT_SECTION\";s:0:\"\";s:19:\"PARENT_SECTION_CODE\";s:0:\"\";s:20:\"PREVIEW_TRUNCATE_LEN\";s:0:\"\";s:13:\"PROPERTY_CODE\";a:2:{i:0;s:0:\"\";i:1;s:0:\"\";}s:17:\"SET_BROWSER_TITLE\";s:1:\"N\";s:17:\"SET_LAST_MODIFIED\";s:1:\"N\";s:20:\"SET_META_DESCRIPTION\";s:1:\"N\";s:17:\"SET_META_KEYWORDS\";s:1:\"N\";s:14:\"SET_STATUS_404\";s:1:\"N\";s:9:\"SET_TITLE\";s:1:\"N\";s:8:\"SHOW_404\";s:1:\"N\";s:8:\"SORT_BY1\";s:11:\"ACTIVE_FROM\";s:8:\"SORT_BY2\";s:4:\"SORT\";s:11:\"SORT_ORDER1\";s:4:\"DESC\";s:11:\"SORT_ORDER2\";s:3:\"ASC\";}'),(1191,'s1','bitrix:news.list','last_stati','/bitrix/templates/linkor/components/bitrix/news/news_er_2016/bitrix/news.detail/.default/template.php','N',NULL,3706,5349,'a:51:{s:18:\"ACTIVE_DATE_FORMAT\";s:5:\"d.m.Y\";s:18:\"ADD_SECTIONS_CHAIN\";s:1:\"N\";s:9:\"AJAX_MODE\";s:1:\"N\";s:22:\"AJAX_OPTION_ADDITIONAL\";s:0:\"\";s:19:\"AJAX_OPTION_HISTORY\";s:1:\"N\";s:16:\"AJAX_OPTION_JUMP\";s:1:\"N\";s:17:\"AJAX_OPTION_STYLE\";s:1:\"Y\";s:12:\"CACHE_FILTER\";s:1:\"N\";s:12:\"CACHE_GROUPS\";s:1:\"Y\";s:10:\"CACHE_TIME\";s:8:\"36000000\";s:10:\"CACHE_TYPE\";s:1:\"A\";s:11:\"CHECK_DATES\";s:1:\"Y\";s:18:\"COMPONENT_TEMPLATE\";s:10:\"last_stati\";s:10:\"DETAIL_URL\";s:0:\"\";s:20:\"DISPLAY_BOTTOM_PAGER\";s:1:\"Y\";s:12:\"DISPLAY_DATE\";s:1:\"Y\";s:12:\"DISPLAY_NAME\";s:1:\"Y\";s:15:\"DISPLAY_PICTURE\";s:1:\"Y\";s:20:\"DISPLAY_PREVIEW_TEXT\";s:1:\"Y\";s:17:\"DISPLAY_TOP_PAGER\";s:1:\"N\";s:10:\"FIELD_CODE\";a:2:{i:0;s:16:\"DATE_ACTIVE_FROM\";i:1;s:0:\"\";}s:11:\"FILTER_NAME\";s:0:\"\";s:24:\"HIDE_LINK_WHEN_NO_DETAIL\";s:1:\"N\";s:9:\"IBLOCK_ID\";s:2:\"11\";s:11:\"IBLOCK_TYPE\";s:1:\"-\";s:25:\"INCLUDE_IBLOCK_INTO_CHAIN\";s:1:\"N\";s:19:\"INCLUDE_SUBSECTIONS\";s:1:\"Y\";s:11:\"MESSAGE_404\";s:0:\"\";s:10:\"NEWS_COUNT\";s:1:\"3\";s:22:\"PAGER_BASE_LINK_ENABLE\";s:1:\"N\";s:20:\"PAGER_DESC_NUMBERING\";s:1:\"N\";s:31:\"PAGER_DESC_NUMBERING_CACHE_TIME\";s:5:\"36000\";s:14:\"PAGER_SHOW_ALL\";s:1:\"N\";s:17:\"PAGER_SHOW_ALWAYS\";s:1:\"N\";s:14:\"PAGER_TEMPLATE\";s:8:\".default\";s:11:\"PAGER_TITLE\";s:14:\"Новости\";s:14:\"PARENT_SECTION\";s:0:\"\";s:19:\"PARENT_SECTION_CODE\";s:0:\"\";s:20:\"PREVIEW_TRUNCATE_LEN\";s:0:\"\";s:13:\"PROPERTY_CODE\";a:2:{i:0;s:0:\"\";i:1;s:0:\"\";}s:17:\"SET_BROWSER_TITLE\";s:1:\"N\";s:17:\"SET_LAST_MODIFIED\";s:1:\"N\";s:20:\"SET_META_DESCRIPTION\";s:1:\"N\";s:17:\"SET_META_KEYWORDS\";s:1:\"N\";s:14:\"SET_STATUS_404\";s:1:\"N\";s:9:\"SET_TITLE\";s:1:\"N\";s:8:\"SHOW_404\";s:1:\"N\";s:8:\"SORT_BY1\";s:11:\"ACTIVE_FROM\";s:8:\"SORT_BY2\";s:4:\"SORT\";s:11:\"SORT_ORDER1\";s:4:\"DESC\";s:11:\"SORT_ORDER2\";s:3:\"ASC\";}'),(1208,'s1','bitrix:main.include','','/razrabotka-saytov/index_rs_5.php','N',NULL,233,436,'a:4:{s:14:\"AREA_FILE_SHOW\";s:4:\"page\";s:16:\"AREA_FILE_SUFFIX\";s:9:\"rs_rext_1\";s:18:\"COMPONENT_TEMPLATE\";s:8:\".default\";s:13:\"EDIT_TEMPLATE\";s:0:\"\";}'),(1209,'s1','bitrix:main.include','','/razrabotka-saytov/index_rs_5.php','N',NULL,555,758,'a:4:{s:14:\"AREA_FILE_SHOW\";s:4:\"page\";s:16:\"AREA_FILE_SUFFIX\";s:9:\"rs_text_2\";s:18:\"COMPONENT_TEMPLATE\";s:8:\".default\";s:13:\"EDIT_TEMPLATE\";s:0:\"\";}'),(1210,'s1','bitrix:main.include','','/razrabotka-saytov/index_rs_4.php','N',NULL,282,482,'a:4:{s:14:\"AREA_FILE_SHOW\";s:4:\"page\";s:16:\"AREA_FILE_SUFFIX\";s:6:\"rs_6_1\";s:18:\"COMPONENT_TEMPLATE\";s:8:\".default\";s:13:\"EDIT_TEMPLATE\";s:0:\"\";}'),(1211,'s1','bitrix:main.include','','/index.php','N',NULL,294,537,'a:5:{s:14:\"AREA_FILE_SHOW\";s:4:\"file\";s:16:\"AREA_FILE_SUFFIX\";s:3:\"inc\";s:18:\"COMPONENT_TEMPLATE\";s:8:\".default\";s:13:\"EDIT_TEMPLATE\";s:0:\"\";s:4:\"PATH\";s:29:\"/includes/mainpage/lozung.php\";}'),(1212,'s1','bitrix:main.include','','/index.php','N',NULL,855,1098,'a:5:{s:14:\"AREA_FILE_SHOW\";s:4:\"file\";s:16:\"AREA_FILE_SUFFIX\";s:3:\"inc\";s:18:\"COMPONENT_TEMPLATE\";s:8:\".default\";s:13:\"EDIT_TEMPLATE\";s:0:\"\";s:4:\"PATH\";s:30:\"/includes/mainpage/reklama.php\";}'),(1213,'s1','bitrix:main.include','','/index.php','N',NULL,1393,1638,'a:5:{s:14:\"AREA_FILE_SHOW\";s:4:\"file\";s:16:\"AREA_FILE_SUFFIX\";s:3:\"inc\";s:18:\"COMPONENT_TEMPLATE\";s:8:\".default\";s:13:\"EDIT_TEMPLATE\";s:0:\"\";s:4:\"PATH\";s:32:\"/includes/mainpage/podderjka.php\";}'),(1214,'s1','bitrix:main.include','','/index.php','N',NULL,1922,2168,'a:5:{s:14:\"AREA_FILE_SHOW\";s:4:\"file\";s:16:\"AREA_FILE_SUFFIX\";s:3:\"inc\";s:18:\"COMPONENT_TEMPLATE\";s:8:\".default\";s:13:\"EDIT_TEMPLATE\";s:0:\"\";s:4:\"PATH\";s:33:\"/includes/mainpage/razrabotka.php\";}'),(1215,'s1','bitrix:main.include','','/index.php','N',NULL,2553,2800,'a:5:{s:14:\"AREA_FILE_SHOW\";s:4:\"file\";s:16:\"AREA_FILE_SUFFIX\";s:3:\"inc\";s:18:\"COMPONENT_TEMPLATE\";s:8:\".default\";s:13:\"EDIT_TEMPLATE\";s:0:\"\";s:4:\"PATH\";s:34:\"/includes/mainpage/reklama_txt.php\";}'),(1216,'s1','bitrix:main.include','','/index.php','N',NULL,4841,5088,'a:5:{s:14:\"AREA_FILE_SHOW\";s:4:\"file\";s:16:\"AREA_FILE_SUFFIX\";s:3:\"inc\";s:18:\"COMPONENT_TEMPLATE\";s:8:\".default\";s:13:\"EDIT_TEMPLATE\";s:0:\"\";s:4:\"PATH\";s:34:\"/includes/mainpage/reklama_btn.php\";}'),(1217,'s1','bitrix:main.include','','/index.php','N',NULL,5776,6028,'a:5:{s:14:\"AREA_FILE_SHOW\";s:4:\"file\";s:16:\"AREA_FILE_SUFFIX\";s:3:\"inc\";s:18:\"COMPONENT_TEMPLATE\";s:8:\".default\";s:13:\"EDIT_TEMPLATE\";s:0:\"\";s:4:\"PATH\";s:39:\"/includes/mainpage/razrabotka_txt_2.php\";}'),(1218,'s1','bitrix:main.include','','/index.php','N',NULL,6033,6283,'a:5:{s:14:\"AREA_FILE_SHOW\";s:4:\"file\";s:16:\"AREA_FILE_SUFFIX\";s:3:\"inc\";s:18:\"COMPONENT_TEMPLATE\";s:8:\".default\";s:13:\"EDIT_TEMPLATE\";s:0:\"\";s:4:\"PATH\";s:37:\"/includes/mainpage/razrabotka_btn.php\";}'),(1219,'s1','bitrix:news.list','slider_mainpage','/index.php','N',NULL,6434,8074,'a:51:{s:18:\"ACTIVE_DATE_FORMAT\";s:5:\"d.m.Y\";s:18:\"ADD_SECTIONS_CHAIN\";s:1:\"N\";s:9:\"AJAX_MODE\";s:1:\"N\";s:22:\"AJAX_OPTION_ADDITIONAL\";s:0:\"\";s:19:\"AJAX_OPTION_HISTORY\";s:1:\"N\";s:16:\"AJAX_OPTION_JUMP\";s:1:\"N\";s:17:\"AJAX_OPTION_STYLE\";s:1:\"Y\";s:12:\"CACHE_FILTER\";s:1:\"N\";s:12:\"CACHE_GROUPS\";s:1:\"Y\";s:10:\"CACHE_TIME\";s:8:\"36000000\";s:10:\"CACHE_TYPE\";s:1:\"A\";s:11:\"CHECK_DATES\";s:1:\"Y\";s:18:\"COMPONENT_TEMPLATE\";s:15:\"slider_mainpage\";s:10:\"DETAIL_URL\";s:0:\"\";s:20:\"DISPLAY_BOTTOM_PAGER\";s:1:\"N\";s:12:\"DISPLAY_DATE\";s:1:\"N\";s:12:\"DISPLAY_NAME\";s:1:\"Y\";s:15:\"DISPLAY_PICTURE\";s:1:\"N\";s:20:\"DISPLAY_PREVIEW_TEXT\";s:1:\"N\";s:17:\"DISPLAY_TOP_PAGER\";s:1:\"N\";s:10:\"FIELD_CODE\";a:2:{i:0;s:0:\"\";i:1;s:0:\"\";}s:11:\"FILTER_NAME\";s:0:\"\";s:24:\"HIDE_LINK_WHEN_NO_DETAIL\";s:1:\"N\";s:9:\"IBLOCK_ID\";s:1:\"1\";s:11:\"IBLOCK_TYPE\";s:7:\"content\";s:25:\"INCLUDE_IBLOCK_INTO_CHAIN\";s:1:\"N\";s:19:\"INCLUDE_SUBSECTIONS\";s:1:\"Y\";s:11:\"MESSAGE_404\";s:0:\"\";s:10:\"NEWS_COUNT\";s:2:\"20\";s:22:\"PAGER_BASE_LINK_ENABLE\";s:1:\"N\";s:20:\"PAGER_DESC_NUMBERING\";s:1:\"N\";s:31:\"PAGER_DESC_NUMBERING_CACHE_TIME\";s:5:\"36000\";s:14:\"PAGER_SHOW_ALL\";s:1:\"N\";s:17:\"PAGER_SHOW_ALWAYS\";s:1:\"N\";s:14:\"PAGER_TEMPLATE\";s:8:\".default\";s:11:\"PAGER_TITLE\";s:14:\"Новости\";s:14:\"PARENT_SECTION\";s:0:\"\";s:19:\"PARENT_SECTION_CODE\";s:0:\"\";s:20:\"PREVIEW_TRUNCATE_LEN\";s:0:\"\";s:13:\"PROPERTY_CODE\";a:5:{i:0;s:5:\"SROKI\";i:1;s:10:\"LINK_SLIDE\";i:2;s:4:\"COST\";i:3;s:10:\"TEXT_SLIDE\";i:4;s:0:\"\";}s:17:\"SET_BROWSER_TITLE\";s:1:\"N\";s:17:\"SET_LAST_MODIFIED\";s:1:\"N\";s:20:\"SET_META_DESCRIPTION\";s:1:\"N\";s:17:\"SET_META_KEYWORDS\";s:1:\"N\";s:14:\"SET_STATUS_404\";s:1:\"N\";s:9:\"SET_TITLE\";s:1:\"N\";s:8:\"SHOW_404\";s:1:\"N\";s:8:\"SORT_BY1\";s:4:\"SORT\";s:8:\"SORT_BY2\";s:2:\"ID\";s:11:\"SORT_ORDER1\";s:3:\"ASC\";s:11:\"SORT_ORDER2\";s:3:\"ASC\";}'),(1220,'s1','bitrix:main.include','','/index.php','N',NULL,8854,9103,'a:5:{s:14:\"AREA_FILE_SHOW\";s:4:\"file\";s:16:\"AREA_FILE_SUFFIX\";s:3:\"inc\";s:18:\"COMPONENT_TEMPLATE\";s:8:\".default\";s:13:\"EDIT_TEMPLATE\";s:0:\"\";s:4:\"PATH\";s:36:\"/includes/mainpage/podderjka_txt.php\";}'),(1221,'s1','bitrix:main.include','','/index.php','N',NULL,9108,9357,'a:5:{s:14:\"AREA_FILE_SHOW\";s:4:\"file\";s:16:\"AREA_FILE_SUFFIX\";s:3:\"inc\";s:18:\"COMPONENT_TEMPLATE\";s:8:\".default\";s:13:\"EDIT_TEMPLATE\";s:0:\"\";s:4:\"PATH\";s:36:\"/includes/mainpage/podderjka_btn.php\";}'),(1222,'s1','bitrix:main.include','','/index.php','N',NULL,9523,9752,'a:5:{s:19:\"AREA_FILE_RECURSIVE\";s:1:\"Y\";s:14:\"AREA_FILE_SHOW\";s:4:\"sect\";s:16:\"AREA_FILE_SUFFIX\";s:3:\"inc\";s:18:\"COMPONENT_TEMPLATE\";s:8:\".default\";s:13:\"EDIT_TEMPLATE\";s:0:\"\";}'),(1223,'s1','bitrix:main.include','','/index.php','N',NULL,10210,10444,'a:5:{s:14:\"AREA_FILE_SHOW\";s:4:\"file\";s:16:\"AREA_FILE_SUFFIX\";s:3:\"inc\";s:18:\"COMPONENT_TEMPLATE\";s:8:\".default\";s:13:\"EDIT_TEMPLATE\";s:0:\"\";s:4:\"PATH\";s:21:\"/includes/address.php\";}'),(1224,'s1','bitrix:main.include','','/index.php','N',NULL,10539,10771,'a:5:{s:14:\"AREA_FILE_SHOW\";s:4:\"file\";s:16:\"AREA_FILE_SUFFIX\";s:3:\"inc\";s:18:\"COMPONENT_TEMPLATE\";s:8:\".default\";s:13:\"EDIT_TEMPLATE\";s:0:\"\";s:4:\"PATH\";s:19:\"/includes/phone.php\";}'),(1225,'s1','bitrix:main.include','','/index.php','N',NULL,10867,11099,'a:5:{s:14:\"AREA_FILE_SHOW\";s:4:\"file\";s:16:\"AREA_FILE_SUFFIX\";s:3:\"inc\";s:18:\"COMPONENT_TEMPLATE\";s:8:\".default\";s:13:\"EDIT_TEMPLATE\";s:0:\"\";s:4:\"PATH\";s:19:\"/includes/email.php\";}'),(1226,'s1','bitrix:main.include','','/index.php','N',NULL,11180,11413,'a:5:{s:14:\"AREA_FILE_SHOW\";s:4:\"file\";s:16:\"AREA_FILE_SUFFIX\";s:3:\"inc\";s:18:\"COMPONENT_TEMPLATE\";s:8:\".default\";s:13:\"EDIT_TEMPLATE\";s:0:\"\";s:4:\"PATH\";s:20:\"/includes/social.php\";}'),(1227,'s1','bitrix:main.include','','/index.php','N',NULL,11480,11710,'a:5:{s:14:\"AREA_FILE_SHOW\";s:4:\"file\";s:16:\"AREA_FILE_SUFFIX\";s:3:\"inc\";s:18:\"COMPONENT_TEMPLATE\";s:8:\".default\";s:13:\"EDIT_TEMPLATE\";s:0:\"\";s:4:\"PATH\";s:17:\"/includes/map.php\";}'),(1230,'s1','bitrix:system.auth.form','login.form','/profile/login/index.php','N',NULL,96,423,'a:4:{s:19:\"FORGOT_PASSWORD_URL\";s:16:\"/profile/restore\";s:11:\"PROFILE_URL\";s:8:\"/profile\";s:12:\"REGISTER_URL\";s:17:\"/profile/register\";s:11:\"SHOW_ERRORS\";s:1:\"Y\";}'),(1233,'s1','bitrix:main.register','register.form','/profile/register/index.php','N',NULL,103,559,'a:9:{s:4:\"AUTH\";s:1:\"Y\";s:15:\"REQUIRED_FIELDS\";a:2:{i:0;s:5:\"EMAIL\";i:1;s:4:\"NAME\";}s:9:\"SET_TITLE\";s:1:\"Y\";s:11:\"SHOW_FIELDS\";a:3:{i:0;s:5:\"EMAIL\";i:1;s:4:\"NAME\";i:2;s:14:\"PERSONAL_PHONE\";}s:12:\"SUCCESS_PAGE\";s:8:\"/profile\";s:13:\"USER_PROPERTY\";N;s:18:\"USER_PROPERTY_NAME\";s:0:\"\";s:11:\"USE_BACKURL\";s:1:\"Y\";s:18:\"COMPONENT_TEMPLATE\";s:13:\"register.form\";}'),(1255,'s1','bitrix:search.page','search_page','/search/index.php','N',NULL,97,1996,'a:27:{s:9:\"AJAX_MODE\";s:1:\"N\";s:22:\"AJAX_OPTION_ADDITIONAL\";s:0:\"\";s:19:\"AJAX_OPTION_HISTORY\";s:1:\"N\";s:16:\"AJAX_OPTION_JUMP\";s:1:\"N\";s:17:\"AJAX_OPTION_STYLE\";s:1:\"Y\";s:10:\"CACHE_TIME\";s:4:\"3600\";s:10:\"CACHE_TYPE\";s:1:\"A\";s:11:\"CHECK_DATES\";s:1:\"N\";s:12:\"DEFAULT_SORT\";s:4:\"rank\";s:20:\"DISPLAY_BOTTOM_PAGER\";s:1:\"Y\";s:17:\"DISPLAY_TOP_PAGER\";s:1:\"N\";s:11:\"FILTER_NAME\";s:0:\"\";s:13:\"NO_WORD_LOGIC\";s:1:\"N\";s:17:\"PAGER_SHOW_ALWAYS\";s:1:\"Y\";s:14:\"PAGER_TEMPLATE\";s:0:\"\";s:11:\"PAGER_TITLE\";s:33:\"Результаты поиска\";s:17:\"PAGE_RESULT_COUNT\";s:2:\"50\";s:7:\"RESTART\";s:1:\"Y\";s:9:\"SHOW_WHEN\";s:1:\"N\";s:10:\"SHOW_WHERE\";s:1:\"N\";s:18:\"USE_LANGUAGE_GUESS\";s:1:\"N\";s:11:\"USE_SUGGEST\";s:1:\"N\";s:14:\"USE_TITLE_RANK\";s:1:\"Y\";s:9:\"arrFILTER\";a:2:{i:0;s:14:\"iblock_catalog\";i:1;s:14:\"iblock_content\";}s:24:\"arrFILTER_iblock_catalog\";a:1:{i:0;s:3:\"all\";}s:24:\"arrFILTER_iblock_content\";a:1:{i:0;s:3:\"all\";}s:8:\"arrWHERE\";s:0:\"\";}'),(1267,'s1','bitrix:catalog','catalog.advert','/obyavleniya/index.php','Y','/obyavleniya/',102,11713,'a:164:{s:15:\"ACTION_VARIABLE\";s:6:\"action\";s:17:\"ADD_ELEMENT_CHAIN\";s:1:\"N\";s:13:\"ADD_PICT_PROP\";s:1:\"-\";s:24:\"ADD_PROPERTIES_TO_BASKET\";s:1:\"Y\";s:18:\"ADD_SECTIONS_CHAIN\";s:1:\"Y\";s:9:\"AJAX_MODE\";s:1:\"N\";s:22:\"AJAX_OPTION_ADDITIONAL\";s:0:\"\";s:19:\"AJAX_OPTION_HISTORY\";s:1:\"N\";s:16:\"AJAX_OPTION_JUMP\";s:1:\"N\";s:17:\"AJAX_OPTION_STYLE\";s:1:\"Y\";s:10:\"BASKET_URL\";s:20:\"/personal/basket.php\";s:17:\"BIG_DATA_RCM_TYPE\";s:8:\"bestsell\";s:12:\"CACHE_FILTER\";s:1:\"N\";s:12:\"CACHE_GROUPS\";s:1:\"Y\";s:10:\"CACHE_TIME\";s:8:\"36000000\";s:10:\"CACHE_TYPE\";s:1:\"A\";s:27:\"COMMON_ADD_TO_BASKET_ACTION\";s:0:\"\";s:23:\"COMMON_SHOW_CLOSE_POPUP\";s:1:\"N\";s:16:\"CONVERT_CURRENCY\";s:1:\"N\";s:27:\"DETAIL_ADD_DETAIL_TO_SLIDER\";s:1:\"N\";s:27:\"DETAIL_ADD_TO_BASKET_ACTION\";a:1:{i:0;s:3:\"BUY\";}s:23:\"DETAIL_BACKGROUND_IMAGE\";s:1:\"-\";s:24:\"DETAIL_BLOG_EMAIL_NOTIFY\";s:1:\"N\";s:15:\"DETAIL_BLOG_URL\";s:16:\"catalog_comments\";s:15:\"DETAIL_BLOG_USE\";s:1:\"Y\";s:16:\"DETAIL_BRAND_USE\";s:1:\"N\";s:20:\"DETAIL_BROWSER_TITLE\";s:1:\"-\";s:32:\"DETAIL_CHECK_SECTION_ID_VARIABLE\";s:1:\"N\";s:26:\"DETAIL_DETAIL_PICTURE_MODE\";s:3:\"IMG\";s:19:\"DETAIL_DISPLAY_NAME\";s:1:\"Y\";s:32:\"DETAIL_DISPLAY_PREVIEW_TEXT_MODE\";s:1:\"E\";s:13:\"DETAIL_FB_USE\";s:1:\"N\";s:23:\"DETAIL_META_DESCRIPTION\";s:1:\"-\";s:20:\"DETAIL_META_KEYWORDS\";s:1:\"-\";s:20:\"DETAIL_PROPERTY_CODE\";a:2:{i:0;s:0:\"\";i:1;s:0:\"\";}s:24:\"DETAIL_SET_CANONICAL_URL\";s:1:\"N\";s:30:\"DETAIL_SET_VIEWED_IN_COMPONENT\";s:1:\"N\";s:24:\"DETAIL_SHOW_MAX_QUANTITY\";s:1:\"N\";s:19:\"DETAIL_USE_COMMENTS\";s:1:\"Y\";s:22:\"DETAIL_USE_VOTE_RATING\";s:1:\"Y\";s:16:\"DETAIL_VK_API_ID\";s:6:\"API_ID\";s:13:\"DETAIL_VK_USE\";s:1:\"N\";s:29:\"DETAIL_VOTE_DISPLAY_AS_RATING\";s:8:\"vote_avg\";s:28:\"DISABLE_INIT_JS_IN_COMPONENT\";s:1:\"N\";s:20:\"DISPLAY_BOTTOM_PAGER\";s:1:\"Y\";s:17:\"DISPLAY_TOP_PAGER\";s:1:\"N\";s:18:\"ELEMENT_SORT_FIELD\";s:4:\"sort\";s:19:\"ELEMENT_SORT_FIELD2\";s:2:\"id\";s:18:\"ELEMENT_SORT_ORDER\";s:3:\"asc\";s:19:\"ELEMENT_SORT_ORDER2\";s:4:\"desc\";s:17:\"FILTER_FIELD_CODE\";a:2:{i:0;s:0:\"\";i:1;s:0:\"\";}s:11:\"FILTER_NAME\";s:0:\"\";s:17:\"FILTER_PRICE_CODE\";s:0:\"\";s:20:\"FILTER_PROPERTY_CODE\";a:2:{i:0;s:0:\"\";i:1;s:0:\"\";}s:16:\"FILTER_VIEW_MODE\";s:8:\"VERTICAL\";s:8:\"FORUM_ID\";s:1:\"1\";s:24:\"GIFTS_DETAIL_BLOCK_TITLE\";s:47:\"Выберите один из подарков\";s:29:\"GIFTS_DETAIL_HIDE_BLOCK_TITLE\";s:1:\"N\";s:31:\"GIFTS_DETAIL_PAGE_ELEMENT_COUNT\";s:1:\"3\";s:28:\"GIFTS_DETAIL_TEXT_LABEL_GIFT\";s:14:\"Подарок\";s:37:\"GIFTS_MAIN_PRODUCT_DETAIL_BLOCK_TITLE\";s:89:\"Выберите один из товаров, чтобы получить подарок\";s:42:\"GIFTS_MAIN_PRODUCT_DETAIL_HIDE_BLOCK_TITLE\";s:1:\"N\";s:44:\"GIFTS_MAIN_PRODUCT_DETAIL_PAGE_ELEMENT_COUNT\";s:1:\"3\";s:18:\"GIFTS_MESS_BTN_BUY\";s:14:\"Выбрать\";s:30:\"GIFTS_SECTION_LIST_BLOCK_TITLE\";s:58:\"Подарки к товарам этого раздела\";s:35:\"GIFTS_SECTION_LIST_HIDE_BLOCK_TITLE\";s:1:\"N\";s:37:\"GIFTS_SECTION_LIST_PAGE_ELEMENT_COUNT\";s:1:\"3\";s:34:\"GIFTS_SECTION_LIST_TEXT_LABEL_GIFT\";s:14:\"Подарок\";s:27:\"GIFTS_SHOW_DISCOUNT_PERCENT\";s:1:\"Y\";s:16:\"GIFTS_SHOW_IMAGE\";s:1:\"Y\";s:15:\"GIFTS_SHOW_NAME\";s:1:\"Y\";s:20:\"GIFTS_SHOW_OLD_PRICE\";s:1:\"Y\";s:18:\"HIDE_NOT_AVAILABLE\";s:1:\"N\";s:9:\"IBLOCK_ID\";s:1:\"1\";s:11:\"IBLOCK_TYPE\";s:7:\"catalog\";s:19:\"INCLUDE_SUBSECTIONS\";s:1:\"Y\";s:14:\"INSTANT_RELOAD\";s:1:\"N\";s:10:\"LABEL_PROP\";s:1:\"-\";s:18:\"LINE_ELEMENT_COUNT\";s:1:\"3\";s:17:\"LINK_ELEMENTS_URL\";s:39:\"link.php?PARENT_ELEMENT_ID=#ELEMENT_ID#\";s:14:\"LINK_IBLOCK_ID\";s:0:\"\";s:16:\"LINK_IBLOCK_TYPE\";s:0:\"\";s:17:\"LINK_PROPERTY_SID\";s:0:\"\";s:18:\"LIST_BROWSER_TITLE\";s:1:\"-\";s:21:\"LIST_META_DESCRIPTION\";s:1:\"-\";s:18:\"LIST_META_KEYWORDS\";s:1:\"-\";s:18:\"LIST_PROPERTY_CODE\";a:2:{i:0;s:0:\"\";i:1;s:0:\"\";}s:17:\"MESSAGES_PER_PAGE\";s:2:\"10\";s:11:\"MESSAGE_404\";s:0:\"\";s:22:\"MESS_BTN_ADD_TO_BASKET\";s:17:\"В корзину\";s:12:\"MESS_BTN_BUY\";s:12:\"Купить\";s:16:\"MESS_BTN_COMPARE\";s:18:\"Сравнение\";s:15:\"MESS_BTN_DETAIL\";s:18:\"Подробнее\";s:18:\"MESS_NOT_AVAILABLE\";s:24:\"Нет в наличии\";s:22:\"PAGER_BASE_LINK_ENABLE\";s:1:\"N\";s:20:\"PAGER_DESC_NUMBERING\";s:1:\"N\";s:31:\"PAGER_DESC_NUMBERING_CACHE_TIME\";s:5:\"36000\";s:14:\"PAGER_SHOW_ALL\";s:1:\"N\";s:17:\"PAGER_SHOW_ALWAYS\";s:1:\"N\";s:14:\"PAGER_TEMPLATE\";s:8:\".default\";s:11:\"PAGER_TITLE\";s:20:\"Объявления\";s:18:\"PAGE_ELEMENT_COUNT\";s:2:\"30\";s:26:\"PARTIAL_PRODUCT_PROPERTIES\";s:1:\"N\";s:13:\"PATH_TO_SMILE\";s:27:\"/bitrix/images/forum/smile/\";s:10:\"PRICE_CODE\";s:0:\"\";s:17:\"PRICE_VAT_INCLUDE\";s:1:\"Y\";s:20:\"PRICE_VAT_SHOW_VALUE\";s:1:\"N\";s:19:\"PRODUCT_ID_VARIABLE\";s:2:\"id\";s:18:\"PRODUCT_PROPERTIES\";s:0:\"\";s:22:\"PRODUCT_PROPS_VARIABLE\";s:4:\"prop\";s:25:\"PRODUCT_QUANTITY_VARIABLE\";s:0:\"\";s:16:\"REVIEW_AJAX_POST\";s:1:\"Y\";s:25:\"SECTIONS_SHOW_PARENT_NAME\";s:1:\"Y\";s:18:\"SECTIONS_VIEW_MODE\";s:4:\"LIST\";s:28:\"SECTION_ADD_TO_BASKET_ACTION\";s:3:\"ADD\";s:24:\"SECTION_BACKGROUND_IMAGE\";s:1:\"-\";s:22:\"SECTION_COUNT_ELEMENTS\";s:1:\"Y\";s:19:\"SECTION_ID_VARIABLE\";s:10:\"SECTION_ID\";s:17:\"SECTION_TOP_DEPTH\";s:1:\"1\";s:10:\"SEF_FOLDER\";s:13:\"/obyavleniya/\";s:8:\"SEF_MODE\";s:1:\"Y\";s:17:\"SET_LAST_MODIFIED\";s:1:\"N\";s:14:\"SET_STATUS_404\";s:1:\"N\";s:9:\"SET_TITLE\";s:1:\"Y\";s:8:\"SHOW_404\";s:1:\"N\";s:16:\"SHOW_DEACTIVATED\";s:1:\"N\";s:21:\"SHOW_DISCOUNT_PERCENT\";s:1:\"N\";s:18:\"SHOW_LINK_TO_FORUM\";s:1:\"Y\";s:14:\"SHOW_OLD_PRICE\";s:1:\"N\";s:16:\"SHOW_PRICE_COUNT\";s:1:\"1\";s:17:\"SHOW_TOP_ELEMENTS\";s:1:\"N\";s:19:\"SIDEBAR_DETAIL_SHOW\";s:1:\"Y\";s:12:\"SIDEBAR_PATH\";s:0:\"\";s:20:\"SIDEBAR_SECTION_SHOW\";s:1:\"Y\";s:14:\"TEMPLATE_THEME\";s:4:\"blue\";s:24:\"TOP_ADD_TO_BASKET_ACTION\";s:3:\"ADD\";s:17:\"TOP_ELEMENT_COUNT\";s:1:\"9\";s:22:\"TOP_ELEMENT_SORT_FIELD\";s:4:\"sort\";s:23:\"TOP_ELEMENT_SORT_FIELD2\";s:2:\"id\";s:22:\"TOP_ELEMENT_SORT_ORDER\";s:3:\"asc\";s:23:\"TOP_ELEMENT_SORT_ORDER2\";s:4:\"desc\";s:22:\"TOP_LINE_ELEMENT_COUNT\";s:1:\"3\";s:17:\"TOP_PROPERTY_CODE\";a:2:{i:0;s:0:\"\";i:1;s:0:\"\";}s:13:\"TOP_VIEW_MODE\";s:7:\"SECTION\";s:18:\"URL_TEMPLATES_READ\";s:0:\"\";s:12:\"USE_ALSO_BUY\";s:1:\"N\";s:12:\"USE_BIG_DATA\";s:1:\"N\";s:11:\"USE_CAPTCHA\";s:1:\"N\";s:32:\"USE_COMMON_SETTINGS_BASKET_POPUP\";s:1:\"N\";s:11:\"USE_COMPARE\";s:1:\"N\";s:19:\"USE_ELEMENT_COUNTER\";s:1:\"Y\";s:10:\"USE_FILTER\";s:1:\"Y\";s:16:\"USE_GIFTS_DETAIL\";s:1:\"N\";s:30:\"USE_GIFTS_MAIN_PR_SECTION_LIST\";s:1:\"N\";s:17:\"USE_GIFTS_SECTION\";s:1:\"N\";s:24:\"USE_MAIN_ELEMENT_SECTION\";s:1:\"N\";s:15:\"USE_PRICE_COUNT\";s:1:\"N\";s:20:\"USE_PRODUCT_QUANTITY\";s:1:\"N\";s:10:\"USE_REVIEW\";s:1:\"Y\";s:20:\"USE_SALE_BESTSELLERS\";s:1:\"Y\";s:9:\"USE_STORE\";s:1:\"N\";s:18:\"COMPONENT_TEMPLATE\";s:8:\".default\";s:17:\"SEF_URL_TEMPLATES\";a:5:{s:8:\"sections\";s:0:\"\";s:7:\"section\";s:15:\"#SECTION_CODE#/\";s:7:\"element\";s:30:\"#SECTION_CODE#/#ELEMENT_CODE#/\";s:7:\"compare\";s:32:\"compare.php?action=#ACTION_CODE#\";s:12:\"smart_filter\";s:46:\"#SECTION_ID#/filter/#SMART_FILTER_PATH#/apply/\";}s:16:\"VARIABLE_ALIASES\";a:1:{s:7:\"compare\";a:1:{s:11:\"ACTION_CODE\";s:6:\"action\";}}}'),(1312,'s1','bitrix:iblock.element.add.form','add_new_ad','/account/add/index.php','N',NULL,120,1663,'a:32:{s:18:\"COMPONENT_TEMPLATE\";s:10:\"add_new_ad\";s:29:\"CUSTOM_TITLE_DATE_ACTIVE_FROM\";s:0:\"\";s:27:\"CUSTOM_TITLE_DATE_ACTIVE_TO\";s:0:\"\";s:27:\"CUSTOM_TITLE_DETAIL_PICTURE\";s:0:\"\";s:24:\"CUSTOM_TITLE_DETAIL_TEXT\";s:0:\"\";s:27:\"CUSTOM_TITLE_IBLOCK_SECTION\";s:12:\"Раздел\";s:17:\"CUSTOM_TITLE_NAME\";s:39:\"Заголовок объявления\";s:28:\"CUSTOM_TITLE_PREVIEW_PICTURE\";s:0:\"\";s:25:\"CUSTOM_TITLE_PREVIEW_TEXT\";s:62:\"Подробно опишите товар или услугу\";s:17:\"CUSTOM_TITLE_TAGS\";s:0:\"\";s:18:\"DEFAULT_INPUT_SIZE\";s:0:\"\";s:27:\"DETAIL_TEXT_USE_HTML_EDITOR\";s:1:\"N\";s:13:\"ELEMENT_ASSOC\";s:11:\"PROPERTY_ID\";s:22:\"ELEMENT_ASSOC_PROPERTY\";s:1:\"9\";s:6:\"GROUPS\";N;s:9:\"IBLOCK_ID\";s:1:\"1\";s:11:\"IBLOCK_TYPE\";s:7:\"catalog\";s:10:\"LEVEL_LAST\";s:1:\"Y\";s:8:\"LIST_URL\";s:9:\"/account/\";s:13:\"MAX_FILE_SIZE\";s:1:\"0\";s:10:\"MAX_LEVELS\";s:6:\"100000\";s:16:\"MAX_USER_ENTRIES\";s:6:\"100000\";s:28:\"PREVIEW_TEXT_USE_HTML_EDITOR\";s:1:\"N\";s:14:\"PROPERTY_CODES\";a:13:{i:0;s:1:\"1\";i:1;s:1:\"2\";i:2;s:1:\"3\";i:3;s:1:\"4\";i:4;s:1:\"5\";i:5;s:1:\"6\";i:6;s:1:\"7\";i:7;s:1:\"8\";i:8;s:2:\"10\";i:9;s:4:\"NAME\";i:10;s:14:\"IBLOCK_SECTION\";i:11;s:12:\"PREVIEW_TEXT\";i:12;s:14:\"DETAIL_PICTURE\";}s:23:\"PROPERTY_CODES_REQUIRED\";a:7:{i:0;s:1:\"2\";i:1;s:1:\"5\";i:2;s:1:\"6\";i:3;s:2:\"10\";i:4;s:4:\"NAME\";i:5;s:14:\"IBLOCK_SECTION\";i:6;s:12:\"PREVIEW_TEXT\";}s:13:\"RESIZE_IMAGES\";s:1:\"Y\";s:8:\"SEF_MODE\";s:1:\"N\";s:6:\"STATUS\";s:3:\"ANY\";s:10:\"STATUS_NEW\";s:3:\"NEW\";s:16:\"USER_MESSAGE_ADD\";s:54:\"Объявление успешно добавлено\";s:17:\"USER_MESSAGE_EDIT\";s:0:\"\";s:11:\"USE_CAPTCHA\";s:1:\"N\";}'),(1317,'s1','bitrix:catalog.comments','item.comments','/bitrix/templates/moiogorod/components/bitrix/catalog/advert.catalog/bitrix/catalog.element/.default/template.php','N',NULL,5841,6551,'a:22:{s:10:\"BLOG_TITLE\";s:22:\"Комментарии\";s:8:\"BLOG_URL\";s:16:\"catalog_comments\";s:8:\"BLOG_USE\";s:1:\"Y\";s:10:\"CACHE_TIME\";s:1:\"0\";s:10:\"CACHE_TYPE\";s:1:\"A\";s:14:\"COMMENTS_COUNT\";s:1:\"5\";s:12:\"ELEMENT_CODE\";s:0:\"\";s:10:\"ELEMENT_ID\";s:18:\"={$arResult[\"ID\"]}\";s:12:\"EMAIL_NOTIFY\";s:1:\"N\";s:6:\"FB_USE\";s:1:\"N\";s:9:\"IBLOCK_ID\";s:1:\"1\";s:11:\"IBLOCK_TYPE\";s:7:\"catalog\";s:13:\"PATH_TO_SMILE\";s:26:\"/bitrix/images/blog/smile/\";s:16:\"SHOW_DEACTIVATED\";s:1:\"N\";s:11:\"SHOW_RATING\";s:1:\"Y\";s:9:\"SHOW_SPAM\";s:1:\"Y\";s:14:\"TEMPLATE_THEME\";s:4:\"blue\";s:14:\"URL_TO_COMMENT\";s:0:\"\";s:6:\"VK_USE\";s:1:\"N\";s:5:\"WIDTH\";s:0:\"\";s:18:\"COMPONENT_TEMPLATE\";s:13:\"item.comments\";s:11:\"RATING_TYPE\";s:8:\"standart\";}'),(1347,'s1','bitrix:main.register','main_register','/account/registration/index.php','N',NULL,103,397,'a:8:{s:4:\"AUTH\";s:1:\"Y\";s:15:\"REQUIRED_FIELDS\";N;s:9:\"SET_TITLE\";s:1:\"Y\";s:11:\"SHOW_FIELDS\";N;s:12:\"SUCCESS_PAGE\";s:0:\"\";s:13:\"USER_PROPERTY\";N;s:18:\"USER_PROPERTY_NAME\";s:0:\"\";s:11:\"USE_BACKURL\";s:1:\"Y\";}'),(1351,'s1','bitrix:socialnetwork.messages_users','.default','/mess_data/index.php','N',NULL,107,780,'a:12:{s:12:\"SET_NAVCHAIN\";s:1:\"Y\";s:12:\"PATH_TO_USER\";s:37:\"index.php?page=user&user_id=#user_id#\";s:20:\"PATH_TO_MESSAGE_FORM\";s:52:\"message_form.php?page=message_form&user_id=#user_id#\";s:21:\"PATH_TO_MESSAGES_CHAT\";s:18:\"messages_users.php\";s:31:\"PATH_TO_MESSAGES_USERS_MESSAGES\";s:74:\"messages_users_messages.php?page=messages_users_messages&user_id=#user_id#\";s:8:\"PAGE_VAR\";s:4:\"page\";s:8:\"USER_VAR\";s:7:\"user_id\";s:7:\"USER_ID\";s:1:\"2\";s:13:\"PATH_TO_SMILE\";s:35:\"/bitrix/images/socialnetwork/smile/\";s:11:\"ITEMS_COUNT\";s:2:\"20\";s:18:\"COMPONENT_TEMPLATE\";s:8:\".default\";s:22:\"PATH_TO_MESSAGES_USERS\";s:0:\"\";}'),(1366,'s1','bitrix:main.include','','/account/index.php','N',NULL,99,300,'a:4:{s:14:\"AREA_FILE_SHOW\";s:4:\"file\";s:16:\"AREA_FILE_SUFFIX\";s:3:\"inc\";s:13:\"EDIT_TEMPLATE\";s:0:\"\";s:4:\"PATH\";s:26:\"/includes/account_menu.php\";}'),(1367,'s1','bitrix:system.auth.form','login.form','/account/index.php','N',NULL,317,514,'a:4:{s:19:\"FORGOT_PASSWORD_URL\";s:0:\"\";s:11:\"PROFILE_URL\";s:8:\"/account\";s:12:\"REGISTER_URL\";s:0:\"\";s:11:\"SHOW_ERRORS\";s:1:\"Y\";}'),(1372,'s1','bitrix:main.register','main_register','/test/registration.php','N',NULL,91,406,'a:8:{s:4:\"AUTH\";s:1:\"Y\";s:15:\"REQUIRED_FIELDS\";a:1:{i:0;s:5:\"EMAIL\";}s:9:\"SET_TITLE\";s:1:\"Y\";s:11:\"SHOW_FIELDS\";a:2:{i:0;s:5:\"EMAIL\";i:1;s:4:\"NAME\";}s:12:\"SUCCESS_PAGE\";s:0:\"\";s:13:\"USER_PROPERTY\";N;s:18:\"USER_PROPERTY_NAME\";s:0:\"\";s:11:\"USE_BACKURL\";s:1:\"Y\";}'),(1373,'s1','bitrix:system.auth.form','','/test/index.php','N',NULL,96,275,'a:4:{s:19:\"FORGOT_PASSWORD_URL\";s:0:\"\";s:11:\"PROFILE_URL\";s:0:\"\";s:12:\"REGISTER_URL\";s:0:\"\";s:11:\"SHOW_ERRORS\";s:1:\"N\";}'),(1410,'s1','bitrix:menu','main.menu.left','/bitrix/templates/moiogorod/components/bitrix/catalog/advert.catalog/element.php','N',NULL,594,1376,'s:29:\"={[\"ALLOW_MULTI_SELECT\"=>\"N\"}\";'),(1411,'s1','bitrix:catalog.element','','/bitrix/templates/moiogorod/components/bitrix/catalog/advert.catalog/element.php','N',NULL,1445,12034,'s:43:\"={[\"IBLOCK_TYPE\"=>$arParams[\"IBLOCK_TYPE\"]}\";'),(1412,'s1','bitrix:news.list','reviews_list','/bitrix/templates/moiogorod/components/bitrix/catalog/advert.catalog/element.php','N',NULL,12539,16582,'s:33:\"={[\"ACTIVE_DATE_FORMAT\"=>\"d.m.Y\"}\";'),(1421,'s1','bitrix:search.title','header.search.title','/bitrix/templates/moiogorod/header.php','N',NULL,2738,3529,'a:21:{s:10:\"CATEGORY_0\";a:1:{i:0;s:14:\"iblock_catalog\";}s:16:\"CATEGORY_0_TITLE\";s:20:\"Объявления\";s:25:\"CATEGORY_0_iblock_catalog\";a:1:{i:0;s:3:\"all\";}s:11:\"CHECK_DATES\";s:1:\"N\";s:12:\"CONTAINER_ID\";s:18:\"search-form-global\";s:8:\"INPUT_ID\";s:18:\"title-search-input\";s:14:\"NUM_CATEGORIES\";s:1:\"1\";s:5:\"ORDER\";s:4:\"date\";s:4:\"PAGE\";s:17:\"#SITE_DIR#search/\";s:10:\"SHOW_INPUT\";s:1:\"Y\";s:11:\"SHOW_OTHERS\";s:1:\"N\";s:9:\"TOP_COUNT\";s:1:\"5\";s:18:\"USE_LANGUAGE_GUESS\";s:1:\"N\";s:18:\"COMPONENT_TEMPLATE\";s:19:\"header.search.title\";s:10:\"PRICE_CODE\";N;s:17:\"PRICE_VAT_INCLUDE\";s:1:\"Y\";s:20:\"PREVIEW_TRUNCATE_LEN\";s:0:\"\";s:12:\"SHOW_PREVIEW\";s:1:\"Y\";s:16:\"CONVERT_CURRENCY\";s:1:\"N\";s:13:\"PREVIEW_WIDTH\";s:2:\"75\";s:14:\"PREVIEW_HEIGHT\";s:2:\"75\";}'),(1422,'s1','bitrix:system.auth.form','header.login.form','/bitrix/templates/moiogorod/header.php','N',NULL,3938,4279,'a:4:{s:19:\"FORGOT_PASSWORD_URL\";s:0:\"\";s:11:\"PROFILE_URL\";s:22:\"/account/advertisement\";s:12:\"REGISTER_URL\";s:21:\"/account/registration\";s:11:\"SHOW_ERRORS\";s:1:\"N\";}'),(1423,'s1','bitrix:main.include','','/bitrix/templates/moiogorod/header.php','N',NULL,4330,4640,'a:4:{s:14:\"AREA_FILE_SHOW\";s:4:\"file\";s:16:\"AREA_FILE_SUFFIX\";s:3:\"inc\";s:13:\"EDIT_TEMPLATE\";s:0:\"\";s:4:\"PATH\";s:33:\"/includes/account_menu_header.php\";}'),(1424,'s1','bitrix:search.title','header.search.title','/bitrix/templates/moiogorod/header.php','N',NULL,5344,7057,'a:21:{s:10:\"CATEGORY_0\";a:1:{i:0;s:14:\"iblock_catalog\";}s:16:\"CATEGORY_0_TITLE\";s:20:\"Объявления\";s:25:\"CATEGORY_0_iblock_catalog\";a:1:{i:0;s:3:\"all\";}s:11:\"CHECK_DATES\";s:1:\"N\";s:12:\"CONTAINER_ID\";s:18:\"search-form-global\";s:8:\"INPUT_ID\";s:18:\"title-search-input\";s:14:\"NUM_CATEGORIES\";s:1:\"1\";s:5:\"ORDER\";s:4:\"date\";s:4:\"PAGE\";s:17:\"#SITE_DIR#search/\";s:10:\"SHOW_INPUT\";s:1:\"Y\";s:11:\"SHOW_OTHERS\";s:1:\"N\";s:9:\"TOP_COUNT\";s:1:\"5\";s:18:\"USE_LANGUAGE_GUESS\";s:1:\"N\";s:18:\"COMPONENT_TEMPLATE\";s:6:\"visual\";s:10:\"PRICE_CODE\";s:0:\"\";s:17:\"PRICE_VAT_INCLUDE\";s:1:\"Y\";s:20:\"PREVIEW_TRUNCATE_LEN\";s:0:\"\";s:12:\"SHOW_PREVIEW\";s:1:\"Y\";s:16:\"CONVERT_CURRENCY\";s:1:\"N\";s:13:\"PREVIEW_WIDTH\";s:2:\"75\";s:14:\"PREVIEW_HEIGHT\";s:2:\"75\";}'),(1425,'s1','bitrix:main.include','','/bitrix/templates/moiogorod/header.php','N',NULL,7813,8087,'a:4:{s:14:\"AREA_FILE_SHOW\";s:4:\"file\";s:16:\"AREA_FILE_SUFFIX\";s:3:\"inc\";s:13:\"EDIT_TEMPLATE\";s:0:\"\";s:4:\"PATH\";s:33:\"/includes/account_menu_mobile.php\";}'),(1426,'s1','bitrix:menu','main.menu.left','/bitrix/templates/moiogorod/header.php','N',NULL,8113,8707,'a:13:{s:18:\"ALLOW_MULTI_SELECT\";s:1:\"N\";s:15:\"CHILD_MENU_TYPE\";s:4:\"main\";s:18:\"COMPONENT_TEMPLATE\";s:16:\"catalog_vertical\";s:5:\"DELAY\";s:1:\"N\";s:9:\"MAX_LEVEL\";s:1:\"2\";s:19:\"MENU_CACHE_GET_VARS\";s:0:\"\";s:15:\"MENU_CACHE_TIME\";s:4:\"3600\";s:15:\"MENU_CACHE_TYPE\";s:1:\"N\";s:21:\"MENU_CACHE_USE_GROUPS\";s:1:\"Y\";s:10:\"MENU_THEME\";s:4:\"site\";s:14:\"ROOT_MENU_TYPE\";s:4:\"main\";s:7:\"USE_EXT\";s:1:\"N\";s:11:\"PREFIX_MENU\";s:6:\"mobile\";}'),(1427,'s1','bitrix:catalog.section.list','main.menu','/bitrix/templates/moiogorod/header.php','N',NULL,8787,9762,'a:15:{s:18:\"ADD_SECTIONS_CHAIN\";s:1:\"Y\";s:12:\"CACHE_GROUPS\";s:1:\"Y\";s:10:\"CACHE_TIME\";s:8:\"36000000\";s:10:\"CACHE_TYPE\";s:1:\"A\";s:14:\"COUNT_ELEMENTS\";s:1:\"Y\";s:9:\"IBLOCK_ID\";s:1:\"1\";s:11:\"IBLOCK_TYPE\";s:7:\"catalog\";s:12:\"SECTION_CODE\";s:0:\"\";s:14:\"SECTION_FIELDS\";a:2:{i:0;s:0:\"\";i:1;s:0:\"\";}s:10:\"SECTION_ID\";s:26:\"={$_REQUEST[\"SECTION_ID\"]}\";s:11:\"SECTION_URL\";s:0:\"\";s:19:\"SECTION_USER_FIELDS\";a:2:{i:0;s:0:\"\";i:1;s:0:\"\";}s:16:\"SHOW_PARENT_NAME\";s:1:\"Y\";s:9:\"TOP_DEPTH\";s:1:\"2\";s:9:\"VIEW_MODE\";s:4:\"LINE\";}'),(1428,'s1','bitrix:breadcrumb','custom.breadcrumbs','/bitrix/templates/moiogorod/header.php','N',NULL,10299,10663,'a:3:{s:4:\"PATH\";s:0:\"\";s:7:\"SITE_ID\";s:2:\"s1\";s:10:\"START_FROM\";s:1:\"0\";}'),(1430,'s1','bitrix:catalog','advert.catalog','/catalog/index.php','Y','/catalog/',102,6634,'a:157:{s:15:\"ACTION_VARIABLE\";s:6:\"action\";s:17:\"ADD_ELEMENT_CHAIN\";s:1:\"Y\";s:13:\"ADD_PICT_PROP\";s:1:\"-\";s:24:\"ADD_PROPERTIES_TO_BASKET\";s:1:\"Y\";s:18:\"ADD_SECTIONS_CHAIN\";s:1:\"Y\";s:9:\"AJAX_MODE\";s:1:\"N\";s:22:\"AJAX_OPTION_ADDITIONAL\";s:0:\"\";s:19:\"AJAX_OPTION_HISTORY\";s:1:\"N\";s:16:\"AJAX_OPTION_JUMP\";s:1:\"N\";s:17:\"AJAX_OPTION_STYLE\";s:1:\"Y\";s:10:\"BASKET_URL\";s:20:\"/personal/basket.php\";s:17:\"BIG_DATA_RCM_TYPE\";s:8:\"bestsell\";s:12:\"CACHE_FILTER\";s:1:\"N\";s:12:\"CACHE_GROUPS\";s:1:\"Y\";s:10:\"CACHE_TIME\";s:8:\"36000000\";s:10:\"CACHE_TYPE\";s:1:\"A\";s:27:\"COMMON_ADD_TO_BASKET_ACTION\";s:0:\"\";s:23:\"COMMON_SHOW_CLOSE_POPUP\";s:1:\"N\";s:16:\"CONVERT_CURRENCY\";s:1:\"N\";s:27:\"DETAIL_ADD_DETAIL_TO_SLIDER\";s:1:\"N\";s:27:\"DETAIL_ADD_TO_BASKET_ACTION\";a:1:{i:0;s:3:\"BUY\";}s:23:\"DETAIL_BACKGROUND_IMAGE\";s:1:\"-\";s:16:\"DETAIL_BRAND_USE\";s:1:\"N\";s:20:\"DETAIL_BROWSER_TITLE\";s:1:\"-\";s:32:\"DETAIL_CHECK_SECTION_ID_VARIABLE\";s:1:\"N\";s:26:\"DETAIL_DETAIL_PICTURE_MODE\";s:3:\"IMG\";s:19:\"DETAIL_DISPLAY_NAME\";s:1:\"Y\";s:32:\"DETAIL_DISPLAY_PREVIEW_TEXT_MODE\";s:1:\"E\";s:23:\"DETAIL_META_DESCRIPTION\";s:1:\"-\";s:20:\"DETAIL_META_KEYWORDS\";s:1:\"-\";s:20:\"DETAIL_PROPERTY_CODE\";a:2:{i:0;s:0:\"\";i:1;s:0:\"\";}s:24:\"DETAIL_SET_CANONICAL_URL\";s:1:\"N\";s:30:\"DETAIL_SET_VIEWED_IN_COMPONENT\";s:1:\"N\";s:24:\"DETAIL_SHOW_MAX_QUANTITY\";s:1:\"N\";s:19:\"DETAIL_USE_COMMENTS\";s:1:\"N\";s:22:\"DETAIL_USE_VOTE_RATING\";s:1:\"N\";s:28:\"DISABLE_INIT_JS_IN_COMPONENT\";s:1:\"N\";s:20:\"DISPLAY_BOTTOM_PAGER\";s:1:\"Y\";s:17:\"DISPLAY_TOP_PAGER\";s:1:\"N\";s:18:\"ELEMENT_SORT_FIELD\";s:4:\"sort\";s:19:\"ELEMENT_SORT_FIELD2\";s:2:\"id\";s:18:\"ELEMENT_SORT_ORDER\";s:3:\"asc\";s:19:\"ELEMENT_SORT_ORDER2\";s:4:\"desc\";s:17:\"FILTER_FIELD_CODE\";a:3:{i:0;s:0:\"\";i:1;s:9:\"ITEM_COST\";i:2;s:0:\"\";}s:11:\"FILTER_NAME\";s:0:\"\";s:17:\"FILTER_PRICE_CODE\";N;s:20:\"FILTER_PROPERTY_CODE\";a:16:{i:0;s:11:\"ADVERT_TYPE\";i:1;s:10:\"YANDEX_MAP\";i:2;s:9:\"ITEM_COST\";i:3;s:7:\"AUCTION\";i:4;s:9:\"ITEM_TYPE\";i:5;s:15:\"ADDTIONAL_PHONE\";i:6;s:10:\"VIP_ADVERT\";i:7;s:11:\"AMOUNT_TYPE\";i:8;s:12:\"ITEMS_AMOUNT\";i:9;s:9:\"ITEM_USER\";i:10;s:11:\"VENDOR_AREA\";i:11;s:14:\"VENDOR_SUBAREA\";i:12;s:11:\"VENDOR_CITY\";i:13;s:12:\"BLOG_POST_ID\";i:14;s:17:\"BLOG_COMMENTS_CNT\";i:15;s:0:\"\";}s:16:\"FILTER_VIEW_MODE\";s:8:\"VERTICAL\";s:8:\"FORUM_ID\";s:1:\"1\";s:24:\"GIFTS_DETAIL_BLOCK_TITLE\";s:47:\"Выберите один из подарков\";s:29:\"GIFTS_DETAIL_HIDE_BLOCK_TITLE\";s:1:\"N\";s:31:\"GIFTS_DETAIL_PAGE_ELEMENT_COUNT\";s:1:\"3\";s:28:\"GIFTS_DETAIL_TEXT_LABEL_GIFT\";s:14:\"Подарок\";s:37:\"GIFTS_MAIN_PRODUCT_DETAIL_BLOCK_TITLE\";s:89:\"Выберите один из товаров, чтобы получить подарок\";s:42:\"GIFTS_MAIN_PRODUCT_DETAIL_HIDE_BLOCK_TITLE\";s:1:\"N\";s:44:\"GIFTS_MAIN_PRODUCT_DETAIL_PAGE_ELEMENT_COUNT\";s:1:\"3\";s:18:\"GIFTS_MESS_BTN_BUY\";s:14:\"Выбрать\";s:30:\"GIFTS_SECTION_LIST_BLOCK_TITLE\";s:58:\"Подарки к товарам этого раздела\";s:35:\"GIFTS_SECTION_LIST_HIDE_BLOCK_TITLE\";s:1:\"N\";s:37:\"GIFTS_SECTION_LIST_PAGE_ELEMENT_COUNT\";s:1:\"3\";s:34:\"GIFTS_SECTION_LIST_TEXT_LABEL_GIFT\";s:14:\"Подарок\";s:27:\"GIFTS_SHOW_DISCOUNT_PERCENT\";s:1:\"Y\";s:16:\"GIFTS_SHOW_IMAGE\";s:1:\"Y\";s:15:\"GIFTS_SHOW_NAME\";s:1:\"Y\";s:20:\"GIFTS_SHOW_OLD_PRICE\";s:1:\"Y\";s:18:\"HIDE_NOT_AVAILABLE\";s:1:\"N\";s:9:\"IBLOCK_ID\";s:1:\"1\";s:11:\"IBLOCK_TYPE\";s:7:\"catalog\";s:19:\"INCLUDE_SUBSECTIONS\";s:1:\"Y\";s:14:\"INSTANT_RELOAD\";s:1:\"N\";s:10:\"LABEL_PROP\";s:1:\"-\";s:18:\"LINE_ELEMENT_COUNT\";s:1:\"3\";s:17:\"LINK_ELEMENTS_URL\";s:39:\"link.php?PARENT_ELEMENT_ID=#ELEMENT_ID#\";s:14:\"LINK_IBLOCK_ID\";s:0:\"\";s:16:\"LINK_IBLOCK_TYPE\";s:0:\"\";s:17:\"LINK_PROPERTY_SID\";s:0:\"\";s:18:\"LIST_BROWSER_TITLE\";s:1:\"-\";s:21:\"LIST_META_DESCRIPTION\";s:1:\"-\";s:18:\"LIST_META_KEYWORDS\";s:1:\"-\";s:18:\"LIST_PROPERTY_CODE\";a:10:{i:0;s:11:\"ADVERT_TYPE\";i:1;s:10:\"YANDEX_MAP\";i:2;s:9:\"ITEM_COST\";i:3;s:7:\"AUCTION\";i:4;s:9:\"ITEM_TYPE\";i:5;s:15:\"ADDTIONAL_PHONE\";i:6;s:11:\"AMOUNT_TYPE\";i:7;s:12:\"ITEMS_AMOUNT\";i:8;s:9:\"ITEM_USER\";i:9;s:0:\"\";}s:17:\"MESSAGES_PER_PAGE\";s:2:\"10\";s:11:\"MESSAGE_404\";s:0:\"\";s:22:\"MESS_BTN_ADD_TO_BASKET\";s:17:\"В корзину\";s:12:\"MESS_BTN_BUY\";s:12:\"Купить\";s:16:\"MESS_BTN_COMPARE\";s:18:\"Сравнение\";s:15:\"MESS_BTN_DETAIL\";s:18:\"Подробнее\";s:18:\"MESS_NOT_AVAILABLE\";s:24:\"Нет в наличии\";s:22:\"PAGER_BASE_LINK_ENABLE\";s:1:\"N\";s:20:\"PAGER_DESC_NUMBERING\";s:1:\"N\";s:31:\"PAGER_DESC_NUMBERING_CACHE_TIME\";s:5:\"36000\";s:14:\"PAGER_SHOW_ALL\";s:1:\"N\";s:17:\"PAGER_SHOW_ALWAYS\";s:1:\"N\";s:14:\"PAGER_TEMPLATE\";s:5:\"round\";s:11:\"PAGER_TITLE\";s:20:\"Объявления\";s:18:\"PAGE_ELEMENT_COUNT\";s:2:\"30\";s:26:\"PARTIAL_PRODUCT_PROPERTIES\";s:1:\"N\";s:13:\"PATH_TO_SMILE\";s:27:\"/bitrix/images/forum/smile/\";s:10:\"PRICE_CODE\";N;s:17:\"PRICE_VAT_INCLUDE\";s:1:\"Y\";s:20:\"PRICE_VAT_SHOW_VALUE\";s:1:\"N\";s:19:\"PRODUCT_ID_VARIABLE\";s:2:\"id\";s:18:\"PRODUCT_PROPERTIES\";N;s:22:\"PRODUCT_PROPS_VARIABLE\";s:4:\"prop\";s:25:\"PRODUCT_QUANTITY_VARIABLE\";s:0:\"\";s:16:\"REVIEW_AJAX_POST\";s:1:\"Y\";s:25:\"SECTIONS_SHOW_PARENT_NAME\";s:1:\"Y\";s:18:\"SECTIONS_VIEW_MODE\";s:4:\"LIST\";s:28:\"SECTION_ADD_TO_BASKET_ACTION\";s:3:\"ADD\";s:24:\"SECTION_BACKGROUND_IMAGE\";s:1:\"-\";s:22:\"SECTION_COUNT_ELEMENTS\";s:1:\"N\";s:19:\"SECTION_ID_VARIABLE\";s:10:\"SECTION_ID\";s:17:\"SECTION_TOP_DEPTH\";s:1:\"1\";s:10:\"SEF_FOLDER\";s:9:\"/catalog/\";s:8:\"SEF_MODE\";s:1:\"Y\";s:17:\"SET_LAST_MODIFIED\";s:1:\"N\";s:14:\"SET_STATUS_404\";s:1:\"N\";s:9:\"SET_TITLE\";s:1:\"Y\";s:8:\"SHOW_404\";s:1:\"N\";s:16:\"SHOW_DEACTIVATED\";s:1:\"N\";s:21:\"SHOW_DISCOUNT_PERCENT\";s:1:\"N\";s:18:\"SHOW_LINK_TO_FORUM\";s:1:\"Y\";s:14:\"SHOW_OLD_PRICE\";s:1:\"N\";s:16:\"SHOW_PRICE_COUNT\";s:1:\"1\";s:17:\"SHOW_TOP_ELEMENTS\";s:1:\"N\";s:19:\"SIDEBAR_DETAIL_SHOW\";s:1:\"Y\";s:12:\"SIDEBAR_PATH\";s:0:\"\";s:20:\"SIDEBAR_SECTION_SHOW\";s:1:\"Y\";s:14:\"TEMPLATE_THEME\";s:4:\"blue\";s:24:\"TOP_ADD_TO_BASKET_ACTION\";s:3:\"ADD\";s:17:\"TOP_ELEMENT_COUNT\";s:1:\"9\";s:22:\"TOP_ELEMENT_SORT_FIELD\";s:4:\"sort\";s:23:\"TOP_ELEMENT_SORT_FIELD2\";s:2:\"id\";s:22:\"TOP_ELEMENT_SORT_ORDER\";s:3:\"asc\";s:23:\"TOP_ELEMENT_SORT_ORDER2\";s:4:\"desc\";s:22:\"TOP_LINE_ELEMENT_COUNT\";s:1:\"3\";s:17:\"TOP_PROPERTY_CODE\";a:2:{i:0;s:0:\"\";i:1;s:0:\"\";}s:13:\"TOP_VIEW_MODE\";s:7:\"SECTION\";s:18:\"URL_TEMPLATES_READ\";s:0:\"\";s:12:\"USE_ALSO_BUY\";s:1:\"N\";s:12:\"USE_BIG_DATA\";s:1:\"N\";s:11:\"USE_CAPTCHA\";s:1:\"N\";s:32:\"USE_COMMON_SETTINGS_BASKET_POPUP\";s:1:\"N\";s:11:\"USE_COMPARE\";s:1:\"N\";s:19:\"USE_ELEMENT_COUNTER\";s:1:\"Y\";s:10:\"USE_FILTER\";s:1:\"Y\";s:16:\"USE_GIFTS_DETAIL\";s:1:\"N\";s:30:\"USE_GIFTS_MAIN_PR_SECTION_LIST\";s:1:\"N\";s:17:\"USE_GIFTS_SECTION\";s:1:\"N\";s:24:\"USE_MAIN_ELEMENT_SECTION\";s:1:\"N\";s:15:\"USE_PRICE_COUNT\";s:1:\"N\";s:20:\"USE_PRODUCT_QUANTITY\";s:1:\"N\";s:10:\"USE_REVIEW\";s:1:\"Y\";s:20:\"USE_SALE_BESTSELLERS\";s:1:\"N\";s:9:\"USE_STORE\";s:1:\"N\";s:18:\"COMPONENT_TEMPLATE\";s:14:\"advert.catalog\";s:17:\"SEF_URL_TEMPLATES\";a:5:{s:8:\"sections\";s:0:\"\";s:7:\"section\";s:15:\"#SECTION_CODE#/\";s:7:\"element\";s:28:\"#SECTION_CODE#/#ELEMENT_ID#/\";s:7:\"compare\";s:32:\"compare.php?action=#ACTION_CODE#\";s:12:\"smart_filter\";s:46:\"#SECTION_ID#/filter/#SMART_FILTER_PATH#/apply/\";}s:16:\"VARIABLE_ALIASES\";a:1:{s:7:\"compare\";a:1:{s:11:\"ACTION_CODE\";s:6:\"action\";}}}');
/*!40000 ALTER TABLE `b_component_params` ENABLE KEYS */;
UNLOCK TABLES;

--
-- Table structure for table `b_conv_context`
--

DROP TABLE IF EXISTS `b_conv_context`;
/*!40101 SET @saved_cs_client     = @@character_set_client */;
/*!40101 SET character_set_client = utf8 */;
CREATE TABLE `b_conv_context` (
  `ID` int(10) unsigned NOT NULL AUTO_INCREMENT,
  `SNAPSHOT` char(64) COLLATE utf8_unicode_ci NOT NULL,
  PRIMARY KEY (`ID`),
  UNIQUE KEY `IX_B_CONV_CONTEXT_SNAPSHOT` (`SNAPSHOT`)
) ENGINE=InnoDB AUTO_INCREMENT=12 DEFAULT CHARSET=utf8 COLLATE=utf8_unicode_ci;
/*!40101 SET character_set_client = @saved_cs_client */;

--
-- Dumping data for table `b_conv_context`
--

LOCK TABLES `b_conv_context` WRITE;
/*!40000 ALTER TABLE `b_conv_context` DISABLE KEYS */;
INSERT INTO `b_conv_context` VALUES (10,'0768cfc1102f5c336f776566f943fdf1ce5fc817a9f1cc4da17eaa4e1e9d43c7'),(8,'0d8036ab5beec6f2f9bf2ad28ae9b4178c39d9ec05688c18cf3b681b5d6fdda6'),(3,'13711320167b7d48ecada5db836b3c4eb6a6fa7ea7e419c821efc56901c13a3f'),(5,'1fa549b143920900dc51a0a4b1c36e8befff2cdc4f6e5acf2a9ba9f533fdd528'),(7,'63f0fd7cef5d90ee9a9a08c2eaa888f95d7afd9008d9facdbf01f76b22194281'),(1,'9494cd560d120d5307a19011c32258529258a241b87464db117919014eac5290'),(4,'ac28e9d3b958eac0e8be6ef5c1de29b9d59496fc74fa555e845871e2c0fd3833'),(2,'b51d738ea001617fbf56eda34ff4a3b04237f4f5cb18e40ca40020d462810685'),(6,'beaf60bb7d8195a0acf5d934f2b636b9e67a3213cc29100130415e2682378aa2'),(9,'e122fac568c0ffc9a06f5b22c1ef26b71ed82addeac6ebd2b41094f7cd82566a'),(11,'f30dbffa4ac0a3816522ee64fc073185f4770f876adb593e3eae426f132a25d0');
/*!40000 ALTER TABLE `b_conv_context` ENABLE KEYS */;
UNLOCK TABLES;

--
-- Table structure for table `b_conv_context_attribute`
--

DROP TABLE IF EXISTS `b_conv_context_attribute`;
/*!40101 SET @saved_cs_client     = @@character_set_client */;
/*!40101 SET character_set_client = utf8 */;
CREATE TABLE `b_conv_context_attribute` (
  `CONTEXT_ID` int(10) unsigned NOT NULL,
  `NAME` varchar(30) COLLATE utf8_unicode_ci NOT NULL,
  `VALUE` varchar(30) COLLATE utf8_unicode_ci NOT NULL,
  PRIMARY KEY (`CONTEXT_ID`,`NAME`)
) ENGINE=InnoDB DEFAULT CHARSET=utf8 COLLATE=utf8_unicode_ci;
/*!40101 SET character_set_client = @saved_cs_client */;

--
-- Dumping data for table `b_conv_context_attribute`
--

LOCK TABLES `b_conv_context_attribute` WRITE;
/*!40000 ALTER TABLE `b_conv_context_attribute` DISABLE KEYS */;
INSERT INTO `b_conv_context_attribute` VALUES (1,'conversion_browser','firefox'),(1,'conversion_device_desktop',''),(1,'conversion_operating_system','macos'),(1,'conversion_site','s1'),(2,'conversion_browser','safari'),(2,'conversion_device_desktop',''),(2,'conversion_operating_system','macos'),(2,'conversion_site','s1'),(3,'conversion_browser','chrome'),(3,'conversion_device_desktop',''),(3,'conversion_operating_system','windows'),(3,'conversion_site','s1'),(4,'conversion_browser','firefox'),(4,'conversion_device_desktop',''),(4,'conversion_operating_system','windows'),(4,'conversion_site','s1'),(5,'conversion_browser','ie'),(5,'conversion_device_desktop',''),(5,'conversion_operating_system','windows'),(5,'conversion_site','s1'),(6,'conversion_browser','chrome'),(6,'conversion_device_desktop',''),(6,'conversion_operating_system','macos'),(6,'conversion_site','s1'),(7,'conversion_browser','firefox'),(7,'conversion_device_desktop',''),(7,'conversion_operating_system','linux'),(7,'conversion_site','s1'),(8,'conversion_operating_system','windows'),(8,'conversion_site','s1'),(9,'conversion_site','s1'),(10,'conversion_browser','chrome'),(10,'conversion_device_mobile',''),(10,'conversion_operating_system','android'),(10,'conversion_site','s1'),(11,'conversion_browser','chrome'),(11,'conversion_device_desktop',''),(11,'conversion_operating_system','linux'),(11,'conversion_site','s1');
/*!40000 ALTER TABLE `b_conv_context_attribute` ENABLE KEYS */;
UNLOCK TABLES;

--
-- Table structure for table `b_conv_context_counter_day`
--

DROP TABLE IF EXISTS `b_conv_context_counter_day`;
/*!40101 SET @saved_cs_client     = @@character_set_client */;
/*!40101 SET character_set_client = utf8 */;
CREATE TABLE `b_conv_context_counter_day` (
  `DAY` date NOT NULL,
  `CONTEXT_ID` int(10) unsigned NOT NULL,
  `NAME` varchar(30) COLLATE utf8_unicode_ci NOT NULL,
  `VALUE` float NOT NULL,
  PRIMARY KEY (`DAY`,`CONTEXT_ID`,`NAME`)
) ENGINE=InnoDB DEFAULT CHARSET=utf8 COLLATE=utf8_unicode_ci;
/*!40101 SET character_set_client = @saved_cs_client */;

--
-- Dumping data for table `b_conv_context_counter_day`
--

LOCK TABLES `b_conv_context_counter_day` WRITE;
/*!40000 ALTER TABLE `b_conv_context_counter_day` DISABLE KEYS */;
INSERT INTO `b_conv_context_counter_day` VALUES ('2016-03-03',1,'conversion_visit_day',1),('2016-03-04',1,'conversion_visit_day',2),('2016-03-04',2,'conversion_visit_day',1),('2016-03-05',1,'conversion_visit_day',1),('2016-03-05',2,'conversion_visit_day',1),('2016-03-09',1,'conversion_visit_day',1),('2016-03-10',2,'conversion_visit_day',2),('2016-03-11',1,'conversion_visit_day',1),('2016-03-14',2,'conversion_visit_day',1),('2016-03-15',1,'conversion_visit_day',1),('2016-03-17',3,'conversion_visit_day',1),('2016-03-18',1,'conversion_visit_day',1),('2016-03-18',2,'conversion_visit_day',1),('2016-03-21',1,'conversion_visit_day',1),('2016-03-21',2,'conversion_visit_day',1),('2016-03-21',3,'conversion_visit_day',1),('2016-03-22',1,'conversion_visit_day',1),('2016-03-22',2,'conversion_visit_day',1),('2016-03-22',3,'conversion_visit_day',1),('2016-03-23',2,'conversion_visit_day',1),('2016-03-23',3,'conversion_visit_day',1),('2016-03-24',1,'conversion_visit_day',1),('2016-03-24',3,'conversion_visit_day',1),('2016-03-25',2,'conversion_visit_day',1),('2016-03-25',3,'conversion_visit_day',1),('2016-03-28',1,'conversion_visit_day',1),('2016-03-28',2,'conversion_visit_day',1),('2016-03-28',3,'conversion_visit_day',1),('2016-03-29',1,'conversion_visit_day',1),('2016-03-30',1,'conversion_visit_day',1),('2016-03-30',2,'conversion_visit_day',1),('2016-03-31',1,'conversion_visit_day',1),('2016-03-31',2,'conversion_visit_day',1),('2016-04-03',2,'conversion_visit_day',1),('2016-04-04',1,'conversion_visit_day',1),('2016-04-04',2,'conversion_visit_day',1),('2016-04-05',1,'conversion_visit_day',1),('2016-04-05',3,'conversion_visit_day',1),('2016-04-05',4,'conversion_visit_day',1),('2016-04-06',1,'conversion_visit_day',1),('2016-04-06',3,'conversion_visit_day',1),('2016-04-07',1,'conversion_visit_day',1),('2016-04-07',3,'conversion_visit_day',1),('2016-04-08',1,'conversion_visit_day',1),('2016-04-13',1,'conversion_visit_day',2),('2016-04-13',4,'conversion_visit_day',1),('2016-04-14',1,'conversion_visit_day',1),('2016-04-29',3,'conversion_visit_day',1),('2016-05-02',3,'conversion_visit_day',1),('2016-05-17',3,'conversion_visit_day',1),('2016-05-18',3,'conversion_visit_day',1),('2016-05-19',1,'conversion_visit_day',1),('2016-05-19',3,'conversion_visit_day',1),('2016-05-20',3,'conversion_visit_day',1),('2016-05-24',3,'conversion_visit_day',1),('2016-05-27',3,'conversion_visit_day',1),('2016-05-30',3,'conversion_visit_day',2),('2016-05-31',1,'conversion_visit_day',1),('2016-05-31',3,'conversion_visit_day',1),('2016-06-01',3,'conversion_visit_day',1),('2016-06-02',3,'conversion_visit_day',1),('2016-06-03',1,'conversion_visit_day',1),('2016-06-03',3,'conversion_visit_day',1),('2016-06-06',1,'conversion_visit_day',1),('2016-06-06',2,'conversion_visit_day',1),('2016-06-06',3,'conversion_visit_day',1),('2016-06-07',1,'conversion_visit_day',1),('2016-06-07',2,'conversion_visit_day',1),('2016-06-07',3,'conversion_visit_day',1),('2016-06-08',3,'conversion_visit_day',1),('2016-06-09',2,'conversion_visit_day',1),('2016-06-09',3,'conversion_visit_day',1),('2016-06-10',2,'conversion_visit_day',1),('2016-06-10',3,'conversion_visit_day',1),('2016-06-12',3,'conversion_visit_day',1),('2016-06-12',5,'conversion_visit_day',1),('2016-06-14',2,'conversion_visit_day',1),('2016-06-14',3,'conversion_visit_day',1),('2016-06-14',6,'conversion_visit_day',1),('2016-06-15',1,'conversion_visit_day',1),('2016-06-15',6,'conversion_visit_day',1),('2016-06-26',5,'conversion_visit_day',1),('2016-06-27',1,'conversion_visit_day',1),('2016-08-02',1,'conversion_visit_day',1),('2016-08-02',2,'conversion_visit_day',1),('2016-08-05',2,'conversion_visit_day',1),('2016-08-16',1,'conversion_visit_day',1),('2016-08-16',7,'conversion_visit_day',1),('2016-10-18',3,'conversion_visit_day',1),('2016-10-19',3,'conversion_visit_day',3),('2016-10-20',1,'conversion_visit_day',1),('2016-10-20',3,'conversion_visit_day',1),('2016-10-21',3,'conversion_visit_day',1),('2016-10-23',3,'conversion_visit_day',3),('2016-10-31',3,'conversion_visit_day',1),('2016-11-03',3,'conversion_visit_day',1),('2016-11-04',3,'conversion_visit_day',1),('2016-11-21',3,'conversion_visit_day',1),('2016-11-22',3,'conversion_visit_day',1),('2016-12-04',1,'conversion_visit_day',2),('2016-12-05',1,'conversion_visit_day',1),('2016-12-08',1,'conversion_visit_day',2),('2016-12-10',3,'conversion_visit_day',1),('2016-12-12',3,'conversion_visit_day',1),('2016-12-16',3,'conversion_visit_day',1),('2016-12-17',3,'conversion_visit_day',1),('2016-12-18',3,'conversion_visit_day',1),('2016-12-19',3,'conversion_visit_day',1),('2016-12-19',4,'conversion_visit_day',1),('2017-01-06',3,'conversion_visit_day',1),('2017-01-07',1,'conversion_visit_day',1),('2017-01-13',1,'conversion_visit_day',2),('2017-01-15',1,'conversion_visit_day',1),('2017-01-21',1,'conversion_visit_day',1),('2017-01-21',3,'conversion_visit_day',1),('2017-01-21',8,'conversion_visit_day',1),('2017-01-22',1,'conversion_visit_day',1),('2017-01-24',9,'conversion_visit_day',5),('2017-01-25',9,'conversion_visit_day',1),('2017-01-26',4,'conversion_visit_day',1),('2017-01-26',8,'conversion_visit_day',1),('2017-01-28',1,'conversion_visit_day',1),('2017-01-29',1,'conversion_visit_day',1),('2017-01-29',6,'conversion_visit_day',1),('2017-02-06',3,'conversion_visit_day',1),('2017-02-07',10,'conversion_visit_day',1),('2017-02-08',3,'conversion_visit_day',1),('2017-02-09',3,'conversion_visit_day',1),('2017-02-09',4,'conversion_visit_day',1),('2017-02-18',3,'conversion_visit_day',1),('2017-02-18',4,'conversion_visit_day',1),('2017-02-19',3,'conversion_visit_day',1),('2017-02-28',3,'conversion_visit_day',1),('2017-03-04',3,'conversion_visit_day',2),('2017-03-05',3,'conversion_visit_day',2),('2017-03-05',4,'conversion_visit_day',1),('2017-03-11',3,'conversion_visit_day',1),('2017-03-18',3,'conversion_visit_day',1),('2017-03-19',3,'conversion_visit_day',2),('2017-03-26',11,'conversion_visit_day',1),('2017-04-01',11,'conversion_visit_day',1),('2017-04-03',11,'conversion_visit_day',2),('2017-04-04',11,'conversion_visit_day',1),('2017-04-05',11,'conversion_visit_day',1),('2017-04-30',11,'conversion_visit_day',2),('2017-05-01',11,'conversion_visit_day',1),('2017-05-04',10,'conversion_visit_day',1),('2017-05-07',11,'conversion_visit_day',3),('2017-05-08',11,'conversion_visit_day',1),('2017-05-09',11,'conversion_visit_day',1),('2017-05-13',11,'conversion_visit_day',1),('2017-05-14',11,'conversion_visit_day',1),('2017-05-15',11,'conversion_visit_day',1),('2017-05-17',11,'conversion_visit_day',1),('2017-05-24',3,'conversion_visit_day',4),('2017-05-24',4,'conversion_visit_day',1),('2017-05-27',11,'conversion_visit_day',1),('2017-05-28',11,'conversion_visit_day',3),('2017-05-29',11,'conversion_visit_day',1),('2017-06-01',11,'conversion_visit_day',1),('2017-06-02',11,'conversion_visit_day',1),('2017-06-03',3,'conversion_visit_day',1),('2017-06-03',7,'conversion_visit_day',1),('2017-06-03',11,'conversion_visit_day',2);
/*!40000 ALTER TABLE `b_conv_context_counter_day` ENABLE KEYS */;
UNLOCK TABLES;

--
-- Table structure for table `b_conv_context_entity_item`
--

DROP TABLE IF EXISTS `b_conv_context_entity_item`;
/*!40101 SET @saved_cs_client     = @@character_set_client */;
/*!40101 SET character_set_client = utf8 */;
CREATE TABLE `b_conv_context_entity_item` (
  `ENTITY` varchar(30) COLLATE utf8_unicode_ci NOT NULL,
  `ITEM` varchar(30) COLLATE utf8_unicode_ci NOT NULL,
  `CONTEXT_ID` int(10) unsigned NOT NULL,
  PRIMARY KEY (`ENTITY`,`ITEM`)
) ENGINE=InnoDB DEFAULT CHARSET=utf8 COLLATE=utf8_unicode_ci;
/*!40101 SET character_set_client = @saved_cs_client */;

--
-- Dumping data for table `b_conv_context_entity_item`
--

LOCK TABLES `b_conv_context_entity_item` WRITE;
/*!40000 ALTER TABLE `b_conv_context_entity_item` DISABLE KEYS */;
/*!40000 ALTER TABLE `b_conv_context_entity_item` ENABLE KEYS */;
UNLOCK TABLES;

--
-- Table structure for table `b_counter_data`
--

DROP TABLE IF EXISTS `b_counter_data`;
/*!40101 SET @saved_cs_client     = @@character_set_client */;
/*!40101 SET character_set_client = utf8 */;
CREATE TABLE `b_counter_data` (
  `ID` varchar(16) COLLATE utf8_unicode_ci NOT NULL,
  `TYPE` varchar(30) COLLATE utf8_unicode_ci NOT NULL,
  `DATA` text COLLATE utf8_unicode_ci NOT NULL,
  PRIMARY KEY (`ID`)
) ENGINE=InnoDB DEFAULT CHARSET=utf8 COLLATE=utf8_unicode_ci;
/*!40101 SET character_set_client = @saved_cs_client */;

--
-- Dumping data for table `b_counter_data`
--

LOCK TABLES `b_counter_data` WRITE;
/*!40000 ALTER TABLE `b_counter_data` DISABLE KEYS */;
/*!40000 ALTER TABLE `b_counter_data` ENABLE KEYS */;
UNLOCK TABLES;

--
-- Table structure for table `b_culture`
--

DROP TABLE IF EXISTS `b_culture`;
/*!40101 SET @saved_cs_client     = @@character_set_client */;
/*!40101 SET character_set_client = utf8 */;
CREATE TABLE `b_culture` (
  `ID` int(11) NOT NULL AUTO_INCREMENT,
  `CODE` varchar(255) COLLATE utf8_unicode_ci DEFAULT NULL,
  `NAME` varchar(255) COLLATE utf8_unicode_ci DEFAULT NULL,
  `FORMAT_DATE` varchar(255) COLLATE utf8_unicode_ci DEFAULT NULL,
  `FORMAT_DATETIME` varchar(255) COLLATE utf8_unicode_ci DEFAULT NULL,
  `FORMAT_NAME` varchar(255) COLLATE utf8_unicode_ci DEFAULT NULL,
  `WEEK_START` int(1) DEFAULT '1',
  `CHARSET` varchar(255) COLLATE utf8_unicode_ci DEFAULT NULL,
  `DIRECTION` char(1) COLLATE utf8_unicode_ci DEFAULT 'Y',
  PRIMARY KEY (`ID`)
) ENGINE=InnoDB AUTO_INCREMENT=3 DEFAULT CHARSET=utf8 COLLATE=utf8_unicode_ci;
/*!40101 SET character_set_client = @saved_cs_client */;

--
-- Dumping data for table `b_culture`
--

LOCK TABLES `b_culture` WRITE;
/*!40000 ALTER TABLE `b_culture` DISABLE KEYS */;
INSERT INTO `b_culture` VALUES (1,'ru','ru','DD.MM.YYYY','DD.MM.YYYY HH:MI:SS','#NAME# #LAST_NAME#',1,'UTF-8','Y'),(2,'en','en','MM/DD/YYYY','MM/DD/YYYY H:MI:SS T','#NAME# #LAST_NAME#',0,'UTF-8','Y');
/*!40000 ALTER TABLE `b_culture` ENABLE KEYS */;
UNLOCK TABLES;

--
-- Table structure for table `b_event`
--

DROP TABLE IF EXISTS `b_event`;
/*!40101 SET @saved_cs_client     = @@character_set_client */;
/*!40101 SET character_set_client = utf8 */;
CREATE TABLE `b_event` (
  `ID` int(18) NOT NULL AUTO_INCREMENT,
  `EVENT_NAME` varchar(255) COLLATE utf8_unicode_ci NOT NULL,
  `MESSAGE_ID` int(18) DEFAULT NULL,
  `LID` varchar(255) COLLATE utf8_unicode_ci NOT NULL,
  `C_FIELDS` longtext COLLATE utf8_unicode_ci,
  `DATE_INSERT` datetime DEFAULT NULL,
  `DATE_EXEC` datetime DEFAULT NULL,
  `SUCCESS_EXEC` char(1) COLLATE utf8_unicode_ci NOT NULL DEFAULT 'N',
  `DUPLICATE` char(1) COLLATE utf8_unicode_ci NOT NULL DEFAULT 'Y',
  `LANGUAGE_ID` char(2) COLLATE utf8_unicode_ci DEFAULT NULL,
  PRIMARY KEY (`ID`),
  KEY `ix_success` (`SUCCESS_EXEC`),
  KEY `ix_b_event_date_exec` (`DATE_EXEC`)
) ENGINE=InnoDB DEFAULT CHARSET=utf8 COLLATE=utf8_unicode_ci;
/*!40101 SET character_set_client = @saved_cs_client */;

--
-- Dumping data for table `b_event`
--

LOCK TABLES `b_event` WRITE;
/*!40000 ALTER TABLE `b_event` DISABLE KEYS */;
/*!40000 ALTER TABLE `b_event` ENABLE KEYS */;
UNLOCK TABLES;

--
-- Table structure for table `b_event_attachment`
--

DROP TABLE IF EXISTS `b_event_attachment`;
/*!40101 SET @saved_cs_client     = @@character_set_client */;
/*!40101 SET character_set_client = utf8 */;
CREATE TABLE `b_event_attachment` (
  `EVENT_ID` int(18) NOT NULL,
  `FILE_ID` int(18) NOT NULL,
  `IS_FILE_COPIED` char(1) COLLATE utf8_unicode_ci NOT NULL DEFAULT 'Y',
  PRIMARY KEY (`EVENT_ID`,`FILE_ID`)
) ENGINE=InnoDB DEFAULT CHARSET=utf8 COLLATE=utf8_unicode_ci;
/*!40101 SET character_set_client = @saved_cs_client */;

--
-- Dumping data for table `b_event_attachment`
--

LOCK TABLES `b_event_attachment` WRITE;
/*!40000 ALTER TABLE `b_event_attachment` DISABLE KEYS */;
/*!40000 ALTER TABLE `b_event_attachment` ENABLE KEYS */;
UNLOCK TABLES;

--
-- Table structure for table `b_event_log`
--

DROP TABLE IF EXISTS `b_event_log`;
/*!40101 SET @saved_cs_client     = @@character_set_client */;
/*!40101 SET character_set_client = utf8 */;
CREATE TABLE `b_event_log` (
  `ID` int(18) NOT NULL AUTO_INCREMENT,
  `TIMESTAMP_X` timestamp NOT NULL DEFAULT CURRENT_TIMESTAMP ON UPDATE CURRENT_TIMESTAMP,
  `SEVERITY` varchar(50) COLLATE utf8_unicode_ci NOT NULL,
  `AUDIT_TYPE_ID` varchar(50) COLLATE utf8_unicode_ci NOT NULL,
  `MODULE_ID` varchar(50) COLLATE utf8_unicode_ci NOT NULL,
  `ITEM_ID` varchar(255) COLLATE utf8_unicode_ci NOT NULL,
  `REMOTE_ADDR` varchar(40) COLLATE utf8_unicode_ci DEFAULT NULL,
  `USER_AGENT` text COLLATE utf8_unicode_ci,
  `REQUEST_URI` text COLLATE utf8_unicode_ci,
  `SITE_ID` char(2) COLLATE utf8_unicode_ci DEFAULT NULL,
  `USER_ID` int(18) DEFAULT NULL,
  `GUEST_ID` int(18) DEFAULT NULL,
  `DESCRIPTION` mediumtext COLLATE utf8_unicode_ci,
  PRIMARY KEY (`ID`),
  KEY `ix_b_event_log_time` (`TIMESTAMP_X`)
) ENGINE=InnoDB AUTO_INCREMENT=2519 DEFAULT CHARSET=utf8 COLLATE=utf8_unicode_ci;
/*!40101 SET character_set_client = @saved_cs_client */;

--
-- Dumping data for table `b_event_log`
--

LOCK TABLES `b_event_log` WRITE;
/*!40000 ALTER TABLE `b_event_log` DISABLE KEYS */;
INSERT INTO `b_event_log` VALUES (2478,'2017-05-27 11:00:03','WARNING','SITE_CHECKER_ERROR','main','/var/www/ogorod/','127.0.0.1','Mozilla/5.0 (X11; Linux x86_64) AppleWebKit/537.36 (KHTML, like Gecko) Chrome/58.0.3029.96 Safari/537.36','/','s1',NULL,NULL,''),(2479,'2017-05-27 12:14:33','UNKNOWN','IBLOCK_ELEMENT_EDIT','iblock','1','127.0.0.1','Mozilla/5.0 (X11; Linux x86_64) AppleWebKit/537.36 (KHTML, like Gecko) Chrome/58.0.3029.96 Safari/537.36','/bitrix/admin/cat_product_edit.php?IBLOCK_ID=1&type=catalog&lang=ru&find_section_section=0',NULL,1,NULL,'a:6:{s:2:\"ID\";i:40;s:4:\"CODE\";s:0:\"\";s:4:\"NAME\";s:25:\"штаны льняные\";s:12:\"ELEMENT_NAME\";s:20:\"Объявление\";s:7:\"USER_ID\";i:1;s:15:\"IBLOCK_PAGE_URL\";s:9:\"/catalog/\";}'),(2480,'2017-05-27 12:18:43','UNKNOWN','IBLOCK_ELEMENT_EDIT','iblock','1','127.0.0.1','Mozilla/5.0 (X11; Linux x86_64) AppleWebKit/537.36 (KHTML, like Gecko) Chrome/58.0.3029.96 Safari/537.36','/bitrix/admin/cat_product_edit.php?IBLOCK_ID=1&type=catalog&lang=ru&find_section_section=0',NULL,1,NULL,'a:6:{s:2:\"ID\";i:40;s:4:\"CODE\";s:0:\"\";s:4:\"NAME\";s:25:\"штаны льняные\";s:12:\"ELEMENT_NAME\";s:20:\"Объявление\";s:7:\"USER_ID\";i:1;s:15:\"IBLOCK_PAGE_URL\";s:9:\"/catalog/\";}'),(2481,'2017-05-27 13:02:30','UNKNOWN','IBLOCK_ELEMENT_EDIT','iblock','1','127.0.0.1','Mozilla/5.0 (X11; Linux x86_64) AppleWebKit/537.36 (KHTML, like Gecko) Chrome/58.0.3029.96 Safari/537.36','/bitrix/admin/cat_product_edit.php?IBLOCK_ID=1&type=catalog&lang=ru&find_section_section=0',NULL,1,NULL,'a:6:{s:2:\"ID\";i:40;s:4:\"CODE\";s:0:\"\";s:4:\"NAME\";s:25:\"штаны льняные\";s:12:\"ELEMENT_NAME\";s:20:\"Объявление\";s:7:\"USER_ID\";i:1;s:15:\"IBLOCK_PAGE_URL\";s:9:\"/catalog/\";}'),(2482,'2017-05-28 12:04:47','WARNING','SITE_CHECKER_ERROR','main','/var/www/ogorod/','127.0.0.1','Mozilla/5.0 (X11; Linux x86_64) AppleWebKit/537.36 (KHTML, like Gecko) Chrome/58.0.3029.96 Safari/537.36','/bitrix/tools/public_session.php?&interval=0&k=095bb09f967b2fb9f1d3acef4b027408','s1',NULL,NULL,''),(2483,'2017-05-28 19:58:06','UNKNOWN','IBLOCK_ELEMENT_EDIT','iblock','1','127.0.0.1','Mozilla/5.0 (X11; Linux x86_64) AppleWebKit/537.36 (KHTML, like Gecko) Chrome/58.0.3029.96 Safari/537.36','/bitrix/admin/cat_product_edit.php?IBLOCK_ID=1&type=catalog&lang=ru&find_section_section=0',NULL,1,NULL,'a:6:{s:2:\"ID\";i:40;s:4:\"CODE\";s:0:\"\";s:4:\"NAME\";s:25:\"штаны льняные\";s:12:\"ELEMENT_NAME\";s:20:\"Объявление\";s:7:\"USER_ID\";i:1;s:15:\"IBLOCK_PAGE_URL\";s:9:\"/catalog/\";}'),(2484,'2017-06-01 20:17:44','WARNING','SITE_CHECKER_ERROR','main','/var/www/ogorod/','127.0.0.1','Mozilla/5.0 (X11; Linux x86_64) AppleWebKit/537.36 (KHTML, like Gecko) Chrome/58.0.3029.96 Safari/537.36','/','s1',NULL,NULL,''),(2485,'2017-06-03 13:37:50','WARNING','SITE_CHECKER_ERROR','main','/var/www/ogorod/','127.0.0.1','Mozilla/5.0 (X11; Linux x86_64) AppleWebKit/537.36 (KHTML, like Gecko) Chrome/58.0.3029.96 Safari/537.36','/','s1',NULL,NULL,''),(2486,'2017-06-03 17:43:01','WARNING','SITE_CHECKER_ERROR','main','/var/www/ogorod/','127.0.0.1','Mozilla/5.0 (X11; Linux x86_64) AppleWebKit/537.36 (KHTML, like Gecko) Chrome/58.0.3029.96 Safari/537.36','/bitrix/admin/site_checker.php?HTTP_HOST=ogorod.loc&SERVER_PORT=&HTTPS=&test_start=Y&lang=ru&step=36&global_test_vars=YTozOntzOjIwOiJzaXRlX2NoZWNrZXJfc3VjY2VzcyI7czoxOiJOIjtzOjE2OiJjaGVja19ieF9jcm9udGFiIjtiOjA7czoxMDoibGFzdF92YWx1ZSI7czo3OiJzdXBwb3J0Ijt9',NULL,1,NULL,''),(2487,'2017-05-23 18:53:35','UNKNOWN','IBLOCK_ELEMENT_EDIT','iblock','1','192.168.56.1','Mozilla/5.0 (Windows NT 10.0; Win64; x64) AppleWebKit/537.36 (KHTML, like Gecko) Chrome/58.0.3029.110 Safari/537.36','/bitrix/admin/iblock_element_edit.php?IBLOCK_ID=1&type=catalog&lang=ru&find_section_section=8',NULL,1,NULL,'a:6:{s:2:\"ID\";i:40;s:4:\"CODE\";s:0:\"\";s:4:\"NAME\";s:25:\"штаны льняные\";s:12:\"ELEMENT_NAME\";s:20:\"Объявление\";s:7:\"USER_ID\";i:1;s:15:\"IBLOCK_PAGE_URL\";s:9:\"/catalog/\";}'),(2488,'2017-05-23 18:53:38','UNKNOWN','IBLOCK_ELEMENT_EDIT','iblock','1','192.168.56.1','Mozilla/5.0 (Windows NT 10.0; Win64; x64) AppleWebKit/537.36 (KHTML, like Gecko) Chrome/58.0.3029.110 Safari/537.36','/bitrix/admin/iblock_element_edit.php?IBLOCK_ID=1&type=catalog&lang=ru&find_section_section=8',NULL,1,NULL,'a:6:{s:2:\"ID\";i:40;s:4:\"CODE\";s:0:\"\";s:4:\"NAME\";s:25:\"штаны льняные\";s:12:\"ELEMENT_NAME\";s:20:\"Объявление\";s:7:\"USER_ID\";i:1;s:15:\"IBLOCK_PAGE_URL\";s:9:\"/catalog/\";}'),(2489,'2017-05-23 18:54:57','UNKNOWN','IBLOCK_ELEMENT_EDIT','iblock','1','192.168.56.1','Mozilla/5.0 (Windows NT 10.0; Win64; x64) AppleWebKit/537.36 (KHTML, like Gecko) Chrome/58.0.3029.110 Safari/537.36','/bitrix/admin/iblock_element_edit.php?IBLOCK_ID=1&type=catalog&lang=ru&find_section_section=8',NULL,1,NULL,'a:6:{s:2:\"ID\";i:40;s:4:\"CODE\";s:0:\"\";s:4:\"NAME\";s:25:\"штаны льняные\";s:12:\"ELEMENT_NAME\";s:20:\"Объявление\";s:7:\"USER_ID\";i:1;s:15:\"IBLOCK_PAGE_URL\";s:9:\"/catalog/\";}'),(2490,'2017-05-23 18:58:34','UNKNOWN','IBLOCK_ELEMENT_DELETE','iblock','1','192.168.56.1','Mozilla/5.0 (Windows NT 10.0; Win64; x64) AppleWebKit/537.36 (KHTML, like Gecko) Chrome/58.0.3029.110 Safari/537.36','/account/advertisement/?delete=Y&CODE=23','s1',1,NULL,'a:6:{s:2:\"ID\";i:23;s:4:\"CODE\";N;s:4:\"NAME\";s:40:\"Тестовое для аккаунта\";s:12:\"ELEMENT_NAME\";s:20:\"Объявление\";s:7:\"USER_ID\";i:1;s:15:\"IBLOCK_PAGE_URL\";s:9:\"/catalog/\";}'),(2491,'2017-05-23 19:01:51','UNKNOWN','MENU_EDIT','main','UNKNOWN','192.168.56.1','Mozilla/5.0 (Windows NT 10.0; Win64; x64) AppleWebKit/537.36 (KHTML, like Gecko) Chrome/58.0.3029.110 Safari/537.36','/bitrix/admin/public_menu_edit.php?bxsender=core_window_cdialog&lang=ru&site=s1&back_url=%2Fcatalog%2Fbarakholka%2F%3Fbitrix_include_areas%3DY&path=%2F&name=main&siteTemplateId=moiogorod',NULL,1,NULL,'a:2:{s:9:\"menu_name\";s:23:\"Главное меню\";s:4:\"path\";b:0;}'),(2492,'2017-05-24 14:18:28','UNKNOWN','IBLOCK_SECTION_EDIT','iblock','1','192.168.56.1','Mozilla/5.0 (Windows NT 10.0; Win64; x64) AppleWebKit/537.36 (KHTML, like Gecko) Chrome/58.0.3029.110 Safari/537.36','/bitrix/admin/iblock_section_admin.php?mode=frame&IBLOCK_ID=1&type=catalog&lang=ru&find_section_section=0',NULL,1,NULL,'a:6:{s:2:\"ID\";i:9;s:4:\"CODE\";s:12:\"nedvizhimost\";s:4:\"NAME\";s:37:\"Халяльная продукция\";s:12:\"SECTION_NAME\";s:12:\"Раздел\";s:7:\"USER_ID\";i:1;s:15:\"IBLOCK_PAGE_URL\";s:9:\"/catalog/\";}'),(2493,'2017-05-24 14:18:28','UNKNOWN','IBLOCK_SECTION_EDIT','iblock','1','192.168.56.1','Mozilla/5.0 (Windows NT 10.0; Win64; x64) AppleWebKit/537.36 (KHTML, like Gecko) Chrome/58.0.3029.110 Safari/537.36','/bitrix/admin/iblock_section_admin.php?mode=frame&IBLOCK_ID=1&type=catalog&lang=ru&find_section_section=0',NULL,1,NULL,'a:6:{s:2:\"ID\";i:8;s:4:\"CODE\";s:10:\"barakholka\";s:4:\"NAME\";s:18:\"Барахолка\";s:12:\"SECTION_NAME\";s:12:\"Раздел\";s:7:\"USER_ID\";i:1;s:15:\"IBLOCK_PAGE_URL\";s:9:\"/catalog/\";}'),(2494,'2017-05-24 14:18:28','UNKNOWN','IBLOCK_SECTION_EDIT','iblock','1','192.168.56.1','Mozilla/5.0 (Windows NT 10.0; Win64; x64) AppleWebKit/537.36 (KHTML, like Gecko) Chrome/58.0.3029.110 Safari/537.36','/bitrix/admin/iblock_section_admin.php?mode=frame&IBLOCK_ID=1&type=catalog&lang=ru&find_section_section=0',NULL,1,NULL,'a:6:{s:2:\"ID\";i:6;s:4:\"CODE\";s:20:\"uslugi-dlya-fermerov\";s:4:\"NAME\";s:36:\"Услуги для фермеров\";s:12:\"SECTION_NAME\";s:12:\"Раздел\";s:7:\"USER_ID\";i:1;s:15:\"IBLOCK_PAGE_URL\";s:9:\"/catalog/\";}'),(2495,'2017-05-24 14:18:28','UNKNOWN','IBLOCK_SECTION_EDIT','iblock','1','192.168.56.1','Mozilla/5.0 (Windows NT 10.0; Win64; x64) AppleWebKit/537.36 (KHTML, like Gecko) Chrome/58.0.3029.110 Safari/537.36','/bitrix/admin/iblock_section_admin.php?mode=frame&IBLOCK_ID=1&type=catalog&lang=ru&find_section_section=0',NULL,1,NULL,'a:6:{s:2:\"ID\";i:5;s:4:\"CODE\";s:32:\"gotovaya-fermerskaya-produktsiya\";s:4:\"NAME\";s:54:\"Готовая фермерская продукция\";s:12:\"SECTION_NAME\";s:12:\"Раздел\";s:7:\"USER_ID\";i:1;s:15:\"IBLOCK_PAGE_URL\";s:9:\"/catalog/\";}'),(2496,'2017-05-24 14:18:28','UNKNOWN','IBLOCK_SECTION_EDIT','iblock','1','192.168.56.1','Mozilla/5.0 (Windows NT 10.0; Win64; x64) AppleWebKit/537.36 (KHTML, like Gecko) Chrome/58.0.3029.110 Safari/537.36','/bitrix/admin/iblock_section_admin.php?mode=frame&IBLOCK_ID=1&type=catalog&lang=ru&find_section_section=0',NULL,1,NULL,'a:6:{s:2:\"ID\";i:4;s:4:\"CODE\";s:19:\"ryba-i-moreprodukty\";s:4:\"NAME\";s:36:\"Рыба и морепродукты\";s:12:\"SECTION_NAME\";s:12:\"Раздел\";s:7:\"USER_ID\";i:1;s:15:\"IBLOCK_PAGE_URL\";s:9:\"/catalog/\";}'),(2497,'2017-05-24 14:18:28','UNKNOWN','IBLOCK_SECTION_EDIT','iblock','1','192.168.56.1','Mozilla/5.0 (Windows NT 10.0; Win64; x64) AppleWebKit/537.36 (KHTML, like Gecko) Chrome/58.0.3029.110 Safari/537.36','/bitrix/admin/iblock_section_admin.php?mode=frame&IBLOCK_ID=1&type=catalog&lang=ru&find_section_section=0',NULL,1,NULL,'a:6:{s:2:\"ID\";i:3;s:4:\"CODE\";s:13:\"ptitsevodstvo\";s:4:\"NAME\";s:24:\"Птицеводство\";s:12:\"SECTION_NAME\";s:12:\"Раздел\";s:7:\"USER_ID\";i:1;s:15:\"IBLOCK_PAGE_URL\";s:9:\"/catalog/\";}'),(2498,'2017-05-24 14:18:28','UNKNOWN','IBLOCK_SECTION_EDIT','iblock','1','192.168.56.1','Mozilla/5.0 (Windows NT 10.0; Win64; x64) AppleWebKit/537.36 (KHTML, like Gecko) Chrome/58.0.3029.110 Safari/537.36','/bitrix/admin/iblock_section_admin.php?mode=frame&IBLOCK_ID=1&type=catalog&lang=ru&find_section_section=0',NULL,1,NULL,'a:6:{s:2:\"ID\";i:2;s:4:\"CODE\";s:15:\"rastenievodstvo\";s:4:\"NAME\";s:30:\"Растениеводство\";s:12:\"SECTION_NAME\";s:12:\"Раздел\";s:7:\"USER_ID\";i:1;s:15:\"IBLOCK_PAGE_URL\";s:9:\"/catalog/\";}'),(2499,'2017-05-24 14:18:56','UNKNOWN','IBLOCK_SECTION_DELETE','iblock','1','192.168.56.1','Mozilla/5.0 (Windows NT 10.0; Win64; x64) AppleWebKit/537.36 (KHTML, like Gecko) Chrome/58.0.3029.110 Safari/537.36','/bitrix/admin/iblock_section_admin.php?ID=7&action_button=delete&lang=ru&&type=catalog&lang=ru&IBLOCK_ID=1&find_section_section=0&mode=list&table_id=tbl_iblock_section_160552fecab66c961b2b218b964e1a9a',NULL,1,NULL,'a:6:{s:2:\"ID\";i:7;s:4:\"CODE\";s:8:\"tekhnika\";s:4:\"NAME\";s:14:\"Техника\";s:12:\"SECTION_NAME\";s:12:\"Раздел\";s:7:\"USER_ID\";i:1;s:15:\"IBLOCK_PAGE_URL\";s:9:\"/catalog/\";}'),(2500,'2017-05-24 14:19:35','UNKNOWN','IBLOCK_SECTION_EDIT','iblock','1','192.168.56.1','Mozilla/5.0 (Windows NT 10.0; Win64; x64) AppleWebKit/537.36 (KHTML, like Gecko) Chrome/58.0.3029.110 Safari/537.36','/bitrix/admin/iblock_section_edit.php?IBLOCK_ID=1&type=catalog&lang=ru&find_section_section=0',NULL,1,NULL,'a:6:{s:2:\"ID\";i:5;s:4:\"CODE\";s:23:\"fermerskaya-produktsiya\";s:4:\"NAME\";s:39:\"Фермерская продукция\";s:12:\"SECTION_NAME\";s:12:\"Раздел\";s:7:\"USER_ID\";i:1;s:15:\"IBLOCK_PAGE_URL\";s:9:\"/catalog/\";}'),(2501,'2017-05-24 14:19:46','UNKNOWN','IBLOCK_SECTION_EDIT','iblock','1','192.168.56.1','Mozilla/5.0 (Windows NT 10.0; Win64; x64) AppleWebKit/537.36 (KHTML, like Gecko) Chrome/58.0.3029.110 Safari/537.36','/bitrix/admin/iblock_section_edit.php?IBLOCK_ID=1&type=catalog&lang=ru&find_section_section=0',NULL,1,NULL,'a:6:{s:2:\"ID\";i:9;s:4:\"CODE\";s:23:\"khalyalnaya-produktsiya\";s:4:\"NAME\";s:37:\"Халяльная продукция\";s:12:\"SECTION_NAME\";s:12:\"Раздел\";s:7:\"USER_ID\";i:1;s:15:\"IBLOCK_PAGE_URL\";s:9:\"/catalog/\";}'),(2502,'2017-05-24 14:35:30','UNKNOWN','IBLOCK_ELEMENT_DELETE','iblock','1','192.168.56.1','Mozilla/5.0 (Windows NT 10.0; Win64; x64) AppleWebKit/537.36 (KHTML, like Gecko) Chrome/58.0.3029.110 Safari/537.36','/bitrix/admin/iblock_element_admin.php?mode=frame&IBLOCK_ID=1&type=catalog&lang=ru&find_el_y=Y',NULL,1,NULL,'a:6:{s:2:\"ID\";i:40;s:4:\"CODE\";s:0:\"\";s:4:\"NAME\";s:25:\"штаны льняные\";s:12:\"ELEMENT_NAME\";s:20:\"Объявление\";s:7:\"USER_ID\";i:1;s:15:\"IBLOCK_PAGE_URL\";s:9:\"/catalog/\";}'),(2503,'2017-05-24 14:35:30','UNKNOWN','IBLOCK_ELEMENT_DELETE','iblock','1','192.168.56.1','Mozilla/5.0 (Windows NT 10.0; Win64; x64) AppleWebKit/537.36 (KHTML, like Gecko) Chrome/58.0.3029.110 Safari/537.36','/bitrix/admin/iblock_element_admin.php?mode=frame&IBLOCK_ID=1&type=catalog&lang=ru&find_el_y=Y',NULL,1,NULL,'a:6:{s:2:\"ID\";i:26;s:4:\"CODE\";s:0:\"\";s:4:\"NAME\";s:26:\"говно на палке\";s:12:\"ELEMENT_NAME\";s:20:\"Объявление\";s:7:\"USER_ID\";i:1;s:15:\"IBLOCK_PAGE_URL\";s:9:\"/catalog/\";}'),(2504,'2017-05-24 14:35:30','UNKNOWN','IBLOCK_ELEMENT_DELETE','iblock','1','192.168.56.1','Mozilla/5.0 (Windows NT 10.0; Win64; x64) AppleWebKit/537.36 (KHTML, like Gecko) Chrome/58.0.3029.110 Safari/537.36','/bitrix/admin/iblock_element_admin.php?mode=frame&IBLOCK_ID=1&type=catalog&lang=ru&find_el_y=Y',NULL,1,NULL,'a:6:{s:2:\"ID\";i:25;s:4:\"CODE\";s:0:\"\";s:4:\"NAME\";s:16:\"мухоморы\";s:12:\"ELEMENT_NAME\";s:20:\"Объявление\";s:7:\"USER_ID\";i:1;s:15:\"IBLOCK_PAGE_URL\";s:9:\"/catalog/\";}'),(2505,'2017-05-24 14:35:30','UNKNOWN','IBLOCK_ELEMENT_DELETE','iblock','1','192.168.56.1','Mozilla/5.0 (Windows NT 10.0; Win64; x64) AppleWebKit/537.36 (KHTML, like Gecko) Chrome/58.0.3029.110 Safari/537.36','/bitrix/admin/iblock_element_admin.php?mode=frame&IBLOCK_ID=1&type=catalog&lang=ru&find_el_y=Y',NULL,1,NULL,'a:6:{s:2:\"ID\";i:20;s:4:\"CODE\";s:0:\"\";s:4:\"NAME\";s:14:\"Оленина\";s:12:\"ELEMENT_NAME\";s:20:\"Объявление\";s:7:\"USER_ID\";i:1;s:15:\"IBLOCK_PAGE_URL\";s:9:\"/catalog/\";}'),(2506,'2017-05-24 14:35:30','UNKNOWN','IBLOCK_ELEMENT_DELETE','iblock','1','192.168.56.1','Mozilla/5.0 (Windows NT 10.0; Win64; x64) AppleWebKit/537.36 (KHTML, like Gecko) Chrome/58.0.3029.110 Safari/537.36','/bitrix/admin/iblock_element_admin.php?mode=frame&IBLOCK_ID=1&type=catalog&lang=ru&find_el_y=Y',NULL,1,NULL,'a:6:{s:2:\"ID\";i:19;s:4:\"CODE\";s:0:\"\";s:4:\"NAME\";s:14:\"Хуенина\";s:12:\"ELEMENT_NAME\";s:20:\"Объявление\";s:7:\"USER_ID\";i:1;s:15:\"IBLOCK_PAGE_URL\";s:9:\"/catalog/\";}'),(2507,'2017-05-24 14:35:30','UNKNOWN','IBLOCK_ELEMENT_DELETE','iblock','1','192.168.56.1','Mozilla/5.0 (Windows NT 10.0; Win64; x64) AppleWebKit/537.36 (KHTML, like Gecko) Chrome/58.0.3029.110 Safari/537.36','/bitrix/admin/iblock_element_admin.php?mode=frame&IBLOCK_ID=1&type=catalog&lang=ru&find_el_y=Y',NULL,1,NULL,'a:6:{s:2:\"ID\";i:21;s:4:\"CODE\";s:0:\"\";s:4:\"NAME\";s:18:\"Козлятина\";s:12:\"ELEMENT_NAME\";s:20:\"Объявление\";s:7:\"USER_ID\";i:1;s:15:\"IBLOCK_PAGE_URL\";s:9:\"/catalog/\";}'),(2508,'2017-05-24 14:45:42','UNKNOWN','IBLOCK_SECTION_EDIT','iblock','1','192.168.56.1','Mozilla/5.0 (Windows NT 10.0; Win64; x64) AppleWebKit/537.36 (KHTML, like Gecko) Chrome/58.0.3029.110 Safari/537.36','/bitrix/admin/iblock_section_edit.php?IBLOCK_ID=1&type=catalog&lang=ru&find_section_section=0',NULL,1,NULL,'a:6:{s:2:\"ID\";i:9;s:4:\"CODE\";s:23:\"khalyalnaya-produktsiya\";s:4:\"NAME\";s:37:\"Халяльная продукция\";s:12:\"SECTION_NAME\";s:12:\"Раздел\";s:7:\"USER_ID\";i:1;s:15:\"IBLOCK_PAGE_URL\";s:9:\"/catalog/\";}'),(2509,'2017-05-24 14:54:57','UNKNOWN','IBLOCK_SECTION_EDIT','iblock','1','192.168.56.1','Mozilla/5.0 (Windows NT 10.0; Win64; x64) AppleWebKit/537.36 (KHTML, like Gecko) Chrome/58.0.3029.110 Safari/537.36','/bitrix/admin/iblock_section_edit.php?IBLOCK_ID=1&type=catalog&lang=ru&find_section_section=0',NULL,1,NULL,'a:6:{s:2:\"ID\";i:9;s:4:\"CODE\";s:23:\"khalyalnaya-produktsiya\";s:4:\"NAME\";s:37:\"Халяльная продукция\";s:12:\"SECTION_NAME\";s:12:\"Раздел\";s:7:\"USER_ID\";i:1;s:15:\"IBLOCK_PAGE_URL\";s:9:\"/catalog/\";}'),(2510,'2017-05-24 14:55:28','UNKNOWN','IBLOCK_SECTION_EDIT','iblock','1','192.168.56.1','Mozilla/5.0 (Windows NT 10.0; Win64; x64) AppleWebKit/537.36 (KHTML, like Gecko) Chrome/58.0.3029.110 Safari/537.36','/bitrix/admin/iblock_section_edit.php?IBLOCK_ID=1&type=catalog&lang=ru&find_section_section=0',NULL,1,NULL,'a:6:{s:2:\"ID\";i:8;s:4:\"CODE\";s:10:\"barakholka\";s:4:\"NAME\";s:18:\"Барахолка\";s:12:\"SECTION_NAME\";s:12:\"Раздел\";s:7:\"USER_ID\";i:1;s:15:\"IBLOCK_PAGE_URL\";s:9:\"/catalog/\";}'),(2511,'2017-05-24 14:55:48','UNKNOWN','IBLOCK_SECTION_EDIT','iblock','1','192.168.56.1','Mozilla/5.0 (Windows NT 10.0; Win64; x64) AppleWebKit/537.36 (KHTML, like Gecko) Chrome/58.0.3029.110 Safari/537.36','/bitrix/admin/iblock_section_edit.php?IBLOCK_ID=1&type=catalog&lang=ru&find_section_section=0',NULL,1,NULL,'a:6:{s:2:\"ID\";i:6;s:4:\"CODE\";s:20:\"uslugi-dlya-fermerov\";s:4:\"NAME\";s:36:\"Услуги для фермеров\";s:12:\"SECTION_NAME\";s:12:\"Раздел\";s:7:\"USER_ID\";i:1;s:15:\"IBLOCK_PAGE_URL\";s:9:\"/catalog/\";}'),(2512,'2017-05-24 14:56:42','UNKNOWN','IBLOCK_SECTION_EDIT','iblock','1','192.168.56.1','Mozilla/5.0 (Windows NT 10.0; Win64; x64) AppleWebKit/537.36 (KHTML, like Gecko) Chrome/58.0.3029.110 Safari/537.36','/bitrix/admin/iblock_section_edit.php?IBLOCK_ID=1&type=catalog&lang=ru&find_section_section=0',NULL,1,NULL,'a:6:{s:2:\"ID\";i:5;s:4:\"CODE\";s:23:\"fermerskaya-produktsiya\";s:4:\"NAME\";s:39:\"Фермерская продукция\";s:12:\"SECTION_NAME\";s:12:\"Раздел\";s:7:\"USER_ID\";i:1;s:15:\"IBLOCK_PAGE_URL\";s:9:\"/catalog/\";}'),(2513,'2017-05-24 14:56:56','UNKNOWN','IBLOCK_SECTION_EDIT','iblock','1','192.168.56.1','Mozilla/5.0 (Windows NT 10.0; Win64; x64) AppleWebKit/537.36 (KHTML, like Gecko) Chrome/58.0.3029.110 Safari/537.36','/bitrix/admin/iblock_section_edit.php?IBLOCK_ID=1&type=catalog&lang=ru&find_section_section=0',NULL,1,NULL,'a:6:{s:2:\"ID\";i:4;s:4:\"CODE\";s:19:\"ryba-i-moreprodukty\";s:4:\"NAME\";s:36:\"Рыба и морепродукты\";s:12:\"SECTION_NAME\";s:12:\"Раздел\";s:7:\"USER_ID\";i:1;s:15:\"IBLOCK_PAGE_URL\";s:9:\"/catalog/\";}'),(2514,'2017-05-24 14:57:06','UNKNOWN','IBLOCK_SECTION_EDIT','iblock','1','192.168.56.1','Mozilla/5.0 (Windows NT 10.0; Win64; x64) AppleWebKit/537.36 (KHTML, like Gecko) Chrome/58.0.3029.110 Safari/537.36','/bitrix/admin/iblock_section_edit.php?IBLOCK_ID=1&type=catalog&lang=ru&find_section_section=0',NULL,1,NULL,'a:6:{s:2:\"ID\";i:3;s:4:\"CODE\";s:13:\"ptitsevodstvo\";s:4:\"NAME\";s:24:\"Птицеводство\";s:12:\"SECTION_NAME\";s:12:\"Раздел\";s:7:\"USER_ID\";i:1;s:15:\"IBLOCK_PAGE_URL\";s:9:\"/catalog/\";}'),(2515,'2017-05-24 14:57:21','UNKNOWN','IBLOCK_SECTION_EDIT','iblock','1','192.168.56.1','Mozilla/5.0 (Windows NT 10.0; Win64; x64) AppleWebKit/537.36 (KHTML, like Gecko) Chrome/58.0.3029.110 Safari/537.36','/bitrix/admin/iblock_section_edit.php?IBLOCK_ID=1&type=catalog&lang=ru&find_section_section=0',NULL,1,NULL,'a:6:{s:2:\"ID\";i:2;s:4:\"CODE\";s:15:\"rastenievodstvo\";s:4:\"NAME\";s:30:\"Растениеводство\";s:12:\"SECTION_NAME\";s:12:\"Раздел\";s:7:\"USER_ID\";i:1;s:15:\"IBLOCK_PAGE_URL\";s:9:\"/catalog/\";}'),(2516,'2017-05-24 14:57:30','UNKNOWN','IBLOCK_SECTION_EDIT','iblock','1','192.168.56.1','Mozilla/5.0 (Windows NT 10.0; Win64; x64) AppleWebKit/537.36 (KHTML, like Gecko) Chrome/58.0.3029.110 Safari/537.36','/bitrix/admin/iblock_section_edit.php?IBLOCK_ID=1&type=catalog&lang=ru&find_section_section=0',NULL,1,NULL,'a:6:{s:2:\"ID\";i:1;s:4:\"CODE\";s:15:\"zhivotnovodstvo\";s:4:\"NAME\";s:28:\"Животноводство\";s:12:\"SECTION_NAME\";s:12:\"Раздел\";s:7:\"USER_ID\";i:1;s:15:\"IBLOCK_PAGE_URL\";s:9:\"/catalog/\";}'),(2517,'2017-05-24 15:05:40','UNKNOWN','IBLOCK_ELEMENT_EDIT','iblock','1','192.168.56.1','Mozilla/5.0 (Windows NT 10.0; Win64; x64) AppleWebKit/537.36 (KHTML, like Gecko) Chrome/58.0.3029.110 Safari/537.36','/bitrix/admin/cat_product_edit.php?IBLOCK_ID=1&type=catalog&lang=ru&find_section_section=0',NULL,1,NULL,'a:6:{s:2:\"ID\";i:18;s:4:\"CODE\";s:0:\"\";s:4:\"NAME\";s:14:\"Свинина\";s:12:\"ELEMENT_NAME\";s:20:\"Объявление\";s:7:\"USER_ID\";i:1;s:15:\"IBLOCK_PAGE_URL\";s:9:\"/catalog/\";}'),(2518,'2017-05-24 16:35:56','UNKNOWN','IBLOCK_SECTION_EDIT','iblock','1','192.168.56.1','Mozilla/5.0 (Windows NT 10.0; Win64; x64) AppleWebKit/537.36 (KHTML, like Gecko) Chrome/58.0.3029.110 Safari/537.36','/bitrix/admin/iblock_section_edit.php?IBLOCK_ID=1&type=catalog&lang=ru&find_section_section=0',NULL,1,NULL,'a:6:{s:2:\"ID\";i:9;s:4:\"CODE\";s:23:\"khalyalnaya-produktsiya\";s:4:\"NAME\";s:37:\"Халяльная продукция\";s:12:\"SECTION_NAME\";s:12:\"Раздел\";s:7:\"USER_ID\";i:1;s:15:\"IBLOCK_PAGE_URL\";s:9:\"/catalog/\";}');
/*!40000 ALTER TABLE `b_event_log` ENABLE KEYS */;
UNLOCK TABLES;

--
-- Table structure for table `b_event_message`
--

DROP TABLE IF EXISTS `b_event_message`;
/*!40101 SET @saved_cs_client     = @@character_set_client */;
/*!40101 SET character_set_client = utf8 */;
CREATE TABLE `b_event_message` (
  `ID` int(18) NOT NULL AUTO_INCREMENT,
  `TIMESTAMP_X` timestamp NOT NULL DEFAULT CURRENT_TIMESTAMP ON UPDATE CURRENT_TIMESTAMP,
  `EVENT_NAME` varchar(255) COLLATE utf8_unicode_ci NOT NULL,
  `LID` char(2) COLLATE utf8_unicode_ci DEFAULT NULL,
  `ACTIVE` char(1) COLLATE utf8_unicode_ci NOT NULL DEFAULT 'Y',
  `EMAIL_FROM` varchar(255) COLLATE utf8_unicode_ci NOT NULL DEFAULT '#EMAIL_FROM#',
  `EMAIL_TO` varchar(255) COLLATE utf8_unicode_ci NOT NULL DEFAULT '#EMAIL_TO#',
  `SUBJECT` varchar(255) COLLATE utf8_unicode_ci DEFAULT NULL,
  `MESSAGE` longtext COLLATE utf8_unicode_ci,
  `MESSAGE_PHP` longtext COLLATE utf8_unicode_ci,
  `BODY_TYPE` varchar(4) COLLATE utf8_unicode_ci NOT NULL DEFAULT 'text',
  `BCC` text COLLATE utf8_unicode_ci,
  `REPLY_TO` varchar(255) COLLATE utf8_unicode_ci DEFAULT NULL,
  `CC` varchar(255) COLLATE utf8_unicode_ci DEFAULT NULL,
  `IN_REPLY_TO` varchar(255) COLLATE utf8_unicode_ci DEFAULT NULL,
  `PRIORITY` varchar(50) COLLATE utf8_unicode_ci DEFAULT NULL,
  `FIELD1_NAME` varchar(50) COLLATE utf8_unicode_ci DEFAULT NULL,
  `FIELD1_VALUE` varchar(255) COLLATE utf8_unicode_ci DEFAULT NULL,
  `FIELD2_NAME` varchar(50) COLLATE utf8_unicode_ci DEFAULT NULL,
  `FIELD2_VALUE` varchar(255) COLLATE utf8_unicode_ci DEFAULT NULL,
  `SITE_TEMPLATE_ID` varchar(255) COLLATE utf8_unicode_ci DEFAULT NULL,
  `ADDITIONAL_FIELD` text COLLATE utf8_unicode_ci,
  `LANGUAGE_ID` char(2) COLLATE utf8_unicode_ci DEFAULT NULL,
  PRIMARY KEY (`ID`),
  KEY `ix_b_event_message_name` (`EVENT_NAME`(50))
) ENGINE=InnoDB AUTO_INCREMENT=73 DEFAULT CHARSET=utf8 COLLATE=utf8_unicode_ci;
/*!40101 SET character_set_client = @saved_cs_client */;

--
-- Dumping data for table `b_event_message`
--

LOCK TABLES `b_event_message` WRITE;
/*!40000 ALTER TABLE `b_event_message` DISABLE KEYS */;
INSERT INTO `b_event_message` VALUES (1,'2016-03-02 15:40:26','NEW_USER','s1','Y','#DEFAULT_EMAIL_FROM#','#DEFAULT_EMAIL_FROM#','#SITE_NAME#: Зарегистрировался новый пользователь','Информационное сообщение сайта #SITE_NAME#\n------------------------------------------\n\nНа сайте #SERVER_NAME# успешно зарегистрирован новый пользователь.\n\nДанные пользователя:\nID пользователя: #USER_ID#\n\nИмя: #NAME#\nФамилия: #LAST_NAME#\nE-Mail: #EMAIL#\n\nLogin: #LOGIN#\n\nПисьмо сгенерировано автоматически.','Информационное сообщение сайта <?=$arParams[\"SITE_NAME\"];?>\n\n------------------------------------------\n\nНа сайте <?=$arParams[\"SERVER_NAME\"];?> успешно зарегистрирован новый пользователь.\n\nДанные пользователя:\nID пользователя: <?=$arParams[\"USER_ID\"];?>\n\n\nИмя: <?=$arParams[\"NAME\"];?>\n\nФамилия: <?=$arParams[\"LAST_NAME\"];?>\n\nE-Mail: <?=$arParams[\"EMAIL\"];?>\n\n\nLogin: <?=$arParams[\"LOGIN\"];?>\n\n\nПисьмо сгенерировано автоматически.','text',NULL,NULL,NULL,NULL,NULL,NULL,NULL,NULL,NULL,NULL,NULL,NULL),(2,'2016-03-02 15:40:26','USER_INFO','s1','Y','#DEFAULT_EMAIL_FROM#','#EMAIL#','#SITE_NAME#: Регистрационная информация','Информационное сообщение сайта #SITE_NAME#\n------------------------------------------\n#NAME# #LAST_NAME#,\n\n#MESSAGE#\n\nВаша регистрационная информация:\n\nID пользователя: #USER_ID#\nСтатус профиля: #STATUS#\nLogin: #LOGIN#\n\nВы можете изменить пароль, перейдя по следующей ссылке:\nhttp://#SERVER_NAME#/auth/index.php?change_password=yes&lang=ru&USER_CHECKWORD=#CHECKWORD#&USER_LOGIN=#URL_LOGIN#\n\nСообщение сгенерировано автоматически.','Информационное сообщение сайта <?=$arParams[\"SITE_NAME\"];?>\n\n------------------------------------------\n<?=$arParams[\"NAME\"];?> <?=$arParams[\"LAST_NAME\"];?>,\n\n<?=$arParams[\"MESSAGE\"];?>\n\n\nВаша регистрационная информация:\n\nID пользователя: <?=$arParams[\"USER_ID\"];?>\n\nСтатус профиля: <?=$arParams[\"STATUS\"];?>\n\nLogin: <?=$arParams[\"LOGIN\"];?>\n\n\nВы можете изменить пароль, перейдя по следующей ссылке:\nhttp://<?=$arParams[\"SERVER_NAME\"];?>/auth/index.php?change_password=yes&lang=ru&USER_CHECKWORD=<?=$arParams[\"CHECKWORD\"];?>&USER_LOGIN=<?=$arParams[\"URL_LOGIN\"];?>\n\n\nСообщение сгенерировано автоматически.','text',NULL,NULL,NULL,NULL,NULL,NULL,NULL,NULL,NULL,NULL,NULL,NULL),(3,'2016-03-02 15:40:26','USER_PASS_REQUEST','s1','Y','#DEFAULT_EMAIL_FROM#','#EMAIL#','#SITE_NAME#: Запрос на смену пароля','Информационное сообщение сайта #SITE_NAME#\n------------------------------------------\n#NAME# #LAST_NAME#,\n\n#MESSAGE#\n\nДля смены пароля перейдите по следующей ссылке:\nhttp://#SERVER_NAME#/auth/index.php?change_password=yes&lang=ru&USER_CHECKWORD=#CHECKWORD#&USER_LOGIN=#URL_LOGIN#\n\nВаша регистрационная информация:\n\nID пользователя: #USER_ID#\nСтатус профиля: #STATUS#\nLogin: #LOGIN#\n\nСообщение сгенерировано автоматически.','Информационное сообщение сайта <?=$arParams[\"SITE_NAME\"];?>\n\n------------------------------------------\n<?=$arParams[\"NAME\"];?> <?=$arParams[\"LAST_NAME\"];?>,\n\n<?=$arParams[\"MESSAGE\"];?>\n\n\nДля смены пароля перейдите по следующей ссылке:\nhttp://<?=$arParams[\"SERVER_NAME\"];?>/auth/index.php?change_password=yes&lang=ru&USER_CHECKWORD=<?=$arParams[\"CHECKWORD\"];?>&USER_LOGIN=<?=$arParams[\"URL_LOGIN\"];?>\n\n\nВаша регистрационная информация:\n\nID пользователя: <?=$arParams[\"USER_ID\"];?>\n\nСтатус профиля: <?=$arParams[\"STATUS\"];?>\n\nLogin: <?=$arParams[\"LOGIN\"];?>\n\n\nСообщение сгенерировано автоматически.','text',NULL,NULL,NULL,NULL,NULL,NULL,NULL,NULL,NULL,NULL,NULL,NULL),(4,'2016-03-02 15:40:26','USER_PASS_CHANGED','s1','Y','#DEFAULT_EMAIL_FROM#','#EMAIL#','#SITE_NAME#: Подтверждение смены пароля','Информационное сообщение сайта #SITE_NAME#\n------------------------------------------\n#NAME# #LAST_NAME#,\n\n#MESSAGE#\n\nВаша регистрационная информация:\n\nID пользователя: #USER_ID#\nСтатус профиля: #STATUS#\nLogin: #LOGIN#\n\nСообщение сгенерировано автоматически.','Информационное сообщение сайта <?=$arParams[\"SITE_NAME\"];?>\n\n------------------------------------------\n<?=$arParams[\"NAME\"];?> <?=$arParams[\"LAST_NAME\"];?>,\n\n<?=$arParams[\"MESSAGE\"];?>\n\n\nВаша регистрационная информация:\n\nID пользователя: <?=$arParams[\"USER_ID\"];?>\n\nСтатус профиля: <?=$arParams[\"STATUS\"];?>\n\nLogin: <?=$arParams[\"LOGIN\"];?>\n\n\nСообщение сгенерировано автоматически.','text',NULL,NULL,NULL,NULL,NULL,NULL,NULL,NULL,NULL,NULL,NULL,NULL),(5,'2016-03-02 15:40:26','NEW_USER_CONFIRM','s1','Y','#DEFAULT_EMAIL_FROM#','#EMAIL#','#SITE_NAME#: Подтверждение регистрации нового пользователя','Информационное сообщение сайта #SITE_NAME#\n------------------------------------------\n\nЗдравствуйте,\n\nВы получили это сообщение, так как ваш адрес был использован при регистрации нового пользователя на сервере #SERVER_NAME#.\n\nВаш код для подтверждения регистрации: #CONFIRM_CODE#\n\nДля подтверждения регистрации перейдите по следующей ссылке:\nhttp://#SERVER_NAME#/auth/index.php?confirm_registration=yes&confirm_user_id=#USER_ID#&confirm_code=#CONFIRM_CODE#\n\nВы также можете ввести код для подтверждения регистрации на странице:\nhttp://#SERVER_NAME#/auth/index.php?confirm_registration=yes&confirm_user_id=#USER_ID#\n\nВнимание! Ваш профиль не будет активным, пока вы не подтвердите свою регистрацию.\n\n---------------------------------------------------------------------\n\nСообщение сгенерировано автоматически.','Информационное сообщение сайта <?=$arParams[\"SITE_NAME\"];?>\n\n------------------------------------------\n\nЗдравствуйте,\n\nВы получили это сообщение, так как ваш адрес был использован при регистрации нового пользователя на сервере <?=$arParams[\"SERVER_NAME\"];?>.\n\nВаш код для подтверждения регистрации: <?=$arParams[\"CONFIRM_CODE\"];?>\n\n\nДля подтверждения регистрации перейдите по следующей ссылке:\nhttp://<?=$arParams[\"SERVER_NAME\"];?>/auth/index.php?confirm_registration=yes&confirm_user_id=<?=$arParams[\"USER_ID\"];?>&confirm_code=<?=$arParams[\"CONFIRM_CODE\"];?>\n\n\nВы также можете ввести код для подтверждения регистрации на странице:\nhttp://<?=$arParams[\"SERVER_NAME\"];?>/auth/index.php?confirm_registration=yes&confirm_user_id=<?=$arParams[\"USER_ID\"];?>\n\n\nВнимание! Ваш профиль не будет активным, пока вы не подтвердите свою регистрацию.\n\n---------------------------------------------------------------------\n\nСообщение сгенерировано автоматически.','text',NULL,NULL,NULL,NULL,NULL,NULL,NULL,NULL,NULL,NULL,NULL,NULL),(6,'2016-03-02 15:40:26','USER_INVITE','s1','Y','#DEFAULT_EMAIL_FROM#','#EMAIL#','#SITE_NAME#: Приглашение на сайт','Информационное сообщение сайта #SITE_NAME#\n------------------------------------------\nЗдравствуйте, #NAME# #LAST_NAME#!\n\nАдминистратором сайта вы добавлены в число зарегистрированных пользователей.\n\nПриглашаем Вас на наш сайт.\n\nВаша регистрационная информация:\n\nID пользователя: #ID#\nLogin: #LOGIN#\n\nРекомендуем вам сменить установленный автоматически пароль.\n\nДля смены пароля перейдите по следующей ссылке:\nhttp://#SERVER_NAME#/auth.php?change_password=yes&USER_LOGIN=#URL_LOGIN#&USER_CHECKWORD=#CHECKWORD#\n','Информационное сообщение сайта <?=$arParams[\"SITE_NAME\"];?>\n\n------------------------------------------\nЗдравствуйте, <?=$arParams[\"NAME\"];?> <?=$arParams[\"LAST_NAME\"];?>!\n\nАдминистратором сайта вы добавлены в число зарегистрированных пользователей.\n\nПриглашаем Вас на наш сайт.\n\nВаша регистрационная информация:\n\nID пользователя: <?=$arParams[\"ID\"];?>\n\nLogin: <?=$arParams[\"LOGIN\"];?>\n\n\nРекомендуем вам сменить установленный автоматически пароль.\n\nДля смены пароля перейдите по следующей ссылке:\nhttp://<?=$arParams[\"SERVER_NAME\"];?>/auth.php?change_password=yes&USER_LOGIN=<?=$arParams[\"URL_LOGIN\"];?>&USER_CHECKWORD=<?=$arParams[\"CHECKWORD\"];?>\n\n','text',NULL,NULL,NULL,NULL,NULL,NULL,NULL,NULL,NULL,NULL,NULL,NULL),(7,'2016-03-02 15:40:26','FEEDBACK_FORM','s1','Y','#DEFAULT_EMAIL_FROM#','#EMAIL_TO#','#SITE_NAME#: Сообщение из формы обратной связи','Информационное сообщение сайта #SITE_NAME#\n------------------------------------------\n\nВам было отправлено сообщение через форму обратной связи\n\nАвтор: #AUTHOR#\nE-mail автора: #AUTHOR_EMAIL#\n\nТекст сообщения:\n#TEXT#\n\nСообщение сгенерировано автоматически.','Информационное сообщение сайта <?=$arParams[\"SITE_NAME\"];?>\n\n------------------------------------------\n\nВам было отправлено сообщение через форму обратной связи\n\nАвтор: <?=$arParams[\"AUTHOR\"];?>\n\nE-mail автора: <?=$arParams[\"AUTHOR_EMAIL\"];?>\n\n\nТекст сообщения:\n<?=$arParams[\"TEXT\"];?>\n\n\nСообщение сгенерировано автоматически.','text',NULL,NULL,NULL,NULL,NULL,NULL,NULL,NULL,NULL,NULL,NULL,NULL),(8,'2016-03-02 15:40:34','NEW_BLOG_MESSAGE','s1','Y','#EMAIL_FROM#','#EMAIL_TO#','#SITE_NAME#: [B] #BLOG_NAME# : #MESSAGE_TITLE#','Информационное сообщение сайта #SITE_NAME#\n------------------------------------------\n\nНовое сообщение в блоге \"#BLOG_NAME#\"\n\nТема:\n#MESSAGE_TITLE#\n\nАвтор: #AUTHOR#\nДата: #MESSAGE_DATE#\n\nТекст сообщения:\n#MESSAGE_TEXT#\n\nАдрес сообщения:\n#MESSAGE_PATH#\n\nСообщение сгенерировано автоматически.','Информационное сообщение сайта <?=$arParams[\"SITE_NAME\"];?>\n\n------------------------------------------\n\nНовое сообщение в блоге \"<?=$arParams[\"BLOG_NAME\"];?>\"\n\nТема:\n<?=$arParams[\"MESSAGE_TITLE\"];?>\n\n\nАвтор: <?=$arParams[\"AUTHOR\"];?>\n\nДата: <?=$arParams[\"MESSAGE_DATE\"];?>\n\n\nТекст сообщения:\n<?=$arParams[\"MESSAGE_TEXT\"];?>\n\n\nАдрес сообщения:\n<?=$arParams[\"MESSAGE_PATH\"];?>\n\n\nСообщение сгенерировано автоматически.','text',NULL,NULL,NULL,NULL,NULL,NULL,NULL,NULL,NULL,NULL,NULL,NULL),(9,'2016-03-02 15:40:34','NEW_BLOG_COMMENT','s1','Y','#EMAIL_FROM#','#EMAIL_TO#','#SITE_NAME#: [B] #MESSAGE_TITLE# : #COMMENT_TITLE#','Информационное сообщение сайта #SITE_NAME#\n------------------------------------------\n\nНовый комментарий в блоге \"#BLOG_NAME#\" на сообщение \"#MESSAGE_TITLE#\"\n\nТема:\n#COMMENT_TITLE#\nАвтор: #AUTHOR#\nДата: #COMMENT_DATE#\n\nТекст сообщения:\n#COMMENT_TEXT#\n\nАдрес сообщения:\n#COMMENT_PATH#\n\nСообщение сгенерировано автоматически.','Информационное сообщение сайта <?=$arParams[\"SITE_NAME\"];?>\n\n------------------------------------------\n\nНовый комментарий в блоге \"<?=$arParams[\"BLOG_NAME\"];?>\" на сообщение \"<?=$arParams[\"MESSAGE_TITLE\"];?>\"\n\nТема:\n<?=$arParams[\"COMMENT_TITLE\"];?>\n\nАвтор: <?=$arParams[\"AUTHOR\"];?>\n\nДата: <?=$arParams[\"COMMENT_DATE\"];?>\n\n\nТекст сообщения:\n<?=$arParams[\"COMMENT_TEXT\"];?>\n\n\nАдрес сообщения:\n<?=$arParams[\"COMMENT_PATH\"];?>\n\n\nСообщение сгенерировано автоматически.','text',NULL,NULL,NULL,NULL,NULL,NULL,NULL,NULL,NULL,NULL,NULL,NULL),(10,'2016-03-02 15:40:34','NEW_BLOG_COMMENT2COMMENT','s1','Y','#EMAIL_FROM#','#EMAIL_TO#','#SITE_NAME#: [B] #MESSAGE_TITLE# : #COMMENT_TITLE#','Информационное сообщение сайта #SITE_NAME#\n------------------------------------------\n\nНовый комментарий на ваш комментарий в блоге \"#BLOG_NAME#\" на сообщение \"#MESSAGE_TITLE#\".\n\nТема:\n#COMMENT_TITLE#\nАвтор: #AUTHOR#\nДата: #COMMENT_DATE#\n\nТекст сообщения:\n#COMMENT_TEXT#\n\nАдрес сообщения:\n#COMMENT_PATH#\n\nСообщение сгенерировано автоматически.','Информационное сообщение сайта <?=$arParams[\"SITE_NAME\"];?>\n\n------------------------------------------\n\nНовый комментарий на ваш комментарий в блоге \"<?=$arParams[\"BLOG_NAME\"];?>\" на сообщение \"<?=$arParams[\"MESSAGE_TITLE\"];?>\".\n\nТема:\n<?=$arParams[\"COMMENT_TITLE\"];?>\n\nАвтор: <?=$arParams[\"AUTHOR\"];?>\n\nДата: <?=$arParams[\"COMMENT_DATE\"];?>\n\n\nТекст сообщения:\n<?=$arParams[\"COMMENT_TEXT\"];?>\n\n\nАдрес сообщения:\n<?=$arParams[\"COMMENT_PATH\"];?>\n\n\nСообщение сгенерировано автоматически.','text',NULL,NULL,NULL,NULL,NULL,NULL,NULL,NULL,NULL,NULL,NULL,NULL),(11,'2016-03-02 15:40:34','NEW_BLOG_COMMENT_WITHOUT_TITLE','s1','Y','#EMAIL_FROM#','#EMAIL_TO#','#SITE_NAME#: [B] #MESSAGE_TITLE#','Информационное сообщение сайта #SITE_NAME#\n------------------------------------------\n\nНовый комментарий в блоге \"#BLOG_NAME#\" на сообщение \"#MESSAGE_TITLE#\"\n\nАвтор: #AUTHOR#\nДата: #COMMENT_DATE#\n\nТекст сообщения:\n#COMMENT_TEXT#\n\nАдрес сообщения:\n#COMMENT_PATH#\n\nСообщение сгенерировано автоматически.','Информационное сообщение сайта <?=$arParams[\"SITE_NAME\"];?>\n\n------------------------------------------\n\nНовый комментарий в блоге \"<?=$arParams[\"BLOG_NAME\"];?>\" на сообщение \"<?=$arParams[\"MESSAGE_TITLE\"];?>\"\n\nАвтор: <?=$arParams[\"AUTHOR\"];?>\n\nДата: <?=$arParams[\"COMMENT_DATE\"];?>\n\n\nТекст сообщения:\n<?=$arParams[\"COMMENT_TEXT\"];?>\n\n\nАдрес сообщения:\n<?=$arParams[\"COMMENT_PATH\"];?>\n\n\nСообщение сгенерировано автоматически.','text',NULL,NULL,NULL,NULL,NULL,NULL,NULL,NULL,NULL,NULL,NULL,NULL),(12,'2016-03-02 15:40:34','NEW_BLOG_COMMENT2COMMENT_WITHOUT_TITLE','s1','Y','#EMAIL_FROM#','#EMAIL_TO#','#SITE_NAME#: [B] #MESSAGE_TITLE#','Информационное сообщение сайта #SITE_NAME#\n------------------------------------------\n\nНовый комментарий на ваш комментарий в блоге \"#BLOG_NAME#\" на сообщение \"#MESSAGE_TITLE#\".\n\nАвтор: #AUTHOR#\nДата: #COMMENT_DATE#\n\nТекст сообщения:\n#COMMENT_TEXT#\n\nАдрес сообщения:\n#COMMENT_PATH#\n\nСообщение сгенерировано автоматически.\n','Информационное сообщение сайта <?=$arParams[\"SITE_NAME\"];?>\n\n------------------------------------------\n\nНовый комментарий на ваш комментарий в блоге \"<?=$arParams[\"BLOG_NAME\"];?>\" на сообщение \"<?=$arParams[\"MESSAGE_TITLE\"];?>\".\n\nАвтор: <?=$arParams[\"AUTHOR\"];?>\n\nДата: <?=$arParams[\"COMMENT_DATE\"];?>\n\n\nТекст сообщения:\n<?=$arParams[\"COMMENT_TEXT\"];?>\n\n\nАдрес сообщения:\n<?=$arParams[\"COMMENT_PATH\"];?>\n\n\nСообщение сгенерировано автоматически.\n','text',NULL,NULL,NULL,NULL,NULL,NULL,NULL,NULL,NULL,NULL,NULL,NULL),(13,'2016-03-02 15:40:34','BLOG_YOUR_BLOG_TO_USER','s1','Y','#EMAIL_FROM#','#EMAIL_TO#','#SITE_NAME#: [B] Ваш блог \"#BLOG_NAME#\" был добавлен в друзья к #USER#','Информационное сообщение сайта #SITE_NAME#\n------------------------------------------\n\nВаш блог \"#BLOG_NAME#\" был добавлен в друзья к #USER#.\n\nПрофиль пользователя: #USER_URL#\n\nАдрес вашего блога: #BLOG_ADR#\n\nСообщение сгенерировано автоматически.\n','Информационное сообщение сайта <?=$arParams[\"SITE_NAME\"];?>\n\n------------------------------------------\n\nВаш блог \"<?=$arParams[\"BLOG_NAME\"];?>\" был добавлен в друзья к <?=$arParams[\"USER\"];?>.\n\nПрофиль пользователя: <?=$arParams[\"USER_URL\"];?>\n\n\nАдрес вашего блога: <?=$arParams[\"BLOG_ADR\"];?>\n\n\nСообщение сгенерировано автоматически.\n','text',NULL,NULL,NULL,NULL,NULL,NULL,NULL,NULL,NULL,NULL,NULL,NULL),(14,'2016-03-02 15:40:34','BLOG_YOU_TO_BLOG','s1','Y','#EMAIL_FROM#','#EMAIL_TO#','#SITE_NAME#: [B] Вы были добавлены в друзья блога \"#BLOG_NAME#\"','Информационное сообщение сайта #SITE_NAME#\n------------------------------------------\n\nВы были добавлены в друзья блога \"#BLOG_NAME#\".\n\nАдрес блога: #BLOG_ADR#\n\nВаш профиль: #USER_URL#\n\nСообщение сгенерировано автоматически.\n','Информационное сообщение сайта <?=$arParams[\"SITE_NAME\"];?>\n\n------------------------------------------\n\nВы были добавлены в друзья блога \"<?=$arParams[\"BLOG_NAME\"];?>\".\n\nАдрес блога: <?=$arParams[\"BLOG_ADR\"];?>\n\n\nВаш профиль: <?=$arParams[\"USER_URL\"];?>\n\n\nСообщение сгенерировано автоматически.\n','text',NULL,NULL,NULL,NULL,NULL,NULL,NULL,NULL,NULL,NULL,NULL,NULL),(15,'2016-03-02 15:40:34','BLOG_BLOG_TO_YOU','s1','Y','#EMAIL_FROM#','#EMAIL_TO#','#SITE_NAME#: [B] К вам в друзья был добавлен блог \"#BLOG_NAME#\"','Информационное сообщение сайта #SITE_NAME#\n------------------------------------------\n\nК вам в друзья был добавлен блог \"#BLOG_NAME#\".\n\nАдрес блога: #BLOG_ADR#\n\nВаш профиль: #USER_URL#\n\nСообщение сгенерировано автоматически.\n','Информационное сообщение сайта <?=$arParams[\"SITE_NAME\"];?>\n\n------------------------------------------\n\nК вам в друзья был добавлен блог \"<?=$arParams[\"BLOG_NAME\"];?>\".\n\nАдрес блога: <?=$arParams[\"BLOG_ADR\"];?>\n\n\nВаш профиль: <?=$arParams[\"USER_URL\"];?>\n\n\nСообщение сгенерировано автоматически.\n','text',NULL,NULL,NULL,NULL,NULL,NULL,NULL,NULL,NULL,NULL,NULL,NULL),(16,'2016-03-02 15:40:34','BLOG_USER_TO_YOUR_BLOG','s1','Y','#EMAIL_FROM#','#EMAIL_TO#','#SITE_NAME#: [B] В ваш блог \"#BLOG_NAME#\" был добавлен друг #USER#','Информационное сообщение сайта #SITE_NAME#\n------------------------------------------\n\nВ ваш блог \"#BLOG_NAME#\" был добавлен друг #USER#.\n\nПрофиль пользователя: #USER_URL#\n\nАдрес вашего блога: #BLOG_ADR#\n\nСообщение сгенерировано автоматически.\n','Информационное сообщение сайта <?=$arParams[\"SITE_NAME\"];?>\n\n------------------------------------------\n\nВ ваш блог \"<?=$arParams[\"BLOG_NAME\"];?>\" был добавлен друг <?=$arParams[\"USER\"];?>.\n\nПрофиль пользователя: <?=$arParams[\"USER_URL\"];?>\n\n\nАдрес вашего блога: <?=$arParams[\"BLOG_ADR\"];?>\n\n\nСообщение сгенерировано автоматически.\n','text',NULL,NULL,NULL,NULL,NULL,NULL,NULL,NULL,NULL,NULL,NULL,NULL),(17,'2016-03-02 15:41:03','NEW_FORUM_MESSAGE','s1','Y','#FROM_EMAIL#','#RECIPIENT#','#SITE_NAME#: [F] #TOPIC_TITLE# : #FORUM_NAME#','Информационное сообщение сайта #SITE_NAME#\n------------------------------------------\n\nНовое сообщение на форуме #SERVER_NAME#.\n\nТема:\n#TOPIC_TITLE#\n\nАвтор: #AUTHOR#\nДата : #MESSAGE_DATE#\nТекст сообщения:\n\n#MESSAGE_TEXT#\n\nАдрес сообщения:\nhttp://#SERVER_NAME##PATH2FORUM#\n\nСообщение сгенерировано автоматически.\n','Информационное сообщение сайта <?=$arParams[\"SITE_NAME\"];?>\n\n------------------------------------------\n\nНовое сообщение на форуме <?=$arParams[\"SERVER_NAME\"];?>.\n\nТема:\n<?=$arParams[\"TOPIC_TITLE\"];?>\n\n\nАвтор: <?=$arParams[\"AUTHOR\"];?>\n\nДата : <?=$arParams[\"MESSAGE_DATE\"];?>\n\nТекст сообщения:\n\n<?=$arParams[\"MESSAGE_TEXT\"];?>\n\n\nАдрес сообщения:\nhttp://<?=$arParams[\"SERVER_NAME\"];?><?=$arParams[\"PATH2FORUM\"];?>\n\n\nСообщение сгенерировано автоматически.\n','text',NULL,NULL,NULL,NULL,NULL,NULL,NULL,NULL,NULL,NULL,NULL,NULL),(18,'2016-03-02 15:41:03','NEW_FORUM_PRIV','s1','Y','#FROM_EMAIL#','#TO_EMAIL#','#SITE_NAME#: [private] #SUBJECT#','Информационное сообщение сайта #SITE_NAME#\n------------------------------------------\n\nВы получили персональное сообщение с форума на сайте #SERVER_NAME#.\n\nТема: #SUBJECT#\n\nАвтор: #FROM_NAME# #FROM_EMAIL#\nДата : #MESSAGE_DATE#\nСообщение:\n\n#MESSAGE#\n\nСообщение сгенерировано автоматически.\n','Информационное сообщение сайта <?=$arParams[\"SITE_NAME\"];?>\n\n------------------------------------------\n\nВы получили персональное сообщение с форума на сайте <?=$arParams[\"SERVER_NAME\"];?>.\n\nТема: <?=$arParams[\"SUBJECT\"];?>\n\n\nАвтор: <?=$arParams[\"FROM_NAME\"];?> <?=$arParams[\"FROM_EMAIL\"];?>\n\nДата : <?=$arParams[\"MESSAGE_DATE\"];?>\n\nСообщение:\n\n<?=$arParams[\"MESSAGE\"];?>\n\n\nСообщение сгенерировано автоматически.\n','text',NULL,NULL,NULL,NULL,NULL,NULL,NULL,NULL,NULL,NULL,NULL,NULL),(19,'2016-03-02 15:41:03','NEW_FORUM_PRIVATE_MESSAGE','s1','Y','#FROM_EMAIL#','#TO_EMAIL#','#SITE_NAME#: [private] #SUBJECT#','Информационное сообщение сайта #SITE_NAME#\n------------------------------------------\n\nВы получили персональное сообщение с форума на сайте #SERVER_NAME#.\n\nТема: #SUBJECT#\n\nАвтор: #FROM_NAME#\nДата: #MESSAGE_DATE#\nСообщение:\n\n#MESSAGE#\n\nСсылка на сообщение: #MESSAGE_LINK#Сообщение сгенерировано автоматически.\n','Информационное сообщение сайта <?=$arParams[\"SITE_NAME\"];?>\n\n------------------------------------------\n\nВы получили персональное сообщение с форума на сайте <?=$arParams[\"SERVER_NAME\"];?>.\n\nТема: <?=$arParams[\"SUBJECT\"];?>\n\n\nАвтор: <?=$arParams[\"FROM_NAME\"];?>\n\nДата: <?=$arParams[\"MESSAGE_DATE\"];?>\n\nСообщение:\n\n<?=$arParams[\"MESSAGE\"];?>\n\n\nСсылка на сообщение: <?=$arParams[\"MESSAGE_LINK\"];?>Сообщение сгенерировано автоматически.\n','text',NULL,NULL,NULL,NULL,NULL,NULL,NULL,NULL,NULL,NULL,NULL,NULL),(20,'2016-03-02 15:41:03','EDIT_FORUM_MESSAGE','s1','Y','#FROM_EMAIL#','#RECIPIENT#','#SITE_NAME#: [F] #TOPIC_TITLE# : #FORUM_NAME#','Информационное сообщение сайта #SITE_NAME#\n------------------------------------------\n\nИзменение сообщения на форуме #SERVER_NAME#.\n\nТема:\n#TOPIC_TITLE#\n\nАвтор: #AUTHOR#\nДата : #MESSAGE_DATE#\nТекст сообщения:\n\n#MESSAGE_TEXT#\n\nАдрес сообщения:\nhttp://#SERVER_NAME##PATH2FORUM#\n\nСообщение сгенерировано автоматически.\n','Информационное сообщение сайта <?=$arParams[\"SITE_NAME\"];?>\n\n------------------------------------------\n\nИзменение сообщения на форуме <?=$arParams[\"SERVER_NAME\"];?>.\n\nТема:\n<?=$arParams[\"TOPIC_TITLE\"];?>\n\n\nАвтор: <?=$arParams[\"AUTHOR\"];?>\n\nДата : <?=$arParams[\"MESSAGE_DATE\"];?>\n\nТекст сообщения:\n\n<?=$arParams[\"MESSAGE_TEXT\"];?>\n\n\nАдрес сообщения:\nhttp://<?=$arParams[\"SERVER_NAME\"];?><?=$arParams[\"PATH2FORUM\"];?>\n\n\nСообщение сгенерировано автоматически.\n','text',NULL,NULL,NULL,NULL,NULL,NULL,NULL,NULL,NULL,NULL,NULL,NULL),(21,'2016-03-02 15:41:03','FORUM_NEW_MESSAGE_MAIL','s1','Y','#FROM_EMAIL#','#RECIPIENT#','#TOPIC_TITLE#','#MESSAGE_TEXT#\n\n------------------------------------------  \nВы получили это сообщение, так как выподписаны на форум #FORUM_NAME#.\n\nОтветить на сообщение можно по электронной почте или через форму на сайте:\nhttp://#SERVER_NAME##PATH2FORUM#\n\nНаписать новое сообщение: #FORUM_EMAIL#\n\nАвтор сообщения: #AUTHOR#\n\nСообщение сгенерировано автоматически на сайте #SITE_NAME#.\n','<?=$arParams[\"MESSAGE_TEXT\"];?>\n\n\n------------------------------------------  \nВы получили это сообщение, так как выподписаны на форум <?=$arParams[\"FORUM_NAME\"];?>.\n\nОтветить на сообщение можно по электронной почте или через форму на сайте:\nhttp://<?=$arParams[\"SERVER_NAME\"];?><?=$arParams[\"PATH2FORUM\"];?>\n\n\nНаписать новое сообщение: <?=$arParams[\"FORUM_EMAIL\"];?>\n\n\nАвтор сообщения: <?=$arParams[\"AUTHOR\"];?>\n\n\nСообщение сгенерировано автоматически на сайте <?=$arParams[\"SITE_NAME\"];?>.\n','text',NULL,NULL,NULL,NULL,NULL,NULL,NULL,NULL,NULL,NULL,NULL,NULL),(22,'2016-03-02 15:41:21','SALE_NEW_ORDER','s1','Y','#SALE_EMAIL#','#EMAIL#','#SITE_NAME#: Новый заказ N#ORDER_ID#','<!DOCTYPE HTML PUBLIC \"-//W3C//DTD HTML 4.01 Transitional//EN\" \"http://www.w3.org/TR/html4/loose.dtd\">\n<html xmlns=\"http://www.w3.org/1999/xhtml\" xml:lang=\"ru\" lang=\"ru\">\n<head>\n	<meta http-equiv=\"Content-Type\" content=\"text/html;charset=UTF-8\"/>\n	<style>\n		body\n		{\n			font-family: \'Helvetica Neue\', Helvetica, Arial, sans-serif;\n			font-size: 14px;\n			color: #000;\n		}\n	</style>\n</head>\n<body>\n<table cellpadding=\"0\" cellspacing=\"0\" width=\"850\" style=\"background-color: #d1d1d1; border-radius: 2px; border:1px solid #d1d1d1; margin: 0 auto;\" border=\"1\" bordercolor=\"#d1d1d1\">\n	<tr>\n		<td height=\"83\" width=\"850\" bgcolor=\"#eaf3f5\" style=\"border: none; padding-top: 23px; padding-right: 17px; padding-bottom: 24px; padding-left: 17px;\">\n			<table cellpadding=\"0\" cellspacing=\"0\" border=\"0\" width=\"100%\">\n				<tr>\n					<td bgcolor=\"#ffffff\" height=\"75\" style=\"font-weight: bold; text-align: center; font-size: 26px; color: #0b3961;\">Вами оформлен заказ в магазине #SITE_NAME#</td>\n				</tr>\n				<tr>\n					<td bgcolor=\"#bad3df\" height=\"11\"></td>\n				</tr>\n			</table>\n		</td>\n	</tr>\n	<tr>\n		<td width=\"850\" bgcolor=\"#f7f7f7\" valign=\"top\" style=\"border: none; padding-top: 0; padding-right: 44px; padding-bottom: 16px; padding-left: 44px;\">\n			<p style=\"margin-top:30px; margin-bottom: 28px; font-weight: bold; font-size: 19px;\">Уважаемый #ORDER_USER#,</p>\n			<p style=\"margin-top: 0; margin-bottom: 20px; line-height: 20px;\">Ваш заказ номер #ORDER_ID# от #ORDER_DATE# принят.<br />\n<br />\nСтоимость заказа: #PRICE#.<br />\n<br />\nСостав заказа:<br />\n#ORDER_LIST#<br />\n<br />\nВы можете следить за выполнением своего заказа (на какой стадии выполнения он находится), войдя в Ваш персональный раздел сайта #SITE_NAME#.<br />\n<br />\nОбратите внимание, что для входа в этот раздел Вам необходимо будет ввести логин и пароль пользователя сайта #SITE_NAME#.<br />\n<br />\nДля того, чтобы аннулировать заказ, воспользуйтесь функцией отмены заказа, которая доступна в Вашем персональном разделе сайта #SITE_NAME#.<br />\n<br />\nПожалуйста, при обращении к администрации сайта #SITE_NAME# ОБЯЗАТЕЛЬНО указывайте номер Вашего заказа - #ORDER_ID#.<br />\n<br />\nСпасибо за покупку!<br />\n</p>\n		</td>\n	</tr>\n	<tr>\n		<td height=\"40px\" width=\"850\" bgcolor=\"#f7f7f7\" valign=\"top\" style=\"border: none; padding-top: 0; padding-right: 44px; padding-bottom: 30px; padding-left: 44px;\">\n			<p style=\"border-top: 1px solid #d1d1d1; margin-bottom: 5px; margin-top: 0; padding-top: 20px; line-height:21px;\">С уважением,<br />администрация <a href=\"http://#SERVER_NAME#\" style=\"color:#2e6eb6;\">Интернет-магазина</a><br />\n				E-mail: <a href=\"mailto:#SALE_EMAIL#\" style=\"color:#2e6eb6;\">#SALE_EMAIL#</a>\n			</p>\n		</td>\n	</tr>\n</table>\n</body>\n</html>','<!DOCTYPE HTML PUBLIC \"-//W3C//DTD HTML 4.01 Transitional//EN\" \"http://www.w3.org/TR/html4/loose.dtd\">\n<html xmlns=\"http://www.w3.org/1999/xhtml\" xml:lang=\"ru\" lang=\"ru\">\n<head>\n	<meta http-equiv=\"Content-Type\" content=\"text/html;charset=UTF-8\"/>\n	<style>\n		body\n		{\n			font-family: \'Helvetica Neue\', Helvetica, Arial, sans-serif;\n			font-size: 14px;\n			color: #000;\n		}\n	</style>\n</head>\n<body>\n<table cellpadding=\"0\" cellspacing=\"0\" width=\"850\" style=\"background-color: #d1d1d1; border-radius: 2px; border:1px solid #d1d1d1; margin: 0 auto;\" border=\"1\" bordercolor=\"#d1d1d1\">\n	<tr>\n		<td height=\"83\" width=\"850\" bgcolor=\"#eaf3f5\" style=\"border: none; padding-top: 23px; padding-right: 17px; padding-bottom: 24px; padding-left: 17px;\">\n			<table cellpadding=\"0\" cellspacing=\"0\" border=\"0\" width=\"100%\">\n				<tr>\n					<td bgcolor=\"#ffffff\" height=\"75\" style=\"font-weight: bold; text-align: center; font-size: 26px; color: #0b3961;\">Вами оформлен заказ в магазине <?=$arParams[\"SITE_NAME\"];?></td>\n				</tr>\n				<tr>\n					<td bgcolor=\"#bad3df\" height=\"11\"></td>\n				</tr>\n			</table>\n		</td>\n	</tr>\n	<tr>\n		<td width=\"850\" bgcolor=\"#f7f7f7\" valign=\"top\" style=\"border: none; padding-top: 0; padding-right: 44px; padding-bottom: 16px; padding-left: 44px;\">\n			<p style=\"margin-top:30px; margin-bottom: 28px; font-weight: bold; font-size: 19px;\">Уважаемый <?=$arParams[\"ORDER_USER\"];?>,</p>\n			<p style=\"margin-top: 0; margin-bottom: 20px; line-height: 20px;\">Ваш заказ номер <?=$arParams[\"ORDER_ID\"];?> от <?=$arParams[\"ORDER_DATE\"];?> принят.<br />\n<br />\nСтоимость заказа: <?=$arParams[\"PRICE\"];?>.<br />\n<br />\nСостав заказа:<br />\n<?=$arParams[\"ORDER_LIST\"];?><br />\n<br />\nВы можете следить за выполнением своего заказа (на какой стадии выполнения он находится), войдя в Ваш персональный раздел сайта <?=$arParams[\"SITE_NAME\"];?>.<br />\n<br />\nОбратите внимание, что для входа в этот раздел Вам необходимо будет ввести логин и пароль пользователя сайта <?=$arParams[\"SITE_NAME\"];?>.<br />\n<br />\nДля того, чтобы аннулировать заказ, воспользуйтесь функцией отмены заказа, которая доступна в Вашем персональном разделе сайта <?=$arParams[\"SITE_NAME\"];?>.<br />\n<br />\nПожалуйста, при обращении к администрации сайта <?=$arParams[\"SITE_NAME\"];?> ОБЯЗАТЕЛЬНО указывайте номер Вашего заказа - <?=$arParams[\"ORDER_ID\"];?>.<br />\n<br />\nСпасибо за покупку!<br />\n</p>\n		</td>\n	</tr>\n	<tr>\n		<td height=\"40px\" width=\"850\" bgcolor=\"#f7f7f7\" valign=\"top\" style=\"border: none; padding-top: 0; padding-right: 44px; padding-bottom: 30px; padding-left: 44px;\">\n			<p style=\"border-top: 1px solid #d1d1d1; margin-bottom: 5px; margin-top: 0; padding-top: 20px; line-height:21px;\">С уважением,<br />администрация <a href=\"http://<?=$arParams[\"SERVER_NAME\"];?>\" style=\"color:#2e6eb6;\">Интернет-магазина</a><br />\n				E-mail: <a href=\"mailto:<?=$arParams[\"SALE_EMAIL\"];?>\" style=\"color:#2e6eb6;\"><?=$arParams[\"SALE_EMAIL\"];?></a>\n			</p>\n		</td>\n	</tr>\n</table>\n</body>\n</html>','html','#BCC#',NULL,NULL,NULL,NULL,NULL,NULL,NULL,NULL,NULL,NULL,NULL),(23,'2016-03-02 15:41:21','SALE_ORDER_CANCEL','s1','Y','#SALE_EMAIL#','#EMAIL#','#SITE_NAME#: Отмена заказа N#ORDER_ID#','<!DOCTYPE HTML PUBLIC \"-//W3C//DTD HTML 4.01 Transitional//EN\" \"http://www.w3.org/TR/html4/loose.dtd\">\n<html xmlns=\"http://www.w3.org/1999/xhtml\" xml:lang=\"ru\" lang=\"ru\">\n<head>\n	<meta http-equiv=\"Content-Type\" content=\"text/html;charset=UTF-8\"/>\n	<style>\n		body\n		{\n			font-family: \'Helvetica Neue\', Helvetica, Arial, sans-serif;\n			font-size: 14px;\n			color: #000;\n		}\n	</style>\n</head>\n<body>\n<table cellpadding=\"0\" cellspacing=\"0\" width=\"850\" style=\"background-color: #d1d1d1; border-radius: 2px; border:1px solid #d1d1d1; margin: 0 auto;\" border=\"1\" bordercolor=\"#d1d1d1\">\n	<tr>\n		<td height=\"83\" width=\"850\" bgcolor=\"#eaf3f5\" style=\"border: none; padding-top: 23px; padding-right: 17px; padding-bottom: 24px; padding-left: 17px;\">\n			<table cellpadding=\"0\" cellspacing=\"0\" border=\"0\" width=\"100%\">\n				<tr>\n					<td bgcolor=\"#ffffff\" height=\"75\" style=\"font-weight: bold; text-align: center; font-size: 26px; color: #0b3961;\">#SITE_NAME#: Отмена заказа N#ORDER_ID#</td>\n				</tr>\n				<tr>\n					<td bgcolor=\"#bad3df\" height=\"11\"></td>\n				</tr>\n			</table>\n		</td>\n	</tr>\n	<tr>\n		<td width=\"850\" bgcolor=\"#f7f7f7\" valign=\"top\" style=\"border: none; padding-top: 0; padding-right: 44px; padding-bottom: 16px; padding-left: 44px;\">\n			<p style=\"margin-top:30px; margin-bottom: 28px; font-weight: bold; font-size: 19px;\">Заказ номер #ORDER_ID# от #ORDER_DATE# отменен.</p>\n			<p style=\"margin-top: 0; margin-bottom: 20px; line-height: 20px;\">#ORDER_CANCEL_DESCRIPTION#<br />\n<br />\nДля получения подробной информации по заказу пройдите на сайт http://#SERVER_NAME#/personal/order/#ORDER_ID#/<br />\n</p>\n		</td>\n	</tr>\n	<tr>\n		<td height=\"40px\" width=\"850\" bgcolor=\"#f7f7f7\" valign=\"top\" style=\"border: none; padding-top: 0; padding-right: 44px; padding-bottom: 30px; padding-left: 44px;\">\n			<p style=\"border-top: 1px solid #d1d1d1; margin-bottom: 5px; margin-top: 0; padding-top: 20px; line-height:21px;\">С уважением,<br />администрация <a href=\"http://#SERVER_NAME#\" style=\"color:#2e6eb6;\">Интернет-магазина</a><br />\n				E-mail: <a href=\"mailto:#SALE_EMAIL#\" style=\"color:#2e6eb6;\">#SALE_EMAIL#</a>\n			</p>\n		</td>\n	</tr>\n</table>\n</body>\n</html>','<!DOCTYPE HTML PUBLIC \"-//W3C//DTD HTML 4.01 Transitional//EN\" \"http://www.w3.org/TR/html4/loose.dtd\">\n<html xmlns=\"http://www.w3.org/1999/xhtml\" xml:lang=\"ru\" lang=\"ru\">\n<head>\n	<meta http-equiv=\"Content-Type\" content=\"text/html;charset=UTF-8\"/>\n	<style>\n		body\n		{\n			font-family: \'Helvetica Neue\', Helvetica, Arial, sans-serif;\n			font-size: 14px;\n			color: #000;\n		}\n	</style>\n</head>\n<body>\n<table cellpadding=\"0\" cellspacing=\"0\" width=\"850\" style=\"background-color: #d1d1d1; border-radius: 2px; border:1px solid #d1d1d1; margin: 0 auto;\" border=\"1\" bordercolor=\"#d1d1d1\">\n	<tr>\n		<td height=\"83\" width=\"850\" bgcolor=\"#eaf3f5\" style=\"border: none; padding-top: 23px; padding-right: 17px; padding-bottom: 24px; padding-left: 17px;\">\n			<table cellpadding=\"0\" cellspacing=\"0\" border=\"0\" width=\"100%\">\n				<tr>\n					<td bgcolor=\"#ffffff\" height=\"75\" style=\"font-weight: bold; text-align: center; font-size: 26px; color: #0b3961;\"><?=$arParams[\"SITE_NAME\"];?>: Отмена заказа N<?=$arParams[\"ORDER_ID\"];?></td>\n				</tr>\n				<tr>\n					<td bgcolor=\"#bad3df\" height=\"11\"></td>\n				</tr>\n			</table>\n		</td>\n	</tr>\n	<tr>\n		<td width=\"850\" bgcolor=\"#f7f7f7\" valign=\"top\" style=\"border: none; padding-top: 0; padding-right: 44px; padding-bottom: 16px; padding-left: 44px;\">\n			<p style=\"margin-top:30px; margin-bottom: 28px; font-weight: bold; font-size: 19px;\">Заказ номер <?=$arParams[\"ORDER_ID\"];?> от <?=$arParams[\"ORDER_DATE\"];?> отменен.</p>\n			<p style=\"margin-top: 0; margin-bottom: 20px; line-height: 20px;\"><?=$arParams[\"ORDER_CANCEL_DESCRIPTION\"];?><br />\n<br />\nДля получения подробной информации по заказу пройдите на сайт http://<?=$arParams[\"SERVER_NAME\"];?>/personal/order/<?=$arParams[\"ORDER_ID\"];?>/<br />\n</p>\n		</td>\n	</tr>\n	<tr>\n		<td height=\"40px\" width=\"850\" bgcolor=\"#f7f7f7\" valign=\"top\" style=\"border: none; padding-top: 0; padding-right: 44px; padding-bottom: 30px; padding-left: 44px;\">\n			<p style=\"border-top: 1px solid #d1d1d1; margin-bottom: 5px; margin-top: 0; padding-top: 20px; line-height:21px;\">С уважением,<br />администрация <a href=\"http://<?=$arParams[\"SERVER_NAME\"];?>\" style=\"color:#2e6eb6;\">Интернет-магазина</a><br />\n				E-mail: <a href=\"mailto:<?=$arParams[\"SALE_EMAIL\"];?>\" style=\"color:#2e6eb6;\"><?=$arParams[\"SALE_EMAIL\"];?></a>\n			</p>\n		</td>\n	</tr>\n</table>\n</body>\n</html>','html','#BCC#',NULL,NULL,NULL,NULL,NULL,NULL,NULL,NULL,NULL,NULL,NULL),(24,'2016-03-02 15:41:21','SALE_ORDER_DELIVERY','s1','Y','#SALE_EMAIL#','#EMAIL#','#SITE_NAME#: Доставка заказа N#ORDER_ID# разрешена','<!DOCTYPE HTML PUBLIC \"-//W3C//DTD HTML 4.01 Transitional//EN\" \"http://www.w3.org/TR/html4/loose.dtd\">\n<html xmlns=\"http://www.w3.org/1999/xhtml\" xml:lang=\"ru\" lang=\"ru\">\n<head>\n	<meta http-equiv=\"Content-Type\" content=\"text/html;charset=UTF-8\"/>\n	<style>\n		body\n		{\n			font-family: \'Helvetica Neue\', Helvetica, Arial, sans-serif;\n			font-size: 14px;\n			color: #000;\n		}\n	</style>\n</head>\n<body>\n<table cellpadding=\"0\" cellspacing=\"0\" width=\"850\" style=\"background-color: #d1d1d1; border-radius: 2px; border:1px solid #d1d1d1; margin: 0 auto;\" border=\"1\" bordercolor=\"#d1d1d1\">\n	<tr>\n		<td height=\"83\" width=\"850\" bgcolor=\"#eaf3f5\" style=\"border: none; padding-top: 23px; padding-right: 17px; padding-bottom: 24px; padding-left: 17px;\">\n			<table cellpadding=\"0\" cellspacing=\"0\" border=\"0\" width=\"100%\">\n				<tr>\n					<td bgcolor=\"#ffffff\" height=\"75\" style=\"font-weight: bold; text-align: center; font-size: 26px; color: #0b3961;\">Доставка вашего заказа с сайта #SITE_NAME# разрешена</td>\n				</tr>\n				<tr>\n					<td bgcolor=\"#bad3df\" height=\"11\"></td>\n				</tr>\n			</table>\n		</td>\n	</tr>\n	<tr>\n		<td width=\"850\" bgcolor=\"#f7f7f7\" valign=\"top\" style=\"border: none; padding-top: 0; padding-right: 44px; padding-bottom: 16px; padding-left: 44px;\">\n			<p style=\"margin-top:30px; margin-bottom: 28px; font-weight: bold; font-size: 19px;\">Доставка заказа номер #ORDER_ID# от #ORDER_DATE# разрешена.</p>\n			<p style=\"margin-top: 0; margin-bottom: 20px; line-height: 20px;\">Для получения подробной информации по заказу пройдите на сайт http://#SERVER_NAME#/personal/order/#ORDER_ID#/<br />\n</p>\n		</td>\n	</tr>\n	<tr>\n		<td height=\"40px\" width=\"850\" bgcolor=\"#f7f7f7\" valign=\"top\" style=\"border: none; padding-top: 0; padding-right: 44px; padding-bottom: 30px; padding-left: 44px;\">\n			<p style=\"border-top: 1px solid #d1d1d1; margin-bottom: 5px; margin-top: 0; padding-top: 20px; line-height:21px;\">С уважением,<br />администрация <a href=\"http://#SERVER_NAME#\" style=\"color:#2e6eb6;\">Интернет-магазина</a><br />\n				E-mail: <a href=\"mailto:#SALE_EMAIL#\" style=\"color:#2e6eb6;\">#SALE_EMAIL#</a>\n			</p>\n		</td>\n	</tr>\n</table>\n</body>\n</html>','<!DOCTYPE HTML PUBLIC \"-//W3C//DTD HTML 4.01 Transitional//EN\" \"http://www.w3.org/TR/html4/loose.dtd\">\n<html xmlns=\"http://www.w3.org/1999/xhtml\" xml:lang=\"ru\" lang=\"ru\">\n<head>\n	<meta http-equiv=\"Content-Type\" content=\"text/html;charset=UTF-8\"/>\n	<style>\n		body\n		{\n			font-family: \'Helvetica Neue\', Helvetica, Arial, sans-serif;\n			font-size: 14px;\n			color: #000;\n		}\n	</style>\n</head>\n<body>\n<table cellpadding=\"0\" cellspacing=\"0\" width=\"850\" style=\"background-color: #d1d1d1; border-radius: 2px; border:1px solid #d1d1d1; margin: 0 auto;\" border=\"1\" bordercolor=\"#d1d1d1\">\n	<tr>\n		<td height=\"83\" width=\"850\" bgcolor=\"#eaf3f5\" style=\"border: none; padding-top: 23px; padding-right: 17px; padding-bottom: 24px; padding-left: 17px;\">\n			<table cellpadding=\"0\" cellspacing=\"0\" border=\"0\" width=\"100%\">\n				<tr>\n					<td bgcolor=\"#ffffff\" height=\"75\" style=\"font-weight: bold; text-align: center; font-size: 26px; color: #0b3961;\">Доставка вашего заказа с сайта <?=$arParams[\"SITE_NAME\"];?> разрешена</td>\n				</tr>\n				<tr>\n					<td bgcolor=\"#bad3df\" height=\"11\"></td>\n				</tr>\n			</table>\n		</td>\n	</tr>\n	<tr>\n		<td width=\"850\" bgcolor=\"#f7f7f7\" valign=\"top\" style=\"border: none; padding-top: 0; padding-right: 44px; padding-bottom: 16px; padding-left: 44px;\">\n			<p style=\"margin-top:30px; margin-bottom: 28px; font-weight: bold; font-size: 19px;\">Доставка заказа номер <?=$arParams[\"ORDER_ID\"];?> от <?=$arParams[\"ORDER_DATE\"];?> разрешена.</p>\n			<p style=\"margin-top: 0; margin-bottom: 20px; line-height: 20px;\">Для получения подробной информации по заказу пройдите на сайт http://<?=$arParams[\"SERVER_NAME\"];?>/personal/order/<?=$arParams[\"ORDER_ID\"];?>/<br />\n</p>\n		</td>\n	</tr>\n	<tr>\n		<td height=\"40px\" width=\"850\" bgcolor=\"#f7f7f7\" valign=\"top\" style=\"border: none; padding-top: 0; padding-right: 44px; padding-bottom: 30px; padding-left: 44px;\">\n			<p style=\"border-top: 1px solid #d1d1d1; margin-bottom: 5px; margin-top: 0; padding-top: 20px; line-height:21px;\">С уважением,<br />администрация <a href=\"http://<?=$arParams[\"SERVER_NAME\"];?>\" style=\"color:#2e6eb6;\">Интернет-магазина</a><br />\n				E-mail: <a href=\"mailto:<?=$arParams[\"SALE_EMAIL\"];?>\" style=\"color:#2e6eb6;\"><?=$arParams[\"SALE_EMAIL\"];?></a>\n			</p>\n		</td>\n	</tr>\n</table>\n</body>\n</html>','html','#BCC#',NULL,NULL,NULL,NULL,NULL,NULL,NULL,NULL,NULL,NULL,NULL),(25,'2016-03-02 15:41:21','SALE_ORDER_PAID','s1','Y','#SALE_EMAIL#','#EMAIL#','#SITE_NAME#: Заказ N#ORDER_ID# оплачен','<!DOCTYPE HTML PUBLIC \"-//W3C//DTD HTML 4.01 Transitional//EN\" \"http://www.w3.org/TR/html4/loose.dtd\">\n<html xmlns=\"http://www.w3.org/1999/xhtml\" xml:lang=\"ru\" lang=\"ru\">\n<head>\n	<meta http-equiv=\"Content-Type\" content=\"text/html;charset=UTF-8\"/>\n	<style>\n		body\n		{\n			font-family: \'Helvetica Neue\', Helvetica, Arial, sans-serif;\n			font-size: 14px;\n			color: #000;\n		}\n	</style>\n</head>\n<body>\n<table cellpadding=\"0\" cellspacing=\"0\" width=\"850\" style=\"background-color: #d1d1d1; border-radius: 2px; border:1px solid #d1d1d1; margin: 0 auto;\" border=\"1\" bordercolor=\"#d1d1d1\">\n	<tr>\n		<td height=\"83\" width=\"850\" bgcolor=\"#eaf3f5\" style=\"border: none; padding-top: 23px; padding-right: 17px; padding-bottom: 24px; padding-left: 17px;\">\n			<table cellpadding=\"0\" cellspacing=\"0\" border=\"0\" width=\"100%\">\n				<tr>\n					<td bgcolor=\"#ffffff\" height=\"75\" style=\"font-weight: bold; text-align: center; font-size: 26px; color: #0b3961;\">Вы оплатили заказ на сайте #SITE_NAME#</td>\n				</tr>\n				<tr>\n					<td bgcolor=\"#bad3df\" height=\"11\"></td>\n				</tr>\n			</table>\n		</td>\n	</tr>\n	<tr>\n		<td width=\"850\" bgcolor=\"#f7f7f7\" valign=\"top\" style=\"border: none; padding-top: 0; padding-right: 44px; padding-bottom: 16px; padding-left: 44px;\">\n			<p style=\"margin-top:30px; margin-bottom: 28px; font-weight: bold; font-size: 19px;\">Заказ номер #ORDER_ID# от #ORDER_DATE# оплачен.</p>\n			<p style=\"margin-top: 0; margin-bottom: 20px; line-height: 20px;\">Для получения подробной информации по заказу пройдите на сайт http://#SERVER_NAME#/personal/order/#ORDER_ID#/</p>\n		</td>\n	</tr>\n	<tr>\n		<td height=\"40px\" width=\"850\" bgcolor=\"#f7f7f7\" valign=\"top\" style=\"border: none; padding-top: 0; padding-right: 44px; padding-bottom: 30px; padding-left: 44px;\">\n			<p style=\"border-top: 1px solid #d1d1d1; margin-bottom: 5px; margin-top: 0; padding-top: 20px; line-height:21px;\">С уважением,<br />администрация <a href=\"http://#SERVER_NAME#\" style=\"color:#2e6eb6;\">Интернет-магазина</a><br />\n				E-mail: <a href=\"mailto:#SALE_EMAIL#\" style=\"color:#2e6eb6;\">#SALE_EMAIL#</a>\n			</p>\n		</td>\n	</tr>\n</table>\n</body>\n</html>','<!DOCTYPE HTML PUBLIC \"-//W3C//DTD HTML 4.01 Transitional//EN\" \"http://www.w3.org/TR/html4/loose.dtd\">\n<html xmlns=\"http://www.w3.org/1999/xhtml\" xml:lang=\"ru\" lang=\"ru\">\n<head>\n	<meta http-equiv=\"Content-Type\" content=\"text/html;charset=UTF-8\"/>\n	<style>\n		body\n		{\n			font-family: \'Helvetica Neue\', Helvetica, Arial, sans-serif;\n			font-size: 14px;\n			color: #000;\n		}\n	</style>\n</head>\n<body>\n<table cellpadding=\"0\" cellspacing=\"0\" width=\"850\" style=\"background-color: #d1d1d1; border-radius: 2px; border:1px solid #d1d1d1; margin: 0 auto;\" border=\"1\" bordercolor=\"#d1d1d1\">\n	<tr>\n		<td height=\"83\" width=\"850\" bgcolor=\"#eaf3f5\" style=\"border: none; padding-top: 23px; padding-right: 17px; padding-bottom: 24px; padding-left: 17px;\">\n			<table cellpadding=\"0\" cellspacing=\"0\" border=\"0\" width=\"100%\">\n				<tr>\n					<td bgcolor=\"#ffffff\" height=\"75\" style=\"font-weight: bold; text-align: center; font-size: 26px; color: #0b3961;\">Вы оплатили заказ на сайте <?=$arParams[\"SITE_NAME\"];?></td>\n				</tr>\n				<tr>\n					<td bgcolor=\"#bad3df\" height=\"11\"></td>\n				</tr>\n			</table>\n		</td>\n	</tr>\n	<tr>\n		<td width=\"850\" bgcolor=\"#f7f7f7\" valign=\"top\" style=\"border: none; padding-top: 0; padding-right: 44px; padding-bottom: 16px; padding-left: 44px;\">\n			<p style=\"margin-top:30px; margin-bottom: 28px; font-weight: bold; font-size: 19px;\">Заказ номер <?=$arParams[\"ORDER_ID\"];?> от <?=$arParams[\"ORDER_DATE\"];?> оплачен.</p>\n			<p style=\"margin-top: 0; margin-bottom: 20px; line-height: 20px;\">Для получения подробной информации по заказу пройдите на сайт http://<?=$arParams[\"SERVER_NAME\"];?>/personal/order/<?=$arParams[\"ORDER_ID\"];?>/</p>\n		</td>\n	</tr>\n	<tr>\n		<td height=\"40px\" width=\"850\" bgcolor=\"#f7f7f7\" valign=\"top\" style=\"border: none; padding-top: 0; padding-right: 44px; padding-bottom: 30px; padding-left: 44px;\">\n			<p style=\"border-top: 1px solid #d1d1d1; margin-bottom: 5px; margin-top: 0; padding-top: 20px; line-height:21px;\">С уважением,<br />администрация <a href=\"http://<?=$arParams[\"SERVER_NAME\"];?>\" style=\"color:#2e6eb6;\">Интернет-магазина</a><br />\n				E-mail: <a href=\"mailto:<?=$arParams[\"SALE_EMAIL\"];?>\" style=\"color:#2e6eb6;\"><?=$arParams[\"SALE_EMAIL\"];?></a>\n			</p>\n		</td>\n	</tr>\n</table>\n</body>\n</html>','html','#BCC#',NULL,NULL,NULL,NULL,NULL,NULL,NULL,NULL,NULL,NULL,NULL),(26,'2016-03-02 15:41:21','SALE_ORDER_REMIND_PAYMENT','s1','Y','#SALE_EMAIL#','#EMAIL#','#SITE_NAME#: Напоминание об оплате заказа N#ORDER_ID# ','<!DOCTYPE HTML PUBLIC \"-//W3C//DTD HTML 4.01 Transitional//EN\" \"http://www.w3.org/TR/html4/loose.dtd\">\n<html xmlns=\"http://www.w3.org/1999/xhtml\" xml:lang=\"ru\" lang=\"ru\">\n<head>\n	<meta http-equiv=\"Content-Type\" content=\"text/html;charset=UTF-8\"/>\n	<style>\n		body\n		{\n			font-family: \'Helvetica Neue\', Helvetica, Arial, sans-serif;\n			font-size: 14px;\n			color: #000;\n		}\n	</style>\n</head>\n<body>\n<table cellpadding=\"0\" cellspacing=\"0\" width=\"850\" style=\"background-color: #d1d1d1; border-radius: 2px; border:1px solid #d1d1d1; margin: 0 auto;\" border=\"1\" bordercolor=\"#d1d1d1\">\n	<tr>\n		<td height=\"83\" width=\"850\" bgcolor=\"#eaf3f5\" style=\"border: none; padding-top: 23px; padding-right: 17px; padding-bottom: 24px; padding-left: 17px;\">\n			<table cellpadding=\"0\" cellspacing=\"0\" border=\"0\" width=\"100%\">\n				<tr>\n					<td bgcolor=\"#ffffff\" height=\"75\" style=\"font-weight: bold; text-align: center; font-size: 26px; color: #0b3961;\">Напоминаем вам об оплате заказа на сайте #SITE_NAME#</td>\n				</tr>\n				<tr>\n					<td bgcolor=\"#bad3df\" height=\"11\"></td>\n				</tr>\n			</table>\n		</td>\n	</tr>\n	<tr>\n		<td width=\"850\" bgcolor=\"#f7f7f7\" valign=\"top\" style=\"border: none; padding-top: 0; padding-right: 44px; padding-bottom: 16px; padding-left: 44px;\">\n			<p style=\"margin-top:30px; margin-bottom: 28px; font-weight: bold; font-size: 19px;\">Уважаемый #ORDER_USER#,</p>\n			<p style=\"margin-top: 0; margin-bottom: 20px; line-height: 20px;\">Вами был оформлен заказ N #ORDER_ID# от #ORDER_DATE# на сумму #PRICE#.<br />\n<br />\nК сожалению, на сегодняшний день средства по этому заказу не поступили к нам.<br />\n<br />\nВы можете следить за выполнением своего заказа (на какой стадии выполнения он находится), войдя в Ваш персональный раздел сайта #SITE_NAME#.<br />\n<br />\nОбратите внимание, что для входа в этот раздел Вам необходимо будет ввести логин и пароль пользователя сайта #SITE_NAME#.<br />\n<br />\nДля того, чтобы аннулировать заказ, воспользуйтесь функцией отмены заказа, которая доступна в Вашем персональном разделе сайта #SITE_NAME#.<br />\n<br />\nПожалуйста, при обращении к администрации сайта #SITE_NAME# ОБЯЗАТЕЛЬНО указывайте номер Вашего заказа - #ORDER_ID#.<br />\n<br />\nСпасибо за покупку!<br />\n</p>\n		</td>\n	</tr>\n	<tr>\n		<td height=\"40px\" width=\"850\" bgcolor=\"#f7f7f7\" valign=\"top\" style=\"border: none; padding-top: 0; padding-right: 44px; padding-bottom: 30px; padding-left: 44px;\">\n			<p style=\"border-top: 1px solid #d1d1d1; margin-bottom: 5px; margin-top: 0; padding-top: 20px; line-height:21px;\">С уважением,<br />администрация <a href=\"http://#SERVER_NAME#\" style=\"color:#2e6eb6;\">Интернет-магазина</a><br />\n				E-mail: <a href=\"mailto:#SALE_EMAIL#\" style=\"color:#2e6eb6;\">#SALE_EMAIL#</a>\n			</p>\n		</td>\n	</tr>\n</table>\n</body>\n</html>','<!DOCTYPE HTML PUBLIC \"-//W3C//DTD HTML 4.01 Transitional//EN\" \"http://www.w3.org/TR/html4/loose.dtd\">\n<html xmlns=\"http://www.w3.org/1999/xhtml\" xml:lang=\"ru\" lang=\"ru\">\n<head>\n	<meta http-equiv=\"Content-Type\" content=\"text/html;charset=UTF-8\"/>\n	<style>\n		body\n		{\n			font-family: \'Helvetica Neue\', Helvetica, Arial, sans-serif;\n			font-size: 14px;\n			color: #000;\n		}\n	</style>\n</head>\n<body>\n<table cellpadding=\"0\" cellspacing=\"0\" width=\"850\" style=\"background-color: #d1d1d1; border-radius: 2px; border:1px solid #d1d1d1; margin: 0 auto;\" border=\"1\" bordercolor=\"#d1d1d1\">\n	<tr>\n		<td height=\"83\" width=\"850\" bgcolor=\"#eaf3f5\" style=\"border: none; padding-top: 23px; padding-right: 17px; padding-bottom: 24px; padding-left: 17px;\">\n			<table cellpadding=\"0\" cellspacing=\"0\" border=\"0\" width=\"100%\">\n				<tr>\n					<td bgcolor=\"#ffffff\" height=\"75\" style=\"font-weight: bold; text-align: center; font-size: 26px; color: #0b3961;\">Напоминаем вам об оплате заказа на сайте <?=$arParams[\"SITE_NAME\"];?></td>\n				</tr>\n				<tr>\n					<td bgcolor=\"#bad3df\" height=\"11\"></td>\n				</tr>\n			</table>\n		</td>\n	</tr>\n	<tr>\n		<td width=\"850\" bgcolor=\"#f7f7f7\" valign=\"top\" style=\"border: none; padding-top: 0; padding-right: 44px; padding-bottom: 16px; padding-left: 44px;\">\n			<p style=\"margin-top:30px; margin-bottom: 28px; font-weight: bold; font-size: 19px;\">Уважаемый <?=$arParams[\"ORDER_USER\"];?>,</p>\n			<p style=\"margin-top: 0; margin-bottom: 20px; line-height: 20px;\">Вами был оформлен заказ N <?=$arParams[\"ORDER_ID\"];?> от <?=$arParams[\"ORDER_DATE\"];?> на сумму <?=$arParams[\"PRICE\"];?>.<br />\n<br />\nК сожалению, на сегодняшний день средства по этому заказу не поступили к нам.<br />\n<br />\nВы можете следить за выполнением своего заказа (на какой стадии выполнения он находится), войдя в Ваш персональный раздел сайта <?=$arParams[\"SITE_NAME\"];?>.<br />\n<br />\nОбратите внимание, что для входа в этот раздел Вам необходимо будет ввести логин и пароль пользователя сайта <?=$arParams[\"SITE_NAME\"];?>.<br />\n<br />\nДля того, чтобы аннулировать заказ, воспользуйтесь функцией отмены заказа, которая доступна в Вашем персональном разделе сайта <?=$arParams[\"SITE_NAME\"];?>.<br />\n<br />\nПожалуйста, при обращении к администрации сайта <?=$arParams[\"SITE_NAME\"];?> ОБЯЗАТЕЛЬНО указывайте номер Вашего заказа - <?=$arParams[\"ORDER_ID\"];?>.<br />\n<br />\nСпасибо за покупку!<br />\n</p>\n		</td>\n	</tr>\n	<tr>\n		<td height=\"40px\" width=\"850\" bgcolor=\"#f7f7f7\" valign=\"top\" style=\"border: none; padding-top: 0; padding-right: 44px; padding-bottom: 30px; padding-left: 44px;\">\n			<p style=\"border-top: 1px solid #d1d1d1; margin-bottom: 5px; margin-top: 0; padding-top: 20px; line-height:21px;\">С уважением,<br />администрация <a href=\"http://<?=$arParams[\"SERVER_NAME\"];?>\" style=\"color:#2e6eb6;\">Интернет-магазина</a><br />\n				E-mail: <a href=\"mailto:<?=$arParams[\"SALE_EMAIL\"];?>\" style=\"color:#2e6eb6;\"><?=$arParams[\"SALE_EMAIL\"];?></a>\n			</p>\n		</td>\n	</tr>\n</table>\n</body>\n</html>','html','#BCC#',NULL,NULL,NULL,NULL,NULL,NULL,NULL,NULL,NULL,NULL,NULL),(27,'2016-03-02 15:41:21','SALE_SUBSCRIBE_PRODUCT','s1','Y','#SALE_EMAIL#','#EMAIL#','#SITE_NAME#: Уведомление о поступлении товара','<!DOCTYPE HTML PUBLIC \"-//W3C//DTD HTML 4.01 Transitional//EN\" \"http://www.w3.org/TR/html4/loose.dtd\">\n<html xmlns=\"http://www.w3.org/1999/xhtml\" xml:lang=\"ru\" lang=\"ru\">\n<head>\n	<meta http-equiv=\"Content-Type\" content=\"text/html;charset=UTF-8\"/>\n	<style>\n		body\n		{\n			font-family: \'Helvetica Neue\', Helvetica, Arial, sans-serif;\n			font-size: 14px;\n			color: #000;\n		}\n	</style>\n</head>\n<body>\n<table cellpadding=\"0\" cellspacing=\"0\" width=\"850\" style=\"background-color: #d1d1d1; border-radius: 2px; border:1px solid #d1d1d1; margin: 0 auto;\" border=\"1\" bordercolor=\"#d1d1d1\">\n	<tr>\n		<td height=\"83\" width=\"850\" bgcolor=\"#eaf3f5\" style=\"border: none; padding-top: 23px; padding-right: 17px; padding-bottom: 24px; padding-left: 17px;\">\n			<table cellpadding=\"0\" cellspacing=\"0\" border=\"0\" width=\"100%\">\n				<tr>\n					<td bgcolor=\"#ffffff\" height=\"75\" style=\"font-weight: bold; text-align: center; font-size: 26px; color: #0b3961;\">Уведомление о поступлении товара в магазин #SITE_NAME#</td>\n				</tr>\n				<tr>\n					<td bgcolor=\"#bad3df\" height=\"11\"></td>\n				</tr>\n			</table>\n		</td>\n	</tr>\n	<tr>\n		<td width=\"850\" bgcolor=\"#f7f7f7\" valign=\"top\" style=\"border: none; padding-top: 0; padding-right: 44px; padding-bottom: 16px; padding-left: 44px;\">\n			<p style=\"margin-top:30px; margin-bottom: 28px; font-weight: bold; font-size: 19px;\">Уважаемый, #USER_NAME#!</p>\n			<p style=\"margin-top: 0; margin-bottom: 20px; line-height: 20px;\">Товар \"#NAME#\" (#PAGE_URL#) поступил на склад.<br />\n<br />\nВы можете Оформить заказ (http://#SERVER_NAME#/personal/cart/).<br />\n<br />\nНе забудьте авторизоваться!<br />\n<br />\nВы получили это сообщение по Вашей просьбе оповестить при появлении товара.<br />\nНе отвечайте на него - письмо сформировано автоматически.<br />\n<br />\nСпасибо за покупку!<br />\n</p>\n		</td>\n	</tr>\n	<tr>\n		<td height=\"40px\" width=\"850\" bgcolor=\"#f7f7f7\" valign=\"top\" style=\"border: none; padding-top: 0; padding-right: 44px; padding-bottom: 30px; padding-left: 44px;\">\n			<p style=\"border-top: 1px solid #d1d1d1; margin-bottom: 5px; margin-top: 0; padding-top: 20px; line-height:21px;\">С уважением,<br />администрация <a href=\"http://#SERVER_NAME#\" style=\"color:#2e6eb6;\">Интернет-магазина</a><br />\n				E-mail: <a href=\"mailto:#SALE_EMAIL#\" style=\"color:#2e6eb6;\">#SALE_EMAIL#</a>\n			</p>\n		</td>\n	</tr>\n</table>\n</body>\n</html>','<!DOCTYPE HTML PUBLIC \"-//W3C//DTD HTML 4.01 Transitional//EN\" \"http://www.w3.org/TR/html4/loose.dtd\">\n<html xmlns=\"http://www.w3.org/1999/xhtml\" xml:lang=\"ru\" lang=\"ru\">\n<head>\n	<meta http-equiv=\"Content-Type\" content=\"text/html;charset=UTF-8\"/>\n	<style>\n		body\n		{\n			font-family: \'Helvetica Neue\', Helvetica, Arial, sans-serif;\n			font-size: 14px;\n			color: #000;\n		}\n	</style>\n</head>\n<body>\n<table cellpadding=\"0\" cellspacing=\"0\" width=\"850\" style=\"background-color: #d1d1d1; border-radius: 2px; border:1px solid #d1d1d1; margin: 0 auto;\" border=\"1\" bordercolor=\"#d1d1d1\">\n	<tr>\n		<td height=\"83\" width=\"850\" bgcolor=\"#eaf3f5\" style=\"border: none; padding-top: 23px; padding-right: 17px; padding-bottom: 24px; padding-left: 17px;\">\n			<table cellpadding=\"0\" cellspacing=\"0\" border=\"0\" width=\"100%\">\n				<tr>\n					<td bgcolor=\"#ffffff\" height=\"75\" style=\"font-weight: bold; text-align: center; font-size: 26px; color: #0b3961;\">Уведомление о поступлении товара в магазин <?=$arParams[\"SITE_NAME\"];?></td>\n				</tr>\n				<tr>\n					<td bgcolor=\"#bad3df\" height=\"11\"></td>\n				</tr>\n			</table>\n		</td>\n	</tr>\n	<tr>\n		<td width=\"850\" bgcolor=\"#f7f7f7\" valign=\"top\" style=\"border: none; padding-top: 0; padding-right: 44px; padding-bottom: 16px; padding-left: 44px;\">\n			<p style=\"margin-top:30px; margin-bottom: 28px; font-weight: bold; font-size: 19px;\">Уважаемый, <?=$arParams[\"USER_NAME\"];?>!</p>\n			<p style=\"margin-top: 0; margin-bottom: 20px; line-height: 20px;\">Товар \"<?=$arParams[\"NAME\"];?>\" (<?=$arParams[\"PAGE_URL\"];?>) поступил на склад.<br />\n<br />\nВы можете Оформить заказ (http://<?=$arParams[\"SERVER_NAME\"];?>/personal/cart/).<br />\n<br />\nНе забудьте авторизоваться!<br />\n<br />\nВы получили это сообщение по Вашей просьбе оповестить при появлении товара.<br />\nНе отвечайте на него - письмо сформировано автоматически.<br />\n<br />\nСпасибо за покупку!<br />\n</p>\n		</td>\n	</tr>\n	<tr>\n		<td height=\"40px\" width=\"850\" bgcolor=\"#f7f7f7\" valign=\"top\" style=\"border: none; padding-top: 0; padding-right: 44px; padding-bottom: 30px; padding-left: 44px;\">\n			<p style=\"border-top: 1px solid #d1d1d1; margin-bottom: 5px; margin-top: 0; padding-top: 20px; line-height:21px;\">С уважением,<br />администрация <a href=\"http://<?=$arParams[\"SERVER_NAME\"];?>\" style=\"color:#2e6eb6;\">Интернет-магазина</a><br />\n				E-mail: <a href=\"mailto:<?=$arParams[\"SALE_EMAIL\"];?>\" style=\"color:#2e6eb6;\"><?=$arParams[\"SALE_EMAIL\"];?></a>\n			</p>\n		</td>\n	</tr>\n</table>\n</body>\n</html>','html','#BCC#',NULL,NULL,NULL,NULL,NULL,NULL,NULL,NULL,NULL,NULL,NULL),(28,'2016-03-02 15:41:21','SALE_ORDER_TRACKING_NUMBER','s1','Y','#SALE_EMAIL#','#EMAIL#','Номер идентификатора отправления вашего заказа на сайте #SITE_NAME#','<!DOCTYPE HTML PUBLIC \"-//W3C//DTD HTML 4.01 Transitional//EN\" \"http://www.w3.org/TR/html4/loose.dtd\">\n<html xmlns=\"http://www.w3.org/1999/xhtml\" xml:lang=\"ru\" lang=\"ru\">\n<head>\n	<meta http-equiv=\"Content-Type\" content=\"text/html;charset=UTF-8\"/>\n	<style>\n		body\n		{\n			font-family: \'Helvetica Neue\', Helvetica, Arial, sans-serif;\n			font-size: 14px;\n			color: #000;\n		}\n	</style>\n</head>\n<body>\n<table cellpadding=\"0\" cellspacing=\"0\" width=\"850\" style=\"background-color: #d1d1d1; border-radius: 2px; border:1px solid #d1d1d1; margin: 0 auto;\" border=\"1\" bordercolor=\"#d1d1d1\">\n	<tr>\n		<td height=\"83\" width=\"850\" bgcolor=\"#eaf3f5\" style=\"border: none; padding-top: 23px; padding-right: 17px; padding-bottom: 24px; padding-left: 17px;\">\n			<table cellpadding=\"0\" cellspacing=\"0\" border=\"0\" width=\"100%\">\n				<tr>\n					<td bgcolor=\"#ffffff\" height=\"75\" style=\"font-weight: bold; text-align: center; font-size: 26px; color: #0b3961;\">Номер идентификатора отправления вашего заказа на сайте #SITE_NAME#</td>\n				</tr>\n				<tr>\n					<td bgcolor=\"#bad3df\" height=\"11\"></td>\n				</tr>\n			</table>\n		</td>\n	</tr>\n	<tr>\n		<td width=\"850\" bgcolor=\"#f7f7f7\" valign=\"top\" style=\"border: none; padding-top: 0; padding-right: 44px; padding-bottom: 16px; padding-left: 44px;\">\n			<p style=\"margin-top:30px; margin-bottom: 28px; font-weight: bold; font-size: 19px;\">Уважаемый #ORDER_USER#,</p>\n			<p style=\"margin-top: 0; margin-bottom: 20px; line-height: 20px;\">Произошла почтовая отправка заказа N #ORDER_ID# от #ORDER_DATE#.<br />\n<br />\nНомер идентификатора отправления: #ORDER_TRACKING_NUMBER#.<br />\n<br />\nДля получения подробной информации по заказу пройдите на сайт http://#SERVER_NAME#/personal/order/detail/#ORDER_ID#/<br />\n<br />\nE-mail: #SALE_EMAIL#<br />\n</p>\n		</td>\n	</tr>\n	<tr>\n		<td height=\"40px\" width=\"850\" bgcolor=\"#f7f7f7\" valign=\"top\" style=\"border: none; padding-top: 0; padding-right: 44px; padding-bottom: 30px; padding-left: 44px;\">\n			<p style=\"border-top: 1px solid #d1d1d1; margin-bottom: 5px; margin-top: 0; padding-top: 20px; line-height:21px;\">С уважением,<br />администрация <a href=\"http://#SERVER_NAME#\" style=\"color:#2e6eb6;\">Интернет-магазина</a><br />\n				E-mail: <a href=\"mailto:#SALE_EMAIL#\" style=\"color:#2e6eb6;\">#SALE_EMAIL#</a>\n			</p>\n		</td>\n	</tr>\n</table>\n</body>\n</html>','<!DOCTYPE HTML PUBLIC \"-//W3C//DTD HTML 4.01 Transitional//EN\" \"http://www.w3.org/TR/html4/loose.dtd\">\n<html xmlns=\"http://www.w3.org/1999/xhtml\" xml:lang=\"ru\" lang=\"ru\">\n<head>\n	<meta http-equiv=\"Content-Type\" content=\"text/html;charset=UTF-8\"/>\n	<style>\n		body\n		{\n			font-family: \'Helvetica Neue\', Helvetica, Arial, sans-serif;\n			font-size: 14px;\n			color: #000;\n		}\n	</style>\n</head>\n<body>\n<table cellpadding=\"0\" cellspacing=\"0\" width=\"850\" style=\"background-color: #d1d1d1; border-radius: 2px; border:1px solid #d1d1d1; margin: 0 auto;\" border=\"1\" bordercolor=\"#d1d1d1\">\n	<tr>\n		<td height=\"83\" width=\"850\" bgcolor=\"#eaf3f5\" style=\"border: none; padding-top: 23px; padding-right: 17px; padding-bottom: 24px; padding-left: 17px;\">\n			<table cellpadding=\"0\" cellspacing=\"0\" border=\"0\" width=\"100%\">\n				<tr>\n					<td bgcolor=\"#ffffff\" height=\"75\" style=\"font-weight: bold; text-align: center; font-size: 26px; color: #0b3961;\">Номер идентификатора отправления вашего заказа на сайте <?=$arParams[\"SITE_NAME\"];?></td>\n				</tr>\n				<tr>\n					<td bgcolor=\"#bad3df\" height=\"11\"></td>\n				</tr>\n			</table>\n		</td>\n	</tr>\n	<tr>\n		<td width=\"850\" bgcolor=\"#f7f7f7\" valign=\"top\" style=\"border: none; padding-top: 0; padding-right: 44px; padding-bottom: 16px; padding-left: 44px;\">\n			<p style=\"margin-top:30px; margin-bottom: 28px; font-weight: bold; font-size: 19px;\">Уважаемый <?=$arParams[\"ORDER_USER\"];?>,</p>\n			<p style=\"margin-top: 0; margin-bottom: 20px; line-height: 20px;\">Произошла почтовая отправка заказа N <?=$arParams[\"ORDER_ID\"];?> от <?=$arParams[\"ORDER_DATE\"];?>.<br />\n<br />\nНомер идентификатора отправления: <?=$arParams[\"ORDER_TRACKING_NUMBER\"];?>.<br />\n<br />\nДля получения подробной информации по заказу пройдите на сайт http://<?=$arParams[\"SERVER_NAME\"];?>/personal/order/detail/<?=$arParams[\"ORDER_ID\"];?>/<br />\n<br />\nE-mail: <?=$arParams[\"SALE_EMAIL\"];?><br />\n</p>\n		</td>\n	</tr>\n	<tr>\n		<td height=\"40px\" width=\"850\" bgcolor=\"#f7f7f7\" valign=\"top\" style=\"border: none; padding-top: 0; padding-right: 44px; padding-bottom: 30px; padding-left: 44px;\">\n			<p style=\"border-top: 1px solid #d1d1d1; margin-bottom: 5px; margin-top: 0; padding-top: 20px; line-height:21px;\">С уважением,<br />администрация <a href=\"http://<?=$arParams[\"SERVER_NAME\"];?>\" style=\"color:#2e6eb6;\">Интернет-магазина</a><br />\n				E-mail: <a href=\"mailto:<?=$arParams[\"SALE_EMAIL\"];?>\" style=\"color:#2e6eb6;\"><?=$arParams[\"SALE_EMAIL\"];?></a>\n			</p>\n		</td>\n	</tr>\n</table>\n</body>\n</html>','html','#BCC#',NULL,NULL,NULL,NULL,NULL,NULL,NULL,NULL,NULL,NULL,NULL),(29,'2016-03-02 15:41:21','SALE_NEW_ORDER_RECURRING','s1','Y','#SALE_EMAIL#','#EMAIL#','#SITE_NAME#: Новый заказ N#ORDER_ID# на продление подписки','Информационное сообщение сайта #SITE_NAME#\n------------------------------------------\n\nУважаемый #ORDER_USER#,\n\nВаш заказ номер #ORDER_ID# от #ORDER_DATE# на продление подписки принят.\n\nСтоимость заказа: #PRICE#.\n\nСостав заказа:\n#ORDER_LIST#\n\nВы можете следить за выполнением своего заказа (на какой\nстадии выполнения он находится), войдя в Ваш персональный\nраздел сайта #SITE_NAME#. Обратите внимание, что для входа\nв этот раздел Вам необходимо будет ввести логин и пароль\nпользователя сайта #SITE_NAME#.\n\nДля того, чтобы аннулировать заказ, воспользуйтесь функцией\nотмены заказа, которая доступна в Вашем персональном\nразделе сайта #SITE_NAME#.\n\nПожалуйста, при обращении к администрации сайта #SITE_NAME#\nОБЯЗАТЕЛЬНО указывайте номер Вашего заказа - #ORDER_ID#.\n\nСпасибо за покупку!\n','Информационное сообщение сайта <?=$arParams[\"SITE_NAME\"];?>\n\n------------------------------------------\n\nУважаемый <?=$arParams[\"ORDER_USER\"];?>,\n\nВаш заказ номер <?=$arParams[\"ORDER_ID\"];?> от <?=$arParams[\"ORDER_DATE\"];?> на продление подписки принят.\n\nСтоимость заказа: <?=$arParams[\"PRICE\"];?>.\n\nСостав заказа:\n<?=$arParams[\"ORDER_LIST\"];?>\n\n\nВы можете следить за выполнением своего заказа (на какой\nстадии выполнения он находится), войдя в Ваш персональный\nраздел сайта <?=$arParams[\"SITE_NAME\"];?>. Обратите внимание, что для входа\nв этот раздел Вам необходимо будет ввести логин и пароль\nпользователя сайта <?=$arParams[\"SITE_NAME\"];?>.\n\nДля того, чтобы аннулировать заказ, воспользуйтесь функцией\nотмены заказа, которая доступна в Вашем персональном\nразделе сайта <?=$arParams[\"SITE_NAME\"];?>.\n\nПожалуйста, при обращении к администрации сайта <?=$arParams[\"SITE_NAME\"];?>\n\nОБЯЗАТЕЛЬНО указывайте номер Вашего заказа - <?=$arParams[\"ORDER_ID\"];?>.\n\nСпасибо за покупку!\n','text','#BCC#',NULL,NULL,NULL,NULL,NULL,NULL,NULL,NULL,NULL,NULL,NULL),(30,'2016-03-02 15:41:21','SALE_RECURRING_CANCEL','s1','Y','#SALE_EMAIL#','#EMAIL#','#SITE_NAME#: Подписка отменена','Информационное сообщение сайта #SITE_NAME#\n------------------------------------------\n\nПодписка отменена\n\n#CANCELED_REASON#\n#SITE_NAME#\n','Информационное сообщение сайта <?=$arParams[\"SITE_NAME\"];?>\n\n------------------------------------------\n\nПодписка отменена\n\n<?=$arParams[\"CANCELED_REASON\"];?>\n\n<?=$arParams[\"SITE_NAME\"];?>\n\n','text','#BCC#',NULL,NULL,NULL,NULL,NULL,NULL,NULL,NULL,NULL,NULL,NULL),(31,'2016-03-02 15:41:21','SALE_STATUS_CHANGED_F','s1','Y','#SALE_EMAIL#','#EMAIL#','#SERVER_NAME#: Изменение статуса заказа N#ORDER_ID#','<!DOCTYPE HTML PUBLIC \"-//W3C//DTD HTML 4.01 Transitional//EN\" \"http://www.w3.org/TR/html4/loose.dtd\">\n<html xmlns=\"http://www.w3.org/1999/xhtml\" xml:lang=\"ru\" lang=\"ru\">\n<head>\n	<meta http-equiv=\"Content-Type\" content=\"text/html;charset=UTF-8\"/>\n	<style>\n		body\n		{\n			font-family: \'Helvetica Neue\', Helvetica, Arial, sans-serif;\n			font-size: 14px;\n			color: #000;\n		}\n	</style>\n</head>\n<body>\n<table cellpadding=\"0\" cellspacing=\"0\" width=\"850\" style=\"background-color: #d1d1d1; border-radius: 2px; border:1px solid #d1d1d1; margin: 0 auto;\" border=\"1\" bordercolor=\"#d1d1d1\">\n	<tr>\n		<td height=\"83\" width=\"850\" bgcolor=\"#eaf3f5\" style=\"border: none; padding-top: 23px; padding-right: 17px; padding-bottom: 24px; padding-left: 17px;\">\n			<table cellpadding=\"0\" cellspacing=\"0\" border=\"0\" width=\"100%\">\n				<tr>\n					<td bgcolor=\"#ffffff\" height=\"75\" style=\"font-weight: bold; text-align: center; font-size: 26px; color: #0b3961;\">Изменение статуса заказа в магазине #SITE_NAME#</td>\n				</tr>\n				<tr>\n					<td bgcolor=\"#bad3df\" height=\"11\"></td>\n				</tr>\n			</table>\n		</td>\n	</tr>\n	<tr>\n		<td width=\"850\" bgcolor=\"#f7f7f7\" valign=\"top\" style=\"border: none; padding-top: 0; padding-right: 44px; padding-bottom: 16px; padding-left: 44px;\">\n			<p style=\"margin-top:30px; margin-bottom: 28px; font-weight: bold; font-size: 19px;\"></p>\n			<p style=\"margin-top: 0; margin-bottom: 20px; line-height: 20px;\">Информационное сообщение сайта #SITE_NAME#<br />\n------------------------------------------<br />\n<br />\nСтатус заказа номер #ORDER_ID# от #ORDER_DATE# изменен.<br />\n<br />\nНовый статус заказа:<br />\n#ORDER_STATUS#<br />\n#ORDER_DESCRIPTION#<br />\n#TEXT#<br />\n<br />\nДля получения подробной информации по заказу пройдите на сайт #SERVER_NAME#/personal/order/#ORDER_ID#/<br />\n<br />\nСпасибо за ваш выбор!<br />\n#SITE_NAME#<br />\n</p>\n		</td>\n	</tr>\n	<tr>\n		<td height=\"40px\" width=\"850\" bgcolor=\"#f7f7f7\" valign=\"top\" style=\"border: none; padding-top: 0; padding-right: 44px; padding-bottom: 30px; padding-left: 44px;\">\n			<p style=\"border-top: 1px solid #d1d1d1; margin-bottom: 5px; margin-top: 0; padding-top: 20px; line-height:21px;\">С уважением,<br />администрация <a href=\"http://#SERVER_NAME#\" style=\"color:#2e6eb6;\">Интернет-магазина</a><br />\n				E-mail: <a href=\"mailto:#SALE_EMAIL#\" style=\"color:#2e6eb6;\">#SALE_EMAIL#</a>\n			</p>\n		</td>\n	</tr>\n</table>\n</body>\n</html>','<!DOCTYPE HTML PUBLIC \"-//W3C//DTD HTML 4.01 Transitional//EN\" \"http://www.w3.org/TR/html4/loose.dtd\">\n<html xmlns=\"http://www.w3.org/1999/xhtml\" xml:lang=\"ru\" lang=\"ru\">\n<head>\n	<meta http-equiv=\"Content-Type\" content=\"text/html;charset=UTF-8\"/>\n	<style>\n		body\n		{\n			font-family: \'Helvetica Neue\', Helvetica, Arial, sans-serif;\n			font-size: 14px;\n			color: #000;\n		}\n	</style>\n</head>\n<body>\n<table cellpadding=\"0\" cellspacing=\"0\" width=\"850\" style=\"background-color: #d1d1d1; border-radius: 2px; border:1px solid #d1d1d1; margin: 0 auto;\" border=\"1\" bordercolor=\"#d1d1d1\">\n	<tr>\n		<td height=\"83\" width=\"850\" bgcolor=\"#eaf3f5\" style=\"border: none; padding-top: 23px; padding-right: 17px; padding-bottom: 24px; padding-left: 17px;\">\n			<table cellpadding=\"0\" cellspacing=\"0\" border=\"0\" width=\"100%\">\n				<tr>\n					<td bgcolor=\"#ffffff\" height=\"75\" style=\"font-weight: bold; text-align: center; font-size: 26px; color: #0b3961;\">Изменение статуса заказа в магазине <?=$arParams[\"SITE_NAME\"];?></td>\n				</tr>\n				<tr>\n					<td bgcolor=\"#bad3df\" height=\"11\"></td>\n				</tr>\n			</table>\n		</td>\n	</tr>\n	<tr>\n		<td width=\"850\" bgcolor=\"#f7f7f7\" valign=\"top\" style=\"border: none; padding-top: 0; padding-right: 44px; padding-bottom: 16px; padding-left: 44px;\">\n			<p style=\"margin-top:30px; margin-bottom: 28px; font-weight: bold; font-size: 19px;\"></p>\n			<p style=\"margin-top: 0; margin-bottom: 20px; line-height: 20px;\">Информационное сообщение сайта <?=$arParams[\"SITE_NAME\"];?><br />\n------------------------------------------<br />\n<br />\nСтатус заказа номер <?=$arParams[\"ORDER_ID\"];?> от <?=$arParams[\"ORDER_DATE\"];?> изменен.<br />\n<br />\nНовый статус заказа:<br />\n<?=$arParams[\"ORDER_STATUS\"];?><br />\n<?=$arParams[\"ORDER_DESCRIPTION\"];?><br />\n<?=$arParams[\"TEXT\"];?><br />\n<br />\nДля получения подробной информации по заказу пройдите на сайт <?=$arParams[\"SERVER_NAME\"];?>/personal/order/<?=$arParams[\"ORDER_ID\"];?>/<br />\n<br />\nСпасибо за ваш выбор!<br />\n<?=$arParams[\"SITE_NAME\"];?><br />\n</p>\n		</td>\n	</tr>\n	<tr>\n		<td height=\"40px\" width=\"850\" bgcolor=\"#f7f7f7\" valign=\"top\" style=\"border: none; padding-top: 0; padding-right: 44px; padding-bottom: 30px; padding-left: 44px;\">\n			<p style=\"border-top: 1px solid #d1d1d1; margin-bottom: 5px; margin-top: 0; padding-top: 20px; line-height:21px;\">С уважением,<br />администрация <a href=\"http://<?=$arParams[\"SERVER_NAME\"];?>\" style=\"color:#2e6eb6;\">Интернет-магазина</a><br />\n				E-mail: <a href=\"mailto:<?=$arParams[\"SALE_EMAIL\"];?>\" style=\"color:#2e6eb6;\"><?=$arParams[\"SALE_EMAIL\"];?></a>\n			</p>\n		</td>\n	</tr>\n</table>\n</body>\n</html>','html',NULL,NULL,NULL,NULL,NULL,NULL,NULL,NULL,NULL,NULL,NULL,NULL),(32,'2016-03-02 15:41:21','SALE_STATUS_CHANGED_N','s1','Y','#SALE_EMAIL#','#EMAIL#','#SERVER_NAME#: Изменение статуса заказа N#ORDER_ID#','<!DOCTYPE HTML PUBLIC \"-//W3C//DTD HTML 4.01 Transitional//EN\" \"http://www.w3.org/TR/html4/loose.dtd\">\n<html xmlns=\"http://www.w3.org/1999/xhtml\" xml:lang=\"ru\" lang=\"ru\">\n<head>\n	<meta http-equiv=\"Content-Type\" content=\"text/html;charset=UTF-8\"/>\n	<style>\n		body\n		{\n			font-family: \'Helvetica Neue\', Helvetica, Arial, sans-serif;\n			font-size: 14px;\n			color: #000;\n		}\n	</style>\n</head>\n<body>\n<table cellpadding=\"0\" cellspacing=\"0\" width=\"850\" style=\"background-color: #d1d1d1; border-radius: 2px; border:1px solid #d1d1d1; margin: 0 auto;\" border=\"1\" bordercolor=\"#d1d1d1\">\n	<tr>\n		<td height=\"83\" width=\"850\" bgcolor=\"#eaf3f5\" style=\"border: none; padding-top: 23px; padding-right: 17px; padding-bottom: 24px; padding-left: 17px;\">\n			<table cellpadding=\"0\" cellspacing=\"0\" border=\"0\" width=\"100%\">\n				<tr>\n					<td bgcolor=\"#ffffff\" height=\"75\" style=\"font-weight: bold; text-align: center; font-size: 26px; color: #0b3961;\">Изменение статуса заказа в магазине #SITE_NAME#</td>\n				</tr>\n				<tr>\n					<td bgcolor=\"#bad3df\" height=\"11\"></td>\n				</tr>\n			</table>\n		</td>\n	</tr>\n	<tr>\n		<td width=\"850\" bgcolor=\"#f7f7f7\" valign=\"top\" style=\"border: none; padding-top: 0; padding-right: 44px; padding-bottom: 16px; padding-left: 44px;\">\n			<p style=\"margin-top:30px; margin-bottom: 28px; font-weight: bold; font-size: 19px;\"></p>\n			<p style=\"margin-top: 0; margin-bottom: 20px; line-height: 20px;\">Информационное сообщение сайта #SITE_NAME#<br />\n------------------------------------------<br />\n<br />\nСтатус заказа номер #ORDER_ID# от #ORDER_DATE# изменен.<br />\n<br />\nНовый статус заказа:<br />\n#ORDER_STATUS#<br />\n#ORDER_DESCRIPTION#<br />\n#TEXT#<br />\n<br />\nДля получения подробной информации по заказу пройдите на сайт #SERVER_NAME#/personal/order/#ORDER_ID#/<br />\n<br />\nСпасибо за ваш выбор!<br />\n#SITE_NAME#<br />\n</p>\n		</td>\n	</tr>\n	<tr>\n		<td height=\"40px\" width=\"850\" bgcolor=\"#f7f7f7\" valign=\"top\" style=\"border: none; padding-top: 0; padding-right: 44px; padding-bottom: 30px; padding-left: 44px;\">\n			<p style=\"border-top: 1px solid #d1d1d1; margin-bottom: 5px; margin-top: 0; padding-top: 20px; line-height:21px;\">С уважением,<br />администрация <a href=\"http://#SERVER_NAME#\" style=\"color:#2e6eb6;\">Интернет-магазина</a><br />\n				E-mail: <a href=\"mailto:#SALE_EMAIL#\" style=\"color:#2e6eb6;\">#SALE_EMAIL#</a>\n			</p>\n		</td>\n	</tr>\n</table>\n</body>\n</html>','<!DOCTYPE HTML PUBLIC \"-//W3C//DTD HTML 4.01 Transitional//EN\" \"http://www.w3.org/TR/html4/loose.dtd\">\n<html xmlns=\"http://www.w3.org/1999/xhtml\" xml:lang=\"ru\" lang=\"ru\">\n<head>\n	<meta http-equiv=\"Content-Type\" content=\"text/html;charset=UTF-8\"/>\n	<style>\n		body\n		{\n			font-family: \'Helvetica Neue\', Helvetica, Arial, sans-serif;\n			font-size: 14px;\n			color: #000;\n		}\n	</style>\n</head>\n<body>\n<table cellpadding=\"0\" cellspacing=\"0\" width=\"850\" style=\"background-color: #d1d1d1; border-radius: 2px; border:1px solid #d1d1d1; margin: 0 auto;\" border=\"1\" bordercolor=\"#d1d1d1\">\n	<tr>\n		<td height=\"83\" width=\"850\" bgcolor=\"#eaf3f5\" style=\"border: none; padding-top: 23px; padding-right: 17px; padding-bottom: 24px; padding-left: 17px;\">\n			<table cellpadding=\"0\" cellspacing=\"0\" border=\"0\" width=\"100%\">\n				<tr>\n					<td bgcolor=\"#ffffff\" height=\"75\" style=\"font-weight: bold; text-align: center; font-size: 26px; color: #0b3961;\">Изменение статуса заказа в магазине <?=$arParams[\"SITE_NAME\"];?></td>\n				</tr>\n				<tr>\n					<td bgcolor=\"#bad3df\" height=\"11\"></td>\n				</tr>\n			</table>\n		</td>\n	</tr>\n	<tr>\n		<td width=\"850\" bgcolor=\"#f7f7f7\" valign=\"top\" style=\"border: none; padding-top: 0; padding-right: 44px; padding-bottom: 16px; padding-left: 44px;\">\n			<p style=\"margin-top:30px; margin-bottom: 28px; font-weight: bold; font-size: 19px;\"></p>\n			<p style=\"margin-top: 0; margin-bottom: 20px; line-height: 20px;\">Информационное сообщение сайта <?=$arParams[\"SITE_NAME\"];?><br />\n------------------------------------------<br />\n<br />\nСтатус заказа номер <?=$arParams[\"ORDER_ID\"];?> от <?=$arParams[\"ORDER_DATE\"];?> изменен.<br />\n<br />\nНовый статус заказа:<br />\n<?=$arParams[\"ORDER_STATUS\"];?><br />\n<?=$arParams[\"ORDER_DESCRIPTION\"];?><br />\n<?=$arParams[\"TEXT\"];?><br />\n<br />\nДля получения подробной информации по заказу пройдите на сайт <?=$arParams[\"SERVER_NAME\"];?>/personal/order/<?=$arParams[\"ORDER_ID\"];?>/<br />\n<br />\nСпасибо за ваш выбор!<br />\n<?=$arParams[\"SITE_NAME\"];?><br />\n</p>\n		</td>\n	</tr>\n	<tr>\n		<td height=\"40px\" width=\"850\" bgcolor=\"#f7f7f7\" valign=\"top\" style=\"border: none; padding-top: 0; padding-right: 44px; padding-bottom: 30px; padding-left: 44px;\">\n			<p style=\"border-top: 1px solid #d1d1d1; margin-bottom: 5px; margin-top: 0; padding-top: 20px; line-height:21px;\">С уважением,<br />администрация <a href=\"http://<?=$arParams[\"SERVER_NAME\"];?>\" style=\"color:#2e6eb6;\">Интернет-магазина</a><br />\n				E-mail: <a href=\"mailto:<?=$arParams[\"SALE_EMAIL\"];?>\" style=\"color:#2e6eb6;\"><?=$arParams[\"SALE_EMAIL\"];?></a>\n			</p>\n		</td>\n	</tr>\n</table>\n</body>\n</html>','html',NULL,NULL,NULL,NULL,NULL,NULL,NULL,NULL,NULL,NULL,NULL,NULL),(33,'2016-03-02 15:41:29','VIRUS_DETECTED','s1','Y','#DEFAULT_EMAIL_FROM#','#EMAIL#','#SITE_NAME#: Обнаружен вирус','Информационное сообщение сайта #SITE_NAME#\n------------------------------------------\n\nЗдравствуйте!\n\nВы получили это сообщение, так как модуль проактивной защиты сервера #SERVER_NAME# обнаружил код, похожий на вирус.\n\n1. Подозрительный код был вырезан из html.\n2. Проверьте журнал вторжений и убедитесь, что код действительно вредоносный, а не является кодом какого-либо счетчика или фреймворка.\n (ссылка: http://#SERVER_NAME#/bitrix/admin/event_log.php?lang=ru&set_filter=Y&find_type=audit_type_id&find_audit_type[]=SECURITY_VIRUS )\n3. В случае, если код не является опасным, добавьте его в исключения на странице настройки антивируса.\n (ссылка: http://#SERVER_NAME#/bitrix/admin/security_antivirus.php?lang=ru&tabControl_active_tab=exceptions )\n4. Если код является вирусным, то необходимо выполнить следующие действия:\n\n а) Смените пароли доступа к сайту у администраторов и ответственных сотрудников.\n б) Смените пароли доступа по ssh и ftp.\n в) Проверьте и вылечите компьютеры администраторов, имевших доступ к сайту по ssh или ftp.\n г) В программах доступа к сайту по ssh и ftp отключите сохранение паролей.\n д) Удалите вредоносный код из зараженных файлов. Например, восстановите поврежденные файлы из самой свежей резервной копии.\n\n---------------------------------------------------------------------\nСообщение сгенерировано автоматически.\n','Информационное сообщение сайта <?=$arParams[\"SITE_NAME\"];?>\n\n------------------------------------------\n\nЗдравствуйте!\n\nВы получили это сообщение, так как модуль проактивной защиты сервера <?=$arParams[\"SERVER_NAME\"];?> обнаружил код, похожий на вирус.\n\n1. Подозрительный код был вырезан из html.\n2. Проверьте журнал вторжений и убедитесь, что код действительно вредоносный, а не является кодом какого-либо счетчика или фреймворка.\n (ссылка: http://<?=$arParams[\"SERVER_NAME\"];?>/bitrix/admin/event_log.php?lang=ru&set_filter=Y&find_type=audit_type_id&find_audit_type[]=SECURITY_VIRUS )\n3. В случае, если код не является опасным, добавьте его в исключения на странице настройки антивируса.\n (ссылка: http://<?=$arParams[\"SERVER_NAME\"];?>/bitrix/admin/security_antivirus.php?lang=ru&tabControl_active_tab=exceptions )\n4. Если код является вирусным, то необходимо выполнить следующие действия:\n\n а) Смените пароли доступа к сайту у администраторов и ответственных сотрудников.\n б) Смените пароли доступа по ssh и ftp.\n в) Проверьте и вылечите компьютеры администраторов, имевших доступ к сайту по ssh или ftp.\n г) В программах доступа к сайту по ssh и ftp отключите сохранение паролей.\n д) Удалите вредоносный код из зараженных файлов. Например, восстановите поврежденные файлы из самой свежей резервной копии.\n\n---------------------------------------------------------------------\nСообщение сгенерировано автоматически.\n','text','',NULL,NULL,NULL,NULL,NULL,NULL,NULL,NULL,NULL,NULL,NULL),(34,'2016-03-02 15:41:31','SENDER_SUBSCRIBE_CONFIRM','s1','Y','#DEFAULT_EMAIL_FROM#','#EMAIL#','#SITE_NAME#: Подтверждение подписки','Информационное сообщение сайта #SITE_NAME#\n------------------------------------------\n\nЗдравствуйте,\n\nВы получили это сообщение, так как ваш адрес был подписан\nна список рассылки сервера #SERVER_NAME#.\n\nДополнительная информация о подписке:\n\nАдрес подписки (email) ............ #EMAIL#\nДата добавления/редактирования .... #DATE#\nСписок рассылок:\n#MAILING_LIST#\n\n\nДля подтверждения подписки перейдите по следующей ссылке:\nhttp://#SERVER_NAME##CONFIRM_URL#\n\n\nВнимание! Вы не будете получать сообщения рассылки, пока не подтвердите\nсвою подписку.\nЕсли вы не подписывались на рассылку и получили это письмо по ошибке,\nпроигнорируйте его.\n\nСообщение сгенерировано автоматически.\n','Информационное сообщение сайта <?=$arParams[\"SITE_NAME\"];?>\n\n------------------------------------------\n\nЗдравствуйте,\n\nВы получили это сообщение, так как ваш адрес был подписан\nна список рассылки сервера <?=$arParams[\"SERVER_NAME\"];?>.\n\nДополнительная информация о подписке:\n\nАдрес подписки (email) ............ <?=$arParams[\"EMAIL\"];?>\n\nДата добавления/редактирования .... <?=$arParams[\"DATE\"];?>\n\nСписок рассылок:\n<?=$arParams[\"MAILING_LIST\"];?>\n\n\n\nДля подтверждения подписки перейдите по следующей ссылке:\nhttp://<?=$arParams[\"SERVER_NAME\"];?><?=$arParams[\"CONFIRM_URL\"];?>\n\n\n\nВнимание! Вы не будете получать сообщения рассылки, пока не подтвердите\nсвою подписку.\nЕсли вы не подписывались на рассылку и получили это письмо по ошибке,\nпроигнорируйте его.\n\nСообщение сгенерировано автоматически.\n','text','',NULL,NULL,NULL,NULL,NULL,NULL,NULL,NULL,NULL,NULL,NULL),(35,'2016-03-02 15:41:37','SUBSCRIBE_CONFIRM','s1','Y','#DEFAULT_EMAIL_FROM#','#EMAIL#','#SITE_NAME#: Подтверждение подписки','Информационное сообщение сайта #SITE_NAME#\n------------------------------------------\n\nЗдравствуйте,\n\nВы получили это сообщение, так как ваш адрес был подписан\nна список рассылки сервера #SERVER_NAME#.\n\nДополнительная информация о подписке:\n\nАдрес подписки (email) ............ #EMAIL#\nДата добавления/редактирования .... #DATE_SUBSCR#\n\nВаш код для подтверждения подписки: #CONFIRM_CODE#\n\nДля подтверждения подписки перейдите по следующей ссылке:\nhttp://#SERVER_NAME##SUBSCR_SECTION#subscr_edit.php?ID=#ID#&CONFIRM_CODE=#CONFIRM_CODE#\n\nВы также можете ввести код для подтверждения подписки на странице:\nhttp://#SERVER_NAME##SUBSCR_SECTION#subscr_edit.php?ID=#ID#\n\nВнимание! Вы не будете получать сообщения рассылки, пока не подтвердите\nсвою подписку.\n\n---------------------------------------------------------------------\nСохраните это письмо, так как оно содержит информацию для авторизации.\nИспользуя код подтверждения подписки, вы cможете изменить параметры\nподписки или отписаться от рассылки.\n\nИзменить параметры:\nhttp://#SERVER_NAME##SUBSCR_SECTION#subscr_edit.php?ID=#ID#&CONFIRM_CODE=#CONFIRM_CODE#\n\nОтписаться:\nhttp://#SERVER_NAME##SUBSCR_SECTION#subscr_edit.php?ID=#ID#&CONFIRM_CODE=#CONFIRM_CODE#&action=unsubscribe\n---------------------------------------------------------------------\n\nСообщение сгенерировано автоматически.\n','Информационное сообщение сайта <?=$arParams[\"SITE_NAME\"];?>\n\n------------------------------------------\n\nЗдравствуйте,\n\nВы получили это сообщение, так как ваш адрес был подписан\nна список рассылки сервера <?=$arParams[\"SERVER_NAME\"];?>.\n\nДополнительная информация о подписке:\n\nАдрес подписки (email) ............ <?=$arParams[\"EMAIL\"];?>\n\nДата добавления/редактирования .... <?=$arParams[\"DATE_SUBSCR\"];?>\n\n\nВаш код для подтверждения подписки: <?=$arParams[\"CONFIRM_CODE\"];?>\n\n\nДля подтверждения подписки перейдите по следующей ссылке:\nhttp://<?=$arParams[\"SERVER_NAME\"];?><?=$arParams[\"SUBSCR_SECTION\"];?>subscr_edit.php?ID=<?=$arParams[\"ID\"];?>&CONFIRM_CODE=<?=$arParams[\"CONFIRM_CODE\"];?>\n\n\nВы также можете ввести код для подтверждения подписки на странице:\nhttp://<?=$arParams[\"SERVER_NAME\"];?><?=$arParams[\"SUBSCR_SECTION\"];?>subscr_edit.php?ID=<?=$arParams[\"ID\"];?>\n\n\nВнимание! Вы не будете получать сообщения рассылки, пока не подтвердите\nсвою подписку.\n\n---------------------------------------------------------------------\nСохраните это письмо, так как оно содержит информацию для авторизации.\nИспользуя код подтверждения подписки, вы cможете изменить параметры\nподписки или отписаться от рассылки.\n\nИзменить параметры:\nhttp://<?=$arParams[\"SERVER_NAME\"];?><?=$arParams[\"SUBSCR_SECTION\"];?>subscr_edit.php?ID=<?=$arParams[\"ID\"];?>&CONFIRM_CODE=<?=$arParams[\"CONFIRM_CODE\"];?>\n\n\nОтписаться:\nhttp://<?=$arParams[\"SERVER_NAME\"];?><?=$arParams[\"SUBSCR_SECTION\"];?>subscr_edit.php?ID=<?=$arParams[\"ID\"];?>&CONFIRM_CODE=<?=$arParams[\"CONFIRM_CODE\"];?>&action=unsubscribe\n---------------------------------------------------------------------\n\nСообщение сгенерировано автоматически.\n','text','',NULL,NULL,NULL,NULL,NULL,NULL,NULL,NULL,NULL,NULL,NULL),(36,'2016-03-02 15:41:40','VOTE_FOR','s1','Y','#DEFAULT_EMAIL_FROM#','#EMAIL_TO#','#SITE_NAME#: [V] #VOTE_TITLE#','#USER_NAME# принял участие в опросе \"#VOTE_TITLE#\":\n#VOTE_STATISTIC#\n\nhttp://#SERVER_NAME##URL#\nСообщение сгенерировано автоматически.','<?=$arParams[\"USER_NAME\"];?> принял участие в опросе \"<?=$arParams[\"VOTE_TITLE\"];?>\":\n<?=$arParams[\"VOTE_STATISTIC\"];?>\n\n\nhttp://<?=$arParams[\"SERVER_NAME\"];?><?=$arParams[\"URL\"];?>\n\nСообщение сгенерировано автоматически.','text',NULL,NULL,NULL,NULL,NULL,NULL,NULL,NULL,NULL,NULL,NULL,NULL),(37,'2016-03-15 12:34:34','CALENDAR_INVITATION','s1','Y','#DEFAULT_EMAIL_FROM#','#EMAIL_TO#','#TITLE#','#MESSAGE#\n\n---------------------------------------------------------------------\n\nСообщение сгенерировано автоматически.','<?=$arParams[\"MESSAGE\"];?>\n\n\n---------------------------------------------------------------------\n\nСообщение сгенерировано автоматически.','text','',NULL,NULL,NULL,NULL,NULL,NULL,NULL,NULL,NULL,NULL,NULL),(38,'2016-03-15 12:36:04','IM_NEW_NOTIFY','s1','Y','#DEFAULT_EMAIL_FROM#','#EMAIL_TO#','#SITE_NAME#: Уведомление \"#MESSAGE_50#\"','Здравствуйте, #USER_NAME#!\n\nУ вас есть новое уведомление от пользователя #FROM_USER#\n\n------------------------------------------\n\n#MESSAGE#\n\n------------------------------------------\n\nПерейти на портал: http://#SERVER_NAME#\n\nЭто письмо сформировано автоматически.','Здравствуйте, <?=$arParams[\"USER_NAME\"];?>!\n\nУ вас есть новое уведомление от пользователя <?=$arParams[\"FROM_USER\"];?>\n\n\n------------------------------------------\n\n<?=$arParams[\"MESSAGE\"];?>\n\n\n------------------------------------------\n\nПерейти на портал: http://<?=$arParams[\"SERVER_NAME\"];?>\n\n\nЭто письмо сформировано автоматически.','text',NULL,NULL,NULL,NULL,NULL,NULL,NULL,NULL,NULL,NULL,NULL,NULL),(39,'2016-03-15 12:36:04','IM_NEW_NOTIFY_GROUP','s1','Y','#DEFAULT_EMAIL_FROM#','#EMAIL_TO#','#SITE_NAME#: Уведомление \"#MESSAGE_50#\"','Здравствуйте, #USER_NAME#!\n\nУ вас есть новое уведомление от пользователей: #FROM_USERS#\n\n------------------------------------------\n\n#MESSAGE#\n\n------------------------------------------\n\nПерейти на портал: http://#SERVER_NAME#\n\nЭто письмо сформировано автоматически.','Здравствуйте, <?=$arParams[\"USER_NAME\"];?>!\n\nУ вас есть новое уведомление от пользователей: <?=$arParams[\"FROM_USERS\"];?>\n\n\n------------------------------------------\n\n<?=$arParams[\"MESSAGE\"];?>\n\n\n------------------------------------------\n\nПерейти на портал: http://<?=$arParams[\"SERVER_NAME\"];?>\n\n\nЭто письмо сформировано автоматически.','text',NULL,NULL,NULL,NULL,NULL,NULL,NULL,NULL,NULL,NULL,NULL,NULL),(40,'2016-03-15 12:36:04','IM_NEW_MESSAGE','s1','Y','#DEFAULT_EMAIL_FROM#','#EMAIL_TO#','#SITE_NAME#: Мгновенные сообщения от #FROM_USER#','Здравствуйте, #USER_NAME#!\n\nУ вас есть новые мгновенные  сообщения от пользователя #FROM_USER#.\n\n------------------------------------------\n#MESSAGES#\n------------------------------------------\n\nПерейти на портал: http://#SERVER_NAME#\n\nЭто письмо сформировано автоматически.','Здравствуйте, <?=$arParams[\"USER_NAME\"];?>!\n\nУ вас есть новые мгновенные  сообщения от пользователя <?=$arParams[\"FROM_USER\"];?>.\n\n------------------------------------------\n<?=$arParams[\"MESSAGES\"];?>\n\n------------------------------------------\n\nПерейти на портал: http://<?=$arParams[\"SERVER_NAME\"];?>\n\n\nЭто письмо сформировано автоматически.','text',NULL,NULL,NULL,NULL,NULL,NULL,NULL,NULL,NULL,NULL,NULL,NULL),(41,'2016-03-15 12:36:04','IM_NEW_MESSAGE_GROUP','s1','Y','#DEFAULT_EMAIL_FROM#','#EMAIL_TO#','#SITE_NAME#: Мгновенные сообщения от #FROM_USERS#','Здравствуйте, #USER_NAME#!\n\nУ вас есть новые мгновенные  сообщения от пользователей #FROM_USERS#.\n\n#MESSAGES#\n\nПерейти на портал: http://#SERVER_NAME#\n\nЭто письмо сформировано автоматически.','Здравствуйте, <?=$arParams[\"USER_NAME\"];?>!\n\nУ вас есть новые мгновенные  сообщения от пользователей <?=$arParams[\"FROM_USERS\"];?>.\n\n<?=$arParams[\"MESSAGES\"];?>\n\n\nПерейти на портал: http://<?=$arParams[\"SERVER_NAME\"];?>\n\n\nЭто письмо сформировано автоматически.','text',NULL,NULL,NULL,NULL,NULL,NULL,NULL,NULL,NULL,NULL,NULL,NULL),(42,'2016-08-16 12:54:19','BLOG_SONET_NEW_POST','s1','Y','#EMAIL_FROM#','#EMAIL_TO#','#POST_TITLE#','<?EventMessageThemeCompiler::includeComponent(\"bitrix:socialnetwork.blog.post.mail\", \"\", Array(\"RECIPIENT_ID\" => \"{#RECIPIENT_ID#}\", \"EMAIL_TO\" => \"{#EMAIL_TO#}\", \"POST_ID\" => \"{#POST_ID#}\", \"URL\" => \"{#URL#}\"));?>','<?EventMessageThemeCompiler::includeComponent(\"bitrix:socialnetwork.blog.post.mail\", \"\", Array(\"RECIPIENT_ID\" => \"{$arParams[\'RECIPIENT_ID\']}\", \"EMAIL_TO\" => \"{$arParams[\'EMAIL_TO\']}\", \"POST_ID\" => \"{$arParams[\'POST_ID\']}\", \"URL\" => \"{$arParams[\'URL\']}\"));?>','html',NULL,NULL,NULL,NULL,NULL,NULL,NULL,NULL,NULL,'mail_user',NULL,NULL),(43,'2016-08-16 12:54:19','BLOG_SONET_NEW_COMMENT','s1','Y','#EMAIL_FROM#','#EMAIL_TO#','Re: #POST_TITLE#','<?EventMessageThemeCompiler::includeComponent(\"bitrix:socialnetwork.blog.post.comment.mail\", \"\", Array(\"RECIPIENT_ID\" => \"{#RECIPIENT_ID#}\", \"COMMENT_ID\" => \"{#COMMENT_ID#}\", \"EMAIL_TO\" => \"{#EMAIL_TO#}\", \"POST_ID\" => \"{#POST_ID#}\", \"URL\" => \"{#URL#}\"));?>','<?EventMessageThemeCompiler::includeComponent(\"bitrix:socialnetwork.blog.post.comment.mail\", \"\", Array(\"RECIPIENT_ID\" => \"{$arParams[\'RECIPIENT_ID\']}\", \"COMMENT_ID\" => \"{$arParams[\'COMMENT_ID\']}\", \"EMAIL_TO\" => \"{$arParams[\'EMAIL_TO\']}\", \"POST_ID\" => \"{$arParams[\'POST_ID\']}\", \"URL\" => \"{$arParams[\'URL\']}\"));?>','html',NULL,NULL,NULL,NULL,NULL,NULL,NULL,NULL,NULL,'mail_user',NULL,NULL),(44,'2016-08-16 12:54:19','BLOG_SONET_POST_SHARE','s1','Y','#EMAIL_FROM#','#EMAIL_TO#','#POST_TITLE#','<?EventMessageThemeCompiler::includeComponent(\"bitrix:socialnetwork.blog.post_share.mail\",\"\",Array(\"RECIPIENT_ID\" => \"{#RECIPIENT_ID#}\", \"EMAIL_TO\" => \"{#EMAIL_TO#}\",\"POST_ID\" => \"{#POST_ID#}\",\"URL\" => \"{#URL#}\"));?>','<?EventMessageThemeCompiler::includeComponent(\"bitrix:socialnetwork.blog.post_share.mail\",\"\",Array(\"RECIPIENT_ID\" => \"{$arParams[\'RECIPIENT_ID\']}\", \"EMAIL_TO\" => \"{$arParams[\'EMAIL_TO\']}\",\"POST_ID\" => \"{$arParams[\'POST_ID\']}\",\"URL\" => \"{$arParams[\'URL\']}\"));?>','html',NULL,NULL,NULL,NULL,NULL,NULL,NULL,NULL,NULL,'mail_user',NULL,NULL),(45,'2016-08-16 12:55:55','BLOG_POST_BROADCAST','s1','Y','#DEFAULT_EMAIL_FROM#','#EMAIL_TO#','#SITE_NAME#: [B] : #MESSAGE_TITLE#','Информационное сообщение сайта #SITE_NAME#\n------------------------------------------\n\nЗдравствуйте, #USER_NAME#!\n\nНа сайте добавлено новое сообщение.\n\nТема:\n#MESSAGE_TITLE#\n\nАвтор: #AUTHOR#\n\nТекст сообщения:\n#MESSAGE_TEXT#\n\nАдрес сообщения:\n#MESSAGE_PATH#\n\nСообщение сгенерировано автоматически.','Информационное сообщение сайта <?=$arParams[\"SITE_NAME\"];?>\n\n------------------------------------------\n\nЗдравствуйте, <?=$arParams[\"USER_NAME\"];?>!\n\nНа сайте добавлено новое сообщение.\n\nТема:\n<?=$arParams[\"MESSAGE_TITLE\"];?>\n\n\nАвтор: <?=$arParams[\"AUTHOR\"];?>\n\n\nТекст сообщения:\n<?=$arParams[\"MESSAGE_TEXT\"];?>\n\n\nАдрес сообщения:\n<?=$arParams[\"MESSAGE_PATH\"];?>\n\n\nСообщение сгенерировано автоматически.','text',NULL,NULL,NULL,NULL,NULL,NULL,NULL,NULL,NULL,NULL,NULL,NULL),(46,'2016-08-16 12:57:00','CATALOG_PRODUCT_SUBSCRIBE_LIST_CONFIRM','s1','Y','#DEFAULT_EMAIL_FROM#','#EMAIL_TO#','#SITE_NAME#: Код подтверждения','\n		<!DOCTYPE HTML PUBLIC \"-//W3C//DTD HTML 4.01 Transitional//EN\" \"http://www.w3.org/TR/html4/loose.dtd\">\n		<html xmlns=\"http://www.w3.org/1999/xhtml\">\n		<head>\n			<style>\n				body {\n					font-family: \'Helvetica Neue\', Helvetica, Arial, sans-serif;\n					font-size: 14px;\n					color: #000;\n				}\n			</style>\n		</head>\n		<body>\n		<table cellpadding=\"0\" cellspacing=\"0\" width=\"850\" style=\"background-color: #d1d1d1; border-radius: 2px; \n			border:1px solid #d1d1d1; margin: 0 auto;\" border=\"1\" bordercolor=\"#d1d1d1\">\n			<tr>\n				<td height=\"83\" width=\"850\" bgcolor=\"#eaf3f5\" style=\"border: none; padding-top: 23px; \n					padding-right: 17px; padding-bottom: 24px; padding-left: 17px;\">\n					<table cellpadding=\"0\" cellspacing=\"0\" border=\"0\" width=\"100%\">\n						<tr>\n							<td bgcolor=\"#ffffff\" height=\"75\" style=\"font-weight: bold; text-align: \n							center; font-size: 26px; color: #0b3961;\">Информационное сообщение сайта #SITE_NAME#</td>\n						</tr>\n						<tr>\n							<td bgcolor=\"#bad3df\" height=\"11\"></td>\n						</tr>\n					</table>\n				</td>\n			</tr>\n			<tr>\n				<td width=\"850\" bgcolor=\"#f7f7f7\" valign=\"top\" style=\"border: none; padding-top: 0; \n					padding-right: 44px; padding-bottom: 16px; padding-left: 44px;\">\n					<p style=\"margin-top:30px; margin-bottom: 28px; font-weight: bold; font-size: 19px;\">Уважаемый, #USER_NAME#!</p>\n					<p style=\"margin-top: 0; margin-bottom: 20px; line-height: 20px;\">\nВы получили это сообщение, так как на ваш адрес был запрошен код подтверждения для доступа к подпискам сайта #SERVER_NAME#. <br><br> \nВаш код для подтверждения подписки: #TOKEN# <br><br> \nДля получения доступа к подпискам перейдите по следующей ссылке: #TOKEN_URL# <br><br>\nВы также можете ввести код на странице: #LIST_SUBSCRIBES# <br><br>\nПисьмо содержит информацию для авторизации.<br>\nИспользуя код подтверждения, вы cможете получить доступ к списку подписок.<br>\nНе отвечайте на письмо, оно сформировано автоматически.<br><br>\nСпасибо, что вы с нами!<br>\n</p>\n				</td>\n			</tr>\n			<tr>\n				<td height=\"40px\" width=\"850\" bgcolor=\"#f7f7f7\" valign=\"top\" style=\"border: none; padding-top: 0; \n					padding-right: 44px; padding-bottom: 30px; padding-left: 44px;\">\n					<p style=\"border-top: 1px solid #d1d1d1; margin-bottom: 5px; margin-top: 0; padding-top: 20px; \n						line-height:21px;\">С уважением, администрация \n						<a href=\"http://#SERVER_NAME#\" style=\"color:#2e6eb6;\">Интернет-магазина</a><br />\n						E-mail: <a href=\"mailto:#DEFAULT_EMAIL_FROM#\" style=\"color:#2e6eb6;\">#DEFAULT_EMAIL_FROM#</a>\n						\n					</p>\n				</td>\n			</tr>\n		</table>\n		</body>\n		</html>\n	','\n		<!DOCTYPE HTML PUBLIC \"-//W3C//DTD HTML 4.01 Transitional//EN\" \"http://www.w3.org/TR/html4/loose.dtd\">\n		<html xmlns=\"http://www.w3.org/1999/xhtml\">\n		<head>\n			<style>\n				body {\n					font-family: \'Helvetica Neue\', Helvetica, Arial, sans-serif;\n					font-size: 14px;\n					color: #000;\n				}\n			</style>\n		</head>\n		<body>\n		<table cellpadding=\"0\" cellspacing=\"0\" width=\"850\" style=\"background-color: #d1d1d1; border-radius: 2px; \n			border:1px solid #d1d1d1; margin: 0 auto;\" border=\"1\" bordercolor=\"#d1d1d1\">\n			<tr>\n				<td height=\"83\" width=\"850\" bgcolor=\"#eaf3f5\" style=\"border: none; padding-top: 23px; \n					padding-right: 17px; padding-bottom: 24px; padding-left: 17px;\">\n					<table cellpadding=\"0\" cellspacing=\"0\" border=\"0\" width=\"100%\">\n						<tr>\n							<td bgcolor=\"#ffffff\" height=\"75\" style=\"font-weight: bold; text-align: \n							center; font-size: 26px; color: #0b3961;\">Информационное сообщение сайта <?=$arParams[\"SITE_NAME\"];?></td>\n						</tr>\n						<tr>\n							<td bgcolor=\"#bad3df\" height=\"11\"></td>\n						</tr>\n					</table>\n				</td>\n			</tr>\n			<tr>\n				<td width=\"850\" bgcolor=\"#f7f7f7\" valign=\"top\" style=\"border: none; padding-top: 0; \n					padding-right: 44px; padding-bottom: 16px; padding-left: 44px;\">\n					<p style=\"margin-top:30px; margin-bottom: 28px; font-weight: bold; font-size: 19px;\">Уважаемый, <?=$arParams[\"USER_NAME\"];?>!</p>\n					<p style=\"margin-top: 0; margin-bottom: 20px; line-height: 20px;\">\nВы получили это сообщение, так как на ваш адрес был запрошен код подтверждения для доступа к подпискам сайта <?=$arParams[\"SERVER_NAME\"];?>. <br><br> \nВаш код для подтверждения подписки: <?=$arParams[\"TOKEN\"];?> <br><br> \nДля получения доступа к подпискам перейдите по следующей ссылке: <?=$arParams[\"TOKEN_URL\"];?> <br><br>\nВы также можете ввести код на странице: <?=$arParams[\"LIST_SUBSCRIBES\"];?> <br><br>\nПисьмо содержит информацию для авторизации.<br>\nИспользуя код подтверждения, вы cможете получить доступ к списку подписок.<br>\nНе отвечайте на письмо, оно сформировано автоматически.<br><br>\nСпасибо, что вы с нами!<br>\n</p>\n				</td>\n			</tr>\n			<tr>\n				<td height=\"40px\" width=\"850\" bgcolor=\"#f7f7f7\" valign=\"top\" style=\"border: none; padding-top: 0; \n					padding-right: 44px; padding-bottom: 30px; padding-left: 44px;\">\n					<p style=\"border-top: 1px solid #d1d1d1; margin-bottom: 5px; margin-top: 0; padding-top: 20px; \n						line-height:21px;\">С уважением, администрация \n						<a href=\"http://<?=$arParams[\"SERVER_NAME\"];?>\" style=\"color:#2e6eb6;\">Интернет-магазина</a><br />\n						E-mail: <a href=\"mailto:<?=$arParams[\"DEFAULT_EMAIL_FROM\"];?>\" style=\"color:#2e6eb6;\"><?=$arParams[\"DEFAULT_EMAIL_FROM\"];?></a>\n						\n					</p>\n				</td>\n			</tr>\n		</table>\n		</body>\n		</html>\n	','html','#BCC#',NULL,NULL,NULL,NULL,NULL,NULL,NULL,NULL,NULL,NULL,NULL),(47,'2016-08-16 12:57:00','CATALOG_PRODUCT_SUBSCRIBE_NOTIFY','s1','Y','#DEFAULT_EMAIL_FROM#','#EMAIL_TO#','#SITE_NAME#: Уведомление о поступлении товара','\n		<!DOCTYPE HTML PUBLIC \"-//W3C//DTD HTML 4.01 Transitional//EN\" \"http://www.w3.org/TR/html4/loose.dtd\">\n		<html xmlns=\"http://www.w3.org/1999/xhtml\">\n		<head>\n			<style>\n				body {\n					font-family: \'Helvetica Neue\', Helvetica, Arial, sans-serif;\n					font-size: 14px;\n					color: #000;\n				}\n			</style>\n		</head>\n		<body>\n		<table cellpadding=\"0\" cellspacing=\"0\" width=\"850\" style=\"background-color: #d1d1d1; border-radius: 2px; \n			border:1px solid #d1d1d1; margin: 0 auto;\" border=\"1\" bordercolor=\"#d1d1d1\">\n			<tr>\n				<td height=\"83\" width=\"850\" bgcolor=\"#eaf3f5\" style=\"border: none; padding-top: 23px; \n					padding-right: 17px; padding-bottom: 24px; padding-left: 17px;\">\n					<table cellpadding=\"0\" cellspacing=\"0\" border=\"0\" width=\"100%\">\n						<tr>\n							<td bgcolor=\"#ffffff\" height=\"75\" style=\"font-weight: bold; text-align: \n							center; font-size: 26px; color: #0b3961;\">Уведомление о поступлении товара в магазин #SITE_NAME#</td>\n						</tr>\n						<tr>\n							<td bgcolor=\"#bad3df\" height=\"11\"></td>\n						</tr>\n					</table>\n				</td>\n			</tr>\n			<tr>\n				<td width=\"850\" bgcolor=\"#f7f7f7\" valign=\"top\" style=\"border: none; padding-top: 0; \n					padding-right: 44px; padding-bottom: 16px; padding-left: 44px;\">\n					<p style=\"margin-top:30px; margin-bottom: 28px; font-weight: bold; font-size: 19px;\">Уважаемый, #USER_NAME#!</p>\n					<p style=\"margin-top: 0; margin-bottom: 20px; line-height: 20px;\">\nТовар \"#NAME#\" (#PAGE_URL#) поступил на склад.<br><br>\nВы просили оповестить вас о поступление товара.<br><br>\nТовар поступил к нам в магазин, вы можете оформить заказ прямо сейчас: (#CHECKOUT_URL#)<br><br>\nНе отвечайте на письмо, оно сформировано автоматически.<br><br>\nСпасибо, что вы с нами!<br>\n</p>\n				</td>\n			</tr>\n			<tr>\n				<td height=\"40px\" width=\"850\" bgcolor=\"#f7f7f7\" valign=\"top\" style=\"border: none; padding-top: 0; \n					padding-right: 44px; padding-bottom: 30px; padding-left: 44px;\">\n					<p style=\"border-top: 1px solid #d1d1d1; margin-bottom: 5px; margin-top: 0; padding-top: 20px; \n						line-height:21px;\">С уважением, администрация \n						<a href=\"http://#SERVER_NAME#\" style=\"color:#2e6eb6;\">Интернет-магазина</a><br />\n						E-mail: <a href=\"mailto:#DEFAULT_EMAIL_FROM#\" style=\"color:#2e6eb6;\">#DEFAULT_EMAIL_FROM#</a>\n						<br><a href=\"#UNSUBSCRIBE_URL#\">Отписаться</a>\n					</p>\n				</td>\n			</tr>\n		</table>\n		</body>\n		</html>\n	','\n		<!DOCTYPE HTML PUBLIC \"-//W3C//DTD HTML 4.01 Transitional//EN\" \"http://www.w3.org/TR/html4/loose.dtd\">\n		<html xmlns=\"http://www.w3.org/1999/xhtml\">\n		<head>\n			<style>\n				body {\n					font-family: \'Helvetica Neue\', Helvetica, Arial, sans-serif;\n					font-size: 14px;\n					color: #000;\n				}\n			</style>\n		</head>\n		<body>\n		<table cellpadding=\"0\" cellspacing=\"0\" width=\"850\" style=\"background-color: #d1d1d1; border-radius: 2px; \n			border:1px solid #d1d1d1; margin: 0 auto;\" border=\"1\" bordercolor=\"#d1d1d1\">\n			<tr>\n				<td height=\"83\" width=\"850\" bgcolor=\"#eaf3f5\" style=\"border: none; padding-top: 23px; \n					padding-right: 17px; padding-bottom: 24px; padding-left: 17px;\">\n					<table cellpadding=\"0\" cellspacing=\"0\" border=\"0\" width=\"100%\">\n						<tr>\n							<td bgcolor=\"#ffffff\" height=\"75\" style=\"font-weight: bold; text-align: \n							center; font-size: 26px; color: #0b3961;\">Уведомление о поступлении товара в магазин <?=$arParams[\"SITE_NAME\"];?></td>\n						</tr>\n						<tr>\n							<td bgcolor=\"#bad3df\" height=\"11\"></td>\n						</tr>\n					</table>\n				</td>\n			</tr>\n			<tr>\n				<td width=\"850\" bgcolor=\"#f7f7f7\" valign=\"top\" style=\"border: none; padding-top: 0; \n					padding-right: 44px; padding-bottom: 16px; padding-left: 44px;\">\n					<p style=\"margin-top:30px; margin-bottom: 28px; font-weight: bold; font-size: 19px;\">Уважаемый, <?=$arParams[\"USER_NAME\"];?>!</p>\n					<p style=\"margin-top: 0; margin-bottom: 20px; line-height: 20px;\">\nТовар \"<?=$arParams[\"NAME\"];?>\" (<?=$arParams[\"PAGE_URL\"];?>) поступил на склад.<br><br>\nВы просили оповестить вас о поступление товара.<br><br>\nТовар поступил к нам в магазин, вы можете оформить заказ прямо сейчас: (<?=$arParams[\"CHECKOUT_URL\"];?>)<br><br>\nНе отвечайте на письмо, оно сформировано автоматически.<br><br>\nСпасибо, что вы с нами!<br>\n</p>\n				</td>\n			</tr>\n			<tr>\n				<td height=\"40px\" width=\"850\" bgcolor=\"#f7f7f7\" valign=\"top\" style=\"border: none; padding-top: 0; \n					padding-right: 44px; padding-bottom: 30px; padding-left: 44px;\">\n					<p style=\"border-top: 1px solid #d1d1d1; margin-bottom: 5px; margin-top: 0; padding-top: 20px; \n						line-height:21px;\">С уважением, администрация \n						<a href=\"http://<?=$arParams[\"SERVER_NAME\"];?>\" style=\"color:#2e6eb6;\">Интернет-магазина</a><br />\n						E-mail: <a href=\"mailto:<?=$arParams[\"DEFAULT_EMAIL_FROM\"];?>\" style=\"color:#2e6eb6;\"><?=$arParams[\"DEFAULT_EMAIL_FROM\"];?></a>\n						<br><a href=\"<?=$arParams[\"UNSUBSCRIBE_URL\"];?>\">Отписаться</a>\n					</p>\n				</td>\n			</tr>\n		</table>\n		</body>\n		</html>\n	','html','#BCC#',NULL,NULL,NULL,NULL,NULL,NULL,NULL,NULL,NULL,NULL,NULL),(48,'2016-08-16 12:57:00','CATALOG_PRODUCT_SUBSCRIBE_NOTIFY_REPEATED','s1','Y','#DEFAULT_EMAIL_FROM#','#EMAIL_TO#','Уведомление о товаре в магазине #SITE_NAME#','\n		<!DOCTYPE HTML PUBLIC \"-//W3C//DTD HTML 4.01 Transitional//EN\" \"http://www.w3.org/TR/html4/loose.dtd\">\n		<html xmlns=\"http://www.w3.org/1999/xhtml\">\n		<head>\n			<style>\n				body {\n					font-family: \'Helvetica Neue\', Helvetica, Arial, sans-serif;\n					font-size: 14px;\n					color: #000;\n				}\n			</style>\n		</head>\n		<body>\n		<table cellpadding=\"0\" cellspacing=\"0\" width=\"850\" style=\"background-color: #d1d1d1; border-radius: 2px; \n			border:1px solid #d1d1d1; margin: 0 auto;\" border=\"1\" bordercolor=\"#d1d1d1\">\n			<tr>\n				<td height=\"83\" width=\"850\" bgcolor=\"#eaf3f5\" style=\"border: none; padding-top: 23px; \n					padding-right: 17px; padding-bottom: 24px; padding-left: 17px;\">\n					<table cellpadding=\"0\" cellspacing=\"0\" border=\"0\" width=\"100%\">\n						<tr>\n							<td bgcolor=\"#ffffff\" height=\"75\" style=\"font-weight: bold; text-align: \n							center; font-size: 26px; color: #0b3961;\">Уведомление о товаре в магазине #SITE_NAME#</td>\n						</tr>\n						<tr>\n							<td bgcolor=\"#bad3df\" height=\"11\"></td>\n						</tr>\n					</table>\n				</td>\n			</tr>\n			<tr>\n				<td width=\"850\" bgcolor=\"#f7f7f7\" valign=\"top\" style=\"border: none; padding-top: 0; \n					padding-right: 44px; padding-bottom: 16px; padding-left: 44px;\">\n					<p style=\"margin-top:30px; margin-bottom: 28px; font-weight: bold; font-size: 19px;\">Уважаемый, #USER_NAME#!</p>\n					<p style=\"margin-top: 0; margin-bottom: 20px; line-height: 20px;\">\nТовар \"#NAME#\" (#PAGE_URL#) к сожалению снова закончился.<br><br>\nМы обязательно сообщим вам о поступлении товара.<br><br>\nНе отвечайте на письмо, оно сформировано автоматически.<br><br>\nСпасибо, что вы с нами!<br>\n</p>\n				</td>\n			</tr>\n			<tr>\n				<td height=\"40px\" width=\"850\" bgcolor=\"#f7f7f7\" valign=\"top\" style=\"border: none; padding-top: 0; \n					padding-right: 44px; padding-bottom: 30px; padding-left: 44px;\">\n					<p style=\"border-top: 1px solid #d1d1d1; margin-bottom: 5px; margin-top: 0; padding-top: 20px; \n						line-height:21px;\">С уважением, администрация \n						<a href=\"http://#SERVER_NAME#\" style=\"color:#2e6eb6;\">Интернет-магазина</a><br />\n						E-mail: <a href=\"mailto:#DEFAULT_EMAIL_FROM#\" style=\"color:#2e6eb6;\">#DEFAULT_EMAIL_FROM#</a>\n						<br><a href=\"#UNSUBSCRIBE_URL#\">Отписаться</a>\n					</p>\n				</td>\n			</tr>\n		</table>\n		</body>\n		</html>\n	','\n		<!DOCTYPE HTML PUBLIC \"-//W3C//DTD HTML 4.01 Transitional//EN\" \"http://www.w3.org/TR/html4/loose.dtd\">\n		<html xmlns=\"http://www.w3.org/1999/xhtml\">\n		<head>\n			<style>\n				body {\n					font-family: \'Helvetica Neue\', Helvetica, Arial, sans-serif;\n					font-size: 14px;\n					color: #000;\n				}\n			</style>\n		</head>\n		<body>\n		<table cellpadding=\"0\" cellspacing=\"0\" width=\"850\" style=\"background-color: #d1d1d1; border-radius: 2px; \n			border:1px solid #d1d1d1; margin: 0 auto;\" border=\"1\" bordercolor=\"#d1d1d1\">\n			<tr>\n				<td height=\"83\" width=\"850\" bgcolor=\"#eaf3f5\" style=\"border: none; padding-top: 23px; \n					padding-right: 17px; padding-bottom: 24px; padding-left: 17px;\">\n					<table cellpadding=\"0\" cellspacing=\"0\" border=\"0\" width=\"100%\">\n						<tr>\n							<td bgcolor=\"#ffffff\" height=\"75\" style=\"font-weight: bold; text-align: \n							center; font-size: 26px; color: #0b3961;\">Уведомление о товаре в магазине <?=$arParams[\"SITE_NAME\"];?></td>\n						</tr>\n						<tr>\n							<td bgcolor=\"#bad3df\" height=\"11\"></td>\n						</tr>\n					</table>\n				</td>\n			</tr>\n			<tr>\n				<td width=\"850\" bgcolor=\"#f7f7f7\" valign=\"top\" style=\"border: none; padding-top: 0; \n					padding-right: 44px; padding-bottom: 16px; padding-left: 44px;\">\n					<p style=\"margin-top:30px; margin-bottom: 28px; font-weight: bold; font-size: 19px;\">Уважаемый, <?=$arParams[\"USER_NAME\"];?>!</p>\n					<p style=\"margin-top: 0; margin-bottom: 20px; line-height: 20px;\">\nТовар \"<?=$arParams[\"NAME\"];?>\" (<?=$arParams[\"PAGE_URL\"];?>) к сожалению снова закончился.<br><br>\nМы обязательно сообщим вам о поступлении товара.<br><br>\nНе отвечайте на письмо, оно сформировано автоматически.<br><br>\nСпасибо, что вы с нами!<br>\n</p>\n				</td>\n			</tr>\n			<tr>\n				<td height=\"40px\" width=\"850\" bgcolor=\"#f7f7f7\" valign=\"top\" style=\"border: none; padding-top: 0; \n					padding-right: 44px; padding-bottom: 30px; padding-left: 44px;\">\n					<p style=\"border-top: 1px solid #d1d1d1; margin-bottom: 5px; margin-top: 0; padding-top: 20px; \n						line-height:21px;\">С уважением, администрация \n						<a href=\"http://<?=$arParams[\"SERVER_NAME\"];?>\" style=\"color:#2e6eb6;\">Интернет-магазина</a><br />\n						E-mail: <a href=\"mailto:<?=$arParams[\"DEFAULT_EMAIL_FROM\"];?>\" style=\"color:#2e6eb6;\"><?=$arParams[\"DEFAULT_EMAIL_FROM\"];?></a>\n						<br><a href=\"<?=$arParams[\"UNSUBSCRIBE_URL\"];?>\">Отписаться</a>\n					</p>\n				</td>\n			</tr>\n		</table>\n		</body>\n		</html>\n	','html','#BCC#',NULL,NULL,NULL,NULL,NULL,NULL,NULL,NULL,NULL,NULL,NULL),(49,'2016-12-04 14:24:58','SALE_STATUS_CHANGED_DF','s1','Y','#SALE_EMAIL#','#EMAIL#','#SERVER_NAME#: Изменение статуса отгрузки N#SHIPMENT_ID#','Информационное сообщение сайта #SITE_NAME#\n------------------------------------------\n\nСтатус отгрузки номер #SHIPMENT_ID# изменен.\n\nНовый статус отгрузки:\n#SHIPMENT_STATUS#\n#TEXT#\n\n#SITE_NAME#\n','Информационное сообщение сайта <?=$arParams[\"SITE_NAME\"];?>\n\n------------------------------------------\n\nСтатус отгрузки номер <?=$arParams[\"SHIPMENT_ID\"];?> изменен.\n\nНовый статус отгрузки:\n<?=$arParams[\"SHIPMENT_STATUS\"];?>\n\n<?=$arParams[\"TEXT\"];?>\n\n\n<?=$arParams[\"SITE_NAME\"];?>\n\n','text',NULL,NULL,NULL,NULL,NULL,NULL,NULL,NULL,NULL,NULL,NULL,NULL),(50,'2016-12-04 14:24:58','SALE_STATUS_CHANGED_DN','s1','Y','#SALE_EMAIL#','#EMAIL#','#SERVER_NAME#: Изменение статуса отгрузки N#SHIPMENT_ID#','Информационное сообщение сайта #SITE_NAME#\n------------------------------------------\n\nСтатус отгрузки номер #SHIPMENT_ID# изменен.\n\nНовый статус отгрузки:\n#SHIPMENT_STATUS#\n#TEXT#\n\n#SITE_NAME#\n','Информационное сообщение сайта <?=$arParams[\"SITE_NAME\"];?>\n\n------------------------------------------\n\nСтатус отгрузки номер <?=$arParams[\"SHIPMENT_ID\"];?> изменен.\n\nНовый статус отгрузки:\n<?=$arParams[\"SHIPMENT_STATUS\"];?>\n\n<?=$arParams[\"TEXT\"];?>\n\n\n<?=$arParams[\"SITE_NAME\"];?>\n\n','text',NULL,NULL,NULL,NULL,NULL,NULL,NULL,NULL,NULL,NULL,NULL,NULL),(60,'2017-03-05 07:45:35','SONET_LOG_NEW_ENTRY','s1','Y','#EMAIL_FROM#','#EMAIL_TO#','#LOG_ENTRY_TITLE#','<?EventMessageThemeCompiler::includeComponent(\"bitrix:socialnetwork.log.entry.mail\",\"\",array(\"EMAIL_TO\" => \"{#EMAIL_TO#}\",\"RECIPIENT_ID\" => \"{#RECIPIENT_ID#}\",\"LOG_ENTRY_ID\" => \"{#LOG_ENTRY_ID#}\",\"URL\" => \"{#URL#}\"));?>','<?EventMessageThemeCompiler::includeComponent(\"bitrix:socialnetwork.log.entry.mail\",\"\",array(\"EMAIL_TO\" => \"{$arParams[\'EMAIL_TO\']}\",\"RECIPIENT_ID\" => \"{$arParams[\'RECIPIENT_ID\']}\",\"LOG_ENTRY_ID\" => \"{$arParams[\'LOG_ENTRY_ID\']}\",\"URL\" => \"{$arParams[\'URL\']}\"));?>','html',NULL,NULL,NULL,NULL,NULL,NULL,NULL,NULL,NULL,'mail_user',NULL,NULL),(61,'2017-03-05 07:45:35','SONET_LOG_NEW_COMMENT','s1','Y','#EMAIL_FROM#','#EMAIL_TO#','Re: #LOG_ENTRY_TITLE#','<?EventMessageThemeCompiler::includeComponent(\"bitrix:socialnetwork.log.entry.mail\",\"\",array(\"EMAIL_TO\" => \"{#EMAIL_TO#}\",\"RECIPIENT_ID\" => \"{#RECIPIENT_ID#}\",\"LOG_ENTRY_ID\" => \"{#LOG_ENTRY_ID#}\",\"COMMENT_ID\" => \"{#COMMENT_ID#}\",\"URL\" => \"{#URL#}\"));?>','<?EventMessageThemeCompiler::includeComponent(\"bitrix:socialnetwork.log.entry.mail\",\"\",array(\"EMAIL_TO\" => \"{$arParams[\'EMAIL_TO\']}\",\"RECIPIENT_ID\" => \"{$arParams[\'RECIPIENT_ID\']}\",\"LOG_ENTRY_ID\" => \"{$arParams[\'LOG_ENTRY_ID\']}\",\"COMMENT_ID\" => \"{$arParams[\'COMMENT_ID\']}\",\"URL\" => \"{$arParams[\'URL\']}\"));?>','html',NULL,NULL,NULL,NULL,NULL,NULL,NULL,NULL,NULL,'mail_user',NULL,NULL),(71,'2017-03-05 07:50:13','SONET_LOG_NEW_ENTRY','s1','Y','#EMAIL_FROM#','#EMAIL_TO#','#LOG_ENTRY_TITLE#','<?EventMessageThemeCompiler::includeComponent(\"bitrix:socialnetwork.log.entry.mail\",\"\",array(\"EMAIL_TO\" => \"{#EMAIL_TO#}\",\"RECIPIENT_ID\" => \"{#RECIPIENT_ID#}\",\"LOG_ENTRY_ID\" => \"{#LOG_ENTRY_ID#}\",\"URL\" => \"{#URL#}\"));?>','<?EventMessageThemeCompiler::includeComponent(\"bitrix:socialnetwork.log.entry.mail\",\"\",array(\"EMAIL_TO\" => \"{$arParams[\'EMAIL_TO\']}\",\"RECIPIENT_ID\" => \"{$arParams[\'RECIPIENT_ID\']}\",\"LOG_ENTRY_ID\" => \"{$arParams[\'LOG_ENTRY_ID\']}\",\"URL\" => \"{$arParams[\'URL\']}\"));?>','html',NULL,NULL,NULL,NULL,NULL,NULL,NULL,NULL,NULL,'mail_user',NULL,NULL),(72,'2017-03-05 07:50:13','SONET_LOG_NEW_COMMENT','s1','Y','#EMAIL_FROM#','#EMAIL_TO#','Re: #LOG_ENTRY_TITLE#','<?EventMessageThemeCompiler::includeComponent(\"bitrix:socialnetwork.log.entry.mail\",\"\",array(\"EMAIL_TO\" => \"{#EMAIL_TO#}\",\"RECIPIENT_ID\" => \"{#RECIPIENT_ID#}\",\"LOG_ENTRY_ID\" => \"{#LOG_ENTRY_ID#}\",\"COMMENT_ID\" => \"{#COMMENT_ID#}\",\"URL\" => \"{#URL#}\"));?>','<?EventMessageThemeCompiler::includeComponent(\"bitrix:socialnetwork.log.entry.mail\",\"\",array(\"EMAIL_TO\" => \"{$arParams[\'EMAIL_TO\']}\",\"RECIPIENT_ID\" => \"{$arParams[\'RECIPIENT_ID\']}\",\"LOG_ENTRY_ID\" => \"{$arParams[\'LOG_ENTRY_ID\']}\",\"COMMENT_ID\" => \"{$arParams[\'COMMENT_ID\']}\",\"URL\" => \"{$arParams[\'URL\']}\"));?>','html',NULL,NULL,NULL,NULL,NULL,NULL,NULL,NULL,NULL,'mail_user',NULL,NULL);
/*!40000 ALTER TABLE `b_event_message` ENABLE KEYS */;
UNLOCK TABLES;

--
-- Table structure for table `b_event_message_attachment`
--

DROP TABLE IF EXISTS `b_event_message_attachment`;
/*!40101 SET @saved_cs_client     = @@character_set_client */;
/*!40101 SET character_set_client = utf8 */;
CREATE TABLE `b_event_message_attachment` (
  `EVENT_MESSAGE_ID` int(18) NOT NULL,
  `FILE_ID` int(18) NOT NULL,
  PRIMARY KEY (`EVENT_MESSAGE_ID`,`FILE_ID`)
) ENGINE=InnoDB DEFAULT CHARSET=utf8 COLLATE=utf8_unicode_ci;
/*!40101 SET character_set_client = @saved_cs_client */;

--
-- Dumping data for table `b_event_message_attachment`
--

LOCK TABLES `b_event_message_attachment` WRITE;
/*!40000 ALTER TABLE `b_event_message_attachment` DISABLE KEYS */;
/*!40000 ALTER TABLE `b_event_message_attachment` ENABLE KEYS */;
UNLOCK TABLES;

--
-- Table structure for table `b_event_message_site`
--

DROP TABLE IF EXISTS `b_event_message_site`;
/*!40101 SET @saved_cs_client     = @@character_set_client */;
/*!40101 SET character_set_client = utf8 */;
CREATE TABLE `b_event_message_site` (
  `EVENT_MESSAGE_ID` int(11) NOT NULL,
  `SITE_ID` char(2) COLLATE utf8_unicode_ci NOT NULL,
  PRIMARY KEY (`EVENT_MESSAGE_ID`,`SITE_ID`)
) ENGINE=InnoDB DEFAULT CHARSET=utf8 COLLATE=utf8_unicode_ci;
/*!40101 SET character_set_client = @saved_cs_client */;

--
-- Dumping data for table `b_event_message_site`
--

LOCK TABLES `b_event_message_site` WRITE;
/*!40000 ALTER TABLE `b_event_message_site` DISABLE KEYS */;
INSERT INTO `b_event_message_site` VALUES (1,'s1'),(2,'s1'),(3,'s1'),(4,'s1'),(5,'s1'),(6,'s1'),(7,'s1'),(8,'s1'),(9,'s1'),(10,'s1'),(11,'s1'),(12,'s1'),(13,'s1'),(14,'s1'),(15,'s1'),(16,'s1'),(17,'s1'),(18,'s1'),(19,'s1'),(20,'s1'),(21,'s1'),(22,'s1'),(23,'s1'),(24,'s1'),(25,'s1'),(26,'s1'),(27,'s1'),(28,'s1'),(29,'s1'),(30,'s1'),(31,'s1'),(32,'s1'),(33,'s1'),(34,'s1'),(35,'s1'),(36,'s1'),(37,'s1'),(38,'s1'),(39,'s1'),(40,'s1'),(41,'s1'),(42,'s1'),(43,'s1'),(44,'s1'),(45,'s1'),(46,'s1'),(47,'s1'),(48,'s1'),(49,'s1'),(50,'s1'),(51,'s1'),(52,'s1'),(53,'s1'),(54,'s1'),(55,'s1'),(56,'s1'),(57,'s1'),(58,'s1'),(59,'s1'),(60,'s1'),(61,'s1'),(62,'s1'),(63,'s1'),(64,'s1'),(65,'s1'),(66,'s1'),(67,'s1'),(68,'s1'),(69,'s1'),(70,'s1'),(71,'s1'),(72,'s1');
/*!40000 ALTER TABLE `b_event_message_site` ENABLE KEYS */;
UNLOCK TABLES;

--
-- Table structure for table `b_event_type`
--

DROP TABLE IF EXISTS `b_event_type`;
/*!40101 SET @saved_cs_client     = @@character_set_client */;
/*!40101 SET character_set_client = utf8 */;
CREATE TABLE `b_event_type` (
  `ID` int(18) NOT NULL AUTO_INCREMENT,
  `LID` char(2) COLLATE utf8_unicode_ci NOT NULL,
  `EVENT_NAME` varchar(255) COLLATE utf8_unicode_ci NOT NULL,
  `NAME` varchar(100) COLLATE utf8_unicode_ci DEFAULT NULL,
  `DESCRIPTION` text COLLATE utf8_unicode_ci,
  `SORT` int(18) NOT NULL DEFAULT '150',
  PRIMARY KEY (`ID`),
  UNIQUE KEY `ux_1` (`EVENT_NAME`,`LID`)
) ENGINE=InnoDB AUTO_INCREMENT=124 DEFAULT CHARSET=utf8 COLLATE=utf8_unicode_ci;
/*!40101 SET character_set_client = @saved_cs_client */;

--
-- Dumping data for table `b_event_type`
--

LOCK TABLES `b_event_type` WRITE;
/*!40000 ALTER TABLE `b_event_type` DISABLE KEYS */;
INSERT INTO `b_event_type` VALUES (1,'ru','NEW_USER','Зарегистрировался новый пользователь','\n\n#USER_ID# - ID пользователя\n#LOGIN# - Логин\n#EMAIL# - EMail\n#NAME# - Имя\n#LAST_NAME# - Фамилия\n#USER_IP# - IP пользователя\n#USER_HOST# - Хост пользователя\n',1),(2,'ru','USER_INFO','Информация о пользователе','\n\n#USER_ID# - ID пользователя\n#STATUS# - Статус логина\n#MESSAGE# - Сообщение пользователю\n#LOGIN# - Логин\n#URL_LOGIN# - Логин, закодированный для использования в URL\n#CHECKWORD# - Контрольная строка для смены пароля\n#NAME# - Имя\n#LAST_NAME# - Фамилия\n#EMAIL# - E-Mail пользователя\n',2),(3,'ru','NEW_USER_CONFIRM','Подтверждение регистрации нового пользователя','\n\n\n#USER_ID# - ID пользователя\n#LOGIN# - Логин\n#EMAIL# - EMail\n#NAME# - Имя\n#LAST_NAME# - Фамилия\n#USER_IP# - IP пользователя\n#USER_HOST# - Хост пользователя\n#CONFIRM_CODE# - Код подтверждения\n',3),(4,'ru','USER_PASS_REQUEST','Запрос на смену пароля','\n\n#USER_ID# - ID пользователя\n#STATUS# - Статус логина\n#MESSAGE# - Сообщение пользователю\n#LOGIN# - Логин\n#URL_LOGIN# - Логин, закодированный для использования в URL\n#CHECKWORD# - Контрольная строка для смены пароля\n#NAME# - Имя\n#LAST_NAME# - Фамилия\n#EMAIL# - E-Mail пользователя\n',4),(5,'ru','USER_PASS_CHANGED','Подтверждение смены пароля','\n\n#USER_ID# - ID пользователя\n#STATUS# - Статус логина\n#MESSAGE# - Сообщение пользователю\n#LOGIN# - Логин\n#URL_LOGIN# - Логин, закодированный для использования в URL\n#CHECKWORD# - Контрольная строка для смены пароля\n#NAME# - Имя\n#LAST_NAME# - Фамилия\n#EMAIL# - E-Mail пользователя\n',5),(6,'ru','USER_INVITE','Приглашение на сайт нового пользователя','#ID# - ID пользователя\n#LOGIN# - Логин\n#URL_LOGIN# - Логин, закодированный для использования в URL\n#EMAIL# - EMail\n#NAME# - Имя\n#LAST_NAME# - Фамилия\n#PASSWORD# - пароль пользователя \n#CHECKWORD# - Контрольная строка для смены пароля\n#XML_ID# - ID пользователя для связи с внешними источниками\n',6),(7,'ru','FEEDBACK_FORM','Отправка сообщения через форму обратной связи','#AUTHOR# - Автор сообщения\n#AUTHOR_EMAIL# - Email автора сообщения\n#TEXT# - Текст сообщения\n#EMAIL_FROM# - Email отправителя письма\n#EMAIL_TO# - Email получателя письма',7),(8,'en','NEW_USER','New user was registered','\n\n#USER_ID# - User ID\n#LOGIN# - Login\n#EMAIL# - EMail\n#NAME# - Name\n#LAST_NAME# - Last Name\n#USER_IP# - User IP\n#USER_HOST# - User Host\n',1),(9,'en','USER_INFO','Account Information','\n\n#USER_ID# - User ID\n#STATUS# - Account status\n#MESSAGE# - Message for user\n#LOGIN# - Login\n#URL_LOGIN# - Encoded login for use in URL\n#CHECKWORD# - Check string for password change\n#NAME# - Name\n#LAST_NAME# - Last Name\n#EMAIL# - User E-Mail\n',2),(10,'en','NEW_USER_CONFIRM','New user registration confirmation','\n\n#USER_ID# - User ID\n#LOGIN# - Login\n#EMAIL# - E-mail\n#NAME# - First name\n#LAST_NAME# - Last name\n#USER_IP# - User IP\n#USER_HOST# - User host\n#CONFIRM_CODE# - Confirmation code\n',3),(11,'en','USER_PASS_REQUEST','Password Change Request','\n\n#USER_ID# - User ID\n#STATUS# - Account status\n#MESSAGE# - Message for user\n#LOGIN# - Login\n#URL_LOGIN# - Encoded login for use in URL\n#CHECKWORD# - Check string for password change\n#NAME# - Name\n#LAST_NAME# - Last Name\n#EMAIL# - User E-Mail\n',4),(12,'en','USER_PASS_CHANGED','Password Change Confirmation','\n\n#USER_ID# - User ID\n#STATUS# - Account status\n#MESSAGE# - Message for user\n#LOGIN# - Login\n#URL_LOGIN# - Encoded login for use in URL\n#CHECKWORD# - Check string for password change\n#NAME# - Name\n#LAST_NAME# - Last Name\n#EMAIL# - User E-Mail\n',5),(13,'en','USER_INVITE','Invitation of a new site user','#ID# - User ID\n#LOGIN# - Login\n#URL_LOGIN# - Encoded login for use in URL\n#EMAIL# - EMail\n#NAME# - Name\n#LAST_NAME# - Last Name\n#PASSWORD# - User password \n#CHECKWORD# - Password check string\n#XML_ID# - User ID to link with external data sources\n\n',6),(14,'en','FEEDBACK_FORM','Sending a message using a feedback form','#AUTHOR# - Message author\n#AUTHOR_EMAIL# - Author\'s e-mail address\n#TEXT# - Message text\n#EMAIL_FROM# - Sender\'s e-mail address\n#EMAIL_TO# - Recipient\'s e-mail address',7),(15,'ru','NEW_BLOG_MESSAGE','Новое сообщение в блоге','#BLOG_ID# - ID блога \n#BLOG_NAME# - Название блога\n#BLOG_URL# - Название блога латиницей\n#MESSAGE_TITLE# - Тема сообщения\n#MESSAGE_TEXT# - Текст сообщения\n#MESSAGE_DATE# - Дата сообщения\n#MESSAGE_PATH# - URL адрес сообщения\n#AUTHOR# - Автор сообщения\n#EMAIL_FROM# - Email отправителя письма\n#EMAIL_TO# - Email получателя письма',100),(16,'ru','NEW_BLOG_COMMENT','Новый комментарий в блоге','#BLOG_ID# - ID блога \n#BLOG_NAME# - Название блога\n#BLOG_URL# - Название блога латиницей\n#MESSAGE_TITLE# - Тема сообщения\n#COMMENT_TITLE# - Заголовок комментария\n#COMMENT_TEXT# - Текст комментария\n#COMMENT_DATE# - Текст комментария\n#COMMENT_PATH# - URL адрес сообщения\n#AUTHOR# - Автор сообщения\n#EMAIL_FROM# - Email отправителя письма\n#EMAIL_TO# - Email получателя письма',100),(17,'ru','NEW_BLOG_COMMENT2COMMENT','Новый комментарий на ваш комментарий в блоге','#BLOG_ID# - ID блога \n#BLOG_NAME# - Название блога\n#BLOG_URL# - Название блога латиницей\n#MESSAGE_TITLE# - Тема сообщения\n#COMMENT_TITLE# - Заголовок комментария\n#COMMENT_TEXT# - Текст комментария\n#COMMENT_DATE# - Текст комментария\n#COMMENT_PATH# - URL адрес сообщения\n#AUTHOR# - Автор сообщения\n#EMAIL_FROM# - Email отправителя письма\n#EMAIL_TO# - Email получателя письма',100),(18,'ru','NEW_BLOG_COMMENT_WITHOUT_TITLE','Новый комментарий в блоге (без темы)','#BLOG_ID# - ID блога \n#BLOG_NAME# - Название блога\n#BLOG_URL# - Название блога латиницей\n#MESSAGE_TITLE# - Тема сообщения\n#COMMENT_TEXT# - Текст комментария\n#COMMENT_DATE# - Текст комментария\n#COMMENT_PATH# - URL адрес сообщения\n#AUTHOR# - Автор сообщения\n#EMAIL_FROM# - Email отправителя письма\n#EMAIL_TO# - Email получателя письма',100),(19,'ru','NEW_BLOG_COMMENT2COMMENT_WITHOUT_TITLE','Новый комментарий на ваш комментарий в блоге (без темы)','#BLOG_ID# - ID блога \n#BLOG_NAME# - Название блога\n#BLOG_URL# - Название блога латиницей\n#COMMENT_TITLE# - Заголовок комментария\n#COMMENT_TEXT# - Текст комментария\n#COMMENT_DATE# - Текст комментария\n#COMMENT_PATH# - URL адрес сообщения\n#AUTHOR# - Автор сообщения\n#EMAIL_FROM# - Email отправителя письма\n#EMAIL_TO# - Email получателя письма',100),(20,'ru','BLOG_YOUR_BLOG_TO_USER','Ваш блог был добавлен в друзья','\n#BLOG_ID# - ID блога \n#BLOG_NAME# - Название блога\n#BLOG_URL# - Название блога латиницей\n#BLOG_ADR# - Адрес блога\n#USER_ID# - ID пользователя\n#USER# - Пользователь\n#USER_URL# - Адрес пользователя\n#EMAIL_FROM# - Email отправителя письма\n#EMAIL_TO# - Email получателя письма\n',100),(21,'ru','BLOG_YOU_TO_BLOG','Вы были добавлены в друзья блога','\n#BLOG_ID# - ID блога \n#BLOG_NAME# - Название блога\n#BLOG_URL# - Название блога латиницей\n#BLOG_ADR# - Адрес блога\n#USER_ID# - ID пользователя\n#USER# - Пользователь\n#USER_URL# - Адрес пользователя\n#EMAIL_FROM# - Email отправителя письма\n#EMAIL_TO# - Email получателя письма\n',100),(22,'ru','BLOG_BLOG_TO_YOU','К вам в друзья был добавлен блог','\n#BLOG_ID# - ID блога \n#BLOG_NAME# - Название блога\n#BLOG_URL# - Название блога латиницей\n#BLOG_ADR# - Адрес блога\n#USER_ID# - ID пользователя\n#USER# - Пользователь\n#USER_URL# - Адрес пользователя\n#EMAIL_FROM# - Email отправителя письма\n#EMAIL_TO# - Email получателя письма\n',100),(23,'ru','BLOG_USER_TO_YOUR_BLOG','В ваш блог был добавлен друг','\n#BLOG_ID# - ID блога \n#BLOG_NAME# - Название блога\n#BLOG_URL# - Название блога латиницей\n#BLOG_ADR# - Адрес блога\n#USER_ID# - ID пользователя\n#USER# - Пользователь\n#USER_URL# - Адрес пользователя\n#EMAIL_FROM# - Email отправителя письма\n#EMAIL_TO# - Email получателя письма\n',100),(24,'en','NEW_BLOG_MESSAGE','New blog message','#BLOG_ID# - Blog ID\n#BLOG_NAME# - Blog title\n#BLOG_URL# - Blog url\n#MESSAGE_TITLE# - Message title\n#MESSAGE_TEXT# - Message text\n#MESSAGE_DATE# - Message date\n#MESSAGE_PATH# - URL to message\n#AUTHOR# - Message author\n#EMAIL_FROM# - Sender email\n#EMAIL_TO# - Recipient email',100),(25,'en','NEW_BLOG_COMMENT','New comment in blog','#BLOG_ID# - Blog ID\n#BLOG_NAME# - Blog title\n#BLOG_URL# - Blog url\n#MESSAGE_TITLE# - Message title\n#COMMENT_TITLE# - Comment title\n#COMMENT_TEXT# - Comment text\n#COMMENT_DATE# - Comment date\n#COMMENT_PATH# - Comment URL\n#AUTHOR# - Comment author\n#EMAIL_FROM# - Sender email\n#EMAIL_TO# - Recipient email',100),(26,'en','NEW_BLOG_COMMENT2COMMENT','New comment for your in blog','#BLOG_ID# - Blog ID\n#BLOG_NAME# - Blog title\n#BLOG_URL# - Blog url\n#MESSAGE_TITLE# - Message title\n#COMMENT_TITLE# - Comment title\n#COMMENT_TEXT# - Comment text\n#COMMENT_DATE# - Comment date\n#COMMENT_PATH# - Comment URL\n#AUTHOR# - Comment author\n#EMAIL_FROM# - Sender email\n#EMAIL_TO# - Recipient email',100),(27,'en','NEW_BLOG_COMMENT_WITHOUT_TITLE','New comment in blog (without subject)','#BLOG_ID# - Blog ID\n#BLOG_NAME# - Blog title\n#BLOG_URL# - Blog url\n#MESSAGE_TITLE# - Message title\n#COMMENT_TEXT# - Comment text\n#COMMENT_DATE# - Comment date\n#COMMENT_PATH# - Comment URL\n#AUTHOR# - Comment author\n#EMAIL_FROM# - Sender email\n#EMAIL_TO# - Recipient email',100),(28,'en','NEW_BLOG_COMMENT2COMMENT_WITHOUT_TITLE','New comment for your in blog (without subject)','#BLOG_ID# - Blog ID\n#BLOG_NAME# - Blog title\n#BLOG_URL# - Blog url\n#MESSAGE_TITLE# - Message title\n#COMMENT_TEXT# - Comment text\n#COMMENT_DATE# - Comment date\n#COMMENT_PATH# - Comment URL\n#AUTHOR# - Comment author\n#EMAIL_FROM# - Sender email\n#EMAIL_TO# - Recipient email',100),(29,'en','BLOG_YOUR_BLOG_TO_USER','Your blog has been added to friends','#BLOG_ID# - Blog ID\\r\\n#BLOG_NAME# - Blog name\\r\\n#BLOG_URL# - Blog name, Latin letters only\\r\\n#BLOG_ADR# - Blog address\\r\\n#USER_ID# - User ID\\r\\n#USER# - User\\r\\n#USER_URL# - User URL\\r\\n#EMAIL_FROM# - Sender E-mail\\r\\n#EMAIL_TO# - Recipient E-mail',100),(30,'en','BLOG_YOU_TO_BLOG','You have been added to blog friends','#BLOG_ID# - Blog ID\\r\\n#BLOG_NAME# - Blog name\\r\\n#BLOG_URL# - Blog name, Latin letters only\\r\\n#BLOG_ADR# - Blog address\\r\\n#USER_ID# - User ID\\r\\n#USER# - User\\r\\n#USER_URL# - User URL\\r\\n#EMAIL_FROM# - Sender E-mail\\r\\n#EMAIL_TO# - Recipient E-mail',100),(31,'en','BLOG_BLOG_TO_YOU','A blog has been added to your friends','#BLOG_ID# - Blog ID\\r\\n#BLOG_NAME# - Blog name\\r\\n#BLOG_URL# - Blog name, Latin letters only\\r\\n#BLOG_ADR# - Blog address\\r\\n#USER_ID# - User ID\\r\\n#USER# - User\\r\\n#USER_URL# - User URL\\r\\n#EMAIL_FROM# - Sender E-mail\\r\\n#EMAIL_TO# - Recipient E-mail',100),(32,'en','BLOG_USER_TO_YOUR_BLOG','A friend has been added to your blog','#BLOG_ID# - Blog ID\\r\\n#BLOG_NAME# - Blog name\\r\\n#BLOG_URL# - Blog name, Latin letters only\\r\\n#BLOG_ADR# - Blog address\\r\\n#USER_ID# - User ID\\r\\n#USER# - User\\r\\n#USER_URL# - User URL\\r\\n#EMAIL_FROM# - Sender E-mail\\r\\n#EMAIL_TO# - Recipient E-mail',100),(33,'ru','NEW_FORUM_MESSAGE','Новое сообщение на форуме','\n			#FORUM_ID# - ID форума\n			#FORUM_NAME# - Название форума\n			#TOPIC_ID# - ID темы\n			#MESSAGE_ID# - ID сообщения\n			#TOPIC_TITLE# - Тема сообщения\n			#MESSAGE_TEXT# - Текст сообщения\n			#MESSAGE_DATE# - Дата сообщения\n			#AUTHOR# - Автор сообщения\n			#RECIPIENT# - Получатель сообщения\n			#TAPPROVED# - Тема сообщения показывается\n			#MAPPROVED# - Тело сообщения показывается\n			#PATH2FORUM# - Адрес сообщения\n			#FROM_EMAIL# - E-Mail для поля From письма',100),(34,'ru','NEW_FORUM_PRIV','Приватное письмо посетителю форума','\n			#FROM_NAME# - Автор сообщения\n			#FROM_EMAIL# - E-Mail автора сообщения\n			#TO_NAME# - Имя получателя сообщения\n			#TO_EMAIL# - E-Mail получателя сообщения\n			#SUBJECT# - Тема сообщения\n			#MESSAGE# - Тело сообщения\n			#MESSAGE_DATE# - Дата сообщения',100),(35,'ru','NEW_FORUM_PRIVATE_MESSAGE','Приватное сообщение','\n			#FROM_NAME# - Имя автора сообщения\n			#FROM_USER_ID# - ID автора сообщения\n			#FROM_EMAIL# - E-Mail автора сообщения\n			#TO_NAME# - Имя получателя сообщения\n			#TO_USER_ID# - ID получателя сообщения\n			#TO_EMAIL# - E-Mail получателя сообщения\n			#SUBJECT# - Тема сообщения\n			#MESSAGE# - Текст сообщения\n			#MESSAGE_DATE# - Дата сообщения\n			#MESSAGE_LINK# - Ссылка на сообщение',100),(36,'ru','EDIT_FORUM_MESSAGE','Изменение сообщения на форуме','\n			#FORUM_ID# - ID форума\n			#FORUM_NAME# - Название форума\n			#TOPIC_ID# - ID темы\n			#MESSAGE_ID# - ID сообщения\n			#TOPIC_TITLE# - Тема сообщения\n			#MESSAGE_TEXT# - Текст сообщения\n			#MESSAGE_DATE# - Дата сообщения\n			#AUTHOR# - Автор сообщения\n			#RECIPIENT# - Получатель сообщения\n			#TAPPROVED# - Тема сообщения показывается\n			#MAPPROVED# - Тело сообщения показывается\n			#PATH2FORUM# - Адрес сообщения\n			#FROM_EMAIL# - E-Mail для поля From письма',100),(37,'en','NEW_FORUM_MESSAGE','New forum message','\n			#FORUM_ID# - Forum ID\n			#FORUM_NAME# - Forum name\n			#TOPIC_ID# - Topic ID\n			#MESSAGE_ID# - Message ID\n			#TOPIC_TITLE# - Topic title\n			#MESSAGE_TEXT# - Message text\n			#MESSAGE_DATE# - Message date\n			#AUTHOR# - Message author\n			#RECIPIENT# - E-Mail recipient\n			#TAPPROVED# - Message topic is approved\n			#MAPPROVED# - Message is approved\n			#PATH2FORUM# - Message Url\n			#FROM_EMAIL# - E-Mail for From field of the EMail',100),(38,'en','NEW_FORUM_PRIV','Private message for forum user','\n			#FROM_NAME# - Name of the sender\n			#FROM_EMAIL# - E-Mail of the sender\n			#TO_NAME# - Name of recipient\n			#TO_EMAIL# - E-Mail of recipient\n			#SUBJECT# - Topic\n			#MESSAGE# - Message\n			#MESSAGE_DATE# - Date',100),(39,'en','NEW_FORUM_PRIVATE_MESSAGE','Private message for forum user','\n			#FROM_NAME# - Name of the sender\n			#FROM_USER_ID# - ID of the sender\n			#FROM_EMAIL# - E-Mail of the sender\n			#TO_NAME# - Name of recipient\n			#TO_USER_ID# - ID of recipient\n			#TO_EMAIL# - E-Mail of recipient\n			#SUBJECT# - Topic\n			#MESSAGE# - Message\n			#MESSAGE_DATE# - Date\n			#MESSAGE_LINK# - Link to message',100),(40,'en','EDIT_FORUM_MESSAGE','Changing forum message','\n			#FORUM_ID# - Forum ID\n			#FORUM_NAME# - Forum name\n			#TOPIC_ID# - Topic ID\n			#MESSAGE_ID# - Message ID\n			#TOPIC_TITLE# - Topic title\n			#MESSAGE_TEXT# - Message text\n			#MESSAGE_DATE# - Message date\n			#AUTHOR# - Message author\n			#RECIPIENT# - E-Mail recipient\n			#TAPPROVED# - Message topic is approved\n			#MAPPROVED# - Message is approved\n			#PATH2FORUM# - Message Url\n			#FROM_EMAIL# - E-Mail for From field of the EMail',100),(41,'ru','FORUM_NEW_MESSAGE_MAIL','Новое сообщение на форуме в режиме общения по E-Mail','#FORUM_NAME# - Название форума\n#AUTHOR# - Автор сообщения\n#FROM_EMAIL# - E-Mail для поля From письма\n#RECIPIENT# - Получатель сообщения\n#TOPIC_TITLE# - Тема сообщения\n#MESSAGE_TEXT# - Текст сообщения\n#PATH2FORUM# - Адрес сообщения\n#MESSAGE_DATE# - Дата сообщения\n#FORUM_EMAIL# - Е-Mail адрес для добавления сообщений на форум\n#FORUM_ID# - ID форума\n#TOPIC_ID# - ID темы \n#MESSAGE_ID# - ID сообщения\n#TAPPROVED# - Тема опубликована\n#MAPPROVED# - Сообщение опубликовано\n',100),(42,'en','FORUM_NEW_MESSAGE_MAIL','New message at the forum (e-mail messaging mode)','#FORUM_NAME# - Forum name\n#AUTHOR# - Message author\n#FROM_EMAIL# - E-Mail in the &amp;From&amp; field\n#RECIPIENT# - Message recipient\n#TOPIC_TITLE# - Message subject\n#MESSAGE_TEXT# - Message text\n#PATH2FORUM# - Message URL\n#MESSAGE_DATE# - Message date\n#FORUM_EMAIL# - E-Mail to add messages to the forum \n#FORUM_ID# - Forum ID\n#TOPIC_ID# - Topic ID \n#MESSAGE_ID# - Message ID\n#TAPPROVED# - Topic approved and published\n#MAPPROVED# - Message approved and published\n',100),(43,'ru','SALE_NEW_ORDER','Новый заказ','#ORDER_ID# - код заказа\n#ORDER_DATE# - дата заказа\n#ORDER_USER# - заказчик\n#PRICE# - сумма заказа\n#EMAIL# - E-Mail заказчика\n#BCC# - E-Mail скрытой копии\n#ORDER_LIST# - состав заказа\n#SALE_EMAIL# - E-Mail отдела продаж',100),(44,'ru','SALE_NEW_ORDER_RECURRING','Новый заказ на продление подписки','#ORDER_ID# - код заказа\n#ORDER_DATE# - дата заказа\n#ORDER_USER# - заказчик\n#PRICE# - сумма заказа\n#EMAIL# - E-Mail заказчика\n#BCC# - E-Mail скрытой копии\n#ORDER_LIST# - состав заказа\n#SALE_EMAIL# - E-Mail отдела продаж',100),(45,'ru','SALE_ORDER_REMIND_PAYMENT','Напоминание об оплате заказа','#ORDER_ID# - код заказа\n#ORDER_DATE# - дата заказа\n#ORDER_USER# - заказчик\n#PRICE# - сумма заказа\n#EMAIL# - E-Mail заказчика\n#BCC# - E-Mail скрытой копии\n#ORDER_LIST# - состав заказа\n#SALE_EMAIL# - E-Mail отдела продаж',100),(46,'ru','SALE_ORDER_CANCEL','Отмена заказа','#ORDER_ID# - код заказа\n#ORDER_DATE# - дата заказа\n#EMAIL# - E-Mail пользователя\n#ORDER_CANCEL_DESCRIPTION# - причина отмены\n#SALE_EMAIL# - E-Mail отдела продаж',100),(47,'ru','SALE_ORDER_PAID','Заказ оплачен','#ORDER_ID# - код заказа\n#ORDER_DATE# - дата заказа\n#EMAIL# - E-Mail пользователя\n#SALE_EMAIL# - E-Mail отдела продаж',100),(48,'ru','SALE_ORDER_DELIVERY','Доставка заказа разрешена','#ORDER_ID# - код заказа\n#ORDER_DATE# - дата заказа\n#EMAIL# - E-Mail пользователя\n#SALE_EMAIL# - E-Mail отдела продаж',100),(49,'ru','SALE_RECURRING_CANCEL','Подписка отменена','#ORDER_ID# - код заказа\n#ORDER_DATE# - дата заказа\n#EMAIL# - E-Mail пользователя\n#CANCELED_REASON# - причина отмены\n#SALE_EMAIL# - E-Mail отдела продаж',100),(50,'ru','SALE_SUBSCRIBE_PRODUCT','Уведомление о поступлении товара','#USER_NAME# - имя пользователя\n#EMAIL# - email пользователя\n#NAME# - название товара\n#PAGE_URL# - детальная страница товара',100),(51,'ru','SALE_ORDER_TRACKING_NUMBER','Уведомление об изменении идентификатора почтового отправления','#ORDER_ID# - код заказа\n#ORDER_DATE# - дата заказа\n#ORDER_USER# - заказчик\n#ORDER_TRACKING_NUMBER# - идентификатор почтового отправления\n#EMAIL# - E-Mail заказчика\n#BCC# - E-Mail скрытой копии\n#SALE_EMAIL# - E-Mail отдела продаж',100),(52,'ru','SALE_STATUS_CHANGED_F','Изменение статуса заказа на  \"Выполнен\"','#ORDER_ID# - код заказа\n#ORDER_DATE# - дата заказа\n#ORDER_STATUS# - статус заказа\n#EMAIL# - E-Mail пользователя\n#ORDER_DESCRIPTION# - описание статуса заказа\n#TEXT# - текст\n#SALE_EMAIL# - E-Mail отдела продаж\n',100),(53,'ru','SALE_STATUS_CHANGED_N','Изменение статуса заказа на  \"Принят, ожидается оплата\"','#ORDER_ID# - код заказа\n#ORDER_DATE# - дата заказа\n#ORDER_STATUS# - статус заказа\n#EMAIL# - E-Mail пользователя\n#ORDER_DESCRIPTION# - описание статуса заказа\n#TEXT# - текст\n#SALE_EMAIL# - E-Mail отдела продаж\n',100),(54,'en','SALE_NEW_ORDER','New order','#ORDER_ID# - Order ID\n#ORDER_DATE# - Order date\n#ORDER_USER# - User\n#EMAIL# - User E-Mail\n#BCC# - BCC E-Mail\n#ORDER_LIST# - Order list\n#SALE_EMAIL# - Sales department e-mail',100),(55,'en','SALE_NEW_ORDER_RECURRING','New Order for Subscription Renewal','#ORDER_ID# - order ID\\r\\n#ORDER_DATE# - order date\\r\\n#ORDER_USER# - customer\\r\\n#PRICE# - order amount\\r\\n#EMAIL# - customer\'s e-mail address\\r\\n#BCC# - blind copy e-mail address\\r\\n#ORDER_LIST# - order items\\r\\n#SALE_EMAIL# - sales dept. e-mail address',100),(56,'en','SALE_ORDER_REMIND_PAYMENT','Order Payment Reminder','#ORDER_ID# - order ID\n#ORDER_DATE# - order date\n#ORDER_USER# - customer\n#PRICE# - order amount\n#EMAIL# - customer\'s e-mail address\n#BCC# - blind copy e-mail address\n#ORDER_LIST# - order items\n#SALE_EMAIL# - sales dept. e-mail address',100),(57,'en','SALE_ORDER_CANCEL','Cancel order','#ORDER_ID# - Order ID\n#ORDER_DATE# - Order date\n#EMAIL# - User E-Mail\n#ORDER_CANCEL_DESCRIPTION# - Order cancel description\n#SALE_EMAIL# - Sales department e-mail',100),(58,'en','SALE_ORDER_PAID','Paid order','#ORDER_ID# - Order ID\n#ORDER_DATE# - Order date\n#EMAIL# - User E-Mail\n#SALE_EMAIL# - Sales department e-mail',100),(59,'en','SALE_ORDER_DELIVERY','Order delivery allowed','#ORDER_ID# - Order ID\n#ORDER_DATE# - Order date\n#EMAIL# - User E-Mail',100),(60,'en','SALE_RECURRING_CANCEL','Recurring payment canceled','#ORDER_ID# - Order ID\n#ORDER_DATE# - Order date\n#EMAIL# - User E-Mail\n#CANCELED_REASON# - Reason\n#SALE_EMAIL# - Sales department e-mail',100),(61,'en','SALE_SUBSCRIBE_PRODUCT','Back in stock notification','#USER_NAME# - user name\n#EMAIL# - user e-mail \n#NAME# - product name\n#PAGE_URL# - product details page',100),(62,'en','SALE_ORDER_TRACKING_NUMBER','Notification of change in tracking number ','#ORDER_ID# - order ID number\n#ORDER_DATE# - order date\n#ORDER_USER# - customer\n#ORDER_TRACKING_NUMBER# - tracking number for order\n#EMAIL# - E-Mail of customer\n#BCC# - E-Mail for blind copy\n#SALE_EMAIL# - E-Mail of sales department or associate',100),(63,'en','SALE_STATUS_CHANGED_F','Changing order status to \"Выполнен\"','#ORDER_ID# - order ID\n#ORDER_DATE# - order date\n#ORDER_STATUS# - order status\n#EMAIL# - customer e-mail\n#ORDER_DESCRIPTION# - order status description\n#TEXT# - text\n#SALE_EMAIL# - Sales department e-mail\n',100),(64,'en','SALE_STATUS_CHANGED_N','Changing order status to \"Принят, ожидается оплата\"','#ORDER_ID# - order ID\n#ORDER_DATE# - order date\n#ORDER_STATUS# - order status\n#EMAIL# - customer e-mail\n#ORDER_DESCRIPTION# - order status description\n#TEXT# - text\n#SALE_EMAIL# - Sales department e-mail\n',100),(65,'ru','VIRUS_DETECTED','Обнаружен вирус','#EMAIL# - E-Mail администратора сайта (из настроек главного модуля)',100),(66,'en','VIRUS_DETECTED','Virus detected','#EMAIL# - Site administrator\'s e-mail address (from the Kernel module settings)',100),(67,'ru','SENDER_SUBSCRIBE_CONFIRM','Подтверждение подписки','#EMAIL# - адрес подписки\n#DATE# - дата добавления/изменения адреса\n#CONFIRM_URL# - адрес подтверждения\n#MAILING_LIST# - список подписок\n',100),(68,'en','SENDER_SUBSCRIBE_CONFIRM','Confirm subscription','#EMAIL# - subscription URL\n#DATE# - the date the address was added or updated\n#CONFIRM_URL# - confirmation URL\n#MAILING_LIST# - subscriptions\n',100),(69,'ru','SUBSCRIBE_CONFIRM','Подтверждение подписки','#ID# - идентификатор подписки\n#EMAIL# - адрес подписки\n#CONFIRM_CODE# - код подтверждения\n#SUBSCR_SECTION# - раздел, где находится страница редактирования подписки (задается в настройках)\n#USER_NAME# - имя подписчика (может отсутствовать)\n#DATE_SUBSCR# - дата добавления/изменения адреса\n',100),(70,'en','SUBSCRIBE_CONFIRM','Confirmation of subscription','#ID# - subscription ID\n#EMAIL# - subscription email\n#CONFIRM_CODE# - confirmation code\n#SUBSCR_SECTION# - section with subscription edit page (specifies in the settings)\n#USER_NAME# - subscriber\'s name (optional)\n#DATE_SUBSCR# - date of adding/change of address\n',100),(71,'ru','VOTE_FOR','Новый голос','#ID# - ID результата голосования\n#TIME# - время голосования\n#VOTE_TITLE# - наименование опроса\n#VOTE_DESCRIPTION# - описание опроса\n#VOTE_ID# - ID опроса\n#CHANNEL# - наименование группы опроса\n#CHANNEL_ID# - ID группы опроса\n#VOTER_ID# - ID проголосовавшего посетителя\n#USER_NAME# - ФИО пользователя\n#LOGIN# - логин\n#USER_ID# - ID пользователя\n#STAT_GUEST_ID# - ID посетителя модуля статистики\n#SESSION_ID# - ID сессии модуля статистики\n#IP# - IP адрес\n#VOTE_STATISTIC# - Сводная статистика опроса типа ( - Вопрос - Ответ )\n#URL# - Путь к опросу\n',100),(72,'en','VOTE_FOR','New vote','#ID# - Vote result ID\n#TIME# - Time of vote\n#VOTE_TITLE# - Poll name\n#VOTE_DESCRIPTION# - Poll description\n#VOTE_ID# - Poll ID\n#CHANNEL# - Poll group name\n#CHANNEL_ID# - Poll group ID\n#VOTER_ID# - Voter\'s user ID\n#USER_NAME# - User full name\n#LOGIN# - login\n#USER_ID# - User ID\n#STAT_GUEST_ID# - Visitor ID in web analytics module\n#SESSION_ID# - Session ID in web analytics module\n#IP# - IP address\n#VOTE_STATISTIC# - Summary statistics of this poll type ( - Question - Answer)\n#URL# - Poll URL',100),(73,'ru','CALENDAR_INVITATION','Приглашение на встречу','\n\n#EMAIL_TO# - EMail приглашенного\n#TITLE# - Тема\n#MESSAGE# - Подробное описание встречи\n',100),(74,'en','CALENDAR_INVITATION','Invitation','\n\n#EMAIL_TO# - invited person e-mail\n#TITLE# - subject\n#MESSAGE# - full description of the event\n',100),(75,'ru','IM_NEW_NOTIFY','Новое уведомление','#MESSAGE_ID# - ID сообщения\n#USER_ID# - ID пользователя\n#USER_LOGIN# - Логин пользователя\n#USER_NAME# - Имя пользователя\n#USER_LAST_NAME# - Фамилия пользователя\n#FROM_USER_ID# - ID отправителя сообщения\n#FROM_USER# - Имя отправителя сообщения\n#DATE_CREATE# - Дата создания сообщения\n#TITLE# - Заголовок сообщения\n#MESSAGE# - Сообщение\n#MESSAGE_50# - Сообщение, первые 50 символов\n#EMAIL_TO# - Email получателя письма',100),(76,'ru','IM_NEW_NOTIFY_GROUP','Новое уведомление (групповое)','#MESSAGE_ID# - ID сообщения\n#USER_ID# - ID пользователя\n#USER_LOGIN# - Логин пользователя\n#USER_NAME# - Имя пользователя\n#USER_LAST_NAME# - Фамилия пользователя\n#FROM_USERS# - Имена отправителелей сообщения\n#DATE_CREATE# - Дата создания сообщения\n#TITLE# - Заголовок сообщения\n#MESSAGE# - Текст уведомления\n#MESSAGE_50# - Текст уведомления, первые 50 символов\n#EMAIL_TO# - Email получателя письма',100),(77,'ru','IM_NEW_MESSAGE','Новое сообщение','#USER_ID# - ID пользователя\n#USER_LOGIN# - Логин пользователя\n#USER_NAME# - Имя пользователя\n#USER_LAST_NAME# - Фамилия пользователя\n#FROM_USER# - Имя отправителя сообщения\n#MESSAGES# - Блок сообщений\n#EMAIL_TO# - Email получателя письма',100),(78,'ru','IM_NEW_MESSAGE_GROUP','Новое сообщение (групповое)','#USER_ID# - ID пользователя\n#USER_LOGIN# - Логин пользователя\n#USER_NAME# - Имя пользователя\n#USER_LAST_NAME# - Фамилия пользователя\n#FROM_USERS# - Имена отправителелей сообщения\n#MESSAGES# - Блок сообщений\n#EMAIL_TO# - Email получателя письма',100),(79,'en','IM_NEW_NOTIFY','New notification','#MESSAGE_ID# - message ID\n#USER_ID# - user ID\n#USER_LOGIN# - user Login\n#USER_NAME# - user first name\n#USER_LAST_NAME# - user last name\n#FROM_USER_ID# - message sender ID\n#FROM_USER# - message sender name\n#DATE_CREATE# - the date the message was created\n#TITLE# - message title\n#MESSAGE# - message body\n#MESSAGE_50# - first 50 characters of the message text\n#EMAIL_TO# - message recipient e-mail address',100),(80,'en','IM_NEW_NOTIFY_GROUP','New notification (group)','#MESSAGE_ID# - message ID\n#USER_ID# - user ID\n#USER_LOGIN# - user Login\n#USER_NAME# - user first name\n#USER_LAST_NAME# - user last name\n#FROM_USERS# - message senders names\n#DATE_CREATE# - the date the message was created\n#TITLE# - message title\n#MESSAGE# - message body\n#MESSAGE_50# - first 50 characters of the message text\n#EMAIL_TO# - message recipient e-mail address\n',100),(81,'en','IM_NEW_MESSAGE','New message','#USER_ID# - user ID\n#USER_LOGIN# - user login\n#USER_NAME# - user first name\n#USER_LAST_NAME# - user last name\n#FROM_USERS# - message senders names\n#MESSAGES# - messages\n#EMAIL_TO# - recipient E-mail address',100),(82,'en','IM_NEW_MESSAGE_GROUP','New message (group)',NULL,100),(85,'ru','FORM_FILLING_SIMPLE_FORM_1','Заполнена web-форма \"SIMPLE_FORM_1\"','#RS_FORM_ID# - ID формы\n#RS_FORM_NAME# - Имя формы\n#RS_FORM_SID# - SID формы\n#RS_RESULT_ID# - ID результата\n#RS_DATE_CREATE# - Дата заполнения формы\n#RS_USER_ID# - ID пользователя\n#RS_USER_EMAIL# - EMail пользователя\n#RS_USER_NAME# - Фамилия, имя пользователя\n#RS_USER_AUTH# - Пользователь был авторизован?\n#RS_STAT_GUEST_ID# - ID посетителя\n#RS_STAT_SESSION_ID# - ID сессии\n',100),(86,'en','FORM_FILLING_SIMPLE_FORM_1','Web form filled \"SIMPLE_FORM_1\"','#RS_FORM_ID# - Form ID\n#RS_FORM_NAME# - Form name\n#RS_FORM_SID# - Form SID\n#RS_RESULT_ID# - Result ID\n#RS_DATE_CREATE# - Form filling date\n#RS_USER_ID# - User ID\n#RS_USER_EMAIL# - User e-mail\n#RS_USER_NAME# - First and last user names\n#RS_USER_AUTH# - User authorized?\n#RS_STAT_GUEST_ID# - Visitor ID\n#RS_STAT_SESSION_ID# - Session ID\n',100),(87,'ru','BLOG_SONET_NEW_POST','Добавлено новое сообщение','#EMAIL_TO# - Email получателя письма\n#POST_ID# - ID сообщения\n#URL_ID# - URL страницы сообщения\n',100),(88,'ru','BLOG_SONET_NEW_COMMENT','Добавлен новый комментарий','#EMAIL_TO# - Email получателя письма\n#COMMENT_ID# - ID комментария\n#POST_ID# - ID сообщения\n#URL_ID# - URL страницы сообщения\n',100),(89,'ru','BLOG_SONET_POST_SHARE','Добавлен новый получатель сообщения','#EMAIL_TO# - Email получателя письма\n#POST_ID# - ID сообщения\n#URL_ID# - URL страницы сообщения\n',100),(90,'en','BLOG_SONET_NEW_POST','New post added','#EMAIL_TO# - Recipient email\n#POST_ID# - Post ID\n#URL_ID# - Post URL',100),(91,'en','BLOG_SONET_NEW_COMMENT','Comment added','#EMAIL_TO# - Recipient email\n#COMMENT_ID# - Comment ID\n#POST_ID# - Post ID\n#URL_ID# - Post URL',100),(92,'en','BLOG_SONET_POST_SHARE','New recipient added','#EMAIL_TO# - Recipient email\n#POST_ID# - Post ID\n#URL_ID# - Post URL',100),(93,'ru','BLOG_POST_BROADCAST','Добавлено новое сообщение','\n#MESSAGE_TITLE# - Тема сообщения\n#MESSAGE_TEXT# - Текст сообщения\n#MESSAGE_PATH# - URL адрес сообщения\n#AUTHOR# - Автор сообщения\n#EMAIL_TO# - Email получателя письма',100),(94,'en','BLOG_POST_BROADCAST','New post added','\n#MESSAGE_TITLE# - Post subject\n#MESSAGE_TEXT# - Post text \n#MESSAGE_PATH# - Post URL\n#AUTHOR# - Post author\n#EMAIL_TO# - E-mail recipient',100),(95,'ru','CATALOG_PRODUCT_SUBSCRIBE_LIST_CONFIRM','Код подтверждения','\n#TOKEN# - Код подтверждения\n#TOKEN_URL# - Ссылка с кодом подтверждения\n#LIST_SUBSCRIBES# - Список подписок\n#URL_PARAMETERS# - Параметры ссылки для подтверждения кода доступа\n',100),(96,'ru','CATALOG_PRODUCT_SUBSCRIBE_NOTIFY','Уведомление о поступлении товара','#USER_NAME# - имя пользователя\n#EMAIL_TO# - email пользователя\n#NAME# - название товара\n#PAGE_URL# - детальная страница товара\n#CHECKOUT_URL# - добавление товара в корзину\n#CHECKOUT_URL_PARAMETERS# - параметры ссылки добавления товара в корзину\n#PRODUCT_ID# - id товара для формирования ссылок\n#UNSUBSCRIBE_URL# - ссылка отписки от товара\n#UNSUBSCRIBE_URL_PARAMETERS# - параметры ссылки отписки от товара\n',100),(97,'ru','CATALOG_PRODUCT_SUBSCRIBE_NOTIFY_REPEATED','Уведомление о товаре в магазине','#USER_NAME# - имя пользователя\n#EMAIL_TO# - email пользователя\n#NAME# - название товара\n#PAGE_URL# - детальная страница товара\n#PRODUCT_ID# - id товара для формирования ссылок\n#UNSUBSCRIBE_URL# - ссылка отписки от товара\n#UNSUBSCRIBE_URL_PARAMETERS# - параметры ссылки отписки от товара\n',100),(98,'en','SALE_STATUS_CHANGED_DF','Change shipment status to  \"Отгружен\"','#ORDER_ID# - order ID\n#ORDER_DATE# - order date\n#ORDER_STATUS# - order status\n#EMAIL# - customer e-mail\n#ORDER_DESCRIPTION# - order status description\n#TEXT# - text\n#SALE_EMAIL# - Sales department e-mail\n#SHIPMENT_ID# - shipment ID\n#SHIPMENT_DATE# - shipment created on\n#SHIPMENT_STATUS# - shipment status\n',100),(99,'ru','SALE_STATUS_CHANGED_DF','Изменение статуса отгрузки на  \"Отгружен\"','#ORDER_ID# - код заказа\n#ORDER_DATE# - дата заказа\n#ORDER_STATUS# - статус заказа\n#EMAIL# - E-Mail пользователя\n#ORDER_DESCRIPTION# - описание статуса заказа\n#TEXT# - текст\n#SALE_EMAIL# - E-Mail отдела продаж\n#SHIPMENT_ID# - код отгрузки\n#SHIPMENT_DATE# - дата создания отгрузки\n#SHIPMENT_STATUS# - статус отгрузки\n',100),(100,'en','SALE_STATUS_CHANGED_DN','Change shipment status to  \"Ожидает обработки\"','#ORDER_ID# - order ID\n#ORDER_DATE# - order date\n#ORDER_STATUS# - order status\n#EMAIL# - customer e-mail\n#ORDER_DESCRIPTION# - order status description\n#TEXT# - text\n#SALE_EMAIL# - Sales department e-mail\n#SHIPMENT_ID# - shipment ID\n#SHIPMENT_DATE# - shipment created on\n#SHIPMENT_STATUS# - shipment status\n',100),(101,'ru','SALE_STATUS_CHANGED_DN','Изменение статуса отгрузки на  \"Ожидает обработки\"','#ORDER_ID# - код заказа\n#ORDER_DATE# - дата заказа\n#ORDER_STATUS# - статус заказа\n#EMAIL# - E-Mail пользователя\n#ORDER_DESCRIPTION# - описание статуса заказа\n#TEXT# - текст\n#SALE_EMAIL# - E-Mail отдела продаж\n#SHIPMENT_ID# - код отгрузки\n#SHIPMENT_DATE# - дата создания отгрузки\n#SHIPMENT_STATUS# - статус отгрузки\n',100),(111,'ru','SONET_LOG_NEW_ENTRY','Добавлено новое сообщение','#EMAIL_TO# - Email получателя письма\n#LOG_ENTRY_ID# - ID сообщения\n#RECIPIENT_ID# - ID получателя\n#URL_ID# - URL страницы сообщения\n',100),(112,'ru','SONET_LOG_NEW_COMMENT','Добавлен новый комментарий','#EMAIL_TO# - Email получателя письма\n#COMMENT_ID# - ID комментария\n#LOG_ENTRY_ID# - ID сообщения\n#RECIPIENT_ID# - ID получателя\n#URL_ID# - URL страницы сообщения\n',100),(122,'en','SONET_LOG_NEW_ENTRY','New message added','#EMAIL_TO# - message recipient e-mail \n#LOG_ENTRY_ID# - message ID\n#RECIPIENT_ID# - recipient ID\n#URL_ID# - message view URL\n',100),(123,'en','SONET_LOG_NEW_COMMENT','New comment added','#EMAIL_TO# - message recipient e-mail \n#COMMENT_ID# - comment ID\n#LOG_ENTRY_ID# - message ID\n#RECIPIENT_ID# - recipient ID\n#URL_ID# - message view URL\n',100);
/*!40000 ALTER TABLE `b_event_type` ENABLE KEYS */;
UNLOCK TABLES;

--
-- Table structure for table `b_favorite`
--

DROP TABLE IF EXISTS `b_favorite`;
/*!40101 SET @saved_cs_client     = @@character_set_client */;
/*!40101 SET character_set_client = utf8 */;
CREATE TABLE `b_favorite` (
  `ID` int(18) NOT NULL AUTO_INCREMENT,
  `TIMESTAMP_X` datetime DEFAULT NULL,
  `DATE_CREATE` datetime DEFAULT NULL,
  `C_SORT` int(18) NOT NULL DEFAULT '100',
  `MODIFIED_BY` int(18) DEFAULT NULL,
  `CREATED_BY` int(18) DEFAULT NULL,
  `MODULE_ID` varchar(50) COLLATE utf8_unicode_ci DEFAULT NULL,
  `NAME` varchar(255) COLLATE utf8_unicode_ci DEFAULT NULL,
  `URL` text COLLATE utf8_unicode_ci,
  `COMMENTS` text COLLATE utf8_unicode_ci,
  `LANGUAGE_ID` char(2) COLLATE utf8_unicode_ci DEFAULT NULL,
  `USER_ID` int(11) DEFAULT NULL,
  `CODE_ID` int(18) DEFAULT NULL,
  `COMMON` char(1) COLLATE utf8_unicode_ci NOT NULL DEFAULT 'Y',
  `MENU_ID` varchar(255) COLLATE utf8_unicode_ci DEFAULT NULL,
  PRIMARY KEY (`ID`)
) ENGINE=InnoDB DEFAULT CHARSET=utf8 COLLATE=utf8_unicode_ci;
/*!40101 SET character_set_client = @saved_cs_client */;

--
-- Dumping data for table `b_favorite`
--

LOCK TABLES `b_favorite` WRITE;
/*!40000 ALTER TABLE `b_favorite` DISABLE KEYS */;
/*!40000 ALTER TABLE `b_favorite` ENABLE KEYS */;
UNLOCK TABLES;

--
-- Table structure for table `b_file`
--

DROP TABLE IF EXISTS `b_file`;
/*!40101 SET @saved_cs_client     = @@character_set_client */;
/*!40101 SET character_set_client = utf8 */;
CREATE TABLE `b_file` (
  `ID` int(18) NOT NULL AUTO_INCREMENT,
  `TIMESTAMP_X` timestamp NOT NULL DEFAULT CURRENT_TIMESTAMP ON UPDATE CURRENT_TIMESTAMP,
  `MODULE_ID` varchar(50) COLLATE utf8_unicode_ci DEFAULT NULL,
  `HEIGHT` int(18) DEFAULT NULL,
  `WIDTH` int(18) DEFAULT NULL,
  `FILE_SIZE` bigint(20) DEFAULT NULL,
  `CONTENT_TYPE` varchar(255) COLLATE utf8_unicode_ci DEFAULT 'IMAGE',
  `SUBDIR` varchar(255) COLLATE utf8_unicode_ci DEFAULT NULL,
  `FILE_NAME` varchar(255) COLLATE utf8_unicode_ci NOT NULL,
  `ORIGINAL_NAME` varchar(255) COLLATE utf8_unicode_ci DEFAULT NULL,
  `DESCRIPTION` varchar(255) COLLATE utf8_unicode_ci DEFAULT NULL,
  `HANDLER_ID` varchar(50) COLLATE utf8_unicode_ci DEFAULT NULL,
  `EXTERNAL_ID` varchar(50) COLLATE utf8_unicode_ci DEFAULT NULL,
  PRIMARY KEY (`ID`),
  KEY `IX_B_FILE_EXTERNAL_ID` (`EXTERNAL_ID`)
) ENGINE=InnoDB AUTO_INCREMENT=40 DEFAULT CHARSET=utf8 COLLATE=utf8_unicode_ci;
/*!40101 SET character_set_client = @saved_cs_client */;

--
-- Dumping data for table `b_file`
--

LOCK TABLES `b_file` WRITE;
/*!40000 ALTER TABLE `b_file` DISABLE KEYS */;
INSERT INTO `b_file` VALUES (1,'2017-01-07 17:47:52','main',960,720,160061,'image/jpeg','main/b78','b7870fe3cec2875c983b848ec67b9a09.jpg','3p.jpg','',NULL,'a2e51fff6c5d23064d5c9aeea3143b4c'),(2,'2017-01-07 17:56:43','iblock',960,720,160061,'image/jpeg','iblock/8ba','8ba68a59e593989c8ff0292f0e7b6b07.jpg','3p.jpg','',NULL,'527437f580143e1a8f1270655d38029f'),(3,'2017-01-07 17:58:28','iblock',960,720,160061,'image/jpeg','iblock/c7b','c7bd316d61c6fa279db828d9fb94f087.jpg','3p.jpg','',NULL,'2b5c2568a2733c480078a445df87a942'),(4,'2017-01-07 17:58:40','iblock',720,960,160806,'image/jpeg','iblock/b44','b445964e36084bc74c2a5340a4ae837c.jpg','2p.jpg','',NULL,'3150ce2fcf06fb8add0359648af17f24'),(5,'2017-01-07 18:23:07','iblock',720,960,160806,'image/jpeg','iblock/234','2343f6cc0256499adf50573e6dafbc61.jpg','2p.jpg','',NULL,'633cb73554636a683c5ab7a86f31ee42'),(6,'2017-01-07 18:23:47','iblock',960,720,160061,'image/jpeg','iblock/ac6','ac66afb2b77b4ece09367edc4009c55f.jpg','3p.jpg','',NULL,'b0451295fb4e5f5c2bd01e514f06bbe4'),(7,'2017-01-07 18:24:06','iblock',960,720,160061,'image/jpeg','iblock/7ec','7ec56af2c9e9c60a97730028248e5291.jpg','3p.jpg','',NULL,'5edfda77a7c5cca3e0bf8d331e78f1ef'),(16,'2017-03-05 07:47:28','socialnetwork',100,100,8806,'image/jpeg','socialnetwork/64a','64af49fec65346b3f848540ed1280895.jpg','02_repair.jpg','',NULL,'a0634d25f92c33c08cdd7f17c585edd8'),(17,'2017-03-05 07:47:29','socialnetwork',100,100,7929,'image/jpeg','socialnetwork/cec','cecc5b804ca6cea583ec6e44e08acef7.jpg','04_vwclub.jpg','',NULL,'f6776fea1ca2582dbcc109acf9ea0b7c'),(18,'2017-03-05 07:47:29','socialnetwork',100,100,6952,'image/jpeg','socialnetwork/0d0','0d06a0d4702423e7cd0d828b4f249aa7.jpg','03_race.jpg','',NULL,'3729071cd0d63c401afa06adc136778b'),(19,'2017-03-05 07:47:29','socialnetwork',100,100,5888,'image/jpeg','socialnetwork/7e1','7e109cd1e31af3d79387f41b915ed50b.jpg','05_tuning.jpg','',NULL,'02450e1fef57530698c30f46777705a0'),(20,'2017-03-05 07:47:29','socialnetwork',100,100,9015,'image/jpeg','socialnetwork/1f8','1f8eb71ddacebcd0f9ce36de7b7f889d.jpg','01_4x4.jpg','',NULL,'29dccc3a2c9f12ab064df1292b911ca4'),(21,'2017-03-05 07:50:13','socialnetwork',100,100,8806,'image/jpeg','socialnetwork/821','8213714fb8713bc69338f8a882b14f80.jpg','02_repair.jpg','',NULL,'f3e873f22da25c023c738c8d841cd4a3'),(22,'2017-03-05 07:50:14','socialnetwork',100,100,7929,'image/jpeg','socialnetwork/6ce','6ce12d7b5d8cd815eba4e4010996f5cf.jpg','04_vwclub.jpg','',NULL,'bff3ef07c6d275ccfcb1ed1ea2f9f912'),(23,'2017-03-05 07:50:14','socialnetwork',100,100,6952,'image/jpeg','socialnetwork/a8a','a8a3aa08fc5d516e0416ffb95de28545.jpg','03_race.jpg','',NULL,'58e4d000665073f3e593ec132165a714'),(24,'2017-03-05 07:50:14','socialnetwork',100,100,5888,'image/jpeg','socialnetwork/8e0','8e0aabcf9b01b6d27de0d007caa3f22e.jpg','05_tuning.jpg','',NULL,'0e0ef4e21168453d861fc42c712e4ff4'),(25,'2017-03-05 07:50:14','socialnetwork',100,100,9015,'image/jpeg','socialnetwork/22e','22e62dd7f90b0af36dfc34643fb72ddf.jpg','01_4x4.jpg','',NULL,'7036318c1667e85033daf762f892e48d'),(28,'2017-05-24 14:45:42','iblock',85,120,22336,'image/png','iblock/e88','e88c4a400b341366f3c585175f2cb45c.png','halal_green.png','',NULL,'530251b91f88cd66836b12507b25bc83'),(29,'2017-05-24 14:55:28','iblock',85,120,7280,'image/png','iblock/9e0','9e0d507f03da2d3756387a6251eef0b5.png','baraholka.png','',NULL,'384c69487104b3a2b23b215522d420a1'),(30,'2017-05-24 14:55:48','iblock',85,120,8367,'image/png','iblock/d48','d482c12f33e6b42261b5e4da137a34c2.png','farm_service.png','',NULL,'2a18f6e94c74aaad9e5626660c8fbf76'),(31,'2017-05-24 14:56:42','iblock',85,120,6997,'image/png','iblock/34b','34b83b696df86475fcf5173216b4b76b.png','milk.png','',NULL,'454469a54ced6cee19ae08dacc8cc6c5'),(32,'2017-05-24 14:56:56','iblock',85,120,8393,'image/png','iblock/600','60053fd31348ecfac00e356b4313fef3.png','fish.png','',NULL,'0358dc5ccc1b1d0ee214bf784a50e73a'),(33,'2017-05-24 14:57:06','iblock',85,120,7328,'image/png','iblock/553','553b1d537e5894b9fd598a526e0b2c0b.png','bird.png','',NULL,'6b803b4084d94541bec8053527e686dc'),(34,'2017-05-24 14:57:21','iblock',85,120,8300,'image/png','iblock/920','92036630b36179286a13eaafcf9b74f6.png','plants.png','',NULL,'3681f893ff617ea3a8eed7f8feb84b49'),(35,'2017-05-24 14:57:30','iblock',85,120,7995,'image/png','iblock/d3e','d3e52eeb65f2468b047780feabc33711.png','animal.png','',NULL,'f2edeb67ec1e507c3c4e9609fb657783'),(36,'2017-05-24 15:05:40','iblock',300,460,24566,'image/jpeg','iblock/072','072c21104eaf7534c0d1a6bade41c466.jpg','Glavnyim-i-edinstvennyim-blyudom-yavlyaetsya----syiraya-olenina-460x300.jpg','',NULL,'f1d716ae4729e0e1451331080d020311'),(37,'2017-05-24 15:05:40','iblock',250,344,32403,'image/jpeg','iblock/4d2','4d20bb30522be9d43d9f9f3e742304e5.jpg','pork.jpg','',NULL,'576dca93319400e4178bd486434f9439'),(38,'2017-05-24 15:05:40','iblock',200,352,104428,'image/png','iblock/d60','d60686ef3d03a40585dc2ead005bb5ba.png','pork.png','',NULL,'726da7d41f982ec87e7ab53a41f95038'),(39,'2017-05-24 16:35:56','iblock',100,1920,1507814,'image/jpeg','iblock/dec','decf89ba0c97f048c2cbc475ec4f6bc0.jpg','halal.jpg','',NULL,'00498b614022a183add22fb4c1ffd579');
/*!40000 ALTER TABLE `b_file` ENABLE KEYS */;
UNLOCK TABLES;

--
-- Table structure for table `b_file_search`
--

DROP TABLE IF EXISTS `b_file_search`;
/*!40101 SET @saved_cs_client     = @@character_set_client */;
/*!40101 SET character_set_client = utf8 */;
CREATE TABLE `b_file_search` (
  `ID` int(11) NOT NULL AUTO_INCREMENT,
  `SESS_ID` varchar(255) COLLATE utf8_unicode_ci NOT NULL,
  `TIMESTAMP_X` timestamp NOT NULL DEFAULT CURRENT_TIMESTAMP ON UPDATE CURRENT_TIMESTAMP,
  `F_PATH` varchar(255) COLLATE utf8_unicode_ci DEFAULT NULL,
  `B_DIR` int(11) NOT NULL DEFAULT '0',
  `F_SIZE` int(11) NOT NULL DEFAULT '0',
  `F_TIME` int(11) NOT NULL DEFAULT '0',
  PRIMARY KEY (`ID`)
) ENGINE=InnoDB DEFAULT CHARSET=utf8 COLLATE=utf8_unicode_ci;
/*!40101 SET character_set_client = @saved_cs_client */;

--
-- Dumping data for table `b_file_search`
--

LOCK TABLES `b_file_search` WRITE;
/*!40000 ALTER TABLE `b_file_search` DISABLE KEYS */;
/*!40000 ALTER TABLE `b_file_search` ENABLE KEYS */;
UNLOCK TABLES;

--
-- Table structure for table `b_filters`
--

DROP TABLE IF EXISTS `b_filters`;
/*!40101 SET @saved_cs_client     = @@character_set_client */;
/*!40101 SET character_set_client = utf8 */;
CREATE TABLE `b_filters` (
  `ID` int(18) NOT NULL AUTO_INCREMENT,
  `USER_ID` int(18) DEFAULT NULL,
  `FILTER_ID` varchar(255) COLLATE utf8_unicode_ci NOT NULL,
  `NAME` varchar(255) COLLATE utf8_unicode_ci NOT NULL,
  `FIELDS` text COLLATE utf8_unicode_ci NOT NULL,
  `COMMON` char(1) COLLATE utf8_unicode_ci DEFAULT NULL,
  `PRESET` char(1) COLLATE utf8_unicode_ci DEFAULT NULL,
  `LANGUAGE_ID` char(2) COLLATE utf8_unicode_ci DEFAULT NULL,
  `PRESET_ID` varchar(255) COLLATE utf8_unicode_ci DEFAULT NULL,
  `SORT` int(18) DEFAULT NULL,
  `SORT_FIELD` varchar(255) COLLATE utf8_unicode_ci DEFAULT NULL,
  PRIMARY KEY (`ID`)
) ENGINE=InnoDB DEFAULT CHARSET=utf8 COLLATE=utf8_unicode_ci;
/*!40101 SET character_set_client = @saved_cs_client */;

--
-- Dumping data for table `b_filters`
--

LOCK TABLES `b_filters` WRITE;
/*!40000 ALTER TABLE `b_filters` DISABLE KEYS */;
/*!40000 ALTER TABLE `b_filters` ENABLE KEYS */;
UNLOCK TABLES;

--
-- Table structure for table `b_finder_dest`
--

DROP TABLE IF EXISTS `b_finder_dest`;
/*!40101 SET @saved_cs_client     = @@character_set_client */;
/*!40101 SET character_set_client = utf8 */;
CREATE TABLE `b_finder_dest` (
  `USER_ID` int(11) NOT NULL,
  `CODE` varchar(30) COLLATE utf8_unicode_ci NOT NULL,
  `CODE_USER_ID` int(11) DEFAULT NULL,
  `CODE_TYPE` varchar(10) COLLATE utf8_unicode_ci DEFAULT NULL,
  `CONTEXT` varchar(50) COLLATE utf8_unicode_ci NOT NULL,
  `LAST_USE_DATE` datetime DEFAULT NULL,
  PRIMARY KEY (`USER_ID`,`CODE`,`CONTEXT`),
  KEY `IX_FINDER_DEST` (`CODE_TYPE`)
) ENGINE=InnoDB DEFAULT CHARSET=utf8 COLLATE=utf8_unicode_ci;
/*!40101 SET character_set_client = @saved_cs_client */;

--
-- Dumping data for table `b_finder_dest`
--

LOCK TABLES `b_finder_dest` WRITE;
/*!40000 ALTER TABLE `b_finder_dest` DISABLE KEYS */;
/*!40000 ALTER TABLE `b_finder_dest` ENABLE KEYS */;
UNLOCK TABLES;

--
-- Table structure for table `b_form`
--

DROP TABLE IF EXISTS `b_form`;
/*!40101 SET @saved_cs_client     = @@character_set_client */;
/*!40101 SET character_set_client = utf8 */;
CREATE TABLE `b_form` (
  `ID` int(18) NOT NULL AUTO_INCREMENT,
  `TIMESTAMP_X` datetime DEFAULT NULL,
  `NAME` varchar(255) COLLATE utf8_unicode_ci NOT NULL,
  `SID` varchar(50) COLLATE utf8_unicode_ci NOT NULL,
  `BUTTON` varchar(255) COLLATE utf8_unicode_ci DEFAULT NULL,
  `C_SORT` int(18) DEFAULT '100',
  `FIRST_SITE_ID` char(2) COLLATE utf8_unicode_ci DEFAULT NULL,
  `IMAGE_ID` int(18) DEFAULT NULL,
  `USE_CAPTCHA` char(1) COLLATE utf8_unicode_ci DEFAULT 'N',
  `DESCRIPTION` text COLLATE utf8_unicode_ci,
  `DESCRIPTION_TYPE` varchar(4) COLLATE utf8_unicode_ci NOT NULL DEFAULT 'html',
  `FORM_TEMPLATE` text COLLATE utf8_unicode_ci,
  `USE_DEFAULT_TEMPLATE` char(1) COLLATE utf8_unicode_ci DEFAULT 'Y',
  `SHOW_TEMPLATE` varchar(255) COLLATE utf8_unicode_ci DEFAULT NULL,
  `MAIL_EVENT_TYPE` varchar(50) COLLATE utf8_unicode_ci DEFAULT NULL,
  `SHOW_RESULT_TEMPLATE` varchar(255) COLLATE utf8_unicode_ci DEFAULT NULL,
  `PRINT_RESULT_TEMPLATE` varchar(255) COLLATE utf8_unicode_ci DEFAULT NULL,
  `EDIT_RESULT_TEMPLATE` varchar(255) COLLATE utf8_unicode_ci DEFAULT NULL,
  `FILTER_RESULT_TEMPLATE` text COLLATE utf8_unicode_ci,
  `TABLE_RESULT_TEMPLATE` text COLLATE utf8_unicode_ci,
  `USE_RESTRICTIONS` char(1) COLLATE utf8_unicode_ci DEFAULT 'N',
  `RESTRICT_USER` int(5) DEFAULT '0',
  `RESTRICT_TIME` int(10) DEFAULT '0',
  `RESTRICT_STATUS` varchar(255) COLLATE utf8_unicode_ci DEFAULT NULL,
  `STAT_EVENT1` varchar(255) COLLATE utf8_unicode_ci DEFAULT NULL,
  `STAT_EVENT2` varchar(255) COLLATE utf8_unicode_ci DEFAULT NULL,
  `STAT_EVENT3` varchar(255) COLLATE utf8_unicode_ci DEFAULT NULL,
  PRIMARY KEY (`ID`),
  KEY `IX_SID` (`SID`)
) ENGINE=InnoDB AUTO_INCREMENT=2 DEFAULT CHARSET=utf8 COLLATE=utf8_unicode_ci;
/*!40101 SET character_set_client = @saved_cs_client */;

--
-- Dumping data for table `b_form`
--

LOCK TABLES `b_form` WRITE;
/*!40000 ALTER TABLE `b_form` DISABLE KEYS */;
INSERT INTO `b_form` VALUES (1,'2016-03-17 13:53:21','Заказать звонок','SIMPLE_FORM_1','Сохранить',100,NULL,NULL,'N','','text','','Y',NULL,'FORM_FILLING_SIMPLE_FORM_1',NULL,NULL,NULL,NULL,NULL,'N',0,0,'','form','','');
/*!40000 ALTER TABLE `b_form` ENABLE KEYS */;
UNLOCK TABLES;

--
-- Table structure for table `b_form_2_group`
--

DROP TABLE IF EXISTS `b_form_2_group`;
/*!40101 SET @saved_cs_client     = @@character_set_client */;
/*!40101 SET character_set_client = utf8 */;
CREATE TABLE `b_form_2_group` (
  `ID` int(18) NOT NULL AUTO_INCREMENT,
  `FORM_ID` int(18) NOT NULL DEFAULT '0',
  `GROUP_ID` int(18) NOT NULL DEFAULT '0',
  `PERMISSION` int(5) NOT NULL DEFAULT '1',
  PRIMARY KEY (`ID`),
  KEY `IX_FORM_ID` (`FORM_ID`)
) ENGINE=InnoDB DEFAULT CHARSET=utf8 COLLATE=utf8_unicode_ci;
/*!40101 SET character_set_client = @saved_cs_client */;

--
-- Dumping data for table `b_form_2_group`
--

LOCK TABLES `b_form_2_group` WRITE;
/*!40000 ALTER TABLE `b_form_2_group` DISABLE KEYS */;
/*!40000 ALTER TABLE `b_form_2_group` ENABLE KEYS */;
UNLOCK TABLES;

--
-- Table structure for table `b_form_2_mail_template`
--

DROP TABLE IF EXISTS `b_form_2_mail_template`;
/*!40101 SET @saved_cs_client     = @@character_set_client */;
/*!40101 SET character_set_client = utf8 */;
CREATE TABLE `b_form_2_mail_template` (
  `FORM_ID` int(18) NOT NULL DEFAULT '0',
  `MAIL_TEMPLATE_ID` int(18) NOT NULL DEFAULT '0',
  PRIMARY KEY (`FORM_ID`,`MAIL_TEMPLATE_ID`)
) ENGINE=InnoDB DEFAULT CHARSET=utf8 COLLATE=utf8_unicode_ci;
/*!40101 SET character_set_client = @saved_cs_client */;

--
-- Dumping data for table `b_form_2_mail_template`
--

LOCK TABLES `b_form_2_mail_template` WRITE;
/*!40000 ALTER TABLE `b_form_2_mail_template` DISABLE KEYS */;
/*!40000 ALTER TABLE `b_form_2_mail_template` ENABLE KEYS */;
UNLOCK TABLES;

--
-- Table structure for table `b_form_2_site`
--

DROP TABLE IF EXISTS `b_form_2_site`;
/*!40101 SET @saved_cs_client     = @@character_set_client */;
/*!40101 SET character_set_client = utf8 */;
CREATE TABLE `b_form_2_site` (
  `FORM_ID` int(18) NOT NULL DEFAULT '0',
  `SITE_ID` char(2) COLLATE utf8_unicode_ci NOT NULL,
  PRIMARY KEY (`FORM_ID`,`SITE_ID`)
) ENGINE=InnoDB DEFAULT CHARSET=utf8 COLLATE=utf8_unicode_ci;
/*!40101 SET character_set_client = @saved_cs_client */;

--
-- Dumping data for table `b_form_2_site`
--

LOCK TABLES `b_form_2_site` WRITE;
/*!40000 ALTER TABLE `b_form_2_site` DISABLE KEYS */;
INSERT INTO `b_form_2_site` VALUES (1,'s1');
/*!40000 ALTER TABLE `b_form_2_site` ENABLE KEYS */;
UNLOCK TABLES;

--
-- Table structure for table `b_form_answer`
--

DROP TABLE IF EXISTS `b_form_answer`;
/*!40101 SET @saved_cs_client     = @@character_set_client */;
/*!40101 SET character_set_client = utf8 */;
CREATE TABLE `b_form_answer` (
  `ID` int(18) NOT NULL AUTO_INCREMENT,
  `FIELD_ID` int(18) NOT NULL DEFAULT '0',
  `TIMESTAMP_X` datetime DEFAULT NULL,
  `MESSAGE` text COLLATE utf8_unicode_ci,
  `C_SORT` int(18) NOT NULL DEFAULT '100',
  `ACTIVE` char(1) COLLATE utf8_unicode_ci NOT NULL DEFAULT 'Y',
  `VALUE` varchar(255) COLLATE utf8_unicode_ci DEFAULT NULL,
  `FIELD_TYPE` varchar(255) COLLATE utf8_unicode_ci NOT NULL DEFAULT 'text',
  `FIELD_WIDTH` int(18) DEFAULT NULL,
  `FIELD_HEIGHT` int(18) DEFAULT NULL,
  `FIELD_PARAM` text COLLATE utf8_unicode_ci,
  PRIMARY KEY (`ID`),
  KEY `IX_FIELD_ID` (`FIELD_ID`)
) ENGINE=InnoDB DEFAULT CHARSET=utf8 COLLATE=utf8_unicode_ci;
/*!40101 SET character_set_client = @saved_cs_client */;

--
-- Dumping data for table `b_form_answer`
--

LOCK TABLES `b_form_answer` WRITE;
/*!40000 ALTER TABLE `b_form_answer` DISABLE KEYS */;
/*!40000 ALTER TABLE `b_form_answer` ENABLE KEYS */;
UNLOCK TABLES;

--
-- Table structure for table `b_form_crm`
--

DROP TABLE IF EXISTS `b_form_crm`;
/*!40101 SET @saved_cs_client     = @@character_set_client */;
/*!40101 SET character_set_client = utf8 */;
CREATE TABLE `b_form_crm` (
  `ID` int(18) NOT NULL AUTO_INCREMENT,
  `NAME` varchar(255) COLLATE utf8_unicode_ci NOT NULL DEFAULT '',
  `ACTIVE` char(1) COLLATE utf8_unicode_ci DEFAULT 'Y',
  `URL` varchar(255) COLLATE utf8_unicode_ci NOT NULL DEFAULT '',
  `AUTH_HASH` varchar(32) COLLATE utf8_unicode_ci DEFAULT '',
  PRIMARY KEY (`ID`)
) ENGINE=InnoDB DEFAULT CHARSET=utf8 COLLATE=utf8_unicode_ci;
/*!40101 SET character_set_client = @saved_cs_client */;

--
-- Dumping data for table `b_form_crm`
--

LOCK TABLES `b_form_crm` WRITE;
/*!40000 ALTER TABLE `b_form_crm` DISABLE KEYS */;
/*!40000 ALTER TABLE `b_form_crm` ENABLE KEYS */;
UNLOCK TABLES;

--
-- Table structure for table `b_form_crm_field`
--

DROP TABLE IF EXISTS `b_form_crm_field`;
/*!40101 SET @saved_cs_client     = @@character_set_client */;
/*!40101 SET character_set_client = utf8 */;
CREATE TABLE `b_form_crm_field` (
  `ID` int(18) NOT NULL AUTO_INCREMENT,
  `LINK_ID` int(18) NOT NULL DEFAULT '0',
  `FIELD_ID` int(18) DEFAULT '0',
  `FIELD_ALT` varchar(100) COLLATE utf8_unicode_ci DEFAULT '',
  `CRM_FIELD` varchar(255) COLLATE utf8_unicode_ci NOT NULL DEFAULT '',
  PRIMARY KEY (`ID`),
  KEY `ix_b_form_crm_field_1` (`LINK_ID`)
) ENGINE=InnoDB DEFAULT CHARSET=utf8 COLLATE=utf8_unicode_ci;
/*!40101 SET character_set_client = @saved_cs_client */;

--
-- Dumping data for table `b_form_crm_field`
--

LOCK TABLES `b_form_crm_field` WRITE;
/*!40000 ALTER TABLE `b_form_crm_field` DISABLE KEYS */;
/*!40000 ALTER TABLE `b_form_crm_field` ENABLE KEYS */;
UNLOCK TABLES;

--
-- Table structure for table `b_form_crm_link`
--

DROP TABLE IF EXISTS `b_form_crm_link`;
/*!40101 SET @saved_cs_client     = @@character_set_client */;
/*!40101 SET character_set_client = utf8 */;
CREATE TABLE `b_form_crm_link` (
  `ID` int(18) NOT NULL AUTO_INCREMENT,
  `FORM_ID` int(18) NOT NULL DEFAULT '0',
  `CRM_ID` int(18) NOT NULL DEFAULT '0',
  `LINK_TYPE` char(1) COLLATE utf8_unicode_ci NOT NULL DEFAULT 'M',
  PRIMARY KEY (`ID`),
  UNIQUE KEY `ux_b_form_crm_link_1` (`FORM_ID`,`CRM_ID`)
) ENGINE=InnoDB DEFAULT CHARSET=utf8 COLLATE=utf8_unicode_ci;
/*!40101 SET character_set_client = @saved_cs_client */;

--
-- Dumping data for table `b_form_crm_link`
--

LOCK TABLES `b_form_crm_link` WRITE;
/*!40000 ALTER TABLE `b_form_crm_link` DISABLE KEYS */;
/*!40000 ALTER TABLE `b_form_crm_link` ENABLE KEYS */;
UNLOCK TABLES;

--
-- Table structure for table `b_form_field`
--

DROP TABLE IF EXISTS `b_form_field`;
/*!40101 SET @saved_cs_client     = @@character_set_client */;
/*!40101 SET character_set_client = utf8 */;
CREATE TABLE `b_form_field` (
  `ID` int(18) NOT NULL AUTO_INCREMENT,
  `FORM_ID` int(18) NOT NULL DEFAULT '0',
  `TIMESTAMP_X` datetime DEFAULT NULL,
  `ACTIVE` char(1) COLLATE utf8_unicode_ci NOT NULL DEFAULT 'Y',
  `TITLE` text COLLATE utf8_unicode_ci,
  `TITLE_TYPE` varchar(4) COLLATE utf8_unicode_ci NOT NULL DEFAULT 'text',
  `SID` varchar(50) COLLATE utf8_unicode_ci DEFAULT NULL,
  `C_SORT` int(18) NOT NULL DEFAULT '100',
  `ADDITIONAL` char(1) COLLATE utf8_unicode_ci NOT NULL DEFAULT 'N',
  `REQUIRED` char(1) COLLATE utf8_unicode_ci NOT NULL DEFAULT 'N',
  `IN_FILTER` char(1) COLLATE utf8_unicode_ci NOT NULL DEFAULT 'N',
  `IN_RESULTS_TABLE` char(1) COLLATE utf8_unicode_ci NOT NULL DEFAULT 'N',
  `IN_EXCEL_TABLE` char(1) COLLATE utf8_unicode_ci NOT NULL DEFAULT 'Y',
  `FIELD_TYPE` varchar(50) COLLATE utf8_unicode_ci DEFAULT NULL,
  `IMAGE_ID` int(18) DEFAULT NULL,
  `COMMENTS` text COLLATE utf8_unicode_ci,
  `FILTER_TITLE` text COLLATE utf8_unicode_ci,
  `RESULTS_TABLE_TITLE` text COLLATE utf8_unicode_ci,
  PRIMARY KEY (`ID`),
  KEY `IX_FORM_ID` (`FORM_ID`),
  KEY `IX_SID` (`SID`)
) ENGINE=InnoDB DEFAULT CHARSET=utf8 COLLATE=utf8_unicode_ci;
/*!40101 SET character_set_client = @saved_cs_client */;

--
-- Dumping data for table `b_form_field`
--

LOCK TABLES `b_form_field` WRITE;
/*!40000 ALTER TABLE `b_form_field` DISABLE KEYS */;
/*!40000 ALTER TABLE `b_form_field` ENABLE KEYS */;
UNLOCK TABLES;

--
-- Table structure for table `b_form_field_filter`
--

DROP TABLE IF EXISTS `b_form_field_filter`;
/*!40101 SET @saved_cs_client     = @@character_set_client */;
/*!40101 SET character_set_client = utf8 */;
CREATE TABLE `b_form_field_filter` (
  `ID` int(18) NOT NULL AUTO_INCREMENT,
  `FIELD_ID` int(18) NOT NULL DEFAULT '0',
  `PARAMETER_NAME` varchar(50) COLLATE utf8_unicode_ci NOT NULL,
  `FILTER_TYPE` varchar(50) COLLATE utf8_unicode_ci NOT NULL,
  PRIMARY KEY (`ID`),
  KEY `IX_FIELD_ID` (`FIELD_ID`)
) ENGINE=InnoDB DEFAULT CHARSET=utf8 COLLATE=utf8_unicode_ci;
/*!40101 SET character_set_client = @saved_cs_client */;

--
-- Dumping data for table `b_form_field_filter`
--

LOCK TABLES `b_form_field_filter` WRITE;
/*!40000 ALTER TABLE `b_form_field_filter` DISABLE KEYS */;
/*!40000 ALTER TABLE `b_form_field_filter` ENABLE KEYS */;
UNLOCK TABLES;

--
-- Table structure for table `b_form_field_validator`
--

DROP TABLE IF EXISTS `b_form_field_validator`;
/*!40101 SET @saved_cs_client     = @@character_set_client */;
/*!40101 SET character_set_client = utf8 */;
CREATE TABLE `b_form_field_validator` (
  `ID` int(18) NOT NULL AUTO_INCREMENT,
  `FORM_ID` int(18) NOT NULL DEFAULT '0',
  `FIELD_ID` int(18) NOT NULL DEFAULT '0',
  `TIMESTAMP_X` datetime DEFAULT NULL,
  `ACTIVE` char(1) COLLATE utf8_unicode_ci DEFAULT 'y',
  `C_SORT` int(18) DEFAULT '100',
  `VALIDATOR_SID` varchar(255) COLLATE utf8_unicode_ci NOT NULL DEFAULT '',
  `PARAMS` text COLLATE utf8_unicode_ci,
  PRIMARY KEY (`ID`),
  KEY `IX_FORM_ID` (`FORM_ID`),
  KEY `IX_FIELD_ID` (`FIELD_ID`)
) ENGINE=InnoDB DEFAULT CHARSET=utf8 COLLATE=utf8_unicode_ci;
/*!40101 SET character_set_client = @saved_cs_client */;

--
-- Dumping data for table `b_form_field_validator`
--

LOCK TABLES `b_form_field_validator` WRITE;
/*!40000 ALTER TABLE `b_form_field_validator` DISABLE KEYS */;
/*!40000 ALTER TABLE `b_form_field_validator` ENABLE KEYS */;
UNLOCK TABLES;

--
-- Table structure for table `b_form_menu`
--

DROP TABLE IF EXISTS `b_form_menu`;
/*!40101 SET @saved_cs_client     = @@character_set_client */;
/*!40101 SET character_set_client = utf8 */;
CREATE TABLE `b_form_menu` (
  `ID` int(18) NOT NULL AUTO_INCREMENT,
  `FORM_ID` int(18) NOT NULL DEFAULT '0',
  `LID` char(2) COLLATE utf8_unicode_ci NOT NULL,
  `MENU` varchar(50) COLLATE utf8_unicode_ci NOT NULL,
  PRIMARY KEY (`ID`),
  KEY `IX_FORM_ID` (`FORM_ID`)
) ENGINE=InnoDB AUTO_INCREMENT=5 DEFAULT CHARSET=utf8 COLLATE=utf8_unicode_ci;
/*!40101 SET character_set_client = @saved_cs_client */;

--
-- Dumping data for table `b_form_menu`
--

LOCK TABLES `b_form_menu` WRITE;
/*!40000 ALTER TABLE `b_form_menu` DISABLE KEYS */;
INSERT INTO `b_form_menu` VALUES (3,1,'ru',''),(4,1,'en','');
/*!40000 ALTER TABLE `b_form_menu` ENABLE KEYS */;
UNLOCK TABLES;

--
-- Table structure for table `b_form_result`
--

DROP TABLE IF EXISTS `b_form_result`;
/*!40101 SET @saved_cs_client     = @@character_set_client */;
/*!40101 SET character_set_client = utf8 */;
CREATE TABLE `b_form_result` (
  `ID` int(18) NOT NULL AUTO_INCREMENT,
  `TIMESTAMP_X` datetime DEFAULT NULL,
  `DATE_CREATE` datetime DEFAULT NULL,
  `STATUS_ID` int(18) NOT NULL DEFAULT '0',
  `FORM_ID` int(18) NOT NULL DEFAULT '0',
  `USER_ID` int(18) DEFAULT NULL,
  `USER_AUTH` char(1) COLLATE utf8_unicode_ci NOT NULL DEFAULT 'N',
  `STAT_GUEST_ID` int(18) DEFAULT NULL,
  `STAT_SESSION_ID` int(18) DEFAULT NULL,
  `SENT_TO_CRM` char(1) COLLATE utf8_unicode_ci DEFAULT 'N',
  PRIMARY KEY (`ID`),
  KEY `IX_FORM_ID` (`FORM_ID`),
  KEY `IX_STATUS_ID` (`STATUS_ID`),
  KEY `IX_SENT_TO_CRM` (`SENT_TO_CRM`)
) ENGINE=InnoDB DEFAULT CHARSET=utf8 COLLATE=utf8_unicode_ci;
/*!40101 SET character_set_client = @saved_cs_client */;

--
-- Dumping data for table `b_form_result`
--

LOCK TABLES `b_form_result` WRITE;
/*!40000 ALTER TABLE `b_form_result` DISABLE KEYS */;
/*!40000 ALTER TABLE `b_form_result` ENABLE KEYS */;
UNLOCK TABLES;

--
-- Table structure for table `b_form_result_answer`
--

DROP TABLE IF EXISTS `b_form_result_answer`;
/*!40101 SET @saved_cs_client     = @@character_set_client */;
/*!40101 SET character_set_client = utf8 */;
CREATE TABLE `b_form_result_answer` (
  `ID` int(18) NOT NULL AUTO_INCREMENT,
  `RESULT_ID` int(18) NOT NULL DEFAULT '0',
  `FORM_ID` int(18) NOT NULL DEFAULT '0',
  `FIELD_ID` int(18) NOT NULL DEFAULT '0',
  `ANSWER_ID` int(18) DEFAULT NULL,
  `ANSWER_TEXT` text COLLATE utf8_unicode_ci,
  `ANSWER_TEXT_SEARCH` longtext COLLATE utf8_unicode_ci,
  `ANSWER_VALUE` varchar(255) COLLATE utf8_unicode_ci DEFAULT NULL,
  `ANSWER_VALUE_SEARCH` longtext COLLATE utf8_unicode_ci,
  `USER_TEXT` longtext COLLATE utf8_unicode_ci,
  `USER_TEXT_SEARCH` longtext COLLATE utf8_unicode_ci,
  `USER_DATE` datetime DEFAULT NULL,
  `USER_FILE_ID` int(18) DEFAULT NULL,
  `USER_FILE_NAME` varchar(255) COLLATE utf8_unicode_ci DEFAULT NULL,
  `USER_FILE_IS_IMAGE` char(1) COLLATE utf8_unicode_ci DEFAULT NULL,
  `USER_FILE_HASH` varchar(255) COLLATE utf8_unicode_ci DEFAULT NULL,
  `USER_FILE_SUFFIX` varchar(255) COLLATE utf8_unicode_ci DEFAULT NULL,
  `USER_FILE_SIZE` int(18) DEFAULT NULL,
  PRIMARY KEY (`ID`),
  KEY `IX_RESULT_ID` (`RESULT_ID`),
  KEY `IX_FIELD_ID` (`FIELD_ID`),
  KEY `IX_ANSWER_ID` (`ANSWER_ID`)
) ENGINE=InnoDB DEFAULT CHARSET=utf8 COLLATE=utf8_unicode_ci;
/*!40101 SET character_set_client = @saved_cs_client */;

--
-- Dumping data for table `b_form_result_answer`
--

LOCK TABLES `b_form_result_answer` WRITE;
/*!40000 ALTER TABLE `b_form_result_answer` DISABLE KEYS */;
/*!40000 ALTER TABLE `b_form_result_answer` ENABLE KEYS */;
UNLOCK TABLES;

--
-- Table structure for table `b_form_status`
--

DROP TABLE IF EXISTS `b_form_status`;
/*!40101 SET @saved_cs_client     = @@character_set_client */;
/*!40101 SET character_set_client = utf8 */;
CREATE TABLE `b_form_status` (
  `ID` int(18) NOT NULL AUTO_INCREMENT,
  `FORM_ID` int(18) NOT NULL DEFAULT '0',
  `TIMESTAMP_X` datetime DEFAULT NULL,
  `ACTIVE` char(1) COLLATE utf8_unicode_ci NOT NULL DEFAULT 'Y',
  `C_SORT` int(18) NOT NULL DEFAULT '100',
  `TITLE` varchar(255) COLLATE utf8_unicode_ci NOT NULL,
  `DESCRIPTION` text COLLATE utf8_unicode_ci,
  `DEFAULT_VALUE` char(1) COLLATE utf8_unicode_ci NOT NULL DEFAULT 'N',
  `CSS` varchar(255) COLLATE utf8_unicode_ci DEFAULT 'statusgreen',
  `HANDLER_OUT` varchar(255) COLLATE utf8_unicode_ci DEFAULT NULL,
  `HANDLER_IN` varchar(255) COLLATE utf8_unicode_ci DEFAULT NULL,
  `MAIL_EVENT_TYPE` varchar(255) COLLATE utf8_unicode_ci DEFAULT NULL,
  PRIMARY KEY (`ID`),
  KEY `IX_FORM_ID` (`FORM_ID`)
) ENGINE=InnoDB AUTO_INCREMENT=2 DEFAULT CHARSET=utf8 COLLATE=utf8_unicode_ci;
/*!40101 SET character_set_client = @saved_cs_client */;

--
-- Dumping data for table `b_form_status`
--

LOCK TABLES `b_form_status` WRITE;
/*!40000 ALTER TABLE `b_form_status` DISABLE KEYS */;
INSERT INTO `b_form_status` VALUES (1,1,'2016-03-17 13:53:21','Y',100,'DEFAULT','DEFAULT','Y','statusgreen',NULL,NULL,NULL);
/*!40000 ALTER TABLE `b_form_status` ENABLE KEYS */;
UNLOCK TABLES;

--
-- Table structure for table `b_form_status_2_group`
--

DROP TABLE IF EXISTS `b_form_status_2_group`;
/*!40101 SET @saved_cs_client     = @@character_set_client */;
/*!40101 SET character_set_client = utf8 */;
CREATE TABLE `b_form_status_2_group` (
  `ID` int(18) NOT NULL AUTO_INCREMENT,
  `STATUS_ID` int(18) NOT NULL DEFAULT '0',
  `GROUP_ID` int(18) NOT NULL DEFAULT '0',
  `PERMISSION` varchar(50) COLLATE utf8_unicode_ci NOT NULL,
  PRIMARY KEY (`ID`),
  KEY `IX_FORM_STATUS_GROUP` (`STATUS_ID`,`GROUP_ID`)
) ENGINE=InnoDB AUTO_INCREMENT=5 DEFAULT CHARSET=utf8 COLLATE=utf8_unicode_ci;
/*!40101 SET character_set_client = @saved_cs_client */;

--
-- Dumping data for table `b_form_status_2_group`
--

LOCK TABLES `b_form_status_2_group` WRITE;
/*!40000 ALTER TABLE `b_form_status_2_group` DISABLE KEYS */;
INSERT INTO `b_form_status_2_group` VALUES (1,1,0,'VIEW'),(2,1,0,'MOVE'),(3,1,0,'EDIT'),(4,1,0,'DELETE');
/*!40000 ALTER TABLE `b_form_status_2_group` ENABLE KEYS */;
UNLOCK TABLES;

--
-- Table structure for table `b_form_status_2_mail_template`
--

DROP TABLE IF EXISTS `b_form_status_2_mail_template`;
/*!40101 SET @saved_cs_client     = @@character_set_client */;
/*!40101 SET character_set_client = utf8 */;
CREATE TABLE `b_form_status_2_mail_template` (
  `STATUS_ID` int(18) NOT NULL DEFAULT '0',
  `MAIL_TEMPLATE_ID` int(18) NOT NULL DEFAULT '0',
  PRIMARY KEY (`STATUS_ID`,`MAIL_TEMPLATE_ID`)
) ENGINE=InnoDB DEFAULT CHARSET=utf8 COLLATE=utf8_unicode_ci;
/*!40101 SET character_set_client = @saved_cs_client */;

--
-- Dumping data for table `b_form_status_2_mail_template`
--

LOCK TABLES `b_form_status_2_mail_template` WRITE;
/*!40000 ALTER TABLE `b_form_status_2_mail_template` DISABLE KEYS */;
/*!40000 ALTER TABLE `b_form_status_2_mail_template` ENABLE KEYS */;
UNLOCK TABLES;

--
-- Table structure for table `b_forum`
--

DROP TABLE IF EXISTS `b_forum`;
/*!40101 SET @saved_cs_client     = @@character_set_client */;
/*!40101 SET character_set_client = utf8 */;
CREATE TABLE `b_forum` (
  `ID` int(10) NOT NULL AUTO_INCREMENT,
  `FORUM_GROUP_ID` int(11) DEFAULT NULL,
  `NAME` varchar(255) COLLATE utf8_unicode_ci NOT NULL,
  `DESCRIPTION` text COLLATE utf8_unicode_ci,
  `SORT` int(10) NOT NULL DEFAULT '150',
  `ACTIVE` char(1) COLLATE utf8_unicode_ci NOT NULL DEFAULT 'Y',
  `ALLOW_HTML` char(1) COLLATE utf8_unicode_ci NOT NULL DEFAULT 'N',
  `ALLOW_ANCHOR` char(1) COLLATE utf8_unicode_ci NOT NULL DEFAULT 'Y',
  `ALLOW_BIU` char(1) COLLATE utf8_unicode_ci NOT NULL DEFAULT 'Y',
  `ALLOW_IMG` char(1) COLLATE utf8_unicode_ci NOT NULL DEFAULT 'Y',
  `ALLOW_VIDEO` char(1) COLLATE utf8_unicode_ci NOT NULL DEFAULT 'Y',
  `ALLOW_LIST` char(1) COLLATE utf8_unicode_ci NOT NULL DEFAULT 'Y',
  `ALLOW_QUOTE` char(1) COLLATE utf8_unicode_ci NOT NULL DEFAULT 'Y',
  `ALLOW_CODE` char(1) COLLATE utf8_unicode_ci NOT NULL DEFAULT 'Y',
  `ALLOW_FONT` char(1) COLLATE utf8_unicode_ci NOT NULL DEFAULT 'Y',
  `ALLOW_SMILES` char(1) COLLATE utf8_unicode_ci NOT NULL DEFAULT 'Y',
  `ALLOW_UPLOAD` char(1) COLLATE utf8_unicode_ci NOT NULL DEFAULT 'N',
  `ALLOW_TABLE` char(1) COLLATE utf8_unicode_ci NOT NULL DEFAULT 'N',
  `ALLOW_ALIGN` char(1) COLLATE utf8_unicode_ci NOT NULL DEFAULT 'Y',
  `ALLOW_UPLOAD_EXT` varchar(255) COLLATE utf8_unicode_ci DEFAULT NULL,
  `ALLOW_MOVE_TOPIC` char(1) COLLATE utf8_unicode_ci NOT NULL DEFAULT 'Y',
  `ALLOW_TOPIC_TITLED` char(1) COLLATE utf8_unicode_ci NOT NULL DEFAULT 'N',
  `ALLOW_NL2BR` char(1) COLLATE utf8_unicode_ci NOT NULL DEFAULT 'N',
  `ALLOW_SIGNATURE` char(1) COLLATE utf8_unicode_ci NOT NULL DEFAULT 'Y',
  `PATH2FORUM_MESSAGE` varchar(255) COLLATE utf8_unicode_ci DEFAULT NULL,
  `ASK_GUEST_EMAIL` char(1) COLLATE utf8_unicode_ci NOT NULL DEFAULT 'N',
  `USE_CAPTCHA` char(1) COLLATE utf8_unicode_ci NOT NULL DEFAULT 'N',
  `INDEXATION` char(1) COLLATE utf8_unicode_ci NOT NULL DEFAULT 'Y',
  `DEDUPLICATION` char(1) COLLATE utf8_unicode_ci NOT NULL DEFAULT 'Y',
  `MODERATION` char(1) COLLATE utf8_unicode_ci NOT NULL DEFAULT 'N',
  `ORDER_BY` char(1) COLLATE utf8_unicode_ci NOT NULL DEFAULT 'P',
  `ORDER_DIRECTION` varchar(4) COLLATE utf8_unicode_ci NOT NULL DEFAULT 'DESC',
  `LID` char(2) COLLATE utf8_unicode_ci NOT NULL DEFAULT 'ru',
  `TOPICS` int(11) NOT NULL DEFAULT '0',
  `POSTS` int(11) NOT NULL DEFAULT '0',
  `LAST_POSTER_ID` int(11) DEFAULT NULL,
  `LAST_POSTER_NAME` varchar(255) COLLATE utf8_unicode_ci DEFAULT NULL,
  `LAST_POST_DATE` datetime DEFAULT NULL,
  `LAST_MESSAGE_ID` bigint(20) DEFAULT NULL,
  `POSTS_UNAPPROVED` int(11) DEFAULT '0',
  `ABS_LAST_POSTER_ID` int(11) DEFAULT NULL,
  `ABS_LAST_POSTER_NAME` varchar(255) COLLATE utf8_unicode_ci DEFAULT NULL,
  `ABS_LAST_POST_DATE` datetime DEFAULT NULL,
  `ABS_LAST_MESSAGE_ID` bigint(20) DEFAULT NULL,
  `EVENT1` varchar(255) COLLATE utf8_unicode_ci DEFAULT 'forum',
  `EVENT2` varchar(255) COLLATE utf8_unicode_ci DEFAULT 'message',
  `EVENT3` varchar(255) COLLATE utf8_unicode_ci DEFAULT NULL,
  `HTML` varchar(255) COLLATE utf8_unicode_ci DEFAULT NULL,
  `XML_ID` varchar(255) COLLATE utf8_unicode_ci DEFAULT NULL,
  PRIMARY KEY (`ID`),
  KEY `IX_FORUM_SORT` (`SORT`),
  KEY `IX_FORUM_ACTIVE` (`ACTIVE`),
  KEY `IX_FORUM_GROUP_ID` (`FORUM_GROUP_ID`)
) ENGINE=InnoDB AUTO_INCREMENT=3 DEFAULT CHARSET=utf8 COLLATE=utf8_unicode_ci;
/*!40101 SET character_set_client = @saved_cs_client */;

--
-- Dumping data for table `b_forum`
--

LOCK TABLES `b_forum` WRITE;
/*!40000 ALTER TABLE `b_forum` DISABLE KEYS */;
INSERT INTO `b_forum` VALUES (1,NULL,'Bizproc Workflow',NULL,100,'Y','N','Y','Y','Y','Y','Y','Y','Y','Y','Y','N','Y','Y',NULL,'N','N','N','N',NULL,'N','N','Y','Y','N','P','DESC','ru',0,0,NULL,NULL,NULL,NULL,0,NULL,NULL,NULL,NULL,'forum','message',NULL,NULL,'bizproc_workflow'),(2,NULL,'Форум соц. сети',NULL,100,'Y','N','Y','Y','Y','Y','Y','Y','Y','Y','Y','Y','Y','Y',NULL,'N','N','N','N',NULL,'N','N','Y','Y','N','P','DESC','ru',0,0,NULL,NULL,NULL,NULL,0,NULL,NULL,NULL,NULL,'forum','message',NULL,NULL,'car_forum_demo');
/*!40000 ALTER TABLE `b_forum` ENABLE KEYS */;
UNLOCK TABLES;

--
-- Table structure for table `b_forum2site`
--

DROP TABLE IF EXISTS `b_forum2site`;
/*!40101 SET @saved_cs_client     = @@character_set_client */;
/*!40101 SET character_set_client = utf8 */;
CREATE TABLE `b_forum2site` (
  `FORUM_ID` int(11) NOT NULL,
  `SITE_ID` char(2) COLLATE utf8_unicode_ci NOT NULL,
  `PATH2FORUM_MESSAGE` varchar(250) COLLATE utf8_unicode_ci DEFAULT NULL,
  PRIMARY KEY (`FORUM_ID`,`SITE_ID`)
) ENGINE=InnoDB DEFAULT CHARSET=utf8 COLLATE=utf8_unicode_ci;
/*!40101 SET character_set_client = @saved_cs_client */;

--
-- Dumping data for table `b_forum2site`
--

LOCK TABLES `b_forum2site` WRITE;
/*!40000 ALTER TABLE `b_forum2site` DISABLE KEYS */;
INSERT INTO `b_forum2site` VALUES (1,'s1','/'),(2,'s1','/');
/*!40000 ALTER TABLE `b_forum2site` ENABLE KEYS */;
UNLOCK TABLES;

--
-- Table structure for table `b_forum_dictionary`
--

DROP TABLE IF EXISTS `b_forum_dictionary`;
/*!40101 SET @saved_cs_client     = @@character_set_client */;
/*!40101 SET character_set_client = utf8 */;
CREATE TABLE `b_forum_dictionary` (
  `ID` int(11) NOT NULL AUTO_INCREMENT,
  `TITLE` varchar(50) COLLATE utf8_unicode_ci DEFAULT NULL,
  `TYPE` char(1) COLLATE utf8_unicode_ci DEFAULT NULL,
  PRIMARY KEY (`ID`)
) ENGINE=InnoDB AUTO_INCREMENT=5 DEFAULT CHARSET=utf8 COLLATE=utf8_unicode_ci;
/*!40101 SET character_set_client = @saved_cs_client */;

--
-- Dumping data for table `b_forum_dictionary`
--

LOCK TABLES `b_forum_dictionary` WRITE;
/*!40000 ALTER TABLE `b_forum_dictionary` DISABLE KEYS */;
INSERT INTO `b_forum_dictionary` VALUES (1,'[ru] Словарь слов','W'),(2,'[ru] Словарь транслита','T'),(3,'[en] Bad words','W'),(4,'[en] Transliteration','T');
/*!40000 ALTER TABLE `b_forum_dictionary` ENABLE KEYS */;
UNLOCK TABLES;

--
-- Table structure for table `b_forum_email`
--

DROP TABLE IF EXISTS `b_forum_email`;
/*!40101 SET @saved_cs_client     = @@character_set_client */;
/*!40101 SET character_set_client = utf8 */;
CREATE TABLE `b_forum_email` (
  `ID` int(11) NOT NULL AUTO_INCREMENT,
  `EMAIL_FORUM_ACTIVE` char(1) COLLATE utf8_unicode_ci NOT NULL DEFAULT 'Y',
  `FORUM_ID` int(11) NOT NULL,
  `SOCNET_GROUP_ID` int(11) DEFAULT NULL,
  `MAIL_FILTER_ID` int(11) NOT NULL,
  `EMAIL` varchar(255) COLLATE utf8_unicode_ci NOT NULL,
  `USE_EMAIL` char(1) COLLATE utf8_unicode_ci DEFAULT NULL,
  `EMAIL_GROUP` varchar(255) COLLATE utf8_unicode_ci DEFAULT NULL,
  `SUBJECT_SUF` varchar(50) COLLATE utf8_unicode_ci DEFAULT NULL,
  `USE_SUBJECT` char(1) COLLATE utf8_unicode_ci DEFAULT NULL,
  `URL_TEMPLATES_MESSAGE` varchar(255) COLLATE utf8_unicode_ci DEFAULT NULL,
  `NOT_MEMBER_POST` char(1) COLLATE utf8_unicode_ci DEFAULT NULL,
  PRIMARY KEY (`ID`),
  KEY `IX_B_FORUM_EMAIL_FORUM_SOC` (`FORUM_ID`,`SOCNET_GROUP_ID`),
  KEY `IX_B_FORUM_EMAIL_FILTER_ID` (`MAIL_FILTER_ID`)
) ENGINE=InnoDB DEFAULT CHARSET=utf8 COLLATE=utf8_unicode_ci;
/*!40101 SET character_set_client = @saved_cs_client */;

--
-- Dumping data for table `b_forum_email`
--

LOCK TABLES `b_forum_email` WRITE;
/*!40000 ALTER TABLE `b_forum_email` DISABLE KEYS */;
/*!40000 ALTER TABLE `b_forum_email` ENABLE KEYS */;
UNLOCK TABLES;

--
-- Table structure for table `b_forum_file`
--

DROP TABLE IF EXISTS `b_forum_file`;
/*!40101 SET @saved_cs_client     = @@character_set_client */;
/*!40101 SET character_set_client = utf8 */;
CREATE TABLE `b_forum_file` (
  `ID` int(18) NOT NULL AUTO_INCREMENT,
  `FORUM_ID` int(18) DEFAULT NULL,
  `TOPIC_ID` int(20) DEFAULT NULL,
  `MESSAGE_ID` int(20) DEFAULT NULL,
  `FILE_ID` int(18) NOT NULL,
  `USER_ID` int(18) DEFAULT NULL,
  `TIMESTAMP_X` timestamp NOT NULL DEFAULT CURRENT_TIMESTAMP ON UPDATE CURRENT_TIMESTAMP,
  `HITS` int(18) DEFAULT NULL,
  PRIMARY KEY (`ID`),
  KEY `IX_FORUM_FILE_FILE` (`FILE_ID`),
  KEY `IX_FORUM_FILE_FORUM` (`FORUM_ID`),
  KEY `IX_FORUM_FILE_TOPIC` (`TOPIC_ID`),
  KEY `IX_FORUM_FILE_MESSAGE` (`MESSAGE_ID`)
) ENGINE=InnoDB DEFAULT CHARSET=utf8 COLLATE=utf8_unicode_ci;
/*!40101 SET character_set_client = @saved_cs_client */;

--
-- Dumping data for table `b_forum_file`
--

LOCK TABLES `b_forum_file` WRITE;
/*!40000 ALTER TABLE `b_forum_file` DISABLE KEYS */;
/*!40000 ALTER TABLE `b_forum_file` ENABLE KEYS */;
UNLOCK TABLES;

--
-- Table structure for table `b_forum_filter`
--

DROP TABLE IF EXISTS `b_forum_filter`;
/*!40101 SET @saved_cs_client     = @@character_set_client */;
/*!40101 SET character_set_client = utf8 */;
CREATE TABLE `b_forum_filter` (
  `ID` int(11) NOT NULL AUTO_INCREMENT,
  `DICTIONARY_ID` int(11) DEFAULT NULL,
  `WORDS` varchar(255) COLLATE utf8_unicode_ci DEFAULT NULL,
  `PATTERN` text COLLATE utf8_unicode_ci,
  `REPLACEMENT` varchar(255) COLLATE utf8_unicode_ci DEFAULT NULL,
  `DESCRIPTION` text COLLATE utf8_unicode_ci,
  `USE_IT` varchar(50) COLLATE utf8_unicode_ci DEFAULT NULL,
  `PATTERN_CREATE` varchar(5) COLLATE utf8_unicode_ci DEFAULT NULL,
  PRIMARY KEY (`ID`),
  KEY `IX_B_FORUM_FILTER_2` (`USE_IT`),
  KEY `IX_B_FORUM_FILTER_3` (`PATTERN_CREATE`)
) ENGINE=InnoDB AUTO_INCREMENT=152 DEFAULT CHARSET=utf8 COLLATE=utf8_unicode_ci;
/*!40101 SET character_set_client = @saved_cs_client */;

--
-- Dumping data for table `b_forum_filter`
--

LOCK TABLES `b_forum_filter` WRITE;
/*!40000 ALTER TABLE `b_forum_filter` DISABLE KEYS */;
INSERT INTO `b_forum_filter` VALUES (1,1,'*пизд*','/(?<=[\\s.,;:!?\\#\\-\\*\\|\\[\\]\\(\\)])([^\\s.,;:!?\\#\\-\\*\\|\\[\\]\\(\\)]*([ПпPp]+)([ИиIi]+)([ЗзZz3]+)([ДдDd]+)[^\\s.,;:!?\\#\\-\\*\\|\\[\\]\\(\\)]*)(?=[\\s.,;:!?\\#\\-\\*\\|\\[\\]\\(\\)])/isu','','','Y','TRNSL'),(2,1,'*пизж*','/(?<=[\\s.,;:!?\\#\\-\\*\\|\\[\\]\\(\\)])([^\\s.,;:!?\\#\\-\\*\\|\\[\\]\\(\\)]*([ПпPp]+)([ИиIi]+)([ЗзZz3]+)([ЖжGg]+)[^\\s.,;:!?\\#\\-\\*\\|\\[\\]\\(\\)]*)(?=[\\s.,;:!?\\#\\-\\*\\|\\[\\]\\(\\)])/isu','','','Y','TRNSL'),(3,1,'*сра%','/(?<=[\\s.,;:!?\\#\\-\\*\\|\\[\\]\\(\\)])([^\\s.,;:!?\\#\\-\\*\\|\\[\\]\\(\\)]*([СсCc]+)([РрPpRr]+)([АаAa]+)([[Цц]+([Аа]+|[Оо]+)]+|[[Тт]+([Ьь]+|)[Сс]+[Яя]+]+))(?=[\\s.,;:!?\\#\\-\\*\\|\\[\\]\\(\\)])/isu','','','Y','TRNSL'),(4,1,'анобляд*','/(?<=[\\s.,;:!?\\#\\-\\*\\|\\[\\]\\(\\)])(([АаAa]+)([НнNn]+)([ОоOo]+)([БбBb]+)([ЛлLl]+)([Яя]+)([ДдDd]+)[^\\s.,;:!?\\#\\-\\*\\|\\[\\]\\(\\)]*)(?=[\\s.,;:!?\\#\\-\\*\\|\\[\\]\\(\\)])/isu','','','Y','TRNSL'),(5,1,'взъеб*','/(?<=[\\s.,;:!?\\#\\-\\*\\|\\[\\]\\(\\)])(([ВвVv]+)([ЗзZz3]+)([ЪъЬь\"\']+|)([ЁёЕеEe]+)([БбBb]+)[^\\s.,;:!?\\#\\-\\*\\|\\[\\]\\(\\)]*)(?=[\\s.,;:!?\\#\\-\\*\\|\\[\\]\\(\\)])/isu','','','Y','TRNSL'),(6,1,'бля','/(?<=[\\s.,;:!?\\#\\-\\*\\|\\[\\]\\(\\)])(([БбBb]+)([ЛлLl]+)([Яя]+))(?=[\\s.,;:!?\\#\\-\\*\\|\\[\\]\\(\\)])/isu','','','Y','TRNSL'),(7,1,'долбоеб*','/(?<=[\\s.,;:!?\\#\\-\\*\\|\\[\\]\\(\\)])(([ДдDd]+)([ОоOo]+)([ЛлLl]+)([БбBb]+)([ОоOo]+)([ЁёЕеEe]+)([БбBb]+)[^\\s.,;:!?\\#\\-\\*\\|\\[\\]\\(\\)]*)(?=[\\s.,;:!?\\#\\-\\*\\|\\[\\]\\(\\)])/isu','','','Y','TRNSL'),(8,1,'дуроеб*','/(?<=[\\s.,;:!?\\#\\-\\*\\|\\[\\]\\(\\)])(([ДдDd]+)([УуUu]+)([РрPpRr]+)([ОоOo]+)([ЁёЕеEe]+)([БбBb]+)[^\\s.,;:!?\\#\\-\\*\\|\\[\\]\\(\\)]*)(?=[\\s.,;:!?\\#\\-\\*\\|\\[\\]\\(\\)])/isu','','','Y','TRNSL'),(9,1,'еби','/(?<=[\\s.,;:!?\\#\\-\\*\\|\\[\\]\\(\\)])(([ЁёЕеEe]+)([БбBb]+)([ИиIi]+))(?=[\\s.,;:!?\\#\\-\\*\\|\\[\\]\\(\\)])/isu','','','Y','TRNSL'),(10,1,'ебисти*','/(?<=[\\s.,;:!?\\#\\-\\*\\|\\[\\]\\(\\)])(([ЁёЕеEe]+)([БбBb]+)([ИиIi]+)([СсCc]+)([ТтTt]+)([ИиIi]+)[^\\s.,;:!?\\#\\-\\*\\|\\[\\]\\(\\)]*)(?=[\\s.,;:!?\\#\\-\\*\\|\\[\\]\\(\\)])/isu','','','Y','TRNSL'),(11,1,'ебическ*','/(?<=[\\s.,;:!?\\#\\-\\*\\|\\[\\]\\(\\)])(([ЁёЕеEe]+)([БбBb]+)([ИиIi]+)([Чч]+)([ЁёЕеEe]+)([СсCc]+)([КкKk]+)[^\\s.,;:!?\\#\\-\\*\\|\\[\\]\\(\\)]*)(?=[\\s.,;:!?\\#\\-\\*\\|\\[\\]\\(\\)])/isu','','','Y','TRNSL'),(12,1,'еблив*','/(?<=[\\s.,;:!?\\#\\-\\*\\|\\[\\]\\(\\)])(([ЁёЕеEe]+)([БбBb]+)([ЛлLl]+)([ИиIi]+)([ВвVv]+)[^\\s.,;:!?\\#\\-\\*\\|\\[\\]\\(\\)]*)(?=[\\s.,;:!?\\#\\-\\*\\|\\[\\]\\(\\)])/isu','','','Y','TRNSL'),(13,1,'ебло*','/(?<=[\\s.,;:!?\\#\\-\\*\\|\\[\\]\\(\\)])(([ЁёЕеEe]+)([БбBb]+)([ЛлLl]+)([ОоOo]+)[^\\s.,;:!?\\#\\-\\*\\|\\[\\]\\(\\)]*)(?=[\\s.,;:!?\\#\\-\\*\\|\\[\\]\\(\\)])/isu','','','Y','TRNSL'),(14,1,'еблыс*','/(?<=[\\s.,;:!?\\#\\-\\*\\|\\[\\]\\(\\)])(([ЁёЕеEe]+)([БбBb]+)([ЛлLl]+)([Ыы]+)([СсCc]+)[^\\s.,;:!?\\#\\-\\*\\|\\[\\]\\(\\)]*)(?=[\\s.,;:!?\\#\\-\\*\\|\\[\\]\\(\\)])/isu','','','Y','TRNSL'),(15,1,'ебля','/(?<=[\\s.,;:!?\\#\\-\\*\\|\\[\\]\\(\\)])(([ЁёЕеEe]+)([БбBb]+)([ЛлLl]+)([Яя]+))(?=[\\s.,;:!?\\#\\-\\*\\|\\[\\]\\(\\)])/isu','','','Y','TRNSL'),(16,1,'ебс','/(?<=[\\s.,;:!?\\#\\-\\*\\|\\[\\]\\(\\)])(([ЁёЕеEe]+)([БбBb]+)([СсCc]+))(?=[\\s.,;:!?\\#\\-\\*\\|\\[\\]\\(\\)])/isu','','','Y','TRNSL'),(17,1,'ебукент*','/(?<=[\\s.,;:!?\\#\\-\\*\\|\\[\\]\\(\\)])(([ЁёЕеEe]+)([БбBb]+)([УуUu]+)([КкKk]+)([ЁёЕеEe]+)([НнNn]+)([ТтTt]+)[^\\s.,;:!?\\#\\-\\*\\|\\[\\]\\(\\)]*)(?=[\\s.,;:!?\\#\\-\\*\\|\\[\\]\\(\\)])/isu','','','Y','TRNSL'),(18,1,'ебурген*','/(?<=[\\s.,;:!?\\#\\-\\*\\|\\[\\]\\(\\)])(([ЁёЕеEe]+)([БбBb]+)([УуUu]+)([РрPpRr]+)([Гг]+)([ЁёЕеEe]+)([НнNn]+)[^\\s.,;:!?\\#\\-\\*\\|\\[\\]\\(\\)]*)(?=[\\s.,;:!?\\#\\-\\*\\|\\[\\]\\(\\)])/isu','','','Y','TRNSL'),(19,1,'коноебит*','/(?<=[\\s.,;:!?\\#\\-\\*\\|\\[\\]\\(\\)])(([КкKk]+)([ОоOo]+)([НнNn]+)([ОоOo]+)([ЁёЕеEe]+)([БбBb]+)([ИиIi]+)([ТтTt]+)[^\\s.,;:!?\\#\\-\\*\\|\\[\\]\\(\\)]*)(?=[\\s.,;:!?\\#\\-\\*\\|\\[\\]\\(\\)])/isu','','','Y','TRNSL'),(20,1,'мозгоеб*','/(?<=[\\s.,;:!?\\#\\-\\*\\|\\[\\]\\(\\)])(([МмMm]+)([ОоOo]+)([ЗзZz3]+)([Гг]+)([ОоOo]+)([ЁёЕеEe]+)([БбBb]+)[^\\s.,;:!?\\#\\-\\*\\|\\[\\]\\(\\)]*)(?=[\\s.,;:!?\\#\\-\\*\\|\\[\\]\\(\\)])/isu','','','Y','TRNSL'),(21,1,'мудоеб*','/(?<=[\\s.,;:!?\\#\\-\\*\\|\\[\\]\\(\\)])(([МмMm]+)([УуUu]+)([ДдDd]+)([ОоOo]+)([ЁёЕеEe]+)([БбBb]+)[^\\s.,;:!?\\#\\-\\*\\|\\[\\]\\(\\)]*)(?=[\\s.,;:!?\\#\\-\\*\\|\\[\\]\\(\\)])/isu','','','Y','TRNSL'),(22,1,'однохуйствен*','/(?<=[\\s.,;:!?\\#\\-\\*\\|\\[\\]\\(\\)])(([ОоOo]+)([ДдDd]+)([НнNn]+)([ОоOo]+)([ХхXx]+)([УуUu]+)([ЙйИиYy]+)([СсCc]+)([ТтTt]+)([ВвVv]+)([ЁёЕеEe]+)([НнNn]+)[^\\s.,;:!?\\#\\-\\*\\|\\[\\]\\(\\)]*)(?=[\\s.,;:!?\\#\\-\\*\\|\\[\\]\\(\\)])/isu','','','Y','TRNSL'),(23,1,'охуе*','/(?<=[\\s.,;:!?\\#\\-\\*\\|\\[\\]\\(\\)])(([ОоOo]+)([ХхXx]+)([УуUu]+)([ЁёЕеEe]+)[^\\s.,;:!?\\#\\-\\*\\|\\[\\]\\(\\)]*)(?=[\\s.,;:!?\\#\\-\\*\\|\\[\\]\\(\\)])/isu','','','Y','TRNSL'),(24,1,'охуи*','/(?<=[\\s.,;:!?\\#\\-\\*\\|\\[\\]\\(\\)])(([ОоOo]+)([ХхXx]+)([УуUu]+)([ИиIi]+)[^\\s.,;:!?\\#\\-\\*\\|\\[\\]\\(\\)]*)(?=[\\s.,;:!?\\#\\-\\*\\|\\[\\]\\(\\)])/isu','','','Y','TRNSL'),(25,1,'охуя*','/(?<=[\\s.,;:!?\\#\\-\\*\\|\\[\\]\\(\\)])(([ОоOo]+)([ХхXx]+)([УуUu]+)([Яя]+)[^\\s.,;:!?\\#\\-\\*\\|\\[\\]\\(\\)]*)(?=[\\s.,;:!?\\#\\-\\*\\|\\[\\]\\(\\)])/isu','','','Y','TRNSL'),(26,1,'разъеба*','/(?<=[\\s.,;:!?\\#\\-\\*\\|\\[\\]\\(\\)])(([РрPpRr]+)([АаAa]+)([ЗзZz3]+)([ЪъЬь\"\']+|)([ЁёЕеEe]+)([БбBb]+)([АаAa]+)[^\\s.,;:!?\\#\\-\\*\\|\\[\\]\\(\\)]*)(?=[\\s.,;:!?\\#\\-\\*\\|\\[\\]\\(\\)])/isu','','','Y','TRNSL'),(27,1,'распиздон*','/(?<=[\\s.,;:!?\\#\\-\\*\\|\\[\\]\\(\\)])(([РрPpRr]+)([АаAa]+)([СсCc]+)([ПпPp]+)([ИиIi]+)([ЗзZz3]+)([ДдDd]+)([ОоOo]+)([НнNn]+)[^\\s.,;:!?\\#\\-\\*\\|\\[\\]\\(\\)]*)(?=[\\s.,;:!?\\#\\-\\*\\|\\[\\]\\(\\)])/isu','','','Y','TRNSL'),(28,1,'расхуюж*','/(?<=[\\s.,;:!?\\#\\-\\*\\|\\[\\]\\(\\)])(([РрPpRr]+)([АаAa]+)([СсCc]+)([ХхXx]+)([УуUu]+)([Юю]+|[[Йй]+[Оо]+]+)([ЖжGg]+)[^\\s.,;:!?\\#\\-\\*\\|\\[\\]\\(\\)]*)(?=[\\s.,;:!?\\#\\-\\*\\|\\[\\]\\(\\)])/isu','','','Y','TRNSL'),(29,1,'худоебин*','/(?<=[\\s.,;:!?\\#\\-\\*\\|\\[\\]\\(\\)])(([ХхXx]+)([УуUu]+)([ДдDd]+)([ОоOo]+)([ЁёЕеEe]+)([БбBb]+)([ИиIi]+)([НнNn]+)[^\\s.,;:!?\\#\\-\\*\\|\\[\\]\\(\\)]*)(?=[\\s.,;:!?\\#\\-\\*\\|\\[\\]\\(\\)])/isu','','','Y','TRNSL'),(30,1,'хуе','/(?<=[\\s.,;:!?\\#\\-\\*\\|\\[\\]\\(\\)])(([ХхXx]+)([УуUu]+)([ЁёЕеEe]+))(?=[\\s.,;:!?\\#\\-\\*\\|\\[\\]\\(\\)])/isu','','','Y','TRNSL'),(31,1,'хуебрат*','/(?<=[\\s.,;:!?\\#\\-\\*\\|\\[\\]\\(\\)])(([ХхXx]+)([УуUu]+)([ЁёЕеEe]+)([БбBb]+)([РрPpRr]+)([АаAa]+)([ТтTt]+)[^\\s.,;:!?\\#\\-\\*\\|\\[\\]\\(\\)]*)(?=[\\s.,;:!?\\#\\-\\*\\|\\[\\]\\(\\)])/isu','','','Y','TRNSL'),(32,1,'хуеглот*','/(?<=[\\s.,;:!?\\#\\-\\*\\|\\[\\]\\(\\)])(([ХхXx]+)([УуUu]+)([ЁёЕеEe]+)([Гг]+)([ЛлLl]+)([ОоOo]+)([ТтTt]+)[^\\s.,;:!?\\#\\-\\*\\|\\[\\]\\(\\)]*)(?=[\\s.,;:!?\\#\\-\\*\\|\\[\\]\\(\\)])/isu','','','Y','TRNSL'),(33,1,'хуеплёт*','/(?<=[\\s.,;:!?\\#\\-\\*\\|\\[\\]\\(\\)])(([ХхXx]+)([УуUu]+)([ЁёЕеEe]+)([ПпPp]+)([ЛлLl]+)([ЁёЕеEe]+|[[Йй]+[Оо]+]+)([ТтTt]+)[^\\s.,;:!?\\#\\-\\*\\|\\[\\]\\(\\)]*)(?=[\\s.,;:!?\\#\\-\\*\\|\\[\\]\\(\\)])/isu','','','Y','TRNSL'),(34,1,'хует*','/(?<=[\\s.,;:!?\\#\\-\\*\\|\\[\\]\\(\\)])(([ХхXx]+)([УуUu]+)([ЁёЕеEe]+)([ТтTt]+)[^\\s.,;:!?\\#\\-\\*\\|\\[\\]\\(\\)]*)(?=[\\s.,;:!?\\#\\-\\*\\|\\[\\]\\(\\)])/isu','','','Y','TRNSL'),(35,1,'хуила','/(?<=[\\s.,;:!?\\#\\-\\*\\|\\[\\]\\(\\)])(([ХхXx]+)([УуUu]+)([ИиIi]+)([ЛлLl]+)([АаAa]+))(?=[\\s.,;:!?\\#\\-\\*\\|\\[\\]\\(\\)])/isu','','','Y','TRNSL'),(36,1,'хул?','/(?<=[\\s.,;:!?\\#\\-\\*\\|\\[\\]\\(\\)])(([ХхXx]+)([УуUu]+)([ЛлLl]+).?)(?=[\\s.,;:!?\\#\\-\\*\\|\\[\\]\\(\\)])/isu','','','Y','TRNSL'),(37,1,'хуя','/(?<=[\\s.,;:!?\\#\\-\\*\\|\\[\\]\\(\\)])(([ХхXx]+)([УуUu]+)([Яя]+))(?=[\\s.,;:!?\\#\\-\\*\\|\\[\\]\\(\\)])/isu','','','Y','TRNSL'),(38,1,'^бляд*','/(?<=[\\s.,;:!?\\#\\-\\*\\|\\[\\]\\(\\)])(([ВвЗзСс]+|[ВвЫы]+|[ДдОо]+|[ЗзАа]+|[ИиЗзСс]+|[НнАа]+|[НнЕе]+|[ОоТт]+|([Пп]*[Ее]+[Рр]+[Ее]+)+|)([БбBb]+)([ЛлLl]+)([Яя]+)([ДдDd]+)[^\\s.,;:!?\\#\\-\\*\\|\\[\\]\\(\\)]*)(?=[\\s.,;:!?\\#\\-\\*\\|\\[\\]\\(\\)])/isu','','','Y','TRNSL'),(39,1,'^пидор*','/(?<=[\\s.,;:!?\\#\\-\\*\\|\\[\\]\\(\\)])(([ВвЗзСс]+|[ВвЫы]+|[ДдОо]+|[ЗзАа]+|[ИиЗзСс]+|[НнАа]+|[НнЕе]+|[ОоТт]+|([Пп]*[Ее]+[Рр]+[Ее]+)+|)([ПпPp]+)([ИиIi]+)([ДдDd]+)([ОоOo]+)([РрPpRr]+)[^\\s.,;:!?\\#\\-\\*\\|\\[\\]\\(\\)]*)(?=[\\s.,;:!?\\#\\-\\*\\|\\[\\]\\(\\)])/isu','','','Y','TRNSL'),(40,1,'^хуев*','/(?<=[\\s.,;:!?\\#\\-\\*\\|\\[\\]\\(\\)])(([ВвЗзСс]+|[ВвЫы]+|[ДдОо]+|[ЗзАа]+|[ИиЗзСс]+|[НнАа]+|[НнЕе]+|[ОоТт]+|([Пп]*[Ее]+[Рр]+[Ее]+)+|)([ХхXx]+)([УуUu]+)([ЁёЕеEe]+)([ВвVv]+)[^\\s.,;:!?\\#\\-\\*\\|\\[\\]\\(\\)]*)(?=[\\s.,;:!?\\#\\-\\*\\|\\[\\]\\(\\)])/isu','','','Y','TRNSL'),(41,1,'^хуем*','/(?<=[\\s.,;:!?\\#\\-\\*\\|\\[\\]\\(\\)])(([ВвЗзСс]+|[ВвЫы]+|[ДдОо]+|[ЗзАа]+|[ИиЗзСс]+|[НнАа]+|[НнЕе]+|[ОоТт]+|([Пп]*[Ее]+[Рр]+[Ее]+)+|)([ХхXx]+)([УуUu]+)([ЁёЕеEe]+)([МмMm]+)[^\\s.,;:!?\\#\\-\\*\\|\\[\\]\\(\\)]*)(?=[\\s.,;:!?\\#\\-\\*\\|\\[\\]\\(\\)])/isu','','','Y','TRNSL'),(42,1,'^хуй*','/(?<=[\\s.,;:!?\\#\\-\\*\\|\\[\\]\\(\\)])(([ВвЗзСс]+|[ВвЫы]+|[ДдОо]+|[ЗзАа]+|[ИиЗзСс]+|[НнАа]+|[НнЕе]+|[ОоТт]+|([Пп]*[Ее]+[Рр]+[Ее]+)+|)([ХхXx]+)([УуUu]+)([ЙйИиYy]+)[^\\s.,;:!?\\#\\-\\*\\|\\[\\]\\(\\)]*)(?=[\\s.,;:!?\\#\\-\\*\\|\\[\\]\\(\\)])/isu','','','Y','TRNSL'),(43,1,'^хуяк*','/(?<=[\\s.,;:!?\\#\\-\\*\\|\\[\\]\\(\\)])(([ВвЗзСс]+|[ВвЫы]+|[ДдОо]+|[ЗзАа]+|[ИиЗзСс]+|[НнАа]+|[НнЕе]+|[ОоТт]+|([Пп]*[Ее]+[Рр]+[Ее]+)+|)([ХхXx]+)([УуUu]+)([Яя]+)([КкKk]+)[^\\s.,;:!?\\#\\-\\*\\|\\[\\]\\(\\)]*)(?=[\\s.,;:!?\\#\\-\\*\\|\\[\\]\\(\\)])/isu','','','Y','TRNSL'),(44,1,'^хуям*','/(?<=[\\s.,;:!?\\#\\-\\*\\|\\[\\]\\(\\)])(([ВвЗзСс]+|[ВвЫы]+|[ДдОо]+|[ЗзАа]+|[ИиЗзСс]+|[НнАа]+|[НнЕе]+|[ОоТт]+|([Пп]*[Ее]+[Рр]+[Ее]+)+|)([ХхXx]+)([УуUu]+)([Яя]+)([МмMm]+)[^\\s.,;:!?\\#\\-\\*\\|\\[\\]\\(\\)]*)(?=[\\s.,;:!?\\#\\-\\*\\|\\[\\]\\(\\)])/isu','','','Y','TRNSL'),(45,1,'^хуяр*','/(?<=[\\s.,;:!?\\#\\-\\*\\|\\[\\]\\(\\)])(([ВвЗзСс]+|[ВвЫы]+|[ДдОо]+|[ЗзАа]+|[ИиЗзСс]+|[НнАа]+|[НнЕе]+|[ОоТт]+|([Пп]*[Ее]+[Рр]+[Ее]+)+|)([ХхXx]+)([УуUu]+)([Яя]+)([РрPpRr]+)[^\\s.,;:!?\\#\\-\\*\\|\\[\\]\\(\\)]*)(?=[\\s.,;:!?\\#\\-\\*\\|\\[\\]\\(\\)])/isu','','','Y','TRNSL'),(46,1,'^хуяч*','/(?<=[\\s.,;:!?\\#\\-\\*\\|\\[\\]\\(\\)])(([ВвЗзСс]+|[ВвЫы]+|[ДдОо]+|[ЗзАа]+|[ИиЗзСс]+|[НнАа]+|[НнЕе]+|[ОоТт]+|([Пп]*[Ее]+[Рр]+[Ее]+)+|)([ХхXx]+)([УуUu]+)([Яя]+)([Чч]+)[^\\s.,;:!?\\#\\-\\*\\|\\[\\]\\(\\)]*)(?=[\\s.,;:!?\\#\\-\\*\\|\\[\\]\\(\\)])/isu','','','Y','TRNSL'),(47,1,'^ъебал*','/(?<=[\\s.,;:!?\\#\\-\\*\\|\\[\\]\\(\\)])(([ВвЗзСс]+|[ВвЫы]+|[ДдОо]+|[ЗзАа]+|[ИиЗзСс]+|[НнАа]+|[НнЕе]+|[ОоТт]+|([Пп]*[Ее]+[Рр]+[Ее]+)+|)([ЪъЬь\"\']+|)([ЁёЕеEe]+)([БбBb]+)([АаAa]+)([ЛлLl]+)[^\\s.,;:!?\\#\\-\\*\\|\\[\\]\\(\\)]*)(?=[\\s.,;:!?\\#\\-\\*\\|\\[\\]\\(\\)])/isu','','','Y','TRNSL'),(48,1,'^ъебан*','/(?<=[\\s.,;:!?\\#\\-\\*\\|\\[\\]\\(\\)])(([ВвЗзСс]+|[ВвЫы]+|[ДдОо]+|[ЗзАа]+|[ИиЗзСс]+|[НнАа]+|[НнЕе]+|[ОоТт]+|([Пп]*[Ее]+[Рр]+[Ее]+)+|)([ЪъЬь\"\']+|)([ЁёЕеEe]+)([БбBb]+)([АаAa]+)([НнNn]+)[^\\s.,;:!?\\#\\-\\*\\|\\[\\]\\(\\)]*)(?=[\\s.,;:!?\\#\\-\\*\\|\\[\\]\\(\\)])/isu','','','Y','TRNSL'),(49,1,'^ъебар*','/(?<=[\\s.,;:!?\\#\\-\\*\\|\\[\\]\\(\\)])(([ВвЗзСс]+|[ВвЫы]+|[ДдОо]+|[ЗзАа]+|[ИиЗзСс]+|[НнАа]+|[НнЕе]+|[ОоТт]+|([Пп]*[Ее]+[Рр]+[Ее]+)+|)([ЪъЬь\"\']+|)([ЁёЕеEe]+)([БбBb]+)([АаAa]+)([РрPpRr]+)[^\\s.,;:!?\\#\\-\\*\\|\\[\\]\\(\\)]*)(?=[\\s.,;:!?\\#\\-\\*\\|\\[\\]\\(\\)])/isu','','','Y','TRNSL'),(50,1,'^ъебат*','/(?<=[\\s.,;:!?\\#\\-\\*\\|\\[\\]\\(\\)])(([ВвЗзСс]+|[ВвЫы]+|[ДдОо]+|[ЗзАа]+|[ИиЗзСс]+|[НнАа]+|[НнЕе]+|[ОоТт]+|([Пп]*[Ее]+[Рр]+[Ее]+)+|)([ЪъЬь\"\']+|)([ЁёЕеEe]+)([БбBb]+)([АаAa]+)([ТтTt]+)[^\\s.,;:!?\\#\\-\\*\\|\\[\\]\\(\\)]*)(?=[\\s.,;:!?\\#\\-\\*\\|\\[\\]\\(\\)])/isu','','','Y','TRNSL'),(51,1,'^ъебен*','/(?<=[\\s.,;:!?\\#\\-\\*\\|\\[\\]\\(\\)])(([ВвЗзСс]+|[ВвЫы]+|[ДдОо]+|[ЗзАа]+|[ИиЗзСс]+|[НнАа]+|[НнЕе]+|[ОоТт]+|([Пп]*[Ее]+[Рр]+[Ее]+)+|)([ЪъЬь\"\']+|)([ЁёЕеEe]+)([БбBb]+)([ЁёЕеEe]+)([НнNn]+)[^\\s.,;:!?\\#\\-\\*\\|\\[\\]\\(\\)]*)(?=[\\s.,;:!?\\#\\-\\*\\|\\[\\]\\(\\)])/isu','','','Y','TRNSL'),(52,1,'^ъеби','/(?<=[\\s.,;:!?\\#\\-\\*\\|\\[\\]\\(\\)])(([ВвЗзСс]+|[ВвЫы]+|[ДдОо]+|[ЗзАа]+|[ИиЗзСс]+|[НнАа]+|[НнЕе]+|[ОоТт]+|([Пп]*[Ее]+[Рр]+[Ее]+)+|)([ЪъЬь\"\']+|)([ЁёЕеEe]+)([БбBb]+)([ИиIi]+))(?=[\\s.,;:!?\\#\\-\\*\\|\\[\\]\\(\\)])/isu','','','Y','TRNSL'),(53,1,'^ъебис*','/(?<=[\\s.,;:!?\\#\\-\\*\\|\\[\\]\\(\\)])(([ВвЗзСс]+|[ВвЫы]+|[ДдОо]+|[ЗзАа]+|[ИиЗзСс]+|[НнАа]+|[НнЕе]+|[ОоТт]+|([Пп]*[Ее]+[Рр]+[Ее]+)+|)([ЪъЬь\"\']+|)([ЁёЕеEe]+)([БбBb]+)([ИиIi]+)([СсCc]+)[^\\s.,;:!?\\#\\-\\*\\|\\[\\]\\(\\)]*)(?=[\\s.,;:!?\\#\\-\\*\\|\\[\\]\\(\\)])/isu','','','Y','TRNSL'),(54,1,'^ъебит*','/(?<=[\\s.,;:!?\\#\\-\\*\\|\\[\\]\\(\\)])(([ВвЗзСс]+|[ВвЫы]+|[ДдОо]+|[ЗзАа]+|[ИиЗзСс]+|[НнАа]+|[НнЕе]+|[ОоТт]+|([Пп]*[Ее]+[Рр]+[Ее]+)+|)([ЪъЬь\"\']+|)([ЁёЕеEe]+)([БбBb]+)([ИиIi]+)([ТтTt]+)[^\\s.,;:!?\\#\\-\\*\\|\\[\\]\\(\\)]*)(?=[\\s.,;:!?\\#\\-\\*\\|\\[\\]\\(\\)])/isu','','','Y','TRNSL'),(55,1,'^ъёбля*','/(?<=[\\s.,;:!?\\#\\-\\*\\|\\[\\]\\(\\)])(([ВвЗзСс]+|[ВвЫы]+|[ДдОо]+|[ЗзАа]+|[ИиЗзСс]+|[НнАа]+|[НнЕе]+|[ОоТт]+|([Пп]*[Ее]+[Рр]+[Ее]+)+|)([ЪъЬь\"\']+|)([ЁёЕеEe]+|[[Йй]+[Оо]+]+)([БбBb]+)([ЛлLl]+)([Яя]+)[^\\s.,;:!?\\#\\-\\*\\|\\[\\]\\(\\)]*)(?=[\\s.,;:!?\\#\\-\\*\\|\\[\\]\\(\\)])/isu','','','Y','TRNSL'),(56,1,'^ъёбну*','/(?<=[\\s.,;:!?\\#\\-\\*\\|\\[\\]\\(\\)])(([ВвЗзСс]+|[ВвЫы]+|[ДдОо]+|[ЗзАа]+|[ИиЗзСс]+|[НнАа]+|[НнЕе]+|[ОоТт]+|([Пп]*[Ее]+[Рр]+[Ее]+)+|)([ЪъЬь\"\']+|)([ЁёЕеEe]+|[[Йй]+[Оо]+]+)([БбBb]+)([НнNn]+)([УуUu]+)[^\\s.,;:!?\\#\\-\\*\\|\\[\\]\\(\\)]*)(?=[\\s.,;:!?\\#\\-\\*\\|\\[\\]\\(\\)])/isu','','','Y','TRNSL'),(57,1,'^ъебу','/(?<=[\\s.,;:!?\\#\\-\\*\\|\\[\\]\\(\\)])(([ВвЗзСс]+|[ВвЫы]+|[ДдОо]+|[ЗзАа]+|[ИиЗзСс]+|[НнАа]+|[НнЕе]+|[ОоТт]+|([Пп]*[Ее]+[Рр]+[Ее]+)+|)([ЪъЬь\"\']+|)([ЁёЕеEe]+)([БбBb]+)([УуUu]+))(?=[\\s.,;:!?\\#\\-\\*\\|\\[\\]\\(\\)])/isu','','','Y','TRNSL'),(58,1,'^ъебуч*','/(?<=[\\s.,;:!?\\#\\-\\*\\|\\[\\]\\(\\)])(([ВвЗзСс]+|[ВвЫы]+|[ДдОо]+|[ЗзАа]+|[ИиЗзСс]+|[НнАа]+|[НнЕе]+|[ОоТт]+|([Пп]*[Ее]+[Рр]+[Ее]+)+|)([ЪъЬь\"\']+|)([ЁёЕеEe]+)([БбBb]+)([УуUu]+)([Чч]+)[^\\s.,;:!?\\#\\-\\*\\|\\[\\]\\(\\)]*)(?=[\\s.,;:!?\\#\\-\\*\\|\\[\\]\\(\\)])/isu','','','Y','TRNSL'),(59,1,'^ъебыв*','/(?<=[\\s.,;:!?\\#\\-\\*\\|\\[\\]\\(\\)])(([ВвЗзСс]+|[ВвЫы]+|[ДдОо]+|[ЗзАа]+|[ИиЗзСс]+|[НнАа]+|[НнЕе]+|[ОоТт]+|([Пп]*[Ее]+[Рр]+[Ее]+)+|)([ЪъЬь\"\']+|)([ЁёЕеEe]+)([БбBb]+)([Ыы]+)([ВвVv]+)[^\\s.,;:!?\\#\\-\\*\\|\\[\\]\\(\\)]*)(?=[\\s.,;:!?\\#\\-\\*\\|\\[\\]\\(\\)])/isu','','','Y','TRNSL'),(60,1,'/(?<=[s.,;:!?-#*|[]()])(?![Вв][ЕеЁё][Бб])(([ВвЗзСс]+|[Ввы]+|[ДдОо]+|[ЗзАа]+|[ИиЗзСс]+|[НнАа]+|[НнЕе]+|[ОоТт]+|([Пп]*[Ее]+[Рр]+[Ее]+)|)([ЬьЪъ]+|)([ЁёЕеEe]+|[Йй]+[Оо]+|[Yy]+[Oo]+)([BbБб]+))(?=[s.,;:!?-#*|[]()])/is','','','','Y','PTTRN'),(61,3,'angry','/(?<=[\\s.,;:!?\\#\\-\\*\\|\\[\\]\\(\\)])(a+n+g+r+y+)(?=[\\s.,;:!?\\#\\-\\*\\|\\[\\]\\(\\)])/isu','','','Y','TRNSL'),(62,3,'ass','/(?<=[\\s.,;:!?\\#\\-\\*\\|\\[\\]\\(\\)])(a+s+s+)(?=[\\s.,;:!?\\#\\-\\*\\|\\[\\]\\(\\)])/isu','','','Y','TRNSL'),(63,3,'asshole','/(?<=[\\s.,;:!?\\#\\-\\*\\|\\[\\]\\(\\)])(a+s+s+h+o+l+e+)(?=[\\s.,;:!?\\#\\-\\*\\|\\[\\]\\(\\)])/isu','','','Y','TRNSL'),(64,3,'banger','/(?<=[\\s.,;:!?\\#\\-\\*\\|\\[\\]\\(\\)])(b+a+n+g+e+r+)(?=[\\s.,;:!?\\#\\-\\*\\|\\[\\]\\(\\)])/isu','','','Y','TRNSL'),(65,3,'bastard','/(?<=[\\s.,;:!?\\#\\-\\*\\|\\[\\]\\(\\)])(b+a+s+t+a+r+d+)(?=[\\s.,;:!?\\#\\-\\*\\|\\[\\]\\(\\)])/isu','','','Y','TRNSL'),(66,3,'batter','/(?<=[\\s.,;:!?\\#\\-\\*\\|\\[\\]\\(\\)])(b+a+t+t+e+r+)(?=[\\s.,;:!?\\#\\-\\*\\|\\[\\]\\(\\)])/isu','','','Y','TRNSL'),(67,3,'bicho','/(?<=[\\s.,;:!?\\#\\-\\*\\|\\[\\]\\(\\)])(b+i+c+h+o+)(?=[\\s.,;:!?\\#\\-\\*\\|\\[\\]\\(\\)])/isu','','','Y','TRNSL'),(68,3,'bisexual','/(?<=[\\s.,;:!?\\#\\-\\*\\|\\[\\]\\(\\)])(b+i+s+e+x+u+a+l+)(?=[\\s.,;:!?\\#\\-\\*\\|\\[\\]\\(\\)])/isu','','','Y','TRNSL'),(69,3,'bitch','/(?<=[\\s.,;:!?\\#\\-\\*\\|\\[\\]\\(\\)])(b+i+t+c+h+)(?=[\\s.,;:!?\\#\\-\\*\\|\\[\\]\\(\\)])/isu','','','Y','TRNSL'),(70,3,'blumpkin','/(?<=[\\s.,;:!?\\#\\-\\*\\|\\[\\]\\(\\)])(b+l+u+m+p+k+i+n+)(?=[\\s.,;:!?\\#\\-\\*\\|\\[\\]\\(\\)])/isu','','','Y','TRNSL'),(71,3,'booger','/(?<=[\\s.,;:!?\\#\\-\\*\\|\\[\\]\\(\\)])(b+o+o+g+e+r+)(?=[\\s.,;:!?\\#\\-\\*\\|\\[\\]\\(\\)])/isu','','','Y','TRNSL'),(72,3,'bugger*','/(?<=[\\s.,;:!?\\#\\-\\*\\|\\[\\]\\(\\)])(b+u+g+g+e+r+[^\\s.,;:!?\\#\\-\\*\\|\\[\\]\\(\\)]*)(?=[\\s.,;:!?\\#\\-\\*\\|\\[\\]\\(\\)])/isu','','','Y','TRNSL'),(73,3,'bukakke','/(?<=[\\s.,;:!?\\#\\-\\*\\|\\[\\]\\(\\)])(b+u+k+a+k+k+e+)(?=[\\s.,;:!?\\#\\-\\*\\|\\[\\]\\(\\)])/isu','','','Y','TRNSL'),(74,3,'bull','/(?<=[\\s.,;:!?\\#\\-\\*\\|\\[\\]\\(\\)])(b+u+l+l+)(?=[\\s.,;:!?\\#\\-\\*\\|\\[\\]\\(\\)])/isu','','','Y','TRNSL'),(75,3,'bulldyke','/(?<=[\\s.,;:!?\\#\\-\\*\\|\\[\\]\\(\\)])(b+u+l+l+d+y+k+e+)(?=[\\s.,;:!?\\#\\-\\*\\|\\[\\]\\(\\)])/isu','','','Y','TRNSL'),(76,3,'bullshit','/(?<=[\\s.,;:!?\\#\\-\\*\\|\\[\\]\\(\\)])(b+u+l+l+s+h+i+t+)(?=[\\s.,;:!?\\#\\-\\*\\|\\[\\]\\(\\)])/isu','','','Y','TRNSL'),(77,3,'bunny','/(?<=[\\s.,;:!?\\#\\-\\*\\|\\[\\]\\(\\)])(b+u+n+n+y+)(?=[\\s.,;:!?\\#\\-\\*\\|\\[\\]\\(\\)])/isu','','','Y','TRNSL'),(78,3,'bunnyfuck','/(?<=[\\s.,;:!?\\#\\-\\*\\|\\[\\]\\(\\)])(b+u+n+n+y+f+u+c+k+)(?=[\\s.,;:!?\\#\\-\\*\\|\\[\\]\\(\\)])/isu','','','Y','TRNSL'),(79,3,'chocha','/(?<=[\\s.,;:!?\\#\\-\\*\\|\\[\\]\\(\\)])(c+h+o+c+h+a+)(?=[\\s.,;:!?\\#\\-\\*\\|\\[\\]\\(\\)])/isu','','','Y','TRNSL'),(80,3,'chode','/(?<=[\\s.,;:!?\\#\\-\\*\\|\\[\\]\\(\\)])(c+h+o+d+e+)(?=[\\s.,;:!?\\#\\-\\*\\|\\[\\]\\(\\)])/isu','','','Y','TRNSL'),(81,3,'clap','/(?<=[\\s.,;:!?\\#\\-\\*\\|\\[\\]\\(\\)])(c+l+a+p+)(?=[\\s.,;:!?\\#\\-\\*\\|\\[\\]\\(\\)])/isu','','','Y','TRNSL'),(82,3,'coconuts','/(?<=[\\s.,;:!?\\#\\-\\*\\|\\[\\]\\(\\)])(c+o+c+o+n+u+t+s+)(?=[\\s.,;:!?\\#\\-\\*\\|\\[\\]\\(\\)])/isu','','','Y','TRNSL'),(83,3,'cohones','/(?<=[\\s.,;:!?\\#\\-\\*\\|\\[\\]\\(\\)])(c+o+h+o+n+e+s+)(?=[\\s.,;:!?\\#\\-\\*\\|\\[\\]\\(\\)])/isu','','','Y','TRNSL'),(84,3,'cojones','/(?<=[\\s.,;:!?\\#\\-\\*\\|\\[\\]\\(\\)])(c+o+j+o+n+e+s+)(?=[\\s.,;:!?\\#\\-\\*\\|\\[\\]\\(\\)])/isu','','','Y','TRNSL'),(85,3,'coon','/(?<=[\\s.,;:!?\\#\\-\\*\\|\\[\\]\\(\\)])(c+o+o+n+)(?=[\\s.,;:!?\\#\\-\\*\\|\\[\\]\\(\\)])/isu','','','Y','TRNSL'),(86,3,'cootch','/(?<=[\\s.,;:!?\\#\\-\\*\\|\\[\\]\\(\\)])(c+o+o+t+c+h+)(?=[\\s.,;:!?\\#\\-\\*\\|\\[\\]\\(\\)])/isu','','','Y','TRNSL'),(87,3,'cooter','/(?<=[\\s.,;:!?\\#\\-\\*\\|\\[\\]\\(\\)])(c+o+o+t+e+r+)(?=[\\s.,;:!?\\#\\-\\*\\|\\[\\]\\(\\)])/isu','','','Y','TRNSL'),(88,3,'cornhole','/(?<=[\\s.,;:!?\\#\\-\\*\\|\\[\\]\\(\\)])(c+o+r+n+h+o+l+e+)(?=[\\s.,;:!?\\#\\-\\*\\|\\[\\]\\(\\)])/isu','','','Y','TRNSL'),(89,3,'cracka','/(?<=[\\s.,;:!?\\#\\-\\*\\|\\[\\]\\(\\)])(c+r+a+c+k+a+)(?=[\\s.,;:!?\\#\\-\\*\\|\\[\\]\\(\\)])/isu','','','Y','TRNSL'),(90,3,'crap','/(?<=[\\s.,;:!?\\#\\-\\*\\|\\[\\]\\(\\)])(c+r+a+p+)(?=[\\s.,;:!?\\#\\-\\*\\|\\[\\]\\(\\)])/isu','','','Y','TRNSL'),(91,3,'cum','/(?<=[\\s.,;:!?\\#\\-\\*\\|\\[\\]\\(\\)])(c+u+m+)(?=[\\s.,;:!?\\#\\-\\*\\|\\[\\]\\(\\)])/isu','','','Y','TRNSL'),(92,3,'cunnilingus','/(?<=[\\s.,;:!?\\#\\-\\*\\|\\[\\]\\(\\)])(c+u+n+n+i+l+i+n+g+u+s+)(?=[\\s.,;:!?\\#\\-\\*\\|\\[\\]\\(\\)])/isu','','','Y','TRNSL'),(93,3,'cunt*','/(?<=[\\s.,;:!?\\#\\-\\*\\|\\[\\]\\(\\)])(c+u+n+t+[^\\s.,;:!?\\#\\-\\*\\|\\[\\]\\(\\)]*)(?=[\\s.,;:!?\\#\\-\\*\\|\\[\\]\\(\\)])/isu','','','Y','TRNSL'),(94,3,'damn*','/(?<=[\\s.,;:!?\\#\\-\\*\\|\\[\\]\\(\\)])(d+a+m+n+[^\\s.,;:!?\\#\\-\\*\\|\\[\\]\\(\\)]*)(?=[\\s.,;:!?\\#\\-\\*\\|\\[\\]\\(\\)])/isu','','','Y','TRNSL'),(95,3,'dark*','/(?<=[\\s.,;:!?\\#\\-\\*\\|\\[\\]\\(\\)])(d+a+r+k+[^\\s.,;:!?\\#\\-\\*\\|\\[\\]\\(\\)]*)(?=[\\s.,;:!?\\#\\-\\*\\|\\[\\]\\(\\)])/isu','','','Y','TRNSL'),(96,3,'dick','/(?<=[\\s.,;:!?\\#\\-\\*\\|\\[\\]\\(\\)])(d+i+c+k+)(?=[\\s.,;:!?\\#\\-\\*\\|\\[\\]\\(\\)])/isu','','','Y','TRNSL'),(97,3,'dickhead','/(?<=[\\s.,;:!?\\#\\-\\*\\|\\[\\]\\(\\)])(d+i+c+k+h+e+a+d+)(?=[\\s.,;:!?\\#\\-\\*\\|\\[\\]\\(\\)])/isu','','','Y','TRNSL'),(98,3,'diddle','/(?<=[\\s.,;:!?\\#\\-\\*\\|\\[\\]\\(\\)])(d+i+d+d+l+e+)(?=[\\s.,;:!?\\#\\-\\*\\|\\[\\]\\(\\)])/isu','','','Y','TRNSL'),(99,3,'dildo','/(?<=[\\s.,;:!?\\#\\-\\*\\|\\[\\]\\(\\)])(d+i+l+d+o+)(?=[\\s.,;:!?\\#\\-\\*\\|\\[\\]\\(\\)])/isu','','','Y','TRNSL'),(100,3,'dilhole','/(?<=[\\s.,;:!?\\#\\-\\*\\|\\[\\]\\(\\)])(d+i+l+h+o+l+e+)(?=[\\s.,;:!?\\#\\-\\*\\|\\[\\]\\(\\)])/isu','','','Y','TRNSL'),(101,3,'dingleberry','/(?<=[\\s.,;:!?\\#\\-\\*\\|\\[\\]\\(\\)])(d+i+n+g+l+e+b+e+r+r+y+)(?=[\\s.,;:!?\\#\\-\\*\\|\\[\\]\\(\\)])/isu','','','Y','TRNSL'),(102,3,'doodle','/(?<=[\\s.,;:!?\\#\\-\\*\\|\\[\\]\\(\\)])(d+o+o+d+l+e+)(?=[\\s.,;:!?\\#\\-\\*\\|\\[\\]\\(\\)])/isu','','','Y','TRNSL'),(103,3,'dork','/(?<=[\\s.,;:!?\\#\\-\\*\\|\\[\\]\\(\\)])(d+o+r+k+)(?=[\\s.,;:!?\\#\\-\\*\\|\\[\\]\\(\\)])/isu','','','Y','TRNSL'),(104,3,'dumpster','/(?<=[\\s.,;:!?\\#\\-\\*\\|\\[\\]\\(\\)])(d+u+m+p+s+t+e+r+)(?=[\\s.,;:!?\\#\\-\\*\\|\\[\\]\\(\\)])/isu','','','Y','TRNSL'),(105,3,'faggot','/(?<=[\\s.,;:!?\\#\\-\\*\\|\\[\\]\\(\\)])(f+a+g+g+o+t+)(?=[\\s.,;:!?\\#\\-\\*\\|\\[\\]\\(\\)])/isu','','','Y','TRNSL'),(106,3,'fart','/(?<=[\\s.,;:!?\\#\\-\\*\\|\\[\\]\\(\\)])(f+a+r+t+)(?=[\\s.,;:!?\\#\\-\\*\\|\\[\\]\\(\\)])/isu','','','Y','TRNSL'),(107,3,'frig','/(?<=[\\s.,;:!?\\#\\-\\*\\|\\[\\]\\(\\)])(f+r+i+g+)(?=[\\s.,;:!?\\#\\-\\*\\|\\[\\]\\(\\)])/isu','','','Y','TRNSL'),(108,3,'fuck*','/(?<=[\\s.,;:!?\\#\\-\\*\\|\\[\\]\\(\\)])(f+u+c+k+[^\\s.,;:!?\\#\\-\\*\\|\\[\\]\\(\\)]*)(?=[\\s.,;:!?\\#\\-\\*\\|\\[\\]\\(\\)])/isu','','','Y','TRNSL'),(109,3,'fucker','/(?<=[\\s.,;:!?\\#\\-\\*\\|\\[\\]\\(\\)])(f+u+c+k+e+r+)(?=[\\s.,;:!?\\#\\-\\*\\|\\[\\]\\(\\)])/isu','','','Y','TRNSL'),(110,3,'giz','/(?<=[\\s.,;:!?\\#\\-\\*\\|\\[\\]\\(\\)])(g+i+z+)(?=[\\s.,;:!?\\#\\-\\*\\|\\[\\]\\(\\)])/isu','','','Y','TRNSL'),(111,3,'goatse','/(?<=[\\s.,;:!?\\#\\-\\*\\|\\[\\]\\(\\)])(g+o+a+t+s+e+)(?=[\\s.,;:!?\\#\\-\\*\\|\\[\\]\\(\\)])/isu','','','Y','TRNSL'),(112,3,'gook','/(?<=[\\s.,;:!?\\#\\-\\*\\|\\[\\]\\(\\)])(g+o+o+k+)(?=[\\s.,;:!?\\#\\-\\*\\|\\[\\]\\(\\)])/isu','','','Y','TRNSL'),(113,3,'gringo','/(?<=[\\s.,;:!?\\#\\-\\*\\|\\[\\]\\(\\)])(g+r+i+n+g+o+)(?=[\\s.,;:!?\\#\\-\\*\\|\\[\\]\\(\\)])/isu','','','Y','TRNSL'),(114,3,'hobo','/(?<=[\\s.,;:!?\\#\\-\\*\\|\\[\\]\\(\\)])(h+o+b+o+)(?=[\\s.,;:!?\\#\\-\\*\\|\\[\\]\\(\\)])/isu','','','Y','TRNSL'),(115,3,'honky','/(?<=[\\s.,;:!?\\#\\-\\*\\|\\[\\]\\(\\)])(h+o+n+k+y+)(?=[\\s.,;:!?\\#\\-\\*\\|\\[\\]\\(\\)])/isu','','','Y','TRNSL'),(116,3,'jackass','/(?<=[\\s.,;:!?\\#\\-\\*\\|\\[\\]\\(\\)])(j+a+c+k+a+s+s+)(?=[\\s.,;:!?\\#\\-\\*\\|\\[\\]\\(\\)])/isu','','','Y','TRNSL'),(117,3,'jackoff','/(?<=[\\s.,;:!?\\#\\-\\*\\|\\[\\]\\(\\)])(j+a+c+k+o+f+f+)(?=[\\s.,;:!?\\#\\-\\*\\|\\[\\]\\(\\)])/isu','','','Y','TRNSL'),(118,3,'jerkoff','/(?<=[\\s.,;:!?\\#\\-\\*\\|\\[\\]\\(\\)])(j+e+r+k+o+f+f+)(?=[\\s.,;:!?\\#\\-\\*\\|\\[\\]\\(\\)])/isu','','','Y','TRNSL'),(119,3,'jiggaboo','/(?<=[\\s.,;:!?\\#\\-\\*\\|\\[\\]\\(\\)])(j+i+g+g+a+b+o+o+)(?=[\\s.,;:!?\\#\\-\\*\\|\\[\\]\\(\\)])/isu','','','Y','TRNSL'),(120,3,'jizz','/(?<=[\\s.,;:!?\\#\\-\\*\\|\\[\\]\\(\\)])(j+i+z+z+)(?=[\\s.,;:!?\\#\\-\\*\\|\\[\\]\\(\\)])/isu','','','Y','TRNSL'),(121,3,'kike','/(?<=[\\s.,;:!?\\#\\-\\*\\|\\[\\]\\(\\)])(k+i+k+e+)(?=[\\s.,;:!?\\#\\-\\*\\|\\[\\]\\(\\)])/isu','','','Y','TRNSL'),(122,3,'mayo','/(?<=[\\s.,;:!?\\#\\-\\*\\|\\[\\]\\(\\)])(m+a+y+o+)(?=[\\s.,;:!?\\#\\-\\*\\|\\[\\]\\(\\)])/isu','','','Y','TRNSL'),(123,3,'moose','/(?<=[\\s.,;:!?\\#\\-\\*\\|\\[\\]\\(\\)])(m+o+o+s+e+)(?=[\\s.,;:!?\\#\\-\\*\\|\\[\\]\\(\\)])/isu','','','Y','TRNSL'),(124,3,'nigg*','/(?<=[\\s.,;:!?\\#\\-\\*\\|\\[\\]\\(\\)])(n+i+g+g+[^\\s.,;:!?\\#\\-\\*\\|\\[\\]\\(\\)]*)(?=[\\s.,;:!?\\#\\-\\*\\|\\[\\]\\(\\)])/isu','','','Y','TRNSL'),(125,3,'paki','/(?<=[\\s.,;:!?\\#\\-\\*\\|\\[\\]\\(\\)])(p+a+k+i+)(?=[\\s.,;:!?\\#\\-\\*\\|\\[\\]\\(\\)])/isu','','','Y','TRNSL'),(126,3,'pecker','/(?<=[\\s.,;:!?\\#\\-\\*\\|\\[\\]\\(\\)])(p+e+c+k+e+r+)(?=[\\s.,;:!?\\#\\-\\*\\|\\[\\]\\(\\)])/isu','','','Y','TRNSL'),(127,3,'piss','/(?<=[\\s.,;:!?\\#\\-\\*\\|\\[\\]\\(\\)])(p+i+s+s+)(?=[\\s.,;:!?\\#\\-\\*\\|\\[\\]\\(\\)])/isu','','','Y','TRNSL'),(128,3,'poonanni','/(?<=[\\s.,;:!?\\#\\-\\*\\|\\[\\]\\(\\)])(p+o+o+n+a+n+n+i+)(?=[\\s.,;:!?\\#\\-\\*\\|\\[\\]\\(\\)])/isu','','','Y','TRNSL'),(129,3,'poontang','/(?<=[\\s.,;:!?\\#\\-\\*\\|\\[\\]\\(\\)])(p+o+o+n+t+a+n+g+)(?=[\\s.,;:!?\\#\\-\\*\\|\\[\\]\\(\\)])/isu','','','Y','TRNSL'),(130,3,'prick','/(?<=[\\s.,;:!?\\#\\-\\*\\|\\[\\]\\(\\)])(p+r+i+c+k+)(?=[\\s.,;:!?\\#\\-\\*\\|\\[\\]\\(\\)])/isu','','','Y','TRNSL'),(131,3,'punch','/(?<=[\\s.,;:!?\\#\\-\\*\\|\\[\\]\\(\\)])(p+u+n+c+h+)(?=[\\s.,;:!?\\#\\-\\*\\|\\[\\]\\(\\)])/isu','','','Y','TRNSL'),(132,3,'queef','/(?<=[\\s.,;:!?\\#\\-\\*\\|\\[\\]\\(\\)])(q+u+e+e+f+)(?=[\\s.,;:!?\\#\\-\\*\\|\\[\\]\\(\\)])/isu','','','Y','TRNSL'),(133,3,'rogue','/(?<=[\\s.,;:!?\\#\\-\\*\\|\\[\\]\\(\\)])(r+o+g+u+e+)(?=[\\s.,;:!?\\#\\-\\*\\|\\[\\]\\(\\)])/isu','','','Y','TRNSL'),(134,3,'sanchez','/(?<=[\\s.,;:!?\\#\\-\\*\\|\\[\\]\\(\\)])(s+a+n+c+h+e+z+)(?=[\\s.,;:!?\\#\\-\\*\\|\\[\\]\\(\\)])/isu','','','Y','TRNSL'),(135,3,'schlong','/(?<=[\\s.,;:!?\\#\\-\\*\\|\\[\\]\\(\\)])(s+c+h+l+o+n+g+)(?=[\\s.,;:!?\\#\\-\\*\\|\\[\\]\\(\\)])/isu','','','Y','TRNSL'),(136,3,'shit','/(?<=[\\s.,;:!?\\#\\-\\*\\|\\[\\]\\(\\)])(s+h+i+t+)(?=[\\s.,;:!?\\#\\-\\*\\|\\[\\]\\(\\)])/isu','','','Y','TRNSL'),(137,3,'skank','/(?<=[\\s.,;:!?\\#\\-\\*\\|\\[\\]\\(\\)])(s+k+a+n+k+)(?=[\\s.,;:!?\\#\\-\\*\\|\\[\\]\\(\\)])/isu','','','Y','TRNSL'),(138,3,'spaz','/(?<=[\\s.,;:!?\\#\\-\\*\\|\\[\\]\\(\\)])(s+p+a+z+)(?=[\\s.,;:!?\\#\\-\\*\\|\\[\\]\\(\\)])/isu','','','Y','TRNSL'),(139,3,'spic','/(?<=[\\s.,;:!?\\#\\-\\*\\|\\[\\]\\(\\)])(s+p+i+c+)(?=[\\s.,;:!?\\#\\-\\*\\|\\[\\]\\(\\)])/isu','','','Y','TRNSL'),(140,3,'teabag*','/(?<=[\\s.,;:!?\\#\\-\\*\\|\\[\\]\\(\\)])(t+e+a+b+a+g+[^\\s.,;:!?\\#\\-\\*\\|\\[\\]\\(\\)]*)(?=[\\s.,;:!?\\#\\-\\*\\|\\[\\]\\(\\)])/isu','','','Y','TRNSL'),(141,3,'tits','/(?<=[\\s.,;:!?\\#\\-\\*\\|\\[\\]\\(\\)])(t+i+t+s+)(?=[\\s.,;:!?\\#\\-\\*\\|\\[\\]\\(\\)])/isu','','','Y','TRNSL'),(142,3,'twat','/(?<=[\\s.,;:!?\\#\\-\\*\\|\\[\\]\\(\\)])(t+w+a+t+)(?=[\\s.,;:!?\\#\\-\\*\\|\\[\\]\\(\\)])/isu','','','Y','TRNSL'),(143,3,'twot','/(?<=[\\s.,;:!?\\#\\-\\*\\|\\[\\]\\(\\)])(t+w+o+t+)(?=[\\s.,;:!?\\#\\-\\*\\|\\[\\]\\(\\)])/isu','','','Y','TRNSL'),(144,3,'vart','/(?<=[\\s.,;:!?\\#\\-\\*\\|\\[\\]\\(\\)])(v+a+r+t+)(?=[\\s.,;:!?\\#\\-\\*\\|\\[\\]\\(\\)])/isu','','','Y','TRNSL'),(145,3,'wanker','/(?<=[\\s.,;:!?\\#\\-\\*\\|\\[\\]\\(\\)])(w+a+n+k+e+r+)(?=[\\s.,;:!?\\#\\-\\*\\|\\[\\]\\(\\)])/isu','','','Y','TRNSL'),(146,3,'waste','/(?<=[\\s.,;:!?\\#\\-\\*\\|\\[\\]\\(\\)])(w+a+s+t+e+)(?=[\\s.,;:!?\\#\\-\\*\\|\\[\\]\\(\\)])/isu','','','Y','TRNSL'),(147,3,'wetback','/(?<=[\\s.,;:!?\\#\\-\\*\\|\\[\\]\\(\\)])(w+e+t+b+a+c+k+)(?=[\\s.,;:!?\\#\\-\\*\\|\\[\\]\\(\\)])/isu','','','Y','TRNSL'),(148,3,'whore','/(?<=[\\s.,;:!?\\#\\-\\*\\|\\[\\]\\(\\)])(w+h+o+r+e+)(?=[\\s.,;:!?\\#\\-\\*\\|\\[\\]\\(\\)])/isu','','','Y','TRNSL'),(149,3,'wigger','/(?<=[\\s.,;:!?\\#\\-\\*\\|\\[\\]\\(\\)])(w+i+g+g+e+r+)(?=[\\s.,;:!?\\#\\-\\*\\|\\[\\]\\(\\)])/isu','','','Y','TRNSL'),(150,3,'wog','/(?<=[\\s.,;:!?\\#\\-\\*\\|\\[\\]\\(\\)])(w+o+g+)(?=[\\s.,;:!?\\#\\-\\*\\|\\[\\]\\(\\)])/isu','','','Y','TRNSL'),(151,3,'wop','/(?<=[\\s.,;:!?\\#\\-\\*\\|\\[\\]\\(\\)])(w+o+p+)(?=[\\s.,;:!?\\#\\-\\*\\|\\[\\]\\(\\)])/isu','','','Y','TRNSL');
/*!40000 ALTER TABLE `b_forum_filter` ENABLE KEYS */;
UNLOCK TABLES;

--
-- Table structure for table `b_forum_group`
--

DROP TABLE IF EXISTS `b_forum_group`;
/*!40101 SET @saved_cs_client     = @@character_set_client */;
/*!40101 SET character_set_client = utf8 */;
CREATE TABLE `b_forum_group` (
  `ID` int(11) NOT NULL AUTO_INCREMENT,
  `SORT` int(11) NOT NULL DEFAULT '150',
  `PARENT_ID` int(11) DEFAULT NULL,
  `LEFT_MARGIN` int(11) DEFAULT NULL,
  `RIGHT_MARGIN` int(11) DEFAULT NULL,
  `DEPTH_LEVEL` int(11) DEFAULT NULL,
  `XML_ID` varchar(255) COLLATE utf8_unicode_ci DEFAULT NULL,
  PRIMARY KEY (`ID`)
) ENGINE=InnoDB DEFAULT CHARSET=utf8 COLLATE=utf8_unicode_ci;
/*!40101 SET character_set_client = @saved_cs_client */;

--
-- Dumping data for table `b_forum_group`
--

LOCK TABLES `b_forum_group` WRITE;
/*!40000 ALTER TABLE `b_forum_group` DISABLE KEYS */;
/*!40000 ALTER TABLE `b_forum_group` ENABLE KEYS */;
UNLOCK TABLES;

--
-- Table structure for table `b_forum_group_lang`
--

DROP TABLE IF EXISTS `b_forum_group_lang`;
/*!40101 SET @saved_cs_client     = @@character_set_client */;
/*!40101 SET character_set_client = utf8 */;
CREATE TABLE `b_forum_group_lang` (
  `ID` int(11) NOT NULL AUTO_INCREMENT,
  `FORUM_GROUP_ID` int(11) NOT NULL,
  `LID` char(2) COLLATE utf8_unicode_ci NOT NULL,
  `NAME` varchar(255) COLLATE utf8_unicode_ci NOT NULL,
  `DESCRIPTION` varchar(255) COLLATE utf8_unicode_ci DEFAULT NULL,
  PRIMARY KEY (`ID`),
  UNIQUE KEY `UX_FORUM_GROUP` (`FORUM_GROUP_ID`,`LID`)
) ENGINE=InnoDB DEFAULT CHARSET=utf8 COLLATE=utf8_unicode_ci;
/*!40101 SET character_set_client = @saved_cs_client */;

--
-- Dumping data for table `b_forum_group_lang`
--

LOCK TABLES `b_forum_group_lang` WRITE;
/*!40000 ALTER TABLE `b_forum_group_lang` DISABLE KEYS */;
/*!40000 ALTER TABLE `b_forum_group_lang` ENABLE KEYS */;
UNLOCK TABLES;

--
-- Table structure for table `b_forum_letter`
--

DROP TABLE IF EXISTS `b_forum_letter`;
/*!40101 SET @saved_cs_client     = @@character_set_client */;
/*!40101 SET character_set_client = utf8 */;
CREATE TABLE `b_forum_letter` (
  `ID` int(11) NOT NULL AUTO_INCREMENT,
  `DICTIONARY_ID` int(11) DEFAULT '0',
  `LETTER` varchar(50) COLLATE utf8_unicode_ci DEFAULT NULL,
  `REPLACEMENT` varchar(255) COLLATE utf8_unicode_ci DEFAULT NULL,
  PRIMARY KEY (`ID`)
) ENGINE=InnoDB AUTO_INCREMENT=38 DEFAULT CHARSET=utf8 COLLATE=utf8_unicode_ci;
/*!40101 SET character_set_client = @saved_cs_client */;

--
-- Dumping data for table `b_forum_letter`
--

LOCK TABLES `b_forum_letter` WRITE;
/*!40000 ALTER TABLE `b_forum_letter` DISABLE KEYS */;
INSERT INTO `b_forum_letter` VALUES (1,2,'а','АаAa'),(2,2,'б','БбBb'),(3,2,'в','ВвVv'),(4,2,'г','Гг'),(5,2,'д','ДдDd'),(6,2,'е','ЁёЕеEe'),(7,2,'ё','ЁёЕеEe, [Йй]+[Оо]+'),(8,2,'ж','ЖжGg'),(9,2,'з','ЗзZz3'),(10,2,'и','ИиIi'),(11,2,'й','ЙйИиYy'),(12,2,'к','КкKk'),(13,2,'л','ЛлLl'),(14,2,'м','МмMm'),(15,2,'н','НнNn'),(16,2,'о','ОоOo'),(17,2,'п','ПпPp'),(18,2,'р','РрPpRr'),(19,2,'с','СсCc'),(20,2,'т','ТтTt'),(21,2,'у','УуUu'),(22,2,'ф','ФфFf'),(23,2,'х','ХхXx'),(24,2,'ц','ЦцCc'),(25,2,'ч','Чч'),(26,2,'ш','Шш'),(27,2,'щ','Щщ'),(28,2,'ь','ЪъЬь\"\','),(29,2,'ы','Ыы'),(30,2,'ъ','ЪъЬь\"\','),(31,2,'э','Ээ'),(32,2,'ю','Юю, [Йй]+[Оо]+'),(33,2,'я','Яя'),(34,2,'%','[Цц]+([Аа]+|[Оо]+), [Тт]+([Ьь]+|)[Сс]+[Яя]+'),(35,2,'^',',ВвЗзСс,ВвЫы,ДдОо,ЗзАа,ИиЗзСс,НнАа,НнЕе,ОоТт,([Пп]*[Ее]+[Рр]+[Ее]+)'),(36,2,'тся','%'),(37,2,'ться','%');
/*!40000 ALTER TABLE `b_forum_letter` ENABLE KEYS */;
UNLOCK TABLES;

--
-- Table structure for table `b_forum_message`
--

DROP TABLE IF EXISTS `b_forum_message`;
/*!40101 SET @saved_cs_client     = @@character_set_client */;
/*!40101 SET character_set_client = utf8 */;
CREATE TABLE `b_forum_message` (
  `ID` bigint(20) NOT NULL AUTO_INCREMENT,
  `FORUM_ID` int(10) NOT NULL,
  `TOPIC_ID` bigint(20) NOT NULL,
  `USE_SMILES` char(1) COLLATE utf8_unicode_ci NOT NULL DEFAULT 'Y',
  `NEW_TOPIC` char(1) COLLATE utf8_unicode_ci NOT NULL DEFAULT 'N',
  `APPROVED` char(1) COLLATE utf8_unicode_ci NOT NULL DEFAULT 'Y',
  `SOURCE_ID` varchar(255) COLLATE utf8_unicode_ci NOT NULL DEFAULT 'WEB',
  `POST_DATE` datetime NOT NULL,
  `POST_MESSAGE` text COLLATE utf8_unicode_ci,
  `POST_MESSAGE_HTML` text COLLATE utf8_unicode_ci,
  `POST_MESSAGE_FILTER` text COLLATE utf8_unicode_ci,
  `POST_MESSAGE_CHECK` char(32) COLLATE utf8_unicode_ci DEFAULT NULL,
  `ATTACH_IMG` int(11) DEFAULT NULL,
  `PARAM1` varchar(2) COLLATE utf8_unicode_ci DEFAULT NULL,
  `PARAM2` int(11) DEFAULT NULL,
  `AUTHOR_ID` int(10) DEFAULT NULL,
  `AUTHOR_NAME` varchar(255) COLLATE utf8_unicode_ci DEFAULT NULL,
  `AUTHOR_EMAIL` varchar(255) COLLATE utf8_unicode_ci DEFAULT NULL,
  `AUTHOR_IP` varchar(255) COLLATE utf8_unicode_ci DEFAULT NULL,
  `AUTHOR_REAL_IP` varchar(128) COLLATE utf8_unicode_ci DEFAULT NULL,
  `GUEST_ID` int(10) DEFAULT NULL,
  `EDITOR_ID` int(10) DEFAULT NULL,
  `EDITOR_NAME` varchar(255) COLLATE utf8_unicode_ci DEFAULT NULL,
  `EDITOR_EMAIL` varchar(255) COLLATE utf8_unicode_ci DEFAULT NULL,
  `EDIT_REASON` text COLLATE utf8_unicode_ci,
  `EDIT_DATE` datetime DEFAULT NULL,
  `XML_ID` varchar(255) COLLATE utf8_unicode_ci DEFAULT NULL,
  `HTML` text COLLATE utf8_unicode_ci,
  `MAIL_HEADER` text COLLATE utf8_unicode_ci,
  PRIMARY KEY (`ID`),
  KEY `IX_FORUM_MESSAGE_FORUM` (`FORUM_ID`,`APPROVED`),
  KEY `IX_FORUM_MESSAGE_TOPIC` (`TOPIC_ID`,`APPROVED`,`ID`),
  KEY `IX_FORUM_MESSAGE_AUTHOR` (`AUTHOR_ID`,`APPROVED`,`FORUM_ID`,`ID`),
  KEY `IX_FORUM_MESSAGE_APPROVED` (`APPROVED`),
  KEY `IX_FORUM_MESSAGE_PARAM2` (`PARAM2`),
  KEY `IX_FORUM_MESSAGE_XML_ID` (`XML_ID`),
  KEY `IX_FORUM_MESSAGE_DATE_AUTHOR_ID` (`POST_DATE`,`AUTHOR_ID`),
  KEY `IX_FORUM_MESSAGE_AUTHOR_TOPIC_ID` (`AUTHOR_ID`,`TOPIC_ID`,`ID`),
  KEY `IX_FORUM_MESSAGE_AUTHOR_FORUM_ID` (`AUTHOR_ID`,`FORUM_ID`,`ID`,`APPROVED`,`TOPIC_ID`)
) ENGINE=InnoDB DEFAULT CHARSET=utf8 COLLATE=utf8_unicode_ci;
/*!40101 SET character_set_client = @saved_cs_client */;

--
-- Dumping data for table `b_forum_message`
--

LOCK TABLES `b_forum_message` WRITE;
/*!40000 ALTER TABLE `b_forum_message` DISABLE KEYS */;
/*!40000 ALTER TABLE `b_forum_message` ENABLE KEYS */;
UNLOCK TABLES;

--
-- Table structure for table `b_forum_perms`
--

DROP TABLE IF EXISTS `b_forum_perms`;
/*!40101 SET @saved_cs_client     = @@character_set_client */;
/*!40101 SET character_set_client = utf8 */;
CREATE TABLE `b_forum_perms` (
  `ID` int(11) NOT NULL AUTO_INCREMENT,
  `FORUM_ID` int(11) NOT NULL,
  `GROUP_ID` int(11) NOT NULL,
  `PERMISSION` char(1) COLLATE utf8_unicode_ci NOT NULL DEFAULT 'M',
  PRIMARY KEY (`ID`),
  KEY `IX_FORUM_PERMS_FORUM` (`FORUM_ID`,`GROUP_ID`),
  KEY `IX_FORUM_PERMS_GROUP` (`GROUP_ID`)
) ENGINE=InnoDB DEFAULT CHARSET=utf8 COLLATE=utf8_unicode_ci;
/*!40101 SET character_set_client = @saved_cs_client */;

--
-- Dumping data for table `b_forum_perms`
--

LOCK TABLES `b_forum_perms` WRITE;
/*!40000 ALTER TABLE `b_forum_perms` DISABLE KEYS */;
/*!40000 ALTER TABLE `b_forum_perms` ENABLE KEYS */;
UNLOCK TABLES;

--
-- Table structure for table `b_forum_pm_folder`
--

DROP TABLE IF EXISTS `b_forum_pm_folder`;
/*!40101 SET @saved_cs_client     = @@character_set_client */;
/*!40101 SET character_set_client = utf8 */;
CREATE TABLE `b_forum_pm_folder` (
  `ID` int(11) NOT NULL AUTO_INCREMENT,
  `TITLE` varchar(255) COLLATE utf8_unicode_ci NOT NULL,
  `USER_ID` int(11) NOT NULL,
  `SORT` int(11) NOT NULL,
  PRIMARY KEY (`ID`),
  KEY `IX_B_FORUM_PM_FOLDER_USER_IST` (`USER_ID`,`ID`,`SORT`,`TITLE`)
) ENGINE=InnoDB AUTO_INCREMENT=5 DEFAULT CHARSET=utf8 COLLATE=utf8_unicode_ci;
/*!40101 SET character_set_client = @saved_cs_client */;

--
-- Dumping data for table `b_forum_pm_folder`
--

LOCK TABLES `b_forum_pm_folder` WRITE;
/*!40000 ALTER TABLE `b_forum_pm_folder` DISABLE KEYS */;
INSERT INTO `b_forum_pm_folder` VALUES (1,'SYSTEM_FOLDER_1',0,0),(2,'SYSTEM_FOLDER_2',0,0),(3,'SYSTEM_FOLDER_3',0,0),(4,'SYSTEM_FOLDER_4',0,0);
/*!40000 ALTER TABLE `b_forum_pm_folder` ENABLE KEYS */;
UNLOCK TABLES;

--
-- Table structure for table `b_forum_points`
--

DROP TABLE IF EXISTS `b_forum_points`;
/*!40101 SET @saved_cs_client     = @@character_set_client */;
/*!40101 SET character_set_client = utf8 */;
CREATE TABLE `b_forum_points` (
  `ID` int(11) NOT NULL AUTO_INCREMENT,
  `MIN_POINTS` int(11) NOT NULL,
  `CODE` varchar(100) COLLATE utf8_unicode_ci DEFAULT NULL,
  `VOTES` int(11) NOT NULL,
  PRIMARY KEY (`ID`),
  UNIQUE KEY `UX_FORUM_P_MP` (`MIN_POINTS`)
) ENGINE=InnoDB DEFAULT CHARSET=utf8 COLLATE=utf8_unicode_ci;
/*!40101 SET character_set_client = @saved_cs_client */;

--
-- Dumping data for table `b_forum_points`
--

LOCK TABLES `b_forum_points` WRITE;
/*!40000 ALTER TABLE `b_forum_points` DISABLE KEYS */;
/*!40000 ALTER TABLE `b_forum_points` ENABLE KEYS */;
UNLOCK TABLES;

--
-- Table structure for table `b_forum_points2post`
--

DROP TABLE IF EXISTS `b_forum_points2post`;
/*!40101 SET @saved_cs_client     = @@character_set_client */;
/*!40101 SET character_set_client = utf8 */;
CREATE TABLE `b_forum_points2post` (
  `ID` int(11) NOT NULL AUTO_INCREMENT,
  `MIN_NUM_POSTS` int(11) NOT NULL,
  `POINTS_PER_POST` decimal(18,4) NOT NULL DEFAULT '0.0000',
  PRIMARY KEY (`ID`),
  UNIQUE KEY `UX_FORUM_P2P_MNP` (`MIN_NUM_POSTS`)
) ENGINE=InnoDB DEFAULT CHARSET=utf8 COLLATE=utf8_unicode_ci;
/*!40101 SET character_set_client = @saved_cs_client */;

--
-- Dumping data for table `b_forum_points2post`
--

LOCK TABLES `b_forum_points2post` WRITE;
/*!40000 ALTER TABLE `b_forum_points2post` DISABLE KEYS */;
/*!40000 ALTER TABLE `b_forum_points2post` ENABLE KEYS */;
UNLOCK TABLES;

--
-- Table structure for table `b_forum_points_lang`
--

DROP TABLE IF EXISTS `b_forum_points_lang`;
/*!40101 SET @saved_cs_client     = @@character_set_client */;
/*!40101 SET character_set_client = utf8 */;
CREATE TABLE `b_forum_points_lang` (
  `POINTS_ID` int(11) NOT NULL,
  `LID` char(2) COLLATE utf8_unicode_ci NOT NULL,
  `NAME` varchar(250) COLLATE utf8_unicode_ci DEFAULT NULL,
  PRIMARY KEY (`POINTS_ID`,`LID`)
) ENGINE=InnoDB DEFAULT CHARSET=utf8 COLLATE=utf8_unicode_ci;
/*!40101 SET character_set_client = @saved_cs_client */;

--
-- Dumping data for table `b_forum_points_lang`
--

LOCK TABLES `b_forum_points_lang` WRITE;
/*!40000 ALTER TABLE `b_forum_points_lang` DISABLE KEYS */;
/*!40000 ALTER TABLE `b_forum_points_lang` ENABLE KEYS */;
UNLOCK TABLES;

--
-- Table structure for table `b_forum_private_message`
--

DROP TABLE IF EXISTS `b_forum_private_message`;
/*!40101 SET @saved_cs_client     = @@character_set_client */;
/*!40101 SET character_set_client = utf8 */;
CREATE TABLE `b_forum_private_message` (
  `ID` bigint(10) NOT NULL AUTO_INCREMENT,
  `AUTHOR_ID` int(11) DEFAULT '0',
  `RECIPIENT_ID` int(11) DEFAULT '0',
  `POST_DATE` datetime DEFAULT NULL,
  `POST_SUBJ` varchar(255) COLLATE utf8_unicode_ci DEFAULT NULL,
  `POST_MESSAGE` text COLLATE utf8_unicode_ci NOT NULL,
  `USER_ID` int(11) NOT NULL,
  `FOLDER_ID` int(11) NOT NULL,
  `IS_READ` char(1) COLLATE utf8_unicode_ci DEFAULT NULL,
  `REQUEST_IS_READ` char(1) COLLATE utf8_unicode_ci DEFAULT NULL,
  `USE_SMILES` char(1) COLLATE utf8_unicode_ci DEFAULT NULL,
  PRIMARY KEY (`ID`),
  KEY `IX_B_FORUM_PM_USER` (`USER_ID`),
  KEY `IX_B_FORUM_PM_AFR` (`AUTHOR_ID`,`FOLDER_ID`,`IS_READ`),
  KEY `IX_B_FORUM_PM_UFP` (`USER_ID`,`FOLDER_ID`,`POST_DATE`),
  KEY `IX_B_FORUM_PM_POST_DATE` (`POST_DATE`)
) ENGINE=InnoDB DEFAULT CHARSET=utf8 COLLATE=utf8_unicode_ci;
/*!40101 SET character_set_client = @saved_cs_client */;

--
-- Dumping data for table `b_forum_private_message`
--

LOCK TABLES `b_forum_private_message` WRITE;
/*!40000 ALTER TABLE `b_forum_private_message` DISABLE KEYS */;
/*!40000 ALTER TABLE `b_forum_private_message` ENABLE KEYS */;
UNLOCK TABLES;

--
-- Table structure for table `b_forum_rank`
--

DROP TABLE IF EXISTS `b_forum_rank`;
/*!40101 SET @saved_cs_client     = @@character_set_client */;
/*!40101 SET character_set_client = utf8 */;
CREATE TABLE `b_forum_rank` (
  `ID` int(11) NOT NULL AUTO_INCREMENT,
  `CODE` varchar(100) COLLATE utf8_unicode_ci DEFAULT NULL,
  `MIN_NUM_POSTS` int(11) NOT NULL DEFAULT '0',
  PRIMARY KEY (`ID`)
) ENGINE=InnoDB DEFAULT CHARSET=utf8 COLLATE=utf8_unicode_ci;
/*!40101 SET character_set_client = @saved_cs_client */;

--
-- Dumping data for table `b_forum_rank`
--

LOCK TABLES `b_forum_rank` WRITE;
/*!40000 ALTER TABLE `b_forum_rank` DISABLE KEYS */;
/*!40000 ALTER TABLE `b_forum_rank` ENABLE KEYS */;
UNLOCK TABLES;

--
-- Table structure for table `b_forum_rank_lang`
--

DROP TABLE IF EXISTS `b_forum_rank_lang`;
/*!40101 SET @saved_cs_client     = @@character_set_client */;
/*!40101 SET character_set_client = utf8 */;
CREATE TABLE `b_forum_rank_lang` (
  `ID` int(11) NOT NULL AUTO_INCREMENT,
  `RANK_ID` int(11) NOT NULL,
  `LID` char(2) COLLATE utf8_unicode_ci NOT NULL,
  `NAME` varchar(100) COLLATE utf8_unicode_ci NOT NULL,
  PRIMARY KEY (`ID`),
  UNIQUE KEY `UX_FORUM_RANK` (`RANK_ID`,`LID`)
) ENGINE=InnoDB DEFAULT CHARSET=utf8 COLLATE=utf8_unicode_ci;
/*!40101 SET character_set_client = @saved_cs_client */;

--
-- Dumping data for table `b_forum_rank_lang`
--

LOCK TABLES `b_forum_rank_lang` WRITE;
/*!40000 ALTER TABLE `b_forum_rank_lang` DISABLE KEYS */;
/*!40000 ALTER TABLE `b_forum_rank_lang` ENABLE KEYS */;
UNLOCK TABLES;

--
-- Table structure for table `b_forum_stat`
--

DROP TABLE IF EXISTS `b_forum_stat`;
/*!40101 SET @saved_cs_client     = @@character_set_client */;
/*!40101 SET character_set_client = utf8 */;
CREATE TABLE `b_forum_stat` (
  `ID` bigint(20) NOT NULL AUTO_INCREMENT,
  `USER_ID` int(10) DEFAULT NULL,
  `IP_ADDRESS` varchar(128) COLLATE utf8_unicode_ci DEFAULT NULL,
  `PHPSESSID` varchar(255) COLLATE utf8_unicode_ci DEFAULT NULL,
  `LAST_VISIT` datetime DEFAULT NULL,
  `SITE_ID` char(2) COLLATE utf8_unicode_ci DEFAULT NULL,
  `FORUM_ID` smallint(5) NOT NULL DEFAULT '0',
  `TOPIC_ID` int(10) DEFAULT NULL,
  `SHOW_NAME` varchar(101) COLLATE utf8_unicode_ci DEFAULT NULL,
  PRIMARY KEY (`ID`),
  KEY `IX_B_FORUM_STAT_SITE_ID` (`SITE_ID`,`LAST_VISIT`),
  KEY `IX_B_FORUM_STAT_TOPIC_ID` (`TOPIC_ID`,`LAST_VISIT`),
  KEY `IX_B_FORUM_STAT_FORUM_ID` (`FORUM_ID`,`LAST_VISIT`),
  KEY `IX_B_FORUM_STAT_PHPSESSID` (`PHPSESSID`)
) ENGINE=InnoDB DEFAULT CHARSET=utf8 COLLATE=utf8_unicode_ci;
/*!40101 SET character_set_client = @saved_cs_client */;

--
-- Dumping data for table `b_forum_stat`
--

LOCK TABLES `b_forum_stat` WRITE;
/*!40000 ALTER TABLE `b_forum_stat` DISABLE KEYS */;
/*!40000 ALTER TABLE `b_forum_stat` ENABLE KEYS */;
UNLOCK TABLES;

--
-- Table structure for table `b_forum_subscribe`
--

DROP TABLE IF EXISTS `b_forum_subscribe`;
/*!40101 SET @saved_cs_client     = @@character_set_client */;
/*!40101 SET character_set_client = utf8 */;
CREATE TABLE `b_forum_subscribe` (
  `ID` int(10) NOT NULL AUTO_INCREMENT,
  `USER_ID` int(10) NOT NULL,
  `FORUM_ID` int(10) NOT NULL,
  `TOPIC_ID` int(10) DEFAULT NULL,
  `START_DATE` datetime NOT NULL,
  `LAST_SEND` int(10) DEFAULT NULL,
  `NEW_TOPIC_ONLY` char(50) COLLATE utf8_unicode_ci NOT NULL DEFAULT 'N',
  `SITE_ID` char(2) COLLATE utf8_unicode_ci NOT NULL DEFAULT 'ru',
  `SOCNET_GROUP_ID` int(11) DEFAULT NULL,
  PRIMARY KEY (`ID`),
  UNIQUE KEY `UX_FORUM_SUBSCRIBE_USER` (`USER_ID`,`FORUM_ID`,`TOPIC_ID`,`SOCNET_GROUP_ID`)
) ENGINE=InnoDB DEFAULT CHARSET=utf8 COLLATE=utf8_unicode_ci;
/*!40101 SET character_set_client = @saved_cs_client */;

--
-- Dumping data for table `b_forum_subscribe`
--

LOCK TABLES `b_forum_subscribe` WRITE;
/*!40000 ALTER TABLE `b_forum_subscribe` DISABLE KEYS */;
/*!40000 ALTER TABLE `b_forum_subscribe` ENABLE KEYS */;
UNLOCK TABLES;

--
-- Table structure for table `b_forum_topic`
--

DROP TABLE IF EXISTS `b_forum_topic`;
/*!40101 SET @saved_cs_client     = @@character_set_client */;
/*!40101 SET character_set_client = utf8 */;
CREATE TABLE `b_forum_topic` (
  `ID` bigint(20) NOT NULL AUTO_INCREMENT,
  `FORUM_ID` int(10) NOT NULL,
  `TOPIC_ID` bigint(20) DEFAULT NULL,
  `TITLE` varchar(255) COLLATE utf8_unicode_ci NOT NULL,
  `TITLE_SEO` varchar(255) COLLATE utf8_unicode_ci DEFAULT NULL,
  `TAGS` varchar(255) COLLATE utf8_unicode_ci DEFAULT NULL,
  `DESCRIPTION` varchar(255) COLLATE utf8_unicode_ci DEFAULT NULL,
  `ICON` varchar(255) COLLATE utf8_unicode_ci DEFAULT NULL,
  `STATE` char(1) COLLATE utf8_unicode_ci NOT NULL DEFAULT 'Y',
  `APPROVED` char(1) COLLATE utf8_unicode_ci NOT NULL DEFAULT 'Y',
  `SORT` int(10) NOT NULL DEFAULT '150',
  `VIEWS` int(10) NOT NULL DEFAULT '0',
  `USER_START_ID` int(10) DEFAULT NULL,
  `USER_START_NAME` varchar(255) COLLATE utf8_unicode_ci DEFAULT NULL,
  `START_DATE` datetime NOT NULL,
  `POSTS` int(10) NOT NULL DEFAULT '0',
  `LAST_POSTER_ID` int(10) DEFAULT NULL,
  `LAST_POSTER_NAME` varchar(255) COLLATE utf8_unicode_ci NOT NULL,
  `LAST_POST_DATE` datetime NOT NULL,
  `LAST_MESSAGE_ID` bigint(20) DEFAULT NULL,
  `POSTS_UNAPPROVED` int(11) DEFAULT '0',
  `ABS_LAST_POSTER_ID` int(10) DEFAULT NULL,
  `ABS_LAST_POSTER_NAME` varchar(255) COLLATE utf8_unicode_ci DEFAULT NULL,
  `ABS_LAST_POST_DATE` datetime DEFAULT NULL,
  `ABS_LAST_MESSAGE_ID` bigint(20) DEFAULT NULL,
  `XML_ID` varchar(255) COLLATE utf8_unicode_ci DEFAULT NULL,
  `HTML` text COLLATE utf8_unicode_ci,
  `SOCNET_GROUP_ID` int(10) DEFAULT NULL,
  `OWNER_ID` int(10) DEFAULT NULL,
  PRIMARY KEY (`ID`),
  KEY `IX_FORUM_TOPIC_FORUM` (`FORUM_ID`,`APPROVED`),
  KEY `IX_FORUM_TOPIC_APPROVED` (`APPROVED`),
  KEY `IX_FORUM_TOPIC_ABS_L_POST_DATE` (`ABS_LAST_POST_DATE`),
  KEY `IX_FORUM_TOPIC_LAST_POST_DATE` (`LAST_POST_DATE`),
  KEY `IX_FORUM_TOPIC_USER_START_ID` (`USER_START_ID`),
  KEY `IX_FORUM_TOPIC_DATE_USER_START_ID` (`START_DATE`,`USER_START_ID`),
  KEY `IX_FORUM_TOPIC_XML_ID` (`XML_ID`),
  KEY `IX_FORUM_TOPIC_TITLE_SEO` (`FORUM_ID`,`TITLE_SEO`),
  KEY `IX_FORUM_TOPIC_TITLE_SEO2` (`TITLE_SEO`)
) ENGINE=InnoDB DEFAULT CHARSET=utf8 COLLATE=utf8_unicode_ci;
/*!40101 SET character_set_client = @saved_cs_client */;

--
-- Dumping data for table `b_forum_topic`
--

LOCK TABLES `b_forum_topic` WRITE;
/*!40000 ALTER TABLE `b_forum_topic` DISABLE KEYS */;
/*!40000 ALTER TABLE `b_forum_topic` ENABLE KEYS */;
UNLOCK TABLES;

--
-- Table structure for table `b_forum_user`
--

DROP TABLE IF EXISTS `b_forum_user`;
/*!40101 SET @saved_cs_client     = @@character_set_client */;
/*!40101 SET character_set_client = utf8 */;
CREATE TABLE `b_forum_user` (
  `ID` bigint(10) NOT NULL AUTO_INCREMENT,
  `USER_ID` int(10) NOT NULL,
  `ALIAS` varchar(64) COLLATE utf8_unicode_ci DEFAULT NULL,
  `DESCRIPTION` varchar(255) COLLATE utf8_unicode_ci DEFAULT NULL,
  `IP_ADDRESS` varchar(128) COLLATE utf8_unicode_ci DEFAULT NULL,
  `AVATAR` int(10) DEFAULT NULL,
  `NUM_POSTS` int(10) DEFAULT '0',
  `INTERESTS` text COLLATE utf8_unicode_ci,
  `LAST_POST` int(10) DEFAULT NULL,
  `ALLOW_POST` char(1) COLLATE utf8_unicode_ci NOT NULL DEFAULT 'Y',
  `LAST_VISIT` datetime NOT NULL,
  `DATE_REG` date NOT NULL,
  `REAL_IP_ADDRESS` varchar(128) COLLATE utf8_unicode_ci DEFAULT NULL,
  `SIGNATURE` varchar(255) COLLATE utf8_unicode_ci DEFAULT NULL,
  `SHOW_NAME` char(1) COLLATE utf8_unicode_ci NOT NULL DEFAULT 'Y',
  `RANK_ID` int(11) DEFAULT NULL,
  `POINTS` int(11) NOT NULL DEFAULT '0',
  `HIDE_FROM_ONLINE` char(1) COLLATE utf8_unicode_ci NOT NULL DEFAULT 'N',
  `SUBSC_GROUP_MESSAGE` char(1) COLLATE utf8_unicode_ci NOT NULL DEFAULT 'N',
  `SUBSC_GET_MY_MESSAGE` char(1) COLLATE utf8_unicode_ci NOT NULL DEFAULT 'Y',
  PRIMARY KEY (`ID`),
  UNIQUE KEY `IX_FORUM_USER_USER6` (`USER_ID`)
) ENGINE=InnoDB AUTO_INCREMENT=3 DEFAULT CHARSET=utf8 COLLATE=utf8_unicode_ci;
/*!40101 SET character_set_client = @saved_cs_client */;

--
-- Dumping data for table `b_forum_user`
--

LOCK TABLES `b_forum_user` WRITE;
/*!40000 ALTER TABLE `b_forum_user` DISABLE KEYS */;
INSERT INTO `b_forum_user` VALUES (1,1,NULL,'',NULL,NULL,0,'',NULL,'Y','2016-11-03 00:38:23','2016-11-03',NULL,'','Y',NULL,0,'N','N','N'),(2,2,NULL,'',NULL,NULL,0,'',NULL,'Y','2017-05-01 23:12:32','2017-05-01',NULL,'','Y',NULL,0,'N','N','N');
/*!40000 ALTER TABLE `b_forum_user` ENABLE KEYS */;
UNLOCK TABLES;

--
-- Table structure for table `b_forum_user_forum`
--

DROP TABLE IF EXISTS `b_forum_user_forum`;
/*!40101 SET @saved_cs_client     = @@character_set_client */;
/*!40101 SET character_set_client = utf8 */;
CREATE TABLE `b_forum_user_forum` (
  `ID` int(11) NOT NULL AUTO_INCREMENT,
  `USER_ID` int(11) DEFAULT NULL,
  `FORUM_ID` int(11) DEFAULT NULL,
  `LAST_VISIT` datetime DEFAULT NULL,
  `MAIN_LAST_VISIT` datetime DEFAULT NULL,
  PRIMARY KEY (`ID`),
  KEY `IX_B_FORUM_USER_FORUM_ID1` (`USER_ID`,`FORUM_ID`)
) ENGINE=InnoDB DEFAULT CHARSET=utf8 COLLATE=utf8_unicode_ci;
/*!40101 SET character_set_client = @saved_cs_client */;

--
-- Dumping data for table `b_forum_user_forum`
--

LOCK TABLES `b_forum_user_forum` WRITE;
/*!40000 ALTER TABLE `b_forum_user_forum` DISABLE KEYS */;
/*!40000 ALTER TABLE `b_forum_user_forum` ENABLE KEYS */;
UNLOCK TABLES;

--
-- Table structure for table `b_forum_user_points`
--

DROP TABLE IF EXISTS `b_forum_user_points`;
/*!40101 SET @saved_cs_client     = @@character_set_client */;
/*!40101 SET character_set_client = utf8 */;
CREATE TABLE `b_forum_user_points` (
  `FROM_USER_ID` int(11) NOT NULL,
  `TO_USER_ID` int(11) NOT NULL,
  `POINTS` int(11) NOT NULL DEFAULT '0',
  `DATE_UPDATE` datetime DEFAULT NULL,
  PRIMARY KEY (`FROM_USER_ID`,`TO_USER_ID`),
  KEY `IX_B_FORUM_USER_POINTS_TO_USER` (`TO_USER_ID`)
) ENGINE=InnoDB DEFAULT CHARSET=utf8 COLLATE=utf8_unicode_ci;
/*!40101 SET character_set_client = @saved_cs_client */;

--
-- Dumping data for table `b_forum_user_points`
--

LOCK TABLES `b_forum_user_points` WRITE;
/*!40000 ALTER TABLE `b_forum_user_points` DISABLE KEYS */;
/*!40000 ALTER TABLE `b_forum_user_points` ENABLE KEYS */;
UNLOCK TABLES;

--
-- Table structure for table `b_forum_user_topic`
--

DROP TABLE IF EXISTS `b_forum_user_topic`;
/*!40101 SET @saved_cs_client     = @@character_set_client */;
/*!40101 SET character_set_client = utf8 */;
CREATE TABLE `b_forum_user_topic` (
  `ID` bigint(20) NOT NULL AUTO_INCREMENT,
  `TOPIC_ID` int(11) NOT NULL,
  `USER_ID` int(11) NOT NULL,
  `FORUM_ID` int(11) DEFAULT NULL,
  `LAST_VISIT` datetime DEFAULT NULL,
  PRIMARY KEY (`TOPIC_ID`,`USER_ID`),
  KEY `ID` (`ID`),
  KEY `IX_B_FORUM_USER_FORUM_ID2` (`USER_ID`,`FORUM_ID`,`TOPIC_ID`)
) ENGINE=InnoDB DEFAULT CHARSET=utf8 COLLATE=utf8_unicode_ci;
/*!40101 SET character_set_client = @saved_cs_client */;

--
-- Dumping data for table `b_forum_user_topic`
--

LOCK TABLES `b_forum_user_topic` WRITE;
/*!40000 ALTER TABLE `b_forum_user_topic` DISABLE KEYS */;
/*!40000 ALTER TABLE `b_forum_user_topic` ENABLE KEYS */;
UNLOCK TABLES;

--
-- Table structure for table `b_group`
--

DROP TABLE IF EXISTS `b_group`;
/*!40101 SET @saved_cs_client     = @@character_set_client */;
/*!40101 SET character_set_client = utf8 */;
CREATE TABLE `b_group` (
  `ID` int(18) NOT NULL AUTO_INCREMENT,
  `TIMESTAMP_X` timestamp NOT NULL DEFAULT CURRENT_TIMESTAMP ON UPDATE CURRENT_TIMESTAMP,
  `ACTIVE` char(1) COLLATE utf8_unicode_ci NOT NULL DEFAULT 'Y',
  `C_SORT` int(18) NOT NULL DEFAULT '100',
  `ANONYMOUS` char(1) COLLATE utf8_unicode_ci NOT NULL DEFAULT 'N',
  `NAME` varchar(255) COLLATE utf8_unicode_ci NOT NULL,
  `DESCRIPTION` varchar(255) COLLATE utf8_unicode_ci DEFAULT NULL,
  `SECURITY_POLICY` text COLLATE utf8_unicode_ci,
  `STRING_ID` varchar(255) COLLATE utf8_unicode_ci DEFAULT NULL,
  PRIMARY KEY (`ID`)
) ENGINE=InnoDB AUTO_INCREMENT=5 DEFAULT CHARSET=utf8 COLLATE=utf8_unicode_ci;
/*!40101 SET character_set_client = @saved_cs_client */;

--
-- Dumping data for table `b_group`
--

LOCK TABLES `b_group` WRITE;
/*!40000 ALTER TABLE `b_group` DISABLE KEYS */;
INSERT INTO `b_group` VALUES (1,'2016-03-02 15:40:26','Y',1,'N','Администраторы','Полный доступ к управлению сайтом.',NULL,NULL),(2,'2016-03-02 15:40:26','Y',2,'Y','Все пользователи (в том числе неавторизованные)','Все пользователи, включая неавторизованных.',NULL,NULL),(3,'2016-03-02 15:40:26','Y',3,'N','Пользователи, имеющие право голосовать за рейтинг','В эту группу пользователи добавляются автоматически.',NULL,'RATING_VOTE'),(4,'2016-03-02 15:40:26','Y',4,'N','Пользователи имеющие право голосовать за авторитет','В эту группу пользователи добавляются автоматически.',NULL,'RATING_VOTE_AUTHORITY');
/*!40000 ALTER TABLE `b_group` ENABLE KEYS */;
UNLOCK TABLES;

--
-- Table structure for table `b_group_collection_task`
--

DROP TABLE IF EXISTS `b_group_collection_task`;
/*!40101 SET @saved_cs_client     = @@character_set_client */;
/*!40101 SET character_set_client = utf8 */;
CREATE TABLE `b_group_collection_task` (
  `GROUP_ID` int(11) NOT NULL,
  `TASK_ID` int(11) NOT NULL,
  `COLLECTION_ID` int(11) NOT NULL,
  PRIMARY KEY (`GROUP_ID`,`TASK_ID`,`COLLECTION_ID`)
) ENGINE=InnoDB DEFAULT CHARSET=utf8 COLLATE=utf8_unicode_ci;
/*!40101 SET character_set_client = @saved_cs_client */;

--
-- Dumping data for table `b_group_collection_task`
--

LOCK TABLES `b_group_collection_task` WRITE;
/*!40000 ALTER TABLE `b_group_collection_task` DISABLE KEYS */;
/*!40000 ALTER TABLE `b_group_collection_task` ENABLE KEYS */;
UNLOCK TABLES;

--
-- Table structure for table `b_group_subordinate`
--

DROP TABLE IF EXISTS `b_group_subordinate`;
/*!40101 SET @saved_cs_client     = @@character_set_client */;
/*!40101 SET character_set_client = utf8 */;
CREATE TABLE `b_group_subordinate` (
  `ID` int(18) NOT NULL,
  `AR_SUBGROUP_ID` text COLLATE utf8_unicode_ci NOT NULL,
  PRIMARY KEY (`ID`)
) ENGINE=InnoDB DEFAULT CHARSET=utf8 COLLATE=utf8_unicode_ci;
/*!40101 SET character_set_client = @saved_cs_client */;

--
-- Dumping data for table `b_group_subordinate`
--

LOCK TABLES `b_group_subordinate` WRITE;
/*!40000 ALTER TABLE `b_group_subordinate` DISABLE KEYS */;
/*!40000 ALTER TABLE `b_group_subordinate` ENABLE KEYS */;
UNLOCK TABLES;

--
-- Table structure for table `b_group_task`
--

DROP TABLE IF EXISTS `b_group_task`;
/*!40101 SET @saved_cs_client     = @@character_set_client */;
/*!40101 SET character_set_client = utf8 */;
CREATE TABLE `b_group_task` (
  `GROUP_ID` int(18) NOT NULL,
  `TASK_ID` int(18) NOT NULL,
  `EXTERNAL_ID` varchar(50) COLLATE utf8_unicode_ci DEFAULT '',
  PRIMARY KEY (`GROUP_ID`,`TASK_ID`)
) ENGINE=InnoDB DEFAULT CHARSET=utf8 COLLATE=utf8_unicode_ci;
/*!40101 SET character_set_client = @saved_cs_client */;

--
-- Dumping data for table `b_group_task`
--

LOCK TABLES `b_group_task` WRITE;
/*!40000 ALTER TABLE `b_group_task` DISABLE KEYS */;
/*!40000 ALTER TABLE `b_group_task` ENABLE KEYS */;
UNLOCK TABLES;

--
-- Table structure for table `b_hlblock_entity`
--

DROP TABLE IF EXISTS `b_hlblock_entity`;
/*!40101 SET @saved_cs_client     = @@character_set_client */;
/*!40101 SET character_set_client = utf8 */;
CREATE TABLE `b_hlblock_entity` (
  `ID` int(11) unsigned NOT NULL AUTO_INCREMENT,
  `NAME` varchar(100) COLLATE utf8_unicode_ci NOT NULL,
  `TABLE_NAME` varchar(64) COLLATE utf8_unicode_ci NOT NULL,
  PRIMARY KEY (`ID`)
) ENGINE=InnoDB AUTO_INCREMENT=3 DEFAULT CHARSET=utf8 COLLATE=utf8_unicode_ci;
/*!40101 SET character_set_client = @saved_cs_client */;

--
-- Dumping data for table `b_hlblock_entity`
--

LOCK TABLES `b_hlblock_entity` WRITE;
/*!40000 ALTER TABLE `b_hlblock_entity` DISABLE KEYS */;
INSERT INTO `b_hlblock_entity` VALUES (1,'ItemsType','items_type'),(2,'UserMessages','user_messages');
/*!40000 ALTER TABLE `b_hlblock_entity` ENABLE KEYS */;
UNLOCK TABLES;

--
-- Table structure for table `b_hot_keys`
--

DROP TABLE IF EXISTS `b_hot_keys`;
/*!40101 SET @saved_cs_client     = @@character_set_client */;
/*!40101 SET character_set_client = utf8 */;
CREATE TABLE `b_hot_keys` (
  `ID` int(18) NOT NULL AUTO_INCREMENT,
  `KEYS_STRING` varchar(20) COLLATE utf8_unicode_ci NOT NULL,
  `CODE_ID` int(18) NOT NULL,
  `USER_ID` int(18) NOT NULL,
  PRIMARY KEY (`ID`),
  UNIQUE KEY `ix_b_hot_keys_co_u` (`CODE_ID`,`USER_ID`),
  KEY `ix_hot_keys_code` (`CODE_ID`),
  KEY `ix_hot_keys_user` (`USER_ID`)
) ENGINE=InnoDB AUTO_INCREMENT=13 DEFAULT CHARSET=utf8 COLLATE=utf8_unicode_ci;
/*!40101 SET character_set_client = @saved_cs_client */;

--
-- Dumping data for table `b_hot_keys`
--

LOCK TABLES `b_hot_keys` WRITE;
/*!40000 ALTER TABLE `b_hot_keys` DISABLE KEYS */;
INSERT INTO `b_hot_keys` VALUES (1,'Ctrl+Alt+85',139,0),(2,'Ctrl+Alt+80',17,0),(3,'Ctrl+Alt+70',120,0),(4,'Ctrl+Alt+68',117,0),(5,'Ctrl+Alt+81',3,0),(6,'Ctrl+Alt+75',106,0),(7,'Ctrl+Alt+79',133,0),(8,'Ctrl+Alt+70',121,0),(9,'Ctrl+Alt+69',118,0),(10,'Ctrl+Shift+83',87,0),(11,'Ctrl+Shift+88',88,0),(12,'Ctrl+Shift+76',89,0);
/*!40000 ALTER TABLE `b_hot_keys` ENABLE KEYS */;
UNLOCK TABLES;

--
-- Table structure for table `b_hot_keys_code`
--

DROP TABLE IF EXISTS `b_hot_keys_code`;
/*!40101 SET @saved_cs_client     = @@character_set_client */;
/*!40101 SET character_set_client = utf8 */;
CREATE TABLE `b_hot_keys_code` (
  `ID` int(18) NOT NULL AUTO_INCREMENT,
  `CLASS_NAME` varchar(50) COLLATE utf8_unicode_ci DEFAULT NULL,
  `CODE` varchar(255) COLLATE utf8_unicode_ci DEFAULT NULL,
  `NAME` varchar(255) COLLATE utf8_unicode_ci DEFAULT NULL,
  `COMMENTS` varchar(255) COLLATE utf8_unicode_ci DEFAULT NULL,
  `TITLE_OBJ` varchar(50) COLLATE utf8_unicode_ci DEFAULT NULL,
  `URL` varchar(255) COLLATE utf8_unicode_ci DEFAULT NULL,
  `IS_CUSTOM` tinyint(1) NOT NULL DEFAULT '1',
  PRIMARY KEY (`ID`),
  KEY `ix_hot_keys_code_cn` (`CLASS_NAME`),
  KEY `ix_hot_keys_code_url` (`URL`)
) ENGINE=InnoDB AUTO_INCREMENT=140 DEFAULT CHARSET=utf8 COLLATE=utf8_unicode_ci;
/*!40101 SET character_set_client = @saved_cs_client */;

--
-- Dumping data for table `b_hot_keys_code`
--

LOCK TABLES `b_hot_keys_code` WRITE;
/*!40000 ALTER TABLE `b_hot_keys_code` DISABLE KEYS */;
INSERT INTO `b_hot_keys_code` VALUES (3,'CAdminTabControl','NextTab();','HK_DB_CADMINTC','HK_DB_CADMINTC_C','tab-container','',0),(5,'btn_new','var d=BX (\'btn_new\'); if (d) location.href = d.href;','HK_DB_BUT_ADD','HK_DB_BUT_ADD_C','btn_new','',0),(6,'btn_excel','var d=BX(\'btn_excel\'); if (d) location.href = d.href;','HK_DB_BUT_EXL','HK_DB_BUT_EXL_C','btn_excel','',0),(7,'btn_settings','var d=BX(\'btn_settings\'); if (d) location.href = d.href;','HK_DB_BUT_OPT','HK_DB_BUT_OPT_C','btn_settings','',0),(8,'btn_list','var d=BX(\'btn_list\'); if (d) location.href = d.href;','HK_DB_BUT_LST','HK_DB_BUT_LST_C','btn_list','',0),(9,'Edit_Save_Button','var d=BX .findChild(document, {attribute: {\'name\': \'save\'}}, true );  if (d) d.click();','HK_DB_BUT_SAVE','HK_DB_BUT_SAVE_C','Edit_Save_Button','',0),(10,'btn_delete','var d=BX(\'btn_delete\'); if (d) location.href = d.href;','HK_DB_BUT_DEL','HK_DB_BUT_DEL_C','btn_delete','',0),(12,'CAdminFilter','var d=BX .findChild(document, {attribute: {\'name\': \'find\'}}, true ); if (d) d.focus();','HK_DB_FLT_FND','HK_DB_FLT_FND_C','find','',0),(13,'CAdminFilter','var d=BX .findChild(document, {attribute: {\'name\': \'set_filter\'}}, true );  if (d) d.click();','HK_DB_FLT_BUT_F','HK_DB_FLT_BUT_F_C','set_filter','',0),(14,'CAdminFilter','var d=BX .findChild(document, {attribute: {\'name\': \'del_filter\'}}, true );  if (d) d.click();','HK_DB_FLT_BUT_CNL','HK_DB_FLT_BUT_CNL_C','del_filter','',0),(15,'bx-panel-admin-button-help-icon-id','var d=BX(\'bx-panel-admin-button-help-icon-id\'); if (d) location.href = d.href;','HK_DB_BUT_HLP','HK_DB_BUT_HLP_C','bx-panel-admin-button-help-icon-id','',0),(17,'Global','BXHotKeys.ShowSettings();','HK_DB_SHW_L','HK_DB_SHW_L_C','bx-panel-hotkeys','',0),(19,'Edit_Apply_Button','var d=BX .findChild(document, {attribute: {\'name\': \'apply\'}}, true );  if (d) d.click();','HK_DB_BUT_APPL','HK_DB_BUT_APPL_C','Edit_Apply_Button','',0),(20,'Edit_Cancel_Button','var d=BX .findChild(document, {attribute: {\'name\': \'cancel\'}}, true );  if (d) d.click();','HK_DB_BUT_CANCEL','HK_DB_BUT_CANCEL_C','Edit_Cancel_Button','',0),(54,'top_panel_org_fav','','-=AUTONAME=-',NULL,'top_panel_org_fav',NULL,0),(55,'top_panel_module_settings','','-=AUTONAME=-',NULL,'top_panel_module_settings','',0),(56,'top_panel_interface_settings','','-=AUTONAME=-',NULL,'top_panel_interface_settings','',0),(57,'top_panel_help','','-=AUTONAME=-',NULL,'top_panel_help','',0),(58,'top_panel_bizproc_tasks','','-=AUTONAME=-',NULL,'top_panel_bizproc_tasks','',0),(59,'top_panel_add_fav','','-=AUTONAME=-',NULL,'top_panel_add_fav',NULL,0),(60,'top_panel_create_page','','-=AUTONAME=-',NULL,'top_panel_create_page','',0),(62,'top_panel_create_folder','','-=AUTONAME=-',NULL,'top_panel_create_folder','',0),(63,'top_panel_edit_page','','-=AUTONAME=-',NULL,'top_panel_edit_page','',0),(64,'top_panel_page_prop','','-=AUTONAME=-',NULL,'top_panel_page_prop','',0),(65,'top_panel_edit_page_html','','-=AUTONAME=-',NULL,'top_panel_edit_page_html','',0),(67,'top_panel_edit_page_php','','-=AUTONAME=-',NULL,'top_panel_edit_page_php','',0),(68,'top_panel_del_page','','-=AUTONAME=-',NULL,'top_panel_del_page','',0),(69,'top_panel_folder_prop','','-=AUTONAME=-',NULL,'top_panel_folder_prop','',0),(70,'top_panel_access_folder_new','','-=AUTONAME=-',NULL,'top_panel_access_folder_new','',0),(71,'main_top_panel_struct_panel','','-=AUTONAME=-',NULL,'main_top_panel_struct_panel','',0),(72,'top_panel_cache_page','','-=AUTONAME=-',NULL,'top_panel_cache_page','',0),(73,'top_panel_cache_comp','','-=AUTONAME=-',NULL,'top_panel_cache_comp','',0),(74,'top_panel_cache_not','','-=AUTONAME=-',NULL,'top_panel_cache_not','',0),(75,'top_panel_edit_mode','','-=AUTONAME=-',NULL,'top_panel_edit_mode','',0),(76,'top_panel_templ_site_css','','-=AUTONAME=-',NULL,'top_panel_templ_site_css','',0),(77,'top_panel_templ_templ_css','','-=AUTONAME=-',NULL,'top_panel_templ_templ_css','',0),(78,'top_panel_templ_site','','-=AUTONAME=-',NULL,'top_panel_templ_site','',0),(81,'top_panel_debug_time','','-=AUTONAME=-',NULL,'top_panel_debug_time','',0),(82,'top_panel_debug_incl','','-=AUTONAME=-',NULL,'top_panel_debug_incl','',0),(83,'top_panel_debug_sql','','-=AUTONAME=-',NULL,'top_panel_debug_sql',NULL,0),(84,'top_panel_debug_compr','','-=AUTONAME=-',NULL,'top_panel_debug_compr','',0),(85,'MTP_SHORT_URI1','','-=AUTONAME=-',NULL,'MTP_SHORT_URI1','',0),(86,'MTP_SHORT_URI_LIST','','-=AUTONAME=-',NULL,'MTP_SHORT_URI_LIST','',0),(87,'FMST_PANEL_STICKER_ADD','','-=AUTONAME=-',NULL,'FMST_PANEL_STICKER_ADD','',0),(88,'FMST_PANEL_STICKERS_SHOW','','-=AUTONAME=-',NULL,'FMST_PANEL_STICKERS_SHOW','',0),(89,'FMST_PANEL_CUR_STICKER_LIST','','-=AUTONAME=-',NULL,'FMST_PANEL_CUR_STICKER_LIST','',0),(90,'FMST_PANEL_ALL_STICKER_LIST','','-=AUTONAME=-',NULL,'FMST_PANEL_ALL_STICKER_LIST','',0),(91,'top_panel_menu','var d=BX(\"bx-panel-menu\"); if (d) d.click();','-=AUTONAME=-',NULL,'bx-panel-menu','',0),(92,'top_panel_admin','var d=BX(\'bx-panel-admin-tab\'); if (d) location.href = d.href;','-=AUTONAME=-',NULL,'bx-panel-admin-tab','',0),(93,'admin_panel_site','var d=BX(\'bx-panel-view-tab\'); if (d) location.href = d.href;','-=AUTONAME=-',NULL,'bx-panel-view-tab','',0),(94,'admin_panel_admin','var d=BX(\'bx-panel-admin-tab\'); if (d) location.href = d.href;','-=AUTONAME=-',NULL,'bx-panel-admin-tab','',0),(96,'top_panel_folder_prop_new','','-=AUTONAME=-',NULL,'top_panel_folder_prop_new','',0),(97,'main_top_panel_structure','','-=AUTONAME=-',NULL,'main_top_panel_structure','',0),(98,'top_panel_clear_cache','','-=AUTONAME=-',NULL,'top_panel_clear_cache','',0),(99,'top_panel_templ','','-=AUTONAME=-',NULL,'top_panel_templ','',0),(100,'top_panel_debug','','-=AUTONAME=-',NULL,'top_panel_debug','',0),(101,'MTP_SHORT_URI','','-=AUTONAME=-',NULL,'MTP_SHORT_URI','',0),(102,'FMST_PANEL_STICKERS','','-=AUTONAME=-',NULL,'FMST_PANEL_STICKERS','',0),(103,'top_panel_settings','','-=AUTONAME=-',NULL,'top_panel_settings','',0),(104,'top_panel_fav','','-=AUTONAME=-',NULL,'top_panel_fav','',0),(106,'Global','location.href=\'/bitrix/admin/hot_keys_list.php?lang=ru\';','HK_DB_SHW_HK','','','',0),(107,'top_panel_edit_new','','-=AUTONAME=-',NULL,'top_panel_edit_new','',0),(108,'FLOW_PANEL_CREATE_WITH_WF','','-=AUTONAME=-',NULL,'FLOW_PANEL_CREATE_WITH_WF','',0),(109,'FLOW_PANEL_EDIT_WITH_WF','','-=AUTONAME=-',NULL,'FLOW_PANEL_EDIT_WITH_WF','',0),(110,'FLOW_PANEL_HISTORY','','-=AUTONAME=-',NULL,'FLOW_PANEL_HISTORY','',0),(111,'top_panel_create_new','','-=AUTONAME=-',NULL,'top_panel_create_new','',0),(112,'top_panel_create_folder_new','','-=AUTONAME=-',NULL,'top_panel_create_folder_new','',0),(116,'bx-panel-toggle','','-=AUTONAME=-',NULL,'bx-panel-toggle','',0),(117,'bx-panel-small-toggle','','-=AUTONAME=-',NULL,'bx-panel-small-toggle','',0),(118,'bx-panel-expander','var d=BX(\'bx-panel-expander\'); if (d) BX.fireEvent(d, \'click\');','-=AUTONAME=-',NULL,'bx-panel-expander','',0),(119,'bx-panel-hider','var d=BX(\'bx-panel-hider\'); if (d) d.click();','-=AUTONAME=-',NULL,'bx-panel-hider','',0),(120,'search-textbox-input','var d=BX(\'search-textbox-input\'); if (d) { d.click(); d.focus();}','-=AUTONAME=-','','search','',0),(121,'bx-search-input','var d=BX(\'bx-search-input\'); if (d) { d.click(); d.focus(); }','-=AUTONAME=-','','bx-search-input','',0),(133,'bx-panel-logout','var d=BX(\'bx-panel-logout\'); if (d) location.href = d.href;','-=AUTONAME=-','','bx-panel-logout','',0),(135,'CDialog','var d=BX(\'cancel\'); if (d) d.click();','HK_DB_D_CANCEL','','cancel','',0),(136,'CDialog','var d=BX(\'close\'); if (d) d.click();','HK_DB_D_CLOSE','','close','',0),(137,'CDialog','var d=BX(\'savebtn\'); if (d) d.click();','HK_DB_D_SAVE','','savebtn','',0),(138,'CDialog','var d=BX(\'btn_popup_save\'); if (d) d.click();','HK_DB_D_EDIT_SAVE','','btn_popup_save','',0),(139,'Global','location.href=\'/bitrix/admin/user_admin.php?lang=\'+phpVars.LANGUAGE_ID;','HK_DB_SHW_U','','','',0);
/*!40000 ALTER TABLE `b_hot_keys_code` ENABLE KEYS */;
UNLOCK TABLES;

--
-- Table structure for table `b_iblock`
--

DROP TABLE IF EXISTS `b_iblock`;
/*!40101 SET @saved_cs_client     = @@character_set_client */;
/*!40101 SET character_set_client = utf8 */;
CREATE TABLE `b_iblock` (
  `ID` int(11) NOT NULL AUTO_INCREMENT,
  `TIMESTAMP_X` timestamp NOT NULL DEFAULT CURRENT_TIMESTAMP,
  `IBLOCK_TYPE_ID` varchar(50) COLLATE utf8_unicode_ci NOT NULL,
  `LID` char(2) COLLATE utf8_unicode_ci NOT NULL,
  `CODE` varchar(50) COLLATE utf8_unicode_ci DEFAULT NULL,
  `NAME` varchar(255) COLLATE utf8_unicode_ci NOT NULL,
  `ACTIVE` char(1) COLLATE utf8_unicode_ci NOT NULL DEFAULT 'Y',
  `SORT` int(11) NOT NULL DEFAULT '500',
  `LIST_PAGE_URL` varchar(255) COLLATE utf8_unicode_ci DEFAULT NULL,
  `DETAIL_PAGE_URL` varchar(255) COLLATE utf8_unicode_ci DEFAULT NULL,
  `SECTION_PAGE_URL` varchar(255) COLLATE utf8_unicode_ci DEFAULT NULL,
  `CANONICAL_PAGE_URL` varchar(255) COLLATE utf8_unicode_ci DEFAULT NULL,
  `PICTURE` int(18) DEFAULT NULL,
  `DESCRIPTION` text COLLATE utf8_unicode_ci,
  `DESCRIPTION_TYPE` char(4) COLLATE utf8_unicode_ci NOT NULL DEFAULT 'text',
  `RSS_TTL` int(11) NOT NULL DEFAULT '24',
  `RSS_ACTIVE` char(1) COLLATE utf8_unicode_ci NOT NULL DEFAULT 'Y',
  `RSS_FILE_ACTIVE` char(1) COLLATE utf8_unicode_ci NOT NULL DEFAULT 'N',
  `RSS_FILE_LIMIT` int(11) DEFAULT NULL,
  `RSS_FILE_DAYS` int(11) DEFAULT NULL,
  `RSS_YANDEX_ACTIVE` char(1) COLLATE utf8_unicode_ci NOT NULL DEFAULT 'N',
  `XML_ID` varchar(255) COLLATE utf8_unicode_ci DEFAULT NULL,
  `TMP_ID` varchar(40) COLLATE utf8_unicode_ci DEFAULT NULL,
  `INDEX_ELEMENT` char(1) COLLATE utf8_unicode_ci NOT NULL DEFAULT 'Y',
  `INDEX_SECTION` char(1) COLLATE utf8_unicode_ci NOT NULL DEFAULT 'N',
  `WORKFLOW` char(1) COLLATE utf8_unicode_ci NOT NULL DEFAULT 'Y',
  `BIZPROC` char(1) COLLATE utf8_unicode_ci NOT NULL DEFAULT 'N',
  `SECTION_CHOOSER` char(1) COLLATE utf8_unicode_ci DEFAULT NULL,
  `LIST_MODE` char(1) COLLATE utf8_unicode_ci DEFAULT NULL,
  `RIGHTS_MODE` char(1) COLLATE utf8_unicode_ci DEFAULT NULL,
  `SECTION_PROPERTY` char(1) COLLATE utf8_unicode_ci DEFAULT NULL,
  `PROPERTY_INDEX` char(1) COLLATE utf8_unicode_ci DEFAULT NULL,
  `VERSION` int(11) NOT NULL DEFAULT '1',
  `LAST_CONV_ELEMENT` int(11) NOT NULL DEFAULT '0',
  `SOCNET_GROUP_ID` int(18) DEFAULT NULL,
  `EDIT_FILE_BEFORE` varchar(255) COLLATE utf8_unicode_ci DEFAULT NULL,
  `EDIT_FILE_AFTER` varchar(255) COLLATE utf8_unicode_ci DEFAULT NULL,
  `SECTIONS_NAME` varchar(100) COLLATE utf8_unicode_ci DEFAULT NULL,
  `SECTION_NAME` varchar(100) COLLATE utf8_unicode_ci DEFAULT NULL,
  `ELEMENTS_NAME` varchar(100) COLLATE utf8_unicode_ci DEFAULT NULL,
  `ELEMENT_NAME` varchar(100) COLLATE utf8_unicode_ci DEFAULT NULL,
  PRIMARY KEY (`ID`),
  KEY `ix_iblock` (`IBLOCK_TYPE_ID`,`LID`,`ACTIVE`)
) ENGINE=InnoDB AUTO_INCREMENT=6 DEFAULT CHARSET=utf8 COLLATE=utf8_unicode_ci;
/*!40101 SET character_set_client = @saved_cs_client */;

--
-- Dumping data for table `b_iblock`
--

LOCK TABLES `b_iblock` WRITE;
/*!40000 ALTER TABLE `b_iblock` DISABLE KEYS */;
INSERT INTO `b_iblock` VALUES (1,'2016-10-31 18:42:52','catalog','s1','catalog','Каталог товаров','Y',500,'#SITE_DIR#/catalog/','#SITE_DIR#/catalog/#SECTION_CODE_PATH#/#ELEMENT_CODE#/','#SITE_DIR#/catalog/#SECTION_CODE_PATH#/','',NULL,'','text',24,'Y','N',NULL,NULL,'N',NULL,'aacef76b93c0b226045b4794598dfc37','Y','Y','N','N','L','','S','Y','I',2,0,NULL,'','','Разделы','Раздел','Объявления','Объявление'),(5,'2017-03-18 18:26:18','catalog','s1','reviews','Отзывы к объявлениям','Y',500,'','','','',NULL,'','text',24,'Y','N',NULL,NULL,'N',NULL,NULL,'N','N','N','N','L','','S',NULL,NULL,2,0,NULL,'','','Разделы','Раздел','Отзывы','Отзыв');
/*!40000 ALTER TABLE `b_iblock` ENABLE KEYS */;
UNLOCK TABLES;

--
-- Table structure for table `b_iblock_cache`
--

DROP TABLE IF EXISTS `b_iblock_cache`;
/*!40101 SET @saved_cs_client     = @@character_set_client */;
/*!40101 SET character_set_client = utf8 */;
CREATE TABLE `b_iblock_cache` (
  `CACHE_KEY` varchar(35) COLLATE utf8_unicode_ci NOT NULL,
  `CACHE` longtext COLLATE utf8_unicode_ci NOT NULL,
  `CACHE_DATE` datetime NOT NULL DEFAULT '0000-00-00 00:00:00',
  PRIMARY KEY (`CACHE_KEY`)
) ENGINE=InnoDB DEFAULT CHARSET=utf8 COLLATE=utf8_unicode_ci;
/*!40101 SET character_set_client = @saved_cs_client */;

--
-- Dumping data for table `b_iblock_cache`
--

LOCK TABLES `b_iblock_cache` WRITE;
/*!40000 ALTER TABLE `b_iblock_cache` DISABLE KEYS */;
/*!40000 ALTER TABLE `b_iblock_cache` ENABLE KEYS */;
UNLOCK TABLES;

--
-- Table structure for table `b_iblock_element`
--

DROP TABLE IF EXISTS `b_iblock_element`;
/*!40101 SET @saved_cs_client     = @@character_set_client */;
/*!40101 SET character_set_client = utf8 */;
CREATE TABLE `b_iblock_element` (
  `ID` int(11) NOT NULL AUTO_INCREMENT,
  `TIMESTAMP_X` datetime DEFAULT NULL,
  `MODIFIED_BY` int(18) DEFAULT NULL,
  `DATE_CREATE` datetime DEFAULT NULL,
  `CREATED_BY` int(18) DEFAULT NULL,
  `IBLOCK_ID` int(11) NOT NULL DEFAULT '0',
  `IBLOCK_SECTION_ID` int(11) DEFAULT NULL,
  `ACTIVE` char(1) COLLATE utf8_unicode_ci NOT NULL DEFAULT 'Y',
  `ACTIVE_FROM` datetime DEFAULT NULL,
  `ACTIVE_TO` datetime DEFAULT NULL,
  `SORT` int(11) NOT NULL DEFAULT '500',
  `NAME` varchar(255) COLLATE utf8_unicode_ci NOT NULL,
  `PREVIEW_PICTURE` int(18) DEFAULT NULL,
  `PREVIEW_TEXT` text COLLATE utf8_unicode_ci,
  `PREVIEW_TEXT_TYPE` varchar(4) COLLATE utf8_unicode_ci NOT NULL DEFAULT 'text',
  `DETAIL_PICTURE` int(18) DEFAULT NULL,
  `DETAIL_TEXT` longtext COLLATE utf8_unicode_ci,
  `DETAIL_TEXT_TYPE` varchar(4) COLLATE utf8_unicode_ci NOT NULL DEFAULT 'text',
  `SEARCHABLE_CONTENT` text COLLATE utf8_unicode_ci,
  `WF_STATUS_ID` int(18) DEFAULT '1',
  `WF_PARENT_ELEMENT_ID` int(11) DEFAULT NULL,
  `WF_NEW` char(1) COLLATE utf8_unicode_ci DEFAULT NULL,
  `WF_LOCKED_BY` int(18) DEFAULT NULL,
  `WF_DATE_LOCK` datetime DEFAULT NULL,
  `WF_COMMENTS` text COLLATE utf8_unicode_ci,
  `IN_SECTIONS` char(1) COLLATE utf8_unicode_ci NOT NULL DEFAULT 'N',
  `XML_ID` varchar(255) COLLATE utf8_unicode_ci DEFAULT NULL,
  `CODE` varchar(255) COLLATE utf8_unicode_ci DEFAULT NULL,
  `TAGS` varchar(255) COLLATE utf8_unicode_ci DEFAULT NULL,
  `TMP_ID` varchar(40) COLLATE utf8_unicode_ci DEFAULT NULL,
  `WF_LAST_HISTORY_ID` int(11) DEFAULT NULL,
  `SHOW_COUNTER` int(18) DEFAULT NULL,
  `SHOW_COUNTER_START` datetime DEFAULT NULL,
  PRIMARY KEY (`ID`),
  KEY `ix_iblock_element_1` (`IBLOCK_ID`,`IBLOCK_SECTION_ID`),
  KEY `ix_iblock_element_4` (`IBLOCK_ID`,`XML_ID`,`WF_PARENT_ELEMENT_ID`),
  KEY `ix_iblock_element_3` (`WF_PARENT_ELEMENT_ID`),
  KEY `ix_iblock_element_code` (`IBLOCK_ID`,`CODE`)
) ENGINE=InnoDB AUTO_INCREMENT=49 DEFAULT CHARSET=utf8 COLLATE=utf8_unicode_ci;
/*!40101 SET character_set_client = @saved_cs_client */;

--
-- Dumping data for table `b_iblock_element`
--

LOCK TABLES `b_iblock_element` WRITE;
/*!40000 ALTER TABLE `b_iblock_element` DISABLE KEYS */;
INSERT INTO `b_iblock_element` VALUES (18,'2017-05-24 18:05:40',1,'2017-01-30 08:53:14',1,1,1,'Y','2017-01-30 11:04:48',NULL,500,'Свинина',NULL,'','text',NULL,'Все значения в JavaScript, за исключением null и undefined, содержат набор вспомогательных функций и значений, доступных «через точку».\r\n\r\nТакие функции называют «методами», а значения – «свойствами». Здесь мы рассмотрим основы использования свойств и методов.','text','СВИНИНА\r\n\r\nВСЕ ЗНАЧЕНИЯ В JAVASCRIPT, ЗА ИСКЛЮЧЕНИЕМ NULL И UNDEFINED, СОДЕРЖАТ НАБОР ВСПОМОГАТЕЛЬНЫХ ФУНКЦИЙ И ЗНАЧЕНИЙ, ДОСТУПНЫХ «ЧЕРЕЗ ТОЧКУ».\r\n\r\nТАКИЕ ФУНКЦИИ НАЗЫВАЮТ «МЕТОДАМИ», А ЗНАЧЕНИЯ – «СВОЙСТВАМИ». ЗДЕСЬ МЫ РАССМОТРИМ ОСНОВЫ ИСПОЛЬЗОВАНИЯ СВОЙСТВ И МЕТОДОВ.',1,NULL,NULL,NULL,NULL,NULL,'Y','18','','','0',NULL,7,'2017-01-30 08:53:54'),(24,'2017-03-11 23:32:07',1,'2017-03-05 06:55:48',1,1,8,'Y','2017-03-05 06:55:48',NULL,500,'Объявление в барахолке',NULL,'фдывоащцшоаы','text',NULL,'','text','ОБЪЯВЛЕНИЕ В БАРАХОЛКЕ\r\nФДЫВОАЩЦШОАЫ\r\n',1,NULL,NULL,NULL,NULL,NULL,'Y','24','','','0',NULL,3,'2017-03-18 20:16:38'),(27,'2017-05-01 00:57:58',1,'2017-03-19 21:51:46',1,5,NULL,'Y','2017-03-19 00:00:00',NULL,500,'26',NULL,'','text',NULL,'','text','26\r\n\r\n',1,NULL,NULL,NULL,NULL,NULL,'N','27','','','0',NULL,NULL,NULL),(28,'2017-03-19 22:01:04',1,'2017-03-19 22:01:04',1,5,NULL,'Y','2017-03-19 00:00:00',NULL,500,'26',NULL,NULL,'text',NULL,NULL,'text','26',1,NULL,NULL,NULL,NULL,NULL,'N','28',NULL,NULL,NULL,NULL,NULL,NULL),(29,'2017-03-19 22:27:11',1,'2017-03-19 22:27:11',1,5,NULL,'Y','2017-03-19 00:00:00',NULL,500,'21',NULL,NULL,'text',NULL,NULL,'text','21',1,NULL,NULL,NULL,NULL,NULL,'N','29',NULL,NULL,NULL,NULL,NULL,NULL),(30,'2017-03-19 22:27:28',1,'2017-03-19 22:27:28',1,5,NULL,'Y','2017-03-19 00:00:00',NULL,500,'21',NULL,NULL,'text',NULL,NULL,'text','21',1,NULL,NULL,NULL,NULL,NULL,'N','30',NULL,NULL,NULL,NULL,NULL,NULL),(31,'2017-03-19 22:27:36',1,'2017-03-19 22:27:36',1,5,NULL,'Y','2017-03-19 00:00:00',NULL,500,'21',NULL,NULL,'text',NULL,NULL,'text','21',1,NULL,NULL,NULL,NULL,NULL,'N','31',NULL,NULL,NULL,NULL,NULL,NULL),(32,'2017-03-19 22:47:25',1,'2017-03-19 22:47:25',1,5,NULL,'Y','2017-03-19 00:00:00',NULL,500,'21',NULL,NULL,'text',NULL,NULL,'text','21',1,NULL,NULL,NULL,NULL,NULL,'N','32',NULL,NULL,NULL,NULL,NULL,NULL),(33,'2017-03-19 22:48:55',1,'2017-03-19 22:48:55',1,5,NULL,'Y','2017-03-19 00:00:00',NULL,500,'21',NULL,NULL,'text',NULL,NULL,'text','21',1,NULL,NULL,NULL,NULL,NULL,'N','33',NULL,NULL,NULL,NULL,NULL,NULL),(34,'2017-03-19 22:49:10',1,'2017-03-19 22:49:10',1,5,NULL,'Y','2017-03-19 00:00:00',NULL,500,'21',NULL,NULL,'text',NULL,NULL,'text','21',1,NULL,NULL,NULL,NULL,NULL,'N','34',NULL,NULL,NULL,NULL,NULL,NULL),(35,'2017-03-19 22:51:53',1,'2017-03-19 22:51:53',1,5,NULL,'Y','2017-03-19 00:00:00',NULL,500,'21',NULL,NULL,'text',NULL,NULL,'text','21',1,NULL,NULL,NULL,NULL,NULL,'N','35',NULL,NULL,NULL,NULL,NULL,NULL),(36,'2017-04-01 20:47:10',1,'2017-04-01 20:47:10',1,5,NULL,'Y','2017-04-01 00:00:00',NULL,500,'26',NULL,NULL,'text',NULL,NULL,'text','26',1,NULL,NULL,NULL,NULL,NULL,'N','36',NULL,NULL,NULL,NULL,NULL,NULL),(37,'2017-04-30 22:07:59',1,'2017-04-30 22:07:59',1,5,NULL,'Y','2017-04-30 00:00:00',NULL,500,'26',NULL,NULL,'text',NULL,NULL,'text','26',1,NULL,NULL,NULL,NULL,NULL,'N','37',NULL,NULL,NULL,NULL,NULL,NULL),(38,'2017-05-01 00:54:39',1,'2017-05-01 00:54:39',1,5,NULL,'Y','2017-05-01 00:00:00',NULL,500,'26',NULL,NULL,'text',NULL,NULL,'text','26',1,NULL,NULL,NULL,NULL,NULL,'N','38',NULL,NULL,NULL,NULL,NULL,NULL),(39,'2017-05-17 22:15:24',1,'2017-05-17 21:59:25',1,1,8,'Y','2017-05-17 21:59:25',NULL,500,'тест геолокации',NULL,'хуевая струбцина','text',NULL,'','text','ТЕСТ ГЕОЛОКАЦИИ\r\nХУЕВАЯ СТРУБЦИНА\r\n',1,NULL,NULL,NULL,NULL,NULL,'Y','39','','','0',NULL,4,'2017-05-17 22:15:10'),(41,'2017-05-28 17:43:16',2,'2017-05-28 17:43:16',2,5,NULL,'Y','2017-05-28 00:00:00',NULL,500,'40',NULL,NULL,'text',NULL,NULL,'text','40',1,NULL,NULL,NULL,NULL,NULL,'N','41',NULL,NULL,NULL,NULL,NULL,NULL),(42,'2017-05-28 21:23:25',2,'2017-05-28 21:23:25',2,5,NULL,'Y','2017-05-28 00:00:00',NULL,500,'40',NULL,NULL,'text',NULL,NULL,'text','40',1,NULL,NULL,NULL,NULL,NULL,'N','42',NULL,NULL,NULL,NULL,NULL,NULL),(43,'2017-05-28 21:29:41',1,'2017-05-28 21:29:41',1,5,NULL,'Y','2017-05-28 00:00:00',NULL,500,'40',NULL,NULL,'text',NULL,NULL,'text','40',1,NULL,NULL,NULL,NULL,NULL,'N','43',NULL,NULL,NULL,NULL,NULL,NULL),(44,'2017-05-28 21:33:44',2,'2017-05-28 21:33:44',2,5,NULL,'Y','2017-05-28 00:00:00',NULL,500,'40',NULL,NULL,'text',NULL,NULL,'text','40',1,NULL,NULL,NULL,NULL,NULL,'N','44',NULL,NULL,NULL,NULL,NULL,NULL),(45,'2017-05-28 21:34:56',1,'2017-05-28 21:34:56',1,5,NULL,'Y','2017-05-28 00:00:00',NULL,500,'40',NULL,NULL,'text',NULL,NULL,'text','40',1,NULL,NULL,NULL,NULL,NULL,'N','45',NULL,NULL,NULL,NULL,NULL,NULL),(46,'2017-05-28 21:42:40',1,'2017-05-28 21:42:40',1,5,NULL,'Y','2017-05-28 00:00:00',NULL,500,'40',NULL,NULL,'text',NULL,NULL,'text','40',1,NULL,NULL,NULL,NULL,NULL,'N','46',NULL,NULL,NULL,NULL,NULL,NULL),(47,'2017-05-28 21:52:07',1,'2017-05-28 21:52:07',1,5,NULL,'Y','2017-05-28 00:00:00',NULL,500,'40',NULL,NULL,'text',NULL,NULL,'text','40',1,NULL,NULL,NULL,NULL,NULL,'N','47',NULL,NULL,NULL,NULL,NULL,NULL),(48,'2017-05-28 21:52:26',1,'2017-05-28 21:52:26',1,5,NULL,'Y','2017-05-28 00:00:00',NULL,500,'40',NULL,NULL,'text',NULL,NULL,'text','40',1,NULL,NULL,NULL,NULL,NULL,'N','48',NULL,NULL,NULL,NULL,NULL,NULL);
/*!40000 ALTER TABLE `b_iblock_element` ENABLE KEYS */;
UNLOCK TABLES;

--
-- Table structure for table `b_iblock_element_iprop`
--

DROP TABLE IF EXISTS `b_iblock_element_iprop`;
/*!40101 SET @saved_cs_client     = @@character_set_client */;
/*!40101 SET character_set_client = utf8 */;
CREATE TABLE `b_iblock_element_iprop` (
  `IBLOCK_ID` int(11) NOT NULL,
  `SECTION_ID` int(11) NOT NULL,
  `ELEMENT_ID` int(11) NOT NULL,
  `IPROP_ID` int(11) NOT NULL,
  `VALUE` text COLLATE utf8_unicode_ci NOT NULL,
  PRIMARY KEY (`ELEMENT_ID`,`IPROP_ID`),
  KEY `ix_b_iblock_element_iprop_0` (`IPROP_ID`),
  KEY `ix_b_iblock_element_iprop_1` (`IBLOCK_ID`)
) ENGINE=InnoDB DEFAULT CHARSET=utf8 COLLATE=utf8_unicode_ci;
/*!40101 SET character_set_client = @saved_cs_client */;

--
-- Dumping data for table `b_iblock_element_iprop`
--

LOCK TABLES `b_iblock_element_iprop` WRITE;
/*!40000 ALTER TABLE `b_iblock_element_iprop` DISABLE KEYS */;
/*!40000 ALTER TABLE `b_iblock_element_iprop` ENABLE KEYS */;
UNLOCK TABLES;

--
-- Table structure for table `b_iblock_element_lock`
--

DROP TABLE IF EXISTS `b_iblock_element_lock`;
/*!40101 SET @saved_cs_client     = @@character_set_client */;
/*!40101 SET character_set_client = utf8 */;
CREATE TABLE `b_iblock_element_lock` (
  `IBLOCK_ELEMENT_ID` int(11) NOT NULL,
  `DATE_LOCK` datetime DEFAULT NULL,
  `LOCKED_BY` varchar(32) COLLATE utf8_unicode_ci DEFAULT NULL,
  PRIMARY KEY (`IBLOCK_ELEMENT_ID`)
) ENGINE=InnoDB DEFAULT CHARSET=utf8 COLLATE=utf8_unicode_ci;
/*!40101 SET character_set_client = @saved_cs_client */;

--
-- Dumping data for table `b_iblock_element_lock`
--

LOCK TABLES `b_iblock_element_lock` WRITE;
/*!40000 ALTER TABLE `b_iblock_element_lock` DISABLE KEYS */;
/*!40000 ALTER TABLE `b_iblock_element_lock` ENABLE KEYS */;
UNLOCK TABLES;

--
-- Table structure for table `b_iblock_element_prop_m1`
--

DROP TABLE IF EXISTS `b_iblock_element_prop_m1`;
/*!40101 SET @saved_cs_client     = @@character_set_client */;
/*!40101 SET character_set_client = utf8 */;
CREATE TABLE `b_iblock_element_prop_m1` (
  `ID` int(11) NOT NULL AUTO_INCREMENT,
  `IBLOCK_ELEMENT_ID` int(11) NOT NULL,
  `IBLOCK_PROPERTY_ID` int(11) NOT NULL,
  `VALUE` text COLLATE utf8_unicode_ci NOT NULL,
  `VALUE_ENUM` int(11) DEFAULT NULL,
  `VALUE_NUM` decimal(18,4) DEFAULT NULL,
  `DESCRIPTION` varchar(255) COLLATE utf8_unicode_ci DEFAULT NULL,
  PRIMARY KEY (`ID`),
  KEY `ix_iblock_elem_prop_m1_1` (`IBLOCK_ELEMENT_ID`,`IBLOCK_PROPERTY_ID`),
  KEY `ix_iblock_elem_prop_m1_2` (`IBLOCK_PROPERTY_ID`),
  KEY `ix_iblock_elem_prop_m1_3` (`VALUE_ENUM`,`IBLOCK_PROPERTY_ID`)
) ENGINE=InnoDB AUTO_INCREMENT=14 DEFAULT CHARSET=utf8 COLLATE=utf8_unicode_ci;
/*!40101 SET character_set_client = @saved_cs_client */;

--
-- Dumping data for table `b_iblock_element_prop_m1`
--

LOCK TABLES `b_iblock_element_prop_m1` WRITE;
/*!40000 ALTER TABLE `b_iblock_element_prop_m1` DISABLE KEYS */;
INSERT INTO `b_iblock_element_prop_m1` VALUES (11,18,3,'36',NULL,36.0000,''),(12,18,3,'37',NULL,37.0000,''),(13,18,3,'38',NULL,38.0000,'');
/*!40000 ALTER TABLE `b_iblock_element_prop_m1` ENABLE KEYS */;
UNLOCK TABLES;

--
-- Table structure for table `b_iblock_element_prop_m5`
--

DROP TABLE IF EXISTS `b_iblock_element_prop_m5`;
/*!40101 SET @saved_cs_client     = @@character_set_client */;
/*!40101 SET character_set_client = utf8 */;
CREATE TABLE `b_iblock_element_prop_m5` (
  `ID` int(11) NOT NULL AUTO_INCREMENT,
  `IBLOCK_ELEMENT_ID` int(11) NOT NULL,
  `IBLOCK_PROPERTY_ID` int(11) NOT NULL,
  `VALUE` text COLLATE utf8_unicode_ci NOT NULL,
  `VALUE_ENUM` int(11) DEFAULT NULL,
  `VALUE_NUM` decimal(18,4) DEFAULT NULL,
  `DESCRIPTION` varchar(255) COLLATE utf8_unicode_ci DEFAULT NULL,
  PRIMARY KEY (`ID`),
  KEY `ix_iblock_elem_prop_m5_1` (`IBLOCK_ELEMENT_ID`,`IBLOCK_PROPERTY_ID`),
  KEY `ix_iblock_elem_prop_m5_2` (`IBLOCK_PROPERTY_ID`),
  KEY `ix_iblock_elem_prop_m5_3` (`VALUE_ENUM`,`IBLOCK_PROPERTY_ID`)
) ENGINE=InnoDB DEFAULT CHARSET=utf8 COLLATE=utf8_unicode_ci;
/*!40101 SET character_set_client = @saved_cs_client */;

--
-- Dumping data for table `b_iblock_element_prop_m5`
--

LOCK TABLES `b_iblock_element_prop_m5` WRITE;
/*!40000 ALTER TABLE `b_iblock_element_prop_m5` DISABLE KEYS */;
/*!40000 ALTER TABLE `b_iblock_element_prop_m5` ENABLE KEYS */;
UNLOCK TABLES;

--
-- Table structure for table `b_iblock_element_prop_s1`
--

DROP TABLE IF EXISTS `b_iblock_element_prop_s1`;
/*!40101 SET @saved_cs_client     = @@character_set_client */;
/*!40101 SET character_set_client = utf8 */;
CREATE TABLE `b_iblock_element_prop_s1` (
  `IBLOCK_ELEMENT_ID` int(11) NOT NULL,
  `PROPERTY_1` text COLLATE utf8_unicode_ci,
  `PROPERTY_2` text COLLATE utf8_unicode_ci,
  `PROPERTY_3` longtext COLLATE utf8_unicode_ci,
  `PROPERTY_4` int(11) DEFAULT NULL,
  `PROPERTY_5` text COLLATE utf8_unicode_ci,
  `PROPERTY_6` int(11) DEFAULT NULL,
  `PROPERTY_7` decimal(18,4) DEFAULT NULL,
  `PROPERTY_8` int(11) DEFAULT NULL,
  `PROPERTY_9` text COLLATE utf8_unicode_ci,
  `PROPERTY_10` decimal(18,4) DEFAULT NULL,
  `PROPERTY_14` text COLLATE utf8_unicode_ci,
  `PROPERTY_15` text COLLATE utf8_unicode_ci,
  `PROPERTY_16` text COLLATE utf8_unicode_ci,
  `PROPERTY_17` int(11) DEFAULT NULL,
  PRIMARY KEY (`IBLOCK_ELEMENT_ID`)
) ENGINE=InnoDB DEFAULT CHARSET=utf8 COLLATE=utf8_unicode_ci;
/*!40101 SET character_set_client = @saved_cs_client */;

--
-- Dumping data for table `b_iblock_element_prop_s1`
--

LOCK TABLES `b_iblock_element_prop_s1` WRITE;
/*!40000 ALTER TABLE `b_iblock_element_prop_s1` DISABLE KEYS */;
INSERT INTO `b_iblock_element_prop_s1` VALUES (18,'55.742185969517,37.568588867187','+23523532','a:3:{s:5:\"VALUE\";a:3:{i:0;s:2:\"36\";i:1;s:2:\"37\";i:2;s:2:\"38\";}s:11:\"DESCRIPTION\";a:3:{i:0;s:0:\"\";i:1;s:0:\"\";i:2;s:0:\"\";}s:2:\"ID\";a:3:{i:0;s:2:\"11\";i:1;s:2:\"12\";i:2;s:2:\"13\";}}',1,NULL,2,54.0000,4,NULL,15457.0000,NULL,NULL,'Москва',11),(24,'55.646004288885,37.922897949219','453234','a:3:{s:5:\"VALUE\";a:0:{}s:11:\"DESCRIPTION\";a:0:{}s:2:\"ID\";a:0:{}}',NULL,'курятина3',2,23.0000,10,'1',23.0000,NULL,NULL,NULL,NULL),(39,NULL,NULL,'a:3:{s:5:\"VALUE\";a:0:{}s:11:\"DESCRIPTION\";a:0:{}s:2:\"ID\";a:0:{}}',NULL,NULL,NULL,NULL,NULL,NULL,NULL,NULL,NULL,NULL,NULL);
/*!40000 ALTER TABLE `b_iblock_element_prop_s1` ENABLE KEYS */;
UNLOCK TABLES;

--
-- Table structure for table `b_iblock_element_prop_s5`
--

DROP TABLE IF EXISTS `b_iblock_element_prop_s5`;
/*!40101 SET @saved_cs_client     = @@character_set_client */;
/*!40101 SET character_set_client = utf8 */;
CREATE TABLE `b_iblock_element_prop_s5` (
  `IBLOCK_ELEMENT_ID` int(11) NOT NULL,
  `PROPERTY_20` text COLLATE utf8_unicode_ci,
  `PROPERTY_21` text COLLATE utf8_unicode_ci,
  `PROPERTY_22` decimal(18,4) DEFAULT NULL,
  `PROPERTY_23` decimal(18,4) DEFAULT NULL,
  PRIMARY KEY (`IBLOCK_ELEMENT_ID`)
) ENGINE=InnoDB DEFAULT CHARSET=utf8 COLLATE=utf8_unicode_ci;
/*!40101 SET character_set_client = @saved_cs_client */;

--
-- Dumping data for table `b_iblock_element_prop_s5`
--

LOCK TABLES `b_iblock_element_prop_s5` WRITE;
/*!40000 ALTER TABLE `b_iblock_element_prop_s5` DISABLE KEYS */;
INSERT INTO `b_iblock_element_prop_s5` VALUES (27,'Первый комментарий тут будет вот такой вот\r\n раз два три ','4',26.0000,2.0000),(28,'говняное говно у вас\r\nставлю два балла','2',26.0000,1.0000),(29,'збс говно','3',21.0000,1.0000),(30,'збс говно','3',21.0000,1.0000),(31,'збс говно','3',21.0000,1.0000),(32,'dfgdfg','3',21.0000,1.0000),(33,'dfgdfg','3',21.0000,1.0000),(34,'5 ballov epta!','5',21.0000,1.0000),(35,'ыаываыв','2',21.0000,1.0000),(36,'говно у вас так себе','3',26.0000,1.0000),(37,'тест комментария',NULL,26.0000,1.0000),(38,'[quote]\r\n[b]Админ:[/b]\r\nговняное говно у вас\r\nставлю два балла\r\n[/quote]\r\nда все заебись с моим говном! не пизди, уебок!',NULL,26.0000,1.0000),(41,'охуенно!\r\nоооочень охуенно!','4',40.0000,2.0000),(42,'нууу таааак себе блядь ваши штанцы','1',40.0000,2.0000),(43,'кто сверху, тот еблан\r\nзаебал хуесосить меня',NULL,40.0000,1.0000),(44,'йцуе\r\nвап\r\nва\r\nпва\r\nп',NULL,40.0000,2.0000),(45,'[quote]\r\n[b]Иван:[/b]\r\nохуенно!\r\nоооочень охуенно!\r\n[/quote]\r\n\r\nспасибо большое!',NULL,40.0000,1.0000),(46,'[quote]\r\n[b]Иван:[/b]\r\nйцуе\r\nвап\r\nва\r\nпва\r\nп\r\n[/quote]\r\nда что ты блядь мне хуету эту написываешь, мудила нахуй!?\r\nзаебал блядь!\r\nпошел нахуй!',NULL,40.0000,1.0000),(47,'[quote]\r\n[b]Иван:[/b]\r\nйцуе\r\nвап\r\nва\r\nпва\r\nп\r\n[/quote]\r\nфыва',NULL,40.0000,1.0000),(48,'[quote]\r\n[b]Иван:[/b]\r\nнууу таааак себе блядь ваши штанцы\r\nмамка твоя так себе!',NULL,40.0000,1.0000);
/*!40000 ALTER TABLE `b_iblock_element_prop_s5` ENABLE KEYS */;
UNLOCK TABLES;

--
-- Table structure for table `b_iblock_element_property`
--

DROP TABLE IF EXISTS `b_iblock_element_property`;
/*!40101 SET @saved_cs_client     = @@character_set_client */;
/*!40101 SET character_set_client = utf8 */;
CREATE TABLE `b_iblock_element_property` (
  `ID` int(11) NOT NULL AUTO_INCREMENT,
  `IBLOCK_PROPERTY_ID` int(11) NOT NULL,
  `IBLOCK_ELEMENT_ID` int(11) NOT NULL,
  `VALUE` text COLLATE utf8_unicode_ci NOT NULL,
  `VALUE_TYPE` char(4) COLLATE utf8_unicode_ci NOT NULL DEFAULT 'text',
  `VALUE_ENUM` int(11) DEFAULT NULL,
  `VALUE_NUM` decimal(18,4) DEFAULT NULL,
  `DESCRIPTION` varchar(255) COLLATE utf8_unicode_ci DEFAULT NULL,
  PRIMARY KEY (`ID`),
  KEY `ix_iblock_element_property_1` (`IBLOCK_ELEMENT_ID`,`IBLOCK_PROPERTY_ID`),
  KEY `ix_iblock_element_property_2` (`IBLOCK_PROPERTY_ID`),
  KEY `ix_iblock_element_prop_enum` (`VALUE_ENUM`,`IBLOCK_PROPERTY_ID`),
  KEY `ix_iblock_element_prop_num` (`VALUE_NUM`,`IBLOCK_PROPERTY_ID`)
) ENGINE=InnoDB AUTO_INCREMENT=260 DEFAULT CHARSET=utf8 COLLATE=utf8_unicode_ci;
/*!40101 SET character_set_client = @saved_cs_client */;

--
-- Dumping data for table `b_iblock_element_property`
--

LOCK TABLES `b_iblock_element_property` WRITE;
/*!40000 ALTER TABLE `b_iblock_element_property` DISABLE KEYS */;
/*!40000 ALTER TABLE `b_iblock_element_property` ENABLE KEYS */;
UNLOCK TABLES;

--
-- Table structure for table `b_iblock_element_right`
--

DROP TABLE IF EXISTS `b_iblock_element_right`;
/*!40101 SET @saved_cs_client     = @@character_set_client */;
/*!40101 SET character_set_client = utf8 */;
CREATE TABLE `b_iblock_element_right` (
  `IBLOCK_ID` int(11) NOT NULL,
  `SECTION_ID` int(11) NOT NULL,
  `ELEMENT_ID` int(11) NOT NULL,
  `RIGHT_ID` int(11) NOT NULL,
  `IS_INHERITED` char(1) COLLATE utf8_unicode_ci NOT NULL,
  PRIMARY KEY (`RIGHT_ID`,`ELEMENT_ID`,`SECTION_ID`),
  KEY `ix_b_iblock_element_right_1` (`ELEMENT_ID`,`IBLOCK_ID`),
  KEY `ix_b_iblock_element_right_2` (`IBLOCK_ID`,`RIGHT_ID`)
) ENGINE=InnoDB DEFAULT CHARSET=utf8 COLLATE=utf8_unicode_ci;
/*!40101 SET character_set_client = @saved_cs_client */;

--
-- Dumping data for table `b_iblock_element_right`
--

LOCK TABLES `b_iblock_element_right` WRITE;
/*!40000 ALTER TABLE `b_iblock_element_right` DISABLE KEYS */;
/*!40000 ALTER TABLE `b_iblock_element_right` ENABLE KEYS */;
UNLOCK TABLES;

--
-- Table structure for table `b_iblock_fields`
--

DROP TABLE IF EXISTS `b_iblock_fields`;
/*!40101 SET @saved_cs_client     = @@character_set_client */;
/*!40101 SET character_set_client = utf8 */;
CREATE TABLE `b_iblock_fields` (
  `IBLOCK_ID` int(18) NOT NULL,
  `FIELD_ID` varchar(50) COLLATE utf8_unicode_ci NOT NULL,
  `IS_REQUIRED` char(1) COLLATE utf8_unicode_ci DEFAULT NULL,
  `DEFAULT_VALUE` longtext COLLATE utf8_unicode_ci,
  PRIMARY KEY (`IBLOCK_ID`,`FIELD_ID`)
) ENGINE=InnoDB DEFAULT CHARSET=utf8 COLLATE=utf8_unicode_ci;
/*!40101 SET character_set_client = @saved_cs_client */;

--
-- Dumping data for table `b_iblock_fields`
--

LOCK TABLES `b_iblock_fields` WRITE;
/*!40000 ALTER TABLE `b_iblock_fields` DISABLE KEYS */;
INSERT INTO `b_iblock_fields` VALUES (1,'ACTIVE','Y','Y'),(1,'ACTIVE_FROM','Y','=now'),(1,'ACTIVE_TO','N',''),(1,'CODE','N','a:8:{s:6:\"UNIQUE\";s:1:\"N\";s:15:\"TRANSLITERATION\";s:1:\"N\";s:9:\"TRANS_LEN\";i:100;s:10:\"TRANS_CASE\";s:1:\"L\";s:11:\"TRANS_SPACE\";s:1:\"-\";s:11:\"TRANS_OTHER\";s:1:\"-\";s:9:\"TRANS_EAT\";s:1:\"Y\";s:10:\"USE_GOOGLE\";s:1:\"N\";}'),(1,'DETAIL_PICTURE','N','a:17:{s:5:\"SCALE\";s:1:\"N\";s:5:\"WIDTH\";s:0:\"\";s:6:\"HEIGHT\";s:0:\"\";s:13:\"IGNORE_ERRORS\";s:1:\"N\";s:6:\"METHOD\";s:8:\"resample\";s:11:\"COMPRESSION\";i:95;s:18:\"USE_WATERMARK_TEXT\";s:1:\"N\";s:14:\"WATERMARK_TEXT\";s:0:\"\";s:19:\"WATERMARK_TEXT_FONT\";s:0:\"\";s:20:\"WATERMARK_TEXT_COLOR\";s:0:\"\";s:19:\"WATERMARK_TEXT_SIZE\";s:0:\"\";s:23:\"WATERMARK_TEXT_POSITION\";s:2:\"tl\";s:18:\"USE_WATERMARK_FILE\";s:1:\"N\";s:14:\"WATERMARK_FILE\";s:0:\"\";s:20:\"WATERMARK_FILE_ALPHA\";s:0:\"\";s:23:\"WATERMARK_FILE_POSITION\";s:2:\"tl\";s:20:\"WATERMARK_FILE_ORDER\";N;}'),(1,'DETAIL_TEXT','N',''),(1,'DETAIL_TEXT_TYPE','Y','text'),(1,'DETAIL_TEXT_TYPE_ALLOW_CHANGE','N','Y'),(1,'IBLOCK_SECTION','N','a:1:{s:22:\"KEEP_IBLOCK_SECTION_ID\";s:1:\"N\";}'),(1,'LOG_ELEMENT_ADD','Y',NULL),(1,'LOG_ELEMENT_DELETE','Y',NULL),(1,'LOG_ELEMENT_EDIT','Y',NULL),(1,'LOG_SECTION_ADD','Y',NULL),(1,'LOG_SECTION_DELETE','Y',NULL),(1,'LOG_SECTION_EDIT','Y',NULL),(1,'NAME','Y',''),(1,'PREVIEW_PICTURE','N','a:20:{s:11:\"FROM_DETAIL\";s:1:\"N\";s:5:\"SCALE\";s:1:\"N\";s:5:\"WIDTH\";s:0:\"\";s:6:\"HEIGHT\";s:0:\"\";s:13:\"IGNORE_ERRORS\";s:1:\"N\";s:6:\"METHOD\";s:8:\"resample\";s:11:\"COMPRESSION\";i:95;s:18:\"DELETE_WITH_DETAIL\";s:1:\"N\";s:18:\"UPDATE_WITH_DETAIL\";s:1:\"N\";s:18:\"USE_WATERMARK_TEXT\";s:1:\"N\";s:14:\"WATERMARK_TEXT\";s:0:\"\";s:19:\"WATERMARK_TEXT_FONT\";s:0:\"\";s:20:\"WATERMARK_TEXT_COLOR\";s:0:\"\";s:19:\"WATERMARK_TEXT_SIZE\";s:0:\"\";s:23:\"WATERMARK_TEXT_POSITION\";s:2:\"tl\";s:18:\"USE_WATERMARK_FILE\";s:1:\"N\";s:14:\"WATERMARK_FILE\";s:0:\"\";s:20:\"WATERMARK_FILE_ALPHA\";s:0:\"\";s:23:\"WATERMARK_FILE_POSITION\";s:2:\"tl\";s:20:\"WATERMARK_FILE_ORDER\";N;}'),(1,'PREVIEW_TEXT','N',''),(1,'PREVIEW_TEXT_TYPE','Y','text'),(1,'PREVIEW_TEXT_TYPE_ALLOW_CHANGE','N','Y'),(1,'SECTION_CODE','Y','a:8:{s:6:\"UNIQUE\";s:1:\"Y\";s:15:\"TRANSLITERATION\";s:1:\"Y\";s:9:\"TRANS_LEN\";i:100;s:10:\"TRANS_CASE\";s:1:\"L\";s:11:\"TRANS_SPACE\";s:1:\"-\";s:11:\"TRANS_OTHER\";s:1:\"-\";s:9:\"TRANS_EAT\";s:1:\"Y\";s:10:\"USE_GOOGLE\";s:1:\"N\";}'),(1,'SECTION_DESCRIPTION','N',''),(1,'SECTION_DESCRIPTION_TYPE','Y','text'),(1,'SECTION_DESCRIPTION_TYPE_ALLOW_CHANGE','N','Y'),(1,'SECTION_DETAIL_PICTURE','N','a:17:{s:5:\"SCALE\";s:1:\"N\";s:5:\"WIDTH\";s:0:\"\";s:6:\"HEIGHT\";s:0:\"\";s:13:\"IGNORE_ERRORS\";s:1:\"N\";s:6:\"METHOD\";s:8:\"resample\";s:11:\"COMPRESSION\";i:95;s:18:\"USE_WATERMARK_TEXT\";s:1:\"N\";s:14:\"WATERMARK_TEXT\";s:0:\"\";s:19:\"WATERMARK_TEXT_FONT\";s:0:\"\";s:20:\"WATERMARK_TEXT_COLOR\";s:0:\"\";s:19:\"WATERMARK_TEXT_SIZE\";s:0:\"\";s:23:\"WATERMARK_TEXT_POSITION\";s:2:\"tl\";s:18:\"USE_WATERMARK_FILE\";s:1:\"N\";s:14:\"WATERMARK_FILE\";s:0:\"\";s:20:\"WATERMARK_FILE_ALPHA\";s:0:\"\";s:23:\"WATERMARK_FILE_POSITION\";s:2:\"tl\";s:20:\"WATERMARK_FILE_ORDER\";N;}'),(1,'SECTION_NAME','Y',''),(1,'SECTION_PICTURE','N','a:20:{s:11:\"FROM_DETAIL\";s:1:\"N\";s:5:\"SCALE\";s:1:\"N\";s:5:\"WIDTH\";s:0:\"\";s:6:\"HEIGHT\";s:0:\"\";s:13:\"IGNORE_ERRORS\";s:1:\"N\";s:6:\"METHOD\";s:8:\"resample\";s:11:\"COMPRESSION\";i:95;s:18:\"DELETE_WITH_DETAIL\";s:1:\"N\";s:18:\"UPDATE_WITH_DETAIL\";s:1:\"N\";s:18:\"USE_WATERMARK_TEXT\";s:1:\"N\";s:14:\"WATERMARK_TEXT\";s:0:\"\";s:19:\"WATERMARK_TEXT_FONT\";s:0:\"\";s:20:\"WATERMARK_TEXT_COLOR\";s:0:\"\";s:19:\"WATERMARK_TEXT_SIZE\";s:0:\"\";s:23:\"WATERMARK_TEXT_POSITION\";s:2:\"tl\";s:18:\"USE_WATERMARK_FILE\";s:1:\"N\";s:14:\"WATERMARK_FILE\";s:0:\"\";s:20:\"WATERMARK_FILE_ALPHA\";s:0:\"\";s:23:\"WATERMARK_FILE_POSITION\";s:2:\"tl\";s:20:\"WATERMARK_FILE_ORDER\";N;}'),(1,'SECTION_XML_ID','N',''),(1,'SORT','N','0'),(1,'TAGS','N',''),(1,'XML_ID','Y',''),(1,'XML_IMPORT_START_TIME','N',NULL),(5,'ACTIVE','Y','Y'),(5,'ACTIVE_FROM','Y','=now'),(5,'ACTIVE_TO','N',''),(5,'CODE','N','a:8:{s:6:\"UNIQUE\";s:1:\"N\";s:15:\"TRANSLITERATION\";s:1:\"N\";s:9:\"TRANS_LEN\";i:100;s:10:\"TRANS_CASE\";s:1:\"L\";s:11:\"TRANS_SPACE\";s:1:\"-\";s:11:\"TRANS_OTHER\";s:1:\"-\";s:9:\"TRANS_EAT\";s:1:\"Y\";s:10:\"USE_GOOGLE\";s:1:\"N\";}'),(5,'DETAIL_PICTURE','N','a:17:{s:5:\"SCALE\";s:1:\"N\";s:5:\"WIDTH\";s:0:\"\";s:6:\"HEIGHT\";s:0:\"\";s:13:\"IGNORE_ERRORS\";s:1:\"N\";s:6:\"METHOD\";s:8:\"resample\";s:11:\"COMPRESSION\";i:95;s:18:\"USE_WATERMARK_TEXT\";s:1:\"N\";s:14:\"WATERMARK_TEXT\";s:0:\"\";s:19:\"WATERMARK_TEXT_FONT\";s:0:\"\";s:20:\"WATERMARK_TEXT_COLOR\";s:0:\"\";s:19:\"WATERMARK_TEXT_SIZE\";s:0:\"\";s:23:\"WATERMARK_TEXT_POSITION\";s:2:\"tl\";s:18:\"USE_WATERMARK_FILE\";s:1:\"N\";s:14:\"WATERMARK_FILE\";s:0:\"\";s:20:\"WATERMARK_FILE_ALPHA\";s:0:\"\";s:23:\"WATERMARK_FILE_POSITION\";s:2:\"tl\";s:20:\"WATERMARK_FILE_ORDER\";N;}'),(5,'DETAIL_TEXT','N',''),(5,'DETAIL_TEXT_TYPE','Y','text'),(5,'DETAIL_TEXT_TYPE_ALLOW_CHANGE','N','Y'),(5,'IBLOCK_SECTION','N','a:1:{s:22:\"KEEP_IBLOCK_SECTION_ID\";s:1:\"N\";}'),(5,'LOG_ELEMENT_ADD','N',NULL),(5,'LOG_ELEMENT_DELETE','N',NULL),(5,'LOG_ELEMENT_EDIT','N',NULL),(5,'LOG_SECTION_ADD','N',NULL),(5,'LOG_SECTION_DELETE','N',NULL),(5,'LOG_SECTION_EDIT','N',NULL),(5,'NAME','Y',''),(5,'PREVIEW_PICTURE','N','a:20:{s:11:\"FROM_DETAIL\";s:1:\"N\";s:5:\"SCALE\";s:1:\"N\";s:5:\"WIDTH\";s:0:\"\";s:6:\"HEIGHT\";s:0:\"\";s:13:\"IGNORE_ERRORS\";s:1:\"N\";s:6:\"METHOD\";s:8:\"resample\";s:11:\"COMPRESSION\";i:95;s:18:\"DELETE_WITH_DETAIL\";s:1:\"N\";s:18:\"UPDATE_WITH_DETAIL\";s:1:\"N\";s:18:\"USE_WATERMARK_TEXT\";s:1:\"N\";s:14:\"WATERMARK_TEXT\";s:0:\"\";s:19:\"WATERMARK_TEXT_FONT\";s:0:\"\";s:20:\"WATERMARK_TEXT_COLOR\";s:0:\"\";s:19:\"WATERMARK_TEXT_SIZE\";s:0:\"\";s:23:\"WATERMARK_TEXT_POSITION\";s:2:\"tl\";s:18:\"USE_WATERMARK_FILE\";s:1:\"N\";s:14:\"WATERMARK_FILE\";s:0:\"\";s:20:\"WATERMARK_FILE_ALPHA\";s:0:\"\";s:23:\"WATERMARK_FILE_POSITION\";s:2:\"tl\";s:20:\"WATERMARK_FILE_ORDER\";N;}'),(5,'PREVIEW_TEXT','N',''),(5,'PREVIEW_TEXT_TYPE','Y','text'),(5,'PREVIEW_TEXT_TYPE_ALLOW_CHANGE','N','Y'),(5,'SECTION_CODE','N','a:8:{s:6:\"UNIQUE\";s:1:\"N\";s:15:\"TRANSLITERATION\";s:1:\"N\";s:9:\"TRANS_LEN\";i:100;s:10:\"TRANS_CASE\";s:1:\"L\";s:11:\"TRANS_SPACE\";s:1:\"-\";s:11:\"TRANS_OTHER\";s:1:\"-\";s:9:\"TRANS_EAT\";s:1:\"Y\";s:10:\"USE_GOOGLE\";s:1:\"N\";}'),(5,'SECTION_DESCRIPTION','N',''),(5,'SECTION_DESCRIPTION_TYPE','Y','text'),(5,'SECTION_DESCRIPTION_TYPE_ALLOW_CHANGE','N','Y'),(5,'SECTION_DETAIL_PICTURE','N','a:17:{s:5:\"SCALE\";s:1:\"N\";s:5:\"WIDTH\";s:0:\"\";s:6:\"HEIGHT\";s:0:\"\";s:13:\"IGNORE_ERRORS\";s:1:\"N\";s:6:\"METHOD\";s:8:\"resample\";s:11:\"COMPRESSION\";i:95;s:18:\"USE_WATERMARK_TEXT\";s:1:\"N\";s:14:\"WATERMARK_TEXT\";s:0:\"\";s:19:\"WATERMARK_TEXT_FONT\";s:0:\"\";s:20:\"WATERMARK_TEXT_COLOR\";s:0:\"\";s:19:\"WATERMARK_TEXT_SIZE\";s:0:\"\";s:23:\"WATERMARK_TEXT_POSITION\";s:2:\"tl\";s:18:\"USE_WATERMARK_FILE\";s:1:\"N\";s:14:\"WATERMARK_FILE\";s:0:\"\";s:20:\"WATERMARK_FILE_ALPHA\";s:0:\"\";s:23:\"WATERMARK_FILE_POSITION\";s:2:\"tl\";s:20:\"WATERMARK_FILE_ORDER\";N;}'),(5,'SECTION_NAME','Y',''),(5,'SECTION_PICTURE','N','a:20:{s:11:\"FROM_DETAIL\";s:1:\"N\";s:5:\"SCALE\";s:1:\"N\";s:5:\"WIDTH\";s:0:\"\";s:6:\"HEIGHT\";s:0:\"\";s:13:\"IGNORE_ERRORS\";s:1:\"N\";s:6:\"METHOD\";s:8:\"resample\";s:11:\"COMPRESSION\";i:95;s:18:\"DELETE_WITH_DETAIL\";s:1:\"N\";s:18:\"UPDATE_WITH_DETAIL\";s:1:\"N\";s:18:\"USE_WATERMARK_TEXT\";s:1:\"N\";s:14:\"WATERMARK_TEXT\";s:0:\"\";s:19:\"WATERMARK_TEXT_FONT\";s:0:\"\";s:20:\"WATERMARK_TEXT_COLOR\";s:0:\"\";s:19:\"WATERMARK_TEXT_SIZE\";s:0:\"\";s:23:\"WATERMARK_TEXT_POSITION\";s:2:\"tl\";s:18:\"USE_WATERMARK_FILE\";s:1:\"N\";s:14:\"WATERMARK_FILE\";s:0:\"\";s:20:\"WATERMARK_FILE_ALPHA\";s:0:\"\";s:23:\"WATERMARK_FILE_POSITION\";s:2:\"tl\";s:20:\"WATERMARK_FILE_ORDER\";N;}'),(5,'SECTION_XML_ID','N',''),(5,'SORT','N','0'),(5,'TAGS','N',''),(5,'XML_ID','Y',''),(5,'XML_IMPORT_START_TIME','N',NULL);
/*!40000 ALTER TABLE `b_iblock_fields` ENABLE KEYS */;
UNLOCK TABLES;

--
-- Table structure for table `b_iblock_group`
--

DROP TABLE IF EXISTS `b_iblock_group`;
/*!40101 SET @saved_cs_client     = @@character_set_client */;
/*!40101 SET character_set_client = utf8 */;
CREATE TABLE `b_iblock_group` (
  `IBLOCK_ID` int(11) NOT NULL,
  `GROUP_ID` int(11) NOT NULL,
  `PERMISSION` char(1) COLLATE utf8_unicode_ci NOT NULL,
  UNIQUE KEY `ux_iblock_group_1` (`IBLOCK_ID`,`GROUP_ID`)
) ENGINE=InnoDB DEFAULT CHARSET=utf8 COLLATE=utf8_unicode_ci;
/*!40101 SET character_set_client = @saved_cs_client */;

--
-- Dumping data for table `b_iblock_group`
--

LOCK TABLES `b_iblock_group` WRITE;
/*!40000 ALTER TABLE `b_iblock_group` DISABLE KEYS */;
INSERT INTO `b_iblock_group` VALUES (1,1,'X'),(1,2,'R'),(5,1,'X'),(5,2,'R');
/*!40000 ALTER TABLE `b_iblock_group` ENABLE KEYS */;
UNLOCK TABLES;

--
-- Table structure for table `b_iblock_iblock_iprop`
--

DROP TABLE IF EXISTS `b_iblock_iblock_iprop`;
/*!40101 SET @saved_cs_client     = @@character_set_client */;
/*!40101 SET character_set_client = utf8 */;
CREATE TABLE `b_iblock_iblock_iprop` (
  `IBLOCK_ID` int(11) NOT NULL,
  `IPROP_ID` int(11) NOT NULL,
  `VALUE` text COLLATE utf8_unicode_ci NOT NULL,
  PRIMARY KEY (`IBLOCK_ID`,`IPROP_ID`),
  KEY `ix_b_iblock_iblock_iprop_0` (`IPROP_ID`)
) ENGINE=InnoDB DEFAULT CHARSET=utf8 COLLATE=utf8_unicode_ci;
/*!40101 SET character_set_client = @saved_cs_client */;

--
-- Dumping data for table `b_iblock_iblock_iprop`
--

LOCK TABLES `b_iblock_iblock_iprop` WRITE;
/*!40000 ALTER TABLE `b_iblock_iblock_iprop` DISABLE KEYS */;
/*!40000 ALTER TABLE `b_iblock_iblock_iprop` ENABLE KEYS */;
UNLOCK TABLES;

--
-- Table structure for table `b_iblock_iproperty`
--

DROP TABLE IF EXISTS `b_iblock_iproperty`;
/*!40101 SET @saved_cs_client     = @@character_set_client */;
/*!40101 SET character_set_client = utf8 */;
CREATE TABLE `b_iblock_iproperty` (
  `ID` int(11) NOT NULL AUTO_INCREMENT,
  `IBLOCK_ID` int(11) NOT NULL,
  `CODE` varchar(50) COLLATE utf8_unicode_ci NOT NULL,
  `ENTITY_TYPE` char(1) COLLATE utf8_unicode_ci NOT NULL,
  `ENTITY_ID` int(11) NOT NULL,
  `TEMPLATE` text COLLATE utf8_unicode_ci NOT NULL,
  PRIMARY KEY (`ID`),
  KEY `ix_b_iblock_iprop_0` (`IBLOCK_ID`,`ENTITY_TYPE`,`ENTITY_ID`)
) ENGINE=InnoDB DEFAULT CHARSET=utf8 COLLATE=utf8_unicode_ci;
/*!40101 SET character_set_client = @saved_cs_client */;

--
-- Dumping data for table `b_iblock_iproperty`
--

LOCK TABLES `b_iblock_iproperty` WRITE;
/*!40000 ALTER TABLE `b_iblock_iproperty` DISABLE KEYS */;
/*!40000 ALTER TABLE `b_iblock_iproperty` ENABLE KEYS */;
UNLOCK TABLES;

--
-- Table structure for table `b_iblock_messages`
--

DROP TABLE IF EXISTS `b_iblock_messages`;
/*!40101 SET @saved_cs_client     = @@character_set_client */;
/*!40101 SET character_set_client = utf8 */;
CREATE TABLE `b_iblock_messages` (
  `IBLOCK_ID` int(18) NOT NULL,
  `MESSAGE_ID` varchar(50) COLLATE utf8_unicode_ci NOT NULL,
  `MESSAGE_TEXT` varchar(255) COLLATE utf8_unicode_ci DEFAULT NULL,
  PRIMARY KEY (`IBLOCK_ID`,`MESSAGE_ID`)
) ENGINE=InnoDB DEFAULT CHARSET=utf8 COLLATE=utf8_unicode_ci;
/*!40101 SET character_set_client = @saved_cs_client */;

--
-- Dumping data for table `b_iblock_messages`
--

LOCK TABLES `b_iblock_messages` WRITE;
/*!40000 ALTER TABLE `b_iblock_messages` DISABLE KEYS */;
INSERT INTO `b_iblock_messages` VALUES (1,'ELEMENT_ADD','Добавить объявление'),(1,'ELEMENT_DELETE','Удалить объявление'),(1,'ELEMENT_EDIT','Изменить объявление'),(1,'ELEMENT_NAME','Объявление'),(1,'ELEMENTS_NAME','Объявления'),(1,'SECTION_ADD','Добавить раздел'),(1,'SECTION_DELETE','Удалить раздел'),(1,'SECTION_EDIT','Изменить раздел'),(1,'SECTION_NAME','Раздел'),(1,'SECTIONS_NAME','Разделы'),(5,'ELEMENT_ADD','Добавить отзыв'),(5,'ELEMENT_DELETE','Удалить отзыв'),(5,'ELEMENT_EDIT','Изменить отзыв'),(5,'ELEMENT_NAME','Отзыв'),(5,'ELEMENTS_NAME','Отзывы'),(5,'SECTION_ADD','Добавить раздел'),(5,'SECTION_DELETE','Удалить раздел'),(5,'SECTION_EDIT','Изменить раздел'),(5,'SECTION_NAME','Раздел'),(5,'SECTIONS_NAME','Разделы');
/*!40000 ALTER TABLE `b_iblock_messages` ENABLE KEYS */;
UNLOCK TABLES;

--
-- Table structure for table `b_iblock_offers_tmp`
--

DROP TABLE IF EXISTS `b_iblock_offers_tmp`;
/*!40101 SET @saved_cs_client     = @@character_set_client */;
/*!40101 SET character_set_client = utf8 */;
CREATE TABLE `b_iblock_offers_tmp` (
  `ID` int(11) unsigned NOT NULL AUTO_INCREMENT,
  `PRODUCT_IBLOCK_ID` int(11) unsigned NOT NULL,
  `OFFERS_IBLOCK_ID` int(11) unsigned NOT NULL,
  `TIMESTAMP_X` timestamp NOT NULL DEFAULT CURRENT_TIMESTAMP,
  PRIMARY KEY (`ID`)
) ENGINE=InnoDB DEFAULT CHARSET=utf8 COLLATE=utf8_unicode_ci;
/*!40101 SET character_set_client = @saved_cs_client */;

--
-- Dumping data for table `b_iblock_offers_tmp`
--

LOCK TABLES `b_iblock_offers_tmp` WRITE;
/*!40000 ALTER TABLE `b_iblock_offers_tmp` DISABLE KEYS */;
/*!40000 ALTER TABLE `b_iblock_offers_tmp` ENABLE KEYS */;
UNLOCK TABLES;

--
-- Table structure for table `b_iblock_property`
--

DROP TABLE IF EXISTS `b_iblock_property`;
/*!40101 SET @saved_cs_client     = @@character_set_client */;
/*!40101 SET character_set_client = utf8 */;
CREATE TABLE `b_iblock_property` (
  `ID` int(11) NOT NULL AUTO_INCREMENT,
  `TIMESTAMP_X` timestamp NOT NULL DEFAULT CURRENT_TIMESTAMP,
  `IBLOCK_ID` int(11) NOT NULL,
  `NAME` varchar(255) COLLATE utf8_unicode_ci NOT NULL,
  `ACTIVE` char(1) COLLATE utf8_unicode_ci NOT NULL DEFAULT 'Y',
  `SORT` int(11) NOT NULL DEFAULT '500',
  `CODE` varchar(50) COLLATE utf8_unicode_ci DEFAULT NULL,
  `DEFAULT_VALUE` text COLLATE utf8_unicode_ci,
  `PROPERTY_TYPE` char(1) COLLATE utf8_unicode_ci NOT NULL DEFAULT 'S',
  `ROW_COUNT` int(11) NOT NULL DEFAULT '1',
  `COL_COUNT` int(11) NOT NULL DEFAULT '30',
  `LIST_TYPE` char(1) COLLATE utf8_unicode_ci NOT NULL DEFAULT 'L',
  `MULTIPLE` char(1) COLLATE utf8_unicode_ci NOT NULL DEFAULT 'N',
  `XML_ID` varchar(100) COLLATE utf8_unicode_ci DEFAULT NULL,
  `FILE_TYPE` varchar(200) COLLATE utf8_unicode_ci DEFAULT NULL,
  `MULTIPLE_CNT` int(11) DEFAULT NULL,
  `TMP_ID` varchar(40) COLLATE utf8_unicode_ci DEFAULT NULL,
  `LINK_IBLOCK_ID` int(18) DEFAULT NULL,
  `WITH_DESCRIPTION` char(1) COLLATE utf8_unicode_ci DEFAULT NULL,
  `SEARCHABLE` char(1) COLLATE utf8_unicode_ci NOT NULL DEFAULT 'N',
  `FILTRABLE` char(1) COLLATE utf8_unicode_ci NOT NULL DEFAULT 'N',
  `IS_REQUIRED` char(1) COLLATE utf8_unicode_ci DEFAULT NULL,
  `VERSION` int(11) NOT NULL DEFAULT '1',
  `USER_TYPE` varchar(255) COLLATE utf8_unicode_ci DEFAULT NULL,
  `USER_TYPE_SETTINGS` text COLLATE utf8_unicode_ci,
  `HINT` varchar(255) COLLATE utf8_unicode_ci DEFAULT NULL,
  PRIMARY KEY (`ID`),
  KEY `ix_iblock_property_1` (`IBLOCK_ID`),
  KEY `ix_iblock_property_3` (`LINK_IBLOCK_ID`),
  KEY `ix_iblock_property_2` (`CODE`)
) ENGINE=InnoDB AUTO_INCREMENT=24 DEFAULT CHARSET=utf8 COLLATE=utf8_unicode_ci;
/*!40101 SET character_set_client = @saved_cs_client */;

--
-- Dumping data for table `b_iblock_property`
--

LOCK TABLES `b_iblock_property` WRITE;
/*!40000 ALTER TABLE `b_iblock_property` DISABLE KEYS */;
INSERT INTO `b_iblock_property` VALUES (1,'2016-12-18 23:48:51',1,'Местоположение','Y',2,'YANDEX_MAP',NULL,'S',1,30,'L','N',NULL,'',5,NULL,0,'N','N','N','N',2,'map_yandex',NULL,''),(2,'2017-01-06 17:17:14',1,'Телефон','Y',6,'ADDTIONAL_PHONE','','S',1,30,'L','N',NULL,'',5,NULL,0,'N','N','N','N',2,NULL,NULL,''),(3,'2017-01-06 17:17:14',1,'Дополнительное фото','Y',500,'ADDITIONAL_PHOTO','','F',1,30,'L','Y',NULL,'jpg, gif, bmp, png, jpeg',5,NULL,0,'N','N','N','N',2,NULL,NULL,''),(4,'2017-01-06 17:17:14',1,'Торг','Y',4,'AUCTION','','L',1,30,'C','N',NULL,'',5,NULL,0,'N','N','N','N',2,NULL,NULL,''),(5,'2017-01-06 17:17:14',1,'Тип товара','Y',3,'ITEM_TYPE','','S',1,30,'L','N',NULL,'',5,NULL,0,'N','N','N','N',2,NULL,NULL,''),(6,'2017-01-06 17:17:14',1,'Категория','Y',1,'ADVERT_TYPE','','L',1,30,'L','N',NULL,'',5,NULL,0,'N','N','N','N',2,NULL,NULL,''),(7,'2017-01-06 17:17:14',1,'Количество товара','Y',500,'ITEMS_AMOUNT','','N',1,30,'L','N',NULL,'',5,NULL,0,'N','N','N','N',2,NULL,NULL,''),(8,'2017-01-06 17:17:14',1,'Единица измерения','Y',500,'AMOUNT_TYPE','','L',1,30,'L','N',NULL,'',5,NULL,0,'N','N','N','N',2,NULL,NULL,''),(9,'2017-01-06 17:24:58',1,'Пользователь','Y',500,'ITEM_USER',NULL,'S',1,30,'L','N',NULL,'',5,NULL,0,'N','N','N','N',2,'UserID',NULL,''),(10,'2017-01-07 15:36:14',1,'Цена','Y',5,'ITEM_COST','','N',1,30,'L','N',NULL,'',5,NULL,0,'N','N','N','N',2,NULL,NULL,''),(14,'2017-01-29 14:29:28',1,'location -> Город/Населенный пункт','Y',610,'VENDOR_CITY','','S',1,30,'L','N',NULL,'',5,NULL,0,'N','N','N','N',2,NULL,NULL,''),(15,'2017-01-29 15:38:37',1,'location -> Район','Y',605,'VENDOR_SUBAREA','','S',1,30,'L','N',NULL,'',5,NULL,0,'N','N','N','N',2,NULL,NULL,''),(16,'2017-01-29 15:38:37',1,'location -> Область','Y',600,'VENDOR_AREA','','S',1,30,'L','N',NULL,'',5,NULL,0,'N','N','N','N',2,NULL,NULL,''),(17,'2017-01-29 16:39:01',1,'VIP объявление','Y',500,'VIP_ADVERT','','L',1,30,'C','N',NULL,'',5,NULL,0,'N','N','N','N',2,NULL,NULL,''),(20,'2017-03-18 18:26:25',5,'Отзыв','Y',1,'TEXT_REVIEW','','S',5,30,'L','N',NULL,'',5,NULL,0,'N','N','N','N',2,NULL,NULL,''),(21,'2017-03-18 18:26:27',5,'Баллы','Y',2,'RAITING','','S',1,30,'L','N',NULL,'',5,NULL,0,'N','N','N','N',2,NULL,NULL,''),(22,'2017-03-18 18:26:29',5,'ID объявления','Y',3,'ITEM_ID','','N',1,30,'L','N',NULL,'',5,NULL,0,'N','N','N','N',2,NULL,NULL,''),(23,'2017-03-19 18:38:56',5,'ID пользователя','Y',4,'USER_ID','','N',1,30,'L','N',NULL,'',5,NULL,0,'N','N','N','N',2,NULL,NULL,'');
/*!40000 ALTER TABLE `b_iblock_property` ENABLE KEYS */;
UNLOCK TABLES;

--
-- Table structure for table `b_iblock_property_enum`
--

DROP TABLE IF EXISTS `b_iblock_property_enum`;
/*!40101 SET @saved_cs_client     = @@character_set_client */;
/*!40101 SET character_set_client = utf8 */;
CREATE TABLE `b_iblock_property_enum` (
  `ID` int(11) NOT NULL AUTO_INCREMENT,
  `PROPERTY_ID` int(11) NOT NULL,
  `VALUE` varchar(255) COLLATE utf8_unicode_ci NOT NULL,
  `DEF` char(1) COLLATE utf8_unicode_ci NOT NULL DEFAULT 'N',
  `SORT` int(11) NOT NULL DEFAULT '500',
  `XML_ID` varchar(200) COLLATE utf8_unicode_ci NOT NULL,
  `TMP_ID` varchar(40) COLLATE utf8_unicode_ci DEFAULT NULL,
  PRIMARY KEY (`ID`),
  UNIQUE KEY `ux_iblock_property_enum` (`PROPERTY_ID`,`XML_ID`)
) ENGINE=InnoDB AUTO_INCREMENT=12 DEFAULT CHARSET=utf8 COLLATE=utf8_unicode_ci;
/*!40101 SET character_set_client = @saved_cs_client */;

--
-- Dumping data for table `b_iblock_property_enum`
--

LOCK TABLES `b_iblock_property_enum` WRITE;
/*!40000 ALTER TABLE `b_iblock_property_enum` DISABLE KEYS */;
INSERT INTO `b_iblock_property_enum` VALUES (1,4,'Да','N',500,'08b0fe2b984fb19462b43043df22b5a8',NULL),(2,6,'Продам','Y',510,'504097af895c18c3047e7098e3fe348f',NULL),(3,6,'Куплю','N',520,'821748194b8ffa17b2e85c5c1a834c34',NULL),(4,8,'Килограмм','N',501,'0ca207efa55ed60683a57a97d33e6359',NULL),(5,8,'Литр','N',502,'68486964884e3399011dc6ab9f463195',NULL),(6,8,'Штука','N',503,'5a6c872767b543ace9aca5dad581559e',NULL),(7,6,'Обмен','N',530,'8321b8930447e209bca8f9f996907cb1',NULL),(8,6,'Услуга','N',540,'14842785ea5b66c391a62747cf29f071',NULL),(9,6,'Аренда','N',550,'d9fb21751f28412c707443d0021e6a92',NULL),(10,8,'Нет','Y',500,'f02d218c9771eb3d56126b41efe717d0',NULL),(11,17,'Да','N',500,'0d3a64ca57b0e91a9998f07a7eca3a25',NULL);
/*!40000 ALTER TABLE `b_iblock_property_enum` ENABLE KEYS */;
UNLOCK TABLES;

--
-- Table structure for table `b_iblock_right`
--

DROP TABLE IF EXISTS `b_iblock_right`;
/*!40101 SET @saved_cs_client     = @@character_set_client */;
/*!40101 SET character_set_client = utf8 */;
CREATE TABLE `b_iblock_right` (
  `ID` int(11) NOT NULL AUTO_INCREMENT,
  `IBLOCK_ID` int(11) NOT NULL,
  `GROUP_CODE` varchar(50) COLLATE utf8_unicode_ci NOT NULL,
  `ENTITY_TYPE` varchar(32) COLLATE utf8_unicode_ci NOT NULL,
  `ENTITY_ID` int(11) NOT NULL,
  `DO_INHERIT` char(1) COLLATE utf8_unicode_ci NOT NULL,
  `TASK_ID` int(11) NOT NULL,
  `OP_SREAD` char(1) COLLATE utf8_unicode_ci NOT NULL,
  `OP_EREAD` char(1) COLLATE utf8_unicode_ci NOT NULL,
  `XML_ID` varchar(32) COLLATE utf8_unicode_ci DEFAULT NULL,
  PRIMARY KEY (`ID`),
  KEY `ix_b_iblock_right_iblock_id` (`IBLOCK_ID`,`ENTITY_TYPE`,`ENTITY_ID`),
  KEY `ix_b_iblock_right_group_code` (`GROUP_CODE`,`IBLOCK_ID`),
  KEY `ix_b_iblock_right_entity` (`ENTITY_ID`,`ENTITY_TYPE`),
  KEY `ix_b_iblock_right_op_eread` (`ID`,`OP_EREAD`,`GROUP_CODE`),
  KEY `ix_b_iblock_right_op_sread` (`ID`,`OP_SREAD`,`GROUP_CODE`),
  KEY `ix_b_iblock_right_task_id` (`TASK_ID`)
) ENGINE=InnoDB DEFAULT CHARSET=utf8 COLLATE=utf8_unicode_ci;
/*!40101 SET character_set_client = @saved_cs_client */;

--
-- Dumping data for table `b_iblock_right`
--

LOCK TABLES `b_iblock_right` WRITE;
/*!40000 ALTER TABLE `b_iblock_right` DISABLE KEYS */;
/*!40000 ALTER TABLE `b_iblock_right` ENABLE KEYS */;
UNLOCK TABLES;

--
-- Table structure for table `b_iblock_rss`
--

DROP TABLE IF EXISTS `b_iblock_rss`;
/*!40101 SET @saved_cs_client     = @@character_set_client */;
/*!40101 SET character_set_client = utf8 */;
CREATE TABLE `b_iblock_rss` (
  `ID` int(11) NOT NULL AUTO_INCREMENT,
  `IBLOCK_ID` int(11) NOT NULL,
  `NODE` varchar(50) COLLATE utf8_unicode_ci NOT NULL,
  `NODE_VALUE` varchar(250) COLLATE utf8_unicode_ci DEFAULT NULL,
  PRIMARY KEY (`ID`)
) ENGINE=InnoDB DEFAULT CHARSET=utf8 COLLATE=utf8_unicode_ci;
/*!40101 SET character_set_client = @saved_cs_client */;

--
-- Dumping data for table `b_iblock_rss`
--

LOCK TABLES `b_iblock_rss` WRITE;
/*!40000 ALTER TABLE `b_iblock_rss` DISABLE KEYS */;
/*!40000 ALTER TABLE `b_iblock_rss` ENABLE KEYS */;
UNLOCK TABLES;

--
-- Table structure for table `b_iblock_section`
--

DROP TABLE IF EXISTS `b_iblock_section`;
/*!40101 SET @saved_cs_client     = @@character_set_client */;
/*!40101 SET character_set_client = utf8 */;
CREATE TABLE `b_iblock_section` (
  `ID` int(11) NOT NULL AUTO_INCREMENT,
  `TIMESTAMP_X` timestamp NOT NULL DEFAULT CURRENT_TIMESTAMP,
  `MODIFIED_BY` int(18) DEFAULT NULL,
  `DATE_CREATE` datetime DEFAULT NULL,
  `CREATED_BY` int(18) DEFAULT NULL,
  `IBLOCK_ID` int(11) NOT NULL,
  `IBLOCK_SECTION_ID` int(11) DEFAULT NULL,
  `ACTIVE` char(1) COLLATE utf8_unicode_ci NOT NULL DEFAULT 'Y',
  `GLOBAL_ACTIVE` char(1) COLLATE utf8_unicode_ci NOT NULL DEFAULT 'Y',
  `SORT` int(11) NOT NULL DEFAULT '500',
  `NAME` varchar(255) COLLATE utf8_unicode_ci NOT NULL,
  `PICTURE` int(18) DEFAULT NULL,
  `LEFT_MARGIN` int(18) DEFAULT NULL,
  `RIGHT_MARGIN` int(18) DEFAULT NULL,
  `DEPTH_LEVEL` int(18) DEFAULT NULL,
  `DESCRIPTION` text COLLATE utf8_unicode_ci,
  `DESCRIPTION_TYPE` char(4) COLLATE utf8_unicode_ci NOT NULL DEFAULT 'text',
  `SEARCHABLE_CONTENT` text COLLATE utf8_unicode_ci,
  `CODE` varchar(255) COLLATE utf8_unicode_ci DEFAULT NULL,
  `XML_ID` varchar(255) COLLATE utf8_unicode_ci DEFAULT NULL,
  `TMP_ID` varchar(40) COLLATE utf8_unicode_ci DEFAULT NULL,
  `DETAIL_PICTURE` int(18) DEFAULT NULL,
  `SOCNET_GROUP_ID` int(18) DEFAULT NULL,
  PRIMARY KEY (`ID`),
  KEY `ix_iblock_section_1` (`IBLOCK_ID`,`IBLOCK_SECTION_ID`),
  KEY `ix_iblock_section_depth_level` (`IBLOCK_ID`,`DEPTH_LEVEL`),
  KEY `ix_iblock_section_left_margin` (`IBLOCK_ID`,`LEFT_MARGIN`,`RIGHT_MARGIN`),
  KEY `ix_iblock_section_right_margin` (`IBLOCK_ID`,`RIGHT_MARGIN`,`LEFT_MARGIN`),
  KEY `ix_iblock_section_code` (`IBLOCK_ID`,`CODE`)
) ENGINE=InnoDB AUTO_INCREMENT=135 DEFAULT CHARSET=utf8 COLLATE=utf8_unicode_ci;
/*!40101 SET character_set_client = @saved_cs_client */;

--
-- Dumping data for table `b_iblock_section`
--

LOCK TABLES `b_iblock_section` WRITE;
/*!40000 ALTER TABLE `b_iblock_section` DISABLE KEYS */;
INSERT INTO `b_iblock_section` VALUES (1,'2016-10-31 18:51:02',1,'2016-10-31 21:51:02',1,1,NULL,'Y','Y',500,'Животноводство',35,1,22,1,'','text','ЖИВОТНОВОДСТВО\r\n','zhivotnovodstvo',NULL,NULL,NULL,NULL),(2,'2016-10-31 18:51:28',1,'2016-10-31 21:51:28',1,1,NULL,'Y','Y',501,'Растениеводство',34,23,254,1,'','text','РАСТЕНИЕВОДСТВО\r\n','rastenievodstvo',NULL,NULL,NULL,NULL),(3,'2016-10-31 18:51:41',1,'2016-10-31 21:51:41',1,1,NULL,'Y','Y',502,'Птицеводство',33,255,256,1,'','text','ПТИЦЕВОДСТВО\r\n','ptitsevodstvo',NULL,NULL,NULL,NULL),(4,'2016-10-31 18:51:55',1,'2016-10-31 21:51:55',1,1,NULL,'Y','Y',504,'Рыба и морепродукты',32,259,260,1,'','text','РЫБА И МОРЕПРОДУКТЫ\r\n','ryba-i-moreprodukty',NULL,NULL,NULL,NULL),(5,'2016-10-31 18:52:17',1,'2016-10-31 21:52:17',1,1,NULL,'Y','Y',503,'Фермерская продукция',31,257,258,1,'','text','ФЕРМЕРСКАЯ ПРОДУКЦИЯ\r\n','fermerskaya-produktsiya',NULL,NULL,NULL,NULL),(6,'2016-10-31 18:52:31',1,'2016-10-31 21:52:31',1,1,NULL,'Y','Y',505,'Услуги для фермеров',30,261,262,1,'','text','УСЛУГИ ДЛЯ ФЕРМЕРОВ\r\n','uslugi-dlya-fermerov',NULL,NULL,NULL,NULL),(8,'2016-10-31 18:54:13',1,'2016-10-31 21:54:13',1,1,NULL,'Y','Y',506,'Барахолка',29,263,264,1,'','text','БАРАХОЛКА\r\n','barakholka',NULL,NULL,NULL,NULL),(9,'2016-10-31 18:54:25',1,'2016-10-31 21:54:25',1,1,NULL,'Y','Y',507,'Халяльная продукция',28,265,266,1,'','text','ХАЛЯЛЬНАЯ ПРОДУКЦИЯ\r\n','khalyalnaya-produktsiya',NULL,NULL,39,NULL),(10,'2016-10-31 18:54:43',1,'2016-10-31 21:54:43',1,1,1,'Y','Y',500,'Свинина',NULL,18,19,2,'','text','СВИНИНА\r\n','svinina',NULL,NULL,NULL,NULL),(11,'2016-10-31 18:54:51',1,'2016-10-31 21:54:51',1,1,1,'Y','Y',500,'Говядина',NULL,6,7,2,'','text','ГОВЯДИНА\r\n','govyadina',NULL,NULL,NULL,NULL),(12,'2016-10-31 18:55:02',1,'2016-10-31 21:55:02',1,1,1,'Y','Y',500,'Баранина',NULL,2,3,2,'','text','БАРАНИНА\r\n','baranina',NULL,NULL,NULL,NULL),(13,'2016-10-31 18:55:20',1,'2016-10-31 21:55:20',1,1,1,'Y','Y',500,'Оленина',NULL,16,17,2,'','text','ОЛЕНИНА\r\n','olenina',NULL,NULL,NULL,NULL),(14,'2016-10-31 18:55:27',1,'2016-10-31 21:55:27',1,1,1,'Y','Y',500,'Конина',NULL,10,11,2,'','text','КОНИНА\r\n','konina',NULL,NULL,NULL,NULL),(15,'2016-10-31 18:55:50',1,'2016-10-31 21:55:50',1,1,1,'Y','Y',500,'Козлятина',NULL,8,9,2,'','text','КОЗЛЯТИНА\r\n','kozlyatina',NULL,NULL,NULL,NULL),(16,'2016-10-31 18:56:01',1,'2016-10-31 21:56:01',1,1,1,'Y','Y',500,'Телятина',NULL,20,21,2,'','text','ТЕЛЯТИНА\r\n','telyatina',NULL,NULL,NULL,NULL),(17,'2016-10-31 18:56:12',1,'2016-10-31 21:56:12',1,1,1,'Y','Y',500,'Верблюжатина',NULL,4,5,2,'','text','ВЕРБЛЮЖАТИНА\r\n','verblyuzhatina',NULL,NULL,NULL,NULL),(18,'2016-10-31 18:56:21',1,'2016-10-31 21:56:21',1,1,1,'Y','Y',500,'Лосятина',NULL,12,13,2,'','text','ЛОСЯТИНА\r\n','losyatina',NULL,NULL,NULL,NULL),(19,'2016-10-31 18:56:35',1,'2016-10-31 21:56:35',1,1,1,'Y','Y',500,'Мясо диких животных',NULL,14,15,2,'','text','МЯСО ДИКИХ ЖИВОТНЫХ\r\n','myaso-dikikh-zhivotnykh',NULL,NULL,NULL,NULL),(20,'2016-10-31 18:57:48',1,'2016-10-31 21:57:48',1,1,2,'Y','Y',500,'Овощи',NULL,26,101,2,'','text','ОВОЩИ\r\n','ovoshchi',NULL,NULL,NULL,NULL),(21,'2016-10-31 18:58:02',1,'2016-10-31 21:58:02',1,1,2,'Y','Y',500,'Фрукты и ягоды',NULL,112,253,2,'','text','ФРУКТЫ И ЯГОДЫ\r\n','frukty-i-yagody',NULL,NULL,NULL,NULL),(22,'2016-10-31 18:58:21',1,'2016-10-31 21:58:21',1,1,2,'Y','Y',500,'Свежая зелень',NULL,108,109,2,'','text','СВЕЖАЯ ЗЕЛЕНЬ\r\n','svezhaya-zelen',NULL,NULL,NULL,NULL),(23,'2016-10-31 18:58:37',1,'2016-10-31 21:58:37',1,1,2,'Y','Y',500,'Орехи и сухофрукты',NULL,102,103,2,'','text','ОРЕХИ И СУХОФРУКТЫ\r\n','orekhi-i-sukhofrukty',NULL,NULL,NULL,NULL),(24,'2016-10-31 18:58:49',1,'2016-10-31 21:58:49',1,1,2,'Y','Y',500,'Грибы',NULL,24,25,2,'','text','ГРИБЫ\r\n','griby',NULL,NULL,NULL,NULL),(25,'2016-10-31 18:58:57',1,'2016-10-31 21:58:57',1,1,2,'Y','Y',500,'Саженцы',NULL,106,107,2,'','text','САЖЕНЦЫ\r\n','sazhentsy',NULL,NULL,NULL,NULL),(26,'2016-10-31 18:59:07',1,'2016-10-31 21:59:07',1,1,2,'Y','Y',500,'Рассада',NULL,104,105,2,'','text','РАССАДА\r\n','rassada',NULL,NULL,NULL,NULL),(27,'2016-10-31 18:59:17',1,'2016-10-31 21:59:17',1,1,2,'Y','Y',500,'Специи и пряности, шлюхи наркотики оружие алкоголь',NULL,110,111,2,'','text','СПЕЦИИ И ПРЯНОСТИ, ШЛЮХИ НАРКОТИКИ ОРУЖИЕ АЛКОГОЛЬ\r\n','spetsii-i-pryanosti',NULL,NULL,NULL,NULL),(28,'2016-10-31 19:15:02',1,'2016-10-31 22:15:02',1,1,20,'Y','Y',500,'Огурец',NULL,61,62,3,'','text','ОГУРЕЦ\r\n','ogurets',NULL,NULL,NULL,NULL),(29,'2016-10-31 19:15:10',1,'2016-10-31 22:15:10',1,1,20,'Y','Y',500,'Помидор',NULL,71,72,3,'','text','ПОМИДОР\r\n','pomidor',NULL,NULL,NULL,NULL),(30,'2016-10-31 19:15:21',1,'2016-10-31 22:15:21',1,1,20,'Y','Y',500,'Свекла',NULL,81,82,3,'','text','СВЕКЛА\r\n','svekla',NULL,NULL,NULL,NULL),(31,'2016-10-31 19:15:32',1,'2016-10-31 22:15:32',1,1,20,'Y','Y',500,'Кабачок',NULL,45,46,3,'','text','КАБАЧОК\r\n','kabachok',NULL,NULL,NULL,NULL),(32,'2016-10-31 19:15:41',1,'2016-10-31 22:15:41',1,1,20,'Y','Y',500,'Чеснок',NULL,99,100,3,'','text','ЧЕСНОК\r\n','chesnok',NULL,NULL,NULL,NULL),(33,'2016-10-31 19:16:21',1,'2016-10-31 22:16:21',1,1,20,'Y','Y',500,'Батат',NULL,33,34,3,'','text','БАТАТ\r\n','batat',NULL,NULL,NULL,NULL),(34,'2016-10-31 19:16:29',1,'2016-10-31 22:16:29',1,1,20,'Y','Y',500,'Соя',NULL,87,88,3,'','text','СОЯ\r\n','soya',NULL,NULL,NULL,NULL),(35,'2016-10-31 19:16:55',1,'2016-10-31 22:16:55',1,1,20,'Y','Y',500,'Бобы',NULL,35,36,3,'','text','БОБЫ\r\n','boby',NULL,NULL,NULL,NULL),(36,'2016-10-31 19:17:04',1,'2016-10-31 22:17:04',1,1,20,'Y','Y',500,'Фасоль',NULL,93,94,3,'','text','ФАСОЛЬ\r\n','fasol',NULL,NULL,NULL,NULL),(37,'2016-10-31 19:17:15',1,'2016-10-31 22:17:15',1,1,20,'Y','Y',500,'Цукини',NULL,97,98,3,'','text','ЦУКИНИ\r\n','tsukini',NULL,NULL,NULL,NULL),(38,'2016-10-31 19:17:25',1,'2016-10-31 22:17:25',1,1,20,'Y','Y',500,'Топинамбур',NULL,89,90,3,'','text','ТОПИНАМБУР\r\n','topinambur',NULL,NULL,NULL,NULL),(39,'2016-10-31 19:17:36',1,'2016-10-31 22:17:36',1,1,20,'Y','Y',500,'Тыква',NULL,91,92,3,'','text','ТЫКВА\r\n','tykva',NULL,NULL,NULL,NULL),(40,'2016-10-31 19:17:42',1,'2016-10-31 22:17:42',1,1,20,'Y','Y',500,'Капуста',NULL,47,48,3,'','text','КАПУСТА\r\n','kapusta',NULL,NULL,NULL,NULL),(41,'2016-10-31 19:17:49',1,'2016-10-31 22:17:49',1,1,20,'Y','Y',500,'Горох',NULL,41,42,3,'','text','ГОРОХ\r\n','gorokh',NULL,NULL,NULL,NULL),(42,'2016-10-31 19:17:58',1,'2016-10-31 22:17:58',1,1,20,'Y','Y',500,'Картофель',NULL,49,50,3,'','text','КАРТОФЕЛЬ\r\n','kartofel',NULL,NULL,NULL,NULL),(43,'2016-10-31 19:18:05',1,'2016-10-31 22:18:05',1,1,20,'Y','Y',500,'Морковь',NULL,59,60,3,'','text','МОРКОВЬ\r\n','morkov',NULL,NULL,NULL,NULL),(44,'2016-10-31 19:18:15',1,'2016-10-31 22:18:15',1,1,20,'Y','Y',500,'Брюква',NULL,39,40,3,'','text','БРЮКВА\r\n','bryukva',NULL,NULL,NULL,NULL),(45,'2016-10-31 19:18:22',1,'2016-10-31 22:18:22',1,1,20,'Y','Y',500,'Дайкон',NULL,43,44,3,'','text','ДАЙКОН\r\n','daykon',NULL,NULL,NULL,NULL),(46,'2016-10-31 19:18:33',1,'2016-10-31 22:18:33',1,1,20,'Y','Y',500,'Брокколи',NULL,37,38,3,'','text','БРОККОЛИ\r\n','brokkoli',NULL,NULL,NULL,NULL),(47,'2016-10-31 19:18:41',1,'2016-10-31 22:18:41',1,1,20,'Y','Y',500,'Кольраби',NULL,51,52,3,'','text','КОЛЬРАБИ\r\n','kolrabi',NULL,NULL,NULL,NULL),(48,'2016-10-31 19:18:50',1,'2016-10-31 22:18:50',1,1,20,'Y','Y',500,'Репа',NULL,79,80,3,'','text','РЕПА\r\n','repa',NULL,NULL,NULL,NULL),(49,'2016-10-31 19:18:56',1,'2016-10-31 22:18:56',1,1,20,'Y','Y',500,'Редис',NULL,75,76,3,'','text','РЕДИС\r\n','redis',NULL,NULL,NULL,NULL),(50,'2016-10-31 19:19:18',1,'2016-10-31 22:19:18',1,1,20,'Y','Y',500,'Ревень',NULL,73,74,3,'','text','РЕВЕНЬ\r\n','reven',NULL,NULL,NULL,NULL),(51,'2016-10-31 19:19:39',1,'2016-10-31 22:19:39',1,1,20,'Y','Y',500,'Патиссон',NULL,67,68,3,'','text','ПАТИССОН\r\n','patisson',NULL,NULL,NULL,NULL),(52,'2016-10-31 19:19:49',1,'2016-10-31 22:19:49',1,1,20,'Y','Y',500,'Кукуруза',NULL,53,54,3,'','text','КУКУРУЗА\r\n','kukuruza',NULL,NULL,NULL,NULL),(53,'2016-10-31 19:20:02',1,'2016-10-31 22:20:02',1,1,20,'Y','Y',500,'Перец',NULL,69,70,3,'','text','ПЕРЕЦ\r\n','perets',NULL,NULL,NULL,NULL),(54,'2016-10-31 19:20:10',1,'2016-10-31 22:20:10',1,1,20,'Y','Y',500,'Пастернак',NULL,65,66,3,'','text','ПАСТЕРНАК\r\n','pasternak',NULL,NULL,NULL,NULL),(55,'2016-10-31 19:20:21',1,'2016-10-31 22:20:21',1,1,20,'Y','Y',500,'Лук',NULL,55,56,3,'','text','ЛУК\r\n','luk',NULL,NULL,NULL,NULL),(56,'2016-10-31 19:20:29',1,'2016-10-31 22:20:29',1,1,20,'Y','Y',500,'Редька',NULL,77,78,3,'','text','РЕДЬКА\r\n','redka',NULL,NULL,NULL,NULL),(57,'2016-10-31 19:20:40',1,'2016-10-31 22:20:40',1,1,20,'Y','Y',500,'Маслины',NULL,57,58,3,'','text','МАСЛИНЫ\r\n','masliny',NULL,NULL,NULL,NULL),(58,'2016-10-31 19:21:00',1,'2016-10-31 22:21:00',1,1,20,'Y','Y',500,'Олива',NULL,63,64,3,'','text','ОЛИВА\r\n','oliva',NULL,NULL,NULL,NULL),(59,'2016-10-31 19:21:07',1,'2016-10-31 22:21:07',1,1,20,'Y','Y',500,'Баклажан',NULL,29,30,3,'','text','БАКЛАЖАН\r\n','baklazhan',NULL,NULL,NULL,NULL),(60,'2016-10-31 19:21:18',1,'2016-10-31 22:21:18',1,1,20,'Y','Y',500,'Физалис',NULL,95,96,3,'','text','ФИЗАЛИС\r\n','fizalis',NULL,NULL,NULL,NULL),(61,'2016-10-31 19:21:25',1,'2016-10-31 22:21:25',1,1,20,'Y','Y',500,'Артишок',NULL,27,28,3,'','text','АРТИШОК\r\n','artishok',NULL,NULL,NULL,NULL),(62,'2016-10-31 19:21:47',1,'2016-10-31 22:21:47',1,1,20,'Y','Y',500,'Бамбия',NULL,31,32,3,'','text','БАМБИЯ\r\n','bambiya',NULL,NULL,NULL,NULL),(63,'2016-10-31 19:22:00',1,'2016-10-31 22:22:00',1,1,20,'Y','Y',500,'Скорцонера',NULL,85,86,3,'','text','СКОРЦОНЕРА\r\n','skortsonera',NULL,NULL,NULL,NULL),(64,'2016-10-31 19:22:08',1,'2016-10-31 22:22:08',1,1,20,'Y','Y',500,'Сельдерей',NULL,83,84,3,'','text','СЕЛЬДЕРЕЙ\r\n','selderey',NULL,NULL,NULL,NULL),(65,'2016-10-31 19:22:50',1,'2016-10-31 22:22:50',1,1,21,'Y','Y',500,'Апельсин',NULL,123,124,3,'','text','АПЕЛЬСИН\r\n','apelsin',NULL,NULL,NULL,NULL),(66,'2016-10-31 19:22:59',1,'2016-10-31 22:22:59',1,1,21,'Y','Y',500,'Ежевика',NULL,157,158,3,'','text','ЕЖЕВИКА\r\n','ezhevika',NULL,NULL,NULL,NULL),(67,'2016-10-31 19:23:09',1,'2016-10-31 22:23:09',1,1,21,'Y','Y',500,'Грейпфрут',NULL,149,150,3,'','text','ГРЕЙПФРУТ\r\n','greypfrut',NULL,NULL,NULL,NULL),(68,'2016-10-31 19:23:20',1,'2016-10-31 22:23:20',1,1,21,'Y','Y',500,'Боярышник',NULL,131,132,3,'','text','БОЯРЫШНИК\r\n','boyaryshnik',NULL,NULL,NULL,NULL),(69,'2016-10-31 19:23:28',1,'2016-10-31 22:23:28',1,1,21,'Y','Y',500,'Виноград',NULL,137,138,3,'','text','ВИНОГРАД\r\n','vinograd',NULL,NULL,NULL,NULL),(70,'2016-10-31 19:23:36',1,'2016-10-31 22:23:36',1,1,21,'Y','Y',500,'Ананас',NULL,121,122,3,'','text','АНАНАС\r\n','ananas',NULL,NULL,NULL,NULL),(71,'2016-10-31 19:23:42',1,'2016-10-31 22:23:42',1,1,21,'Y','Y',500,'Слива',NULL,227,228,3,'','text','СЛИВА\r\n','sliva',NULL,NULL,NULL,NULL),(72,'2016-10-31 19:23:50',1,'2016-10-31 22:23:50',1,1,21,'Y','Y',500,'Вишня',NULL,139,140,3,'','text','ВИШНЯ\r\n','vishnya',NULL,NULL,NULL,NULL),(73,'2016-10-31 19:23:57',1,'2016-10-31 22:23:57',1,1,21,'Y','Y',500,'Смородина',NULL,229,230,3,'','text','СМОРОДИНА\r\n','smorodina',NULL,NULL,NULL,NULL),(74,'2016-10-31 19:24:06',1,'2016-10-31 22:24:06',1,1,21,'Y','Y',500,'Арбуз',NULL,125,126,3,'','text','АРБУЗ\r\n','arbuz',NULL,NULL,NULL,NULL),(75,'2016-10-31 19:24:22',1,'2016-10-31 22:24:22',1,1,21,'Y','Y',500,'Шиповник',NULL,247,248,3,'','text','ШИПОВНИК\r\n','shipovnik',NULL,NULL,NULL,NULL),(76,'2016-10-31 19:24:33',1,'2016-10-31 22:24:33',1,1,21,'Y','Y',500,'Черника',NULL,245,246,3,'','text','ЧЕРНИКА\r\n','chernika',NULL,NULL,NULL,NULL),(77,'2016-10-31 19:24:43',1,'2016-10-31 22:24:43',1,1,21,'Y','Y',500,'Барбарис',NULL,129,130,3,'','text','БАРБАРИС\r\n','barbaris',NULL,NULL,NULL,NULL),(78,'2016-10-31 19:24:50',1,'2016-10-31 22:24:50',1,1,21,'Y','Y',500,'Брусника',NULL,133,134,3,'','text','БРУСНИКА\r\n','brusnika',NULL,NULL,NULL,NULL),(79,'2016-10-31 19:24:59',1,'2016-10-31 22:24:59',1,1,21,'Y','Y',500,'Бузина',NULL,135,136,3,'','text','БУЗИНА\r\n','buzina',NULL,NULL,NULL,NULL),(80,'2016-10-31 19:25:09',1,'2016-10-31 22:25:09',1,1,21,'Y','Y',500,'Голубика',NULL,143,144,3,'','text','ГОЛУБИКА\r\n','golubika',NULL,NULL,NULL,NULL),(81,'2016-10-31 19:25:20',1,'2016-10-31 22:25:20',1,1,21,'Y','Y',500,'Жимолость',NULL,159,160,3,'','text','ЖИМОЛОСТЬ\r\n','zhimolost',NULL,NULL,NULL,NULL),(82,'2016-10-31 19:25:34',1,'2016-10-31 22:25:34',1,1,21,'Y','Y',500,'Морошка',NULL,209,210,3,'','text','МОРОШКА\r\n','moroshka',NULL,NULL,NULL,NULL),(83,'2016-10-31 19:25:44',1,'2016-10-31 22:25:44',1,1,21,'Y','Y',500,'Малина',NULL,199,200,3,'','text','МАЛИНА\r\n','malina',NULL,NULL,NULL,NULL),(84,'2016-10-31 19:25:51',1,'2016-10-31 22:25:51',1,1,21,'Y','Y',500,'Ирга',NULL,165,166,3,'','text','ИРГА\r\n','irga',NULL,NULL,NULL,NULL),(85,'2016-10-31 19:25:59',1,'2016-10-31 22:25:59',1,1,21,'Y','Y',500,'Земляника',NULL,161,162,3,'','text','ЗЕМЛЯНИКА\r\n','zemlyanika',NULL,NULL,NULL,NULL),(86,'2016-10-31 19:26:14',1,'2016-10-31 22:26:14',1,1,21,'Y','Y',500,'Калина',NULL,167,168,3,'','text','КАЛИНА\r\n','kalina',NULL,NULL,NULL,NULL),(87,'2016-10-31 19:26:24',1,'2016-10-31 22:26:24',1,1,21,'Y','Y',500,'Клубника',NULL,179,180,3,'','text','КЛУБНИКА\r\n','klubnika',NULL,NULL,NULL,NULL),(88,'2016-10-31 19:26:36',1,'2016-10-31 22:26:36',1,1,21,'Y','Y',500,'Клюква',NULL,181,182,3,'','text','КЛЮКВА\r\n','klyukva',NULL,NULL,NULL,NULL),(89,'2016-10-31 19:26:46',1,'2016-10-31 22:26:46',1,1,21,'Y','Y',500,'Крыжовник',NULL,185,186,3,'','text','КРЫЖОВНИК\r\n','kryzhovnik',NULL,NULL,NULL,NULL),(90,'2016-10-31 19:27:12',1,'2016-10-31 22:27:12',1,1,21,'Y','Y',500,'Облепиха',NULL,213,214,3,'','text','ОБЛЕПИХА\r\n','oblepikha',NULL,NULL,NULL,NULL),(91,'2016-10-31 19:27:34',1,'2016-10-31 22:27:34',1,1,21,'Y','Y',500,'Княженика',NULL,183,184,3,'','text','КНЯЖЕНИКА\r\n','knyazhenika',NULL,NULL,NULL,NULL),(92,'2016-10-31 19:27:44',1,'2016-10-31 22:27:44',1,1,21,'Y','Y',500,'Лимонник',NULL,193,194,3,'','text','ЛИМОННИК\r\n','limonnik',NULL,NULL,NULL,NULL),(93,'2016-10-31 19:27:51',1,'2016-10-31 22:27:51',1,1,21,'Y','Y',500,'Рябина',NULL,223,224,3,'','text','РЯБИНА\r\n','ryabina',NULL,NULL,NULL,NULL),(94,'2016-10-31 19:27:58',1,'2016-10-31 22:27:58',1,1,21,'Y','Y',500,'Авокадо',NULL,115,116,3,'','text','АВОКАДО\r\n','avokado',NULL,NULL,NULL,NULL),(95,'2016-10-31 19:28:13',1,'2016-10-31 22:28:13',1,1,21,'Y','Y',500,'Можжевельник',NULL,207,208,3,'','text','МОЖЖЕВЕЛЬНИК\r\n','mozhzhevelnik',NULL,NULL,NULL,NULL),(96,'2016-10-31 19:28:22',1,'2016-10-31 22:28:22',1,1,21,'Y','Y',500,'Айва',NULL,117,118,3,'','text','АЙВА\r\n','ayva',NULL,NULL,NULL,NULL),(97,'2016-10-31 19:28:29',1,'2016-10-31 22:28:29',1,1,21,'Y','Y',500,'Алыча',NULL,119,120,3,'','text','АЛЫЧА\r\n','alycha',NULL,NULL,NULL,NULL),(98,'2016-10-31 19:28:40',1,'2016-10-31 22:28:40',1,1,21,'Y','Y',500,'Банан',NULL,127,128,3,'','text','БАНАН\r\n','banan',NULL,NULL,NULL,NULL),(99,'2016-10-31 19:28:52',1,'2016-10-31 22:28:52',1,1,21,'Y','Y',500,'Гранат',NULL,147,148,3,'','text','ГРАНАТ\r\n','granat',NULL,NULL,NULL,NULL),(100,'2016-10-31 19:28:59',1,'2016-10-31 22:28:59',1,1,21,'Y','Y',500,'Груша',NULL,151,152,3,'','text','ГРУША\r\n','grusha',NULL,NULL,NULL,NULL),(101,'2016-10-31 19:29:36',1,'2016-10-31 22:29:36',1,1,21,'Y','Y',500,'Гуава',NULL,153,154,3,'','text','ГУАВА\r\n','guava',NULL,NULL,NULL,NULL),(102,'2016-10-31 19:29:44',1,'2016-10-31 22:29:44',1,1,21,'Y','Y',500,'Дыня',NULL,155,156,3,'','text','ДЫНЯ\r\n','dynya',NULL,NULL,NULL,NULL),(103,'2016-10-31 19:29:53',1,'2016-10-31 22:29:53',1,1,21,'Y','Y',500,'Инжир',NULL,163,164,3,'','text','ИНЖИР\r\n','inzhir',NULL,NULL,NULL,NULL),(104,'2016-10-31 19:30:07',1,'2016-10-31 22:30:07',1,1,21,'Y','Y',500,'Карамбола',NULL,171,172,3,'','text','КАРАМБОЛА\r\n','karambola',NULL,NULL,NULL,NULL),(105,'2016-10-31 19:30:17',1,'2016-10-31 22:30:17',1,1,21,'Y','Y',500,'Киви',NULL,175,176,3,'','text','КИВИ\r\n','kivi',NULL,NULL,NULL,NULL),(106,'2016-10-31 19:30:30',1,'2016-10-31 22:30:30',1,1,21,'Y','Y',500,'Кизил',NULL,177,178,3,'','text','КИЗИЛ\r\n','kizil',NULL,NULL,NULL,NULL),(107,'2016-10-31 19:30:43',1,'2016-10-31 22:30:43',1,1,21,'Y','Y',500,'Кумкват',NULL,187,188,3,'','text','КУМКВАТ\r\n','kumkvat',NULL,NULL,NULL,NULL),(108,'2016-10-31 19:30:52',1,'2016-10-31 22:30:52',1,1,21,'Y','Y',500,'Лайм',NULL,189,190,3,'','text','ЛАЙМ\r\n','laym',NULL,NULL,NULL,NULL),(109,'2016-10-31 19:30:59',1,'2016-10-31 22:30:59',1,1,21,'Y','Y',500,'Лимон',NULL,191,192,3,'','text','ЛИМОН\r\n','limon',NULL,NULL,NULL,NULL),(110,'2016-10-31 19:31:09',1,'2016-10-31 22:31:09',1,1,21,'Y','Y',500,'Личи',NULL,195,196,3,'','text','ЛИЧИ\r\n','lichi',NULL,NULL,NULL,NULL),(111,'2016-10-31 19:31:18',1,'2016-10-31 22:31:18',1,1,21,'Y','Y',500,'Маракуйя',NULL,205,206,3,'','text','МАРАКУЙЯ\r\n','marakuyya',NULL,NULL,NULL,NULL),(112,'2016-10-31 19:31:28',1,'2016-10-31 22:31:28',1,1,21,'Y','Y',500,'Манго',NULL,201,202,3,'','text','МАНГО\r\n','mango',NULL,NULL,NULL,NULL),(113,'2016-10-31 19:31:36',1,'2016-10-31 22:31:36',1,1,21,'Y','Y',500,'Мандарин',NULL,203,204,3,'','text','МАНДАРИН\r\n','mandarin',NULL,NULL,NULL,NULL),(114,'2016-10-31 19:31:49',1,'2016-10-31 22:31:49',1,1,21,'Y','Y',500,'Нектарин',NULL,211,212,3,'','text','НЕКТАРИН\r\n','nektarin',NULL,NULL,NULL,NULL),(115,'2016-10-31 19:31:55',1,'2016-10-31 22:31:55',1,1,21,'Y','Y',500,'Персик',NULL,221,222,3,'','text','ПЕРСИК\r\n','persik',NULL,NULL,NULL,NULL),(116,'2016-10-31 19:32:07',1,'2016-10-31 22:32:07',1,1,21,'Y','Y',500,'Папайя',NULL,217,218,3,'','text','ПАПАЙЯ\r\n','papayya',NULL,NULL,NULL,NULL),(117,'2016-10-31 19:32:14',1,'2016-10-31 22:32:14',1,1,21,'Y','Y',500,'Памело',NULL,215,216,3,'','text','ПАМЕЛО\r\n','pamelo',NULL,NULL,NULL,NULL),(118,'2016-10-31 19:32:25',1,'2016-10-31 22:32:25',1,1,21,'Y','Y',500,'Свити',NULL,225,226,3,'','text','СВИТИ\r\n','sviti',NULL,NULL,NULL,NULL),(119,'2016-10-31 19:32:35',1,'2016-10-31 22:32:35',1,1,21,'Y','Y',500,'Фейхоа',NULL,239,240,3,'','text','ФЕЙХОА\r\n','feykhoa',NULL,NULL,NULL,NULL),(120,'2016-10-31 19:32:46',1,'2016-10-31 22:32:46',1,1,21,'Y','Y',500,'Хурма',NULL,241,242,3,'','text','ХУРМА\r\n','khurma',NULL,NULL,NULL,NULL),(121,'2016-10-31 19:32:54',1,'2016-10-31 22:32:54',1,1,21,'Y','Y',500,'Черешня',NULL,243,244,3,'','text','ЧЕРЕШНЯ\r\n','chereshnya',NULL,NULL,NULL,NULL),(122,'2016-10-31 19:33:02',1,'2016-10-31 22:33:02',1,1,21,'Y','Y',500,'Яблоко',NULL,249,250,3,'','text','ЯБЛОКО\r\n','yabloko',NULL,NULL,NULL,NULL),(123,'2016-10-31 19:33:17',1,'2016-10-31 22:33:17',1,1,21,'Y','Y',500,'Лонган',NULL,197,198,3,'','text','ЛОНГАН\r\n','longan',NULL,NULL,NULL,NULL),(124,'2016-10-31 19:33:23',1,'2016-10-31 22:33:23',1,1,21,'Y','Y',500,'Терн',NULL,235,236,3,'','text','ТЕРН\r\n','tern',NULL,NULL,NULL,NULL),(125,'2016-10-31 19:33:35',1,'2016-10-31 22:33:35',1,1,21,'Y','Y',500,'Кафир-лайм',NULL,173,174,3,'','text','КАФИР-ЛАЙМ\r\n','kafir-laym',NULL,NULL,NULL,NULL),(126,'2016-10-31 19:33:49',1,'2016-10-31 22:33:49',1,1,21,'Y','Y',500,'Тамаринд',NULL,233,234,3,'','text','ТАМАРИНД\r\n','tamarind',NULL,NULL,NULL,NULL),(127,'2016-10-31 19:34:05',1,'2016-10-31 22:34:05',1,1,21,'Y','Y',500,'Гранадилла',NULL,145,146,3,'','text','ГРАНАДИЛЛА\r\n','granadilla',NULL,NULL,NULL,NULL),(128,'2016-10-31 19:34:18',1,'2016-10-31 22:34:18',1,1,21,'Y','Y',500,'Канталупа',NULL,169,170,3,'','text','КАНТАЛУПА\r\n','kantalupa',NULL,NULL,NULL,NULL),(129,'2016-10-31 19:34:32',1,'2016-10-31 22:34:32',1,1,21,'Y','Y',500,'Пепино',NULL,219,220,3,'','text','ПЕПИНО\r\n','pepino',NULL,NULL,NULL,NULL),(130,'2016-10-31 19:34:42',1,'2016-10-31 22:34:42',1,1,21,'Y','Y',500,'Тамарилло',NULL,231,232,3,'','text','ТАМАРИЛЛО\r\n','tamarillo',NULL,NULL,NULL,NULL),(131,'2016-10-31 19:35:10',1,'2016-10-31 22:35:10',1,1,21,'Y','Y',500,'Толокнянка',NULL,237,238,3,'','text','ТОЛОКНЯНКА\r\n','toloknyanka',NULL,NULL,NULL,NULL),(132,'2016-10-31 19:35:25',1,'2016-10-31 22:35:25',1,1,21,'Y','Y',500,'Водяника (шикша)',NULL,141,142,3,'','text','ВОДЯНИКА (ШИКША)\r\n','vodyanika-shiksha',NULL,NULL,NULL,NULL),(133,'2016-10-31 19:35:37',1,'2016-10-31 22:35:37',1,1,21,'Y','Y',500,'Ягоды годжи',NULL,251,252,3,'','text','ЯГОДЫ ГОДЖИ\r\n','yagody-godzhi',NULL,NULL,NULL,NULL),(134,'2016-10-31 19:35:48',1,'2016-10-31 22:35:48',1,1,21,'Y','Y',500,'Абрикос',NULL,113,114,3,'','text','АБРИКОС\r\n','abrikos',NULL,NULL,NULL,NULL);
/*!40000 ALTER TABLE `b_iblock_section` ENABLE KEYS */;
UNLOCK TABLES;

--
-- Table structure for table `b_iblock_section_element`
--

DROP TABLE IF EXISTS `b_iblock_section_element`;
/*!40101 SET @saved_cs_client     = @@character_set_client */;
/*!40101 SET character_set_client = utf8 */;
CREATE TABLE `b_iblock_section_element` (
  `IBLOCK_SECTION_ID` int(11) NOT NULL,
  `IBLOCK_ELEMENT_ID` int(11) NOT NULL,
  `ADDITIONAL_PROPERTY_ID` int(18) DEFAULT NULL,
  UNIQUE KEY `ux_iblock_section_element` (`IBLOCK_SECTION_ID`,`IBLOCK_ELEMENT_ID`,`ADDITIONAL_PROPERTY_ID`),
  KEY `UX_IBLOCK_SECTION_ELEMENT2` (`IBLOCK_ELEMENT_ID`)
) ENGINE=InnoDB DEFAULT CHARSET=utf8 COLLATE=utf8_unicode_ci;
/*!40101 SET character_set_client = @saved_cs_client */;

--
-- Dumping data for table `b_iblock_section_element`
--

LOCK TABLES `b_iblock_section_element` WRITE;
/*!40000 ALTER TABLE `b_iblock_section_element` DISABLE KEYS */;
INSERT INTO `b_iblock_section_element` VALUES (1,18,NULL),(8,24,NULL),(8,39,NULL);
/*!40000 ALTER TABLE `b_iblock_section_element` ENABLE KEYS */;
UNLOCK TABLES;

--
-- Table structure for table `b_iblock_section_iprop`
--

DROP TABLE IF EXISTS `b_iblock_section_iprop`;
/*!40101 SET @saved_cs_client     = @@character_set_client */;
/*!40101 SET character_set_client = utf8 */;
CREATE TABLE `b_iblock_section_iprop` (
  `IBLOCK_ID` int(11) NOT NULL,
  `SECTION_ID` int(11) NOT NULL,
  `IPROP_ID` int(11) NOT NULL,
  `VALUE` text COLLATE utf8_unicode_ci NOT NULL,
  PRIMARY KEY (`SECTION_ID`,`IPROP_ID`),
  KEY `ix_b_iblock_section_iprop_0` (`IPROP_ID`),
  KEY `ix_b_iblock_section_iprop_1` (`IBLOCK_ID`)
) ENGINE=InnoDB DEFAULT CHARSET=utf8 COLLATE=utf8_unicode_ci;
/*!40101 SET character_set_client = @saved_cs_client */;

--
-- Dumping data for table `b_iblock_section_iprop`
--

LOCK TABLES `b_iblock_section_iprop` WRITE;
/*!40000 ALTER TABLE `b_iblock_section_iprop` DISABLE KEYS */;
/*!40000 ALTER TABLE `b_iblock_section_iprop` ENABLE KEYS */;
UNLOCK TABLES;

--
-- Table structure for table `b_iblock_section_property`
--

DROP TABLE IF EXISTS `b_iblock_section_property`;
/*!40101 SET @saved_cs_client     = @@character_set_client */;
/*!40101 SET character_set_client = utf8 */;
CREATE TABLE `b_iblock_section_property` (
  `IBLOCK_ID` int(11) NOT NULL,
  `SECTION_ID` int(11) NOT NULL,
  `PROPERTY_ID` int(11) NOT NULL,
  `SMART_FILTER` char(1) COLLATE utf8_unicode_ci DEFAULT NULL,
  `DISPLAY_TYPE` char(1) COLLATE utf8_unicode_ci DEFAULT NULL,
  `DISPLAY_EXPANDED` char(1) COLLATE utf8_unicode_ci DEFAULT NULL,
  `FILTER_HINT` varchar(255) COLLATE utf8_unicode_ci DEFAULT NULL,
  PRIMARY KEY (`IBLOCK_ID`,`SECTION_ID`,`PROPERTY_ID`),
  KEY `ix_b_iblock_section_property_1` (`PROPERTY_ID`),
  KEY `ix_b_iblock_section_property_2` (`SECTION_ID`)
) ENGINE=InnoDB DEFAULT CHARSET=utf8 COLLATE=utf8_unicode_ci;
/*!40101 SET character_set_client = @saved_cs_client */;

--
-- Dumping data for table `b_iblock_section_property`
--

LOCK TABLES `b_iblock_section_property` WRITE;
/*!40000 ALTER TABLE `b_iblock_section_property` DISABLE KEYS */;
INSERT INTO `b_iblock_section_property` VALUES (1,0,1,'N','F','N',''),(1,0,2,'N','F','N',''),(1,0,3,'N',NULL,'N',''),(1,0,4,'N','F','N',''),(1,0,5,'Y','F','Y',''),(1,0,6,'N','F','N',''),(1,0,7,'N','A','N',''),(1,0,8,'N','F','N',''),(1,0,9,'N','F','N',''),(1,0,10,'Y','A','Y',''),(1,0,14,'N','F','N',''),(1,0,15,'N','F','N',''),(1,0,16,'N','F','N',''),(1,0,17,'N','F','N','');
/*!40000 ALTER TABLE `b_iblock_section_property` ENABLE KEYS */;
UNLOCK TABLES;

--
-- Table structure for table `b_iblock_section_right`
--

DROP TABLE IF EXISTS `b_iblock_section_right`;
/*!40101 SET @saved_cs_client     = @@character_set_client */;
/*!40101 SET character_set_client = utf8 */;
CREATE TABLE `b_iblock_section_right` (
  `IBLOCK_ID` int(11) NOT NULL,
  `SECTION_ID` int(11) NOT NULL,
  `RIGHT_ID` int(11) NOT NULL,
  `IS_INHERITED` char(1) COLLATE utf8_unicode_ci NOT NULL,
  PRIMARY KEY (`RIGHT_ID`,`SECTION_ID`),
  KEY `ix_b_iblock_section_right_1` (`SECTION_ID`,`IBLOCK_ID`),
  KEY `ix_b_iblock_section_right_2` (`IBLOCK_ID`,`RIGHT_ID`)
) ENGINE=InnoDB DEFAULT CHARSET=utf8 COLLATE=utf8_unicode_ci;
/*!40101 SET character_set_client = @saved_cs_client */;

--
-- Dumping data for table `b_iblock_section_right`
--

LOCK TABLES `b_iblock_section_right` WRITE;
/*!40000 ALTER TABLE `b_iblock_section_right` DISABLE KEYS */;
/*!40000 ALTER TABLE `b_iblock_section_right` ENABLE KEYS */;
UNLOCK TABLES;

--
-- Table structure for table `b_iblock_sequence`
--

DROP TABLE IF EXISTS `b_iblock_sequence`;
/*!40101 SET @saved_cs_client     = @@character_set_client */;
/*!40101 SET character_set_client = utf8 */;
CREATE TABLE `b_iblock_sequence` (
  `IBLOCK_ID` int(18) NOT NULL,
  `CODE` varchar(50) COLLATE utf8_unicode_ci NOT NULL,
  `SEQ_VALUE` int(11) DEFAULT NULL,
  PRIMARY KEY (`IBLOCK_ID`,`CODE`)
) ENGINE=InnoDB DEFAULT CHARSET=utf8 COLLATE=utf8_unicode_ci;
/*!40101 SET character_set_client = @saved_cs_client */;

--
-- Dumping data for table `b_iblock_sequence`
--

LOCK TABLES `b_iblock_sequence` WRITE;
/*!40000 ALTER TABLE `b_iblock_sequence` DISABLE KEYS */;
/*!40000 ALTER TABLE `b_iblock_sequence` ENABLE KEYS */;
UNLOCK TABLES;

--
-- Table structure for table `b_iblock_site`
--

DROP TABLE IF EXISTS `b_iblock_site`;
/*!40101 SET @saved_cs_client     = @@character_set_client */;
/*!40101 SET character_set_client = utf8 */;
CREATE TABLE `b_iblock_site` (
  `IBLOCK_ID` int(18) NOT NULL,
  `SITE_ID` char(2) COLLATE utf8_unicode_ci NOT NULL,
  PRIMARY KEY (`IBLOCK_ID`,`SITE_ID`)
) ENGINE=InnoDB DEFAULT CHARSET=utf8 COLLATE=utf8_unicode_ci;
/*!40101 SET character_set_client = @saved_cs_client */;

--
-- Dumping data for table `b_iblock_site`
--

LOCK TABLES `b_iblock_site` WRITE;
/*!40000 ALTER TABLE `b_iblock_site` DISABLE KEYS */;
INSERT INTO `b_iblock_site` VALUES (1,'s1'),(5,'s1');
/*!40000 ALTER TABLE `b_iblock_site` ENABLE KEYS */;
UNLOCK TABLES;

--
-- Table structure for table `b_iblock_type`
--

DROP TABLE IF EXISTS `b_iblock_type`;
/*!40101 SET @saved_cs_client     = @@character_set_client */;
/*!40101 SET character_set_client = utf8 */;
CREATE TABLE `b_iblock_type` (
  `ID` varchar(50) COLLATE utf8_unicode_ci NOT NULL,
  `SECTIONS` char(1) COLLATE utf8_unicode_ci NOT NULL DEFAULT 'Y',
  `EDIT_FILE_BEFORE` varchar(255) COLLATE utf8_unicode_ci DEFAULT NULL,
  `EDIT_FILE_AFTER` varchar(255) COLLATE utf8_unicode_ci DEFAULT NULL,
  `IN_RSS` char(1) COLLATE utf8_unicode_ci NOT NULL DEFAULT 'N',
  `SORT` int(18) NOT NULL DEFAULT '500',
  PRIMARY KEY (`ID`)
) ENGINE=InnoDB DEFAULT CHARSET=utf8 COLLATE=utf8_unicode_ci;
/*!40101 SET character_set_client = @saved_cs_client */;

--
-- Dumping data for table `b_iblock_type`
--

LOCK TABLES `b_iblock_type` WRITE;
/*!40000 ALTER TABLE `b_iblock_type` DISABLE KEYS */;
INSERT INTO `b_iblock_type` VALUES ('catalog','Y','','','N',500),('content','Y','','','N',500);
/*!40000 ALTER TABLE `b_iblock_type` ENABLE KEYS */;
UNLOCK TABLES;

--
-- Table structure for table `b_iblock_type_lang`
--

DROP TABLE IF EXISTS `b_iblock_type_lang`;
/*!40101 SET @saved_cs_client     = @@character_set_client */;
/*!40101 SET character_set_client = utf8 */;
CREATE TABLE `b_iblock_type_lang` (
  `IBLOCK_TYPE_ID` varchar(50) COLLATE utf8_unicode_ci NOT NULL,
  `LID` char(2) COLLATE utf8_unicode_ci NOT NULL,
  `NAME` varchar(100) COLLATE utf8_unicode_ci NOT NULL,
  `SECTION_NAME` varchar(100) COLLATE utf8_unicode_ci DEFAULT NULL,
  `ELEMENT_NAME` varchar(100) COLLATE utf8_unicode_ci DEFAULT NULL
) ENGINE=InnoDB DEFAULT CHARSET=utf8 COLLATE=utf8_unicode_ci;
/*!40101 SET character_set_client = @saved_cs_client */;

--
-- Dumping data for table `b_iblock_type_lang`
--

LOCK TABLES `b_iblock_type_lang` WRITE;
/*!40000 ALTER TABLE `b_iblock_type_lang` DISABLE KEYS */;
INSERT INTO `b_iblock_type_lang` VALUES ('content','ru','Контент','',''),('content','en','Content','',''),('catalog','ru','Каталог','','Элемент'),('catalog','en',' Catalog','','Element');
/*!40000 ALTER TABLE `b_iblock_type_lang` ENABLE KEYS */;
UNLOCK TABLES;

--
-- Table structure for table `b_im_alias`
--

DROP TABLE IF EXISTS `b_im_alias`;
/*!40101 SET @saved_cs_client     = @@character_set_client */;
/*!40101 SET character_set_client = utf8 */;
CREATE TABLE `b_im_alias` (
  `ID` int(18) NOT NULL AUTO_INCREMENT,
  `ALIAS` varchar(255) COLLATE utf8_unicode_ci NOT NULL,
  `ENTITY_TYPE` varchar(255) COLLATE utf8_unicode_ci NOT NULL,
  `ENTITY_ID` varchar(255) COLLATE utf8_unicode_ci NOT NULL,
  PRIMARY KEY (`ID`),
  UNIQUE KEY `UX_B_IM_ALIAS` (`ALIAS`)
) ENGINE=MyISAM DEFAULT CHARSET=utf8 COLLATE=utf8_unicode_ci;
/*!40101 SET character_set_client = @saved_cs_client */;

--
-- Dumping data for table `b_im_alias`
--

LOCK TABLES `b_im_alias` WRITE;
/*!40000 ALTER TABLE `b_im_alias` DISABLE KEYS */;
/*!40000 ALTER TABLE `b_im_alias` ENABLE KEYS */;
UNLOCK TABLES;

--
-- Table structure for table `b_im_bot`
--

DROP TABLE IF EXISTS `b_im_bot`;
/*!40101 SET @saved_cs_client     = @@character_set_client */;
/*!40101 SET character_set_client = utf8 */;
CREATE TABLE `b_im_bot` (
  `BOT_ID` int(18) NOT NULL,
  `MODULE_ID` varchar(50) COLLATE utf8_unicode_ci NOT NULL,
  `CODE` varchar(50) COLLATE utf8_unicode_ci NOT NULL,
  `TYPE` char(1) COLLATE utf8_unicode_ci NOT NULL DEFAULT 'B',
  `CLASS` varchar(255) COLLATE utf8_unicode_ci DEFAULT NULL,
  `METHOD_BOT_DELETE` varchar(255) COLLATE utf8_unicode_ci DEFAULT NULL,
  `METHOD_MESSAGE_ADD` varchar(255) COLLATE utf8_unicode_ci DEFAULT NULL,
  `METHOD_WELCOME_MESSAGE` varchar(255) COLLATE utf8_unicode_ci DEFAULT NULL,
  `APP_ID` varchar(128) COLLATE utf8_unicode_ci DEFAULT NULL,
  `COUNT_COMMAND` int(18) DEFAULT '0',
  `COUNT_MESSAGE` int(18) DEFAULT '0',
  `COUNT_CHAT` int(18) DEFAULT '0',
  `COUNT_USER` int(18) DEFAULT '0',
  `LANG` varchar(50) COLLATE utf8_unicode_ci DEFAULT '',
  `TEXT_PRIVATE_WELCOME_MESSAGE` text COLLATE utf8_unicode_ci,
  `TEXT_CHAT_WELCOME_MESSAGE` text COLLATE utf8_unicode_ci,
  `VERIFIED` char(1) COLLATE utf8_unicode_ci DEFAULT 'N',
  `OPENLINE` char(1) COLLATE utf8_unicode_ci DEFAULT 'N',
  PRIMARY KEY (`BOT_ID`)
) ENGINE=MyISAM DEFAULT CHARSET=utf8 COLLATE=utf8_unicode_ci;
/*!40101 SET character_set_client = @saved_cs_client */;

--
-- Dumping data for table `b_im_bot`
--

LOCK TABLES `b_im_bot` WRITE;
/*!40000 ALTER TABLE `b_im_bot` DISABLE KEYS */;
/*!40000 ALTER TABLE `b_im_bot` ENABLE KEYS */;
UNLOCK TABLES;

--
-- Table structure for table `b_im_bot_chat`
--

DROP TABLE IF EXISTS `b_im_bot_chat`;
/*!40101 SET @saved_cs_client     = @@character_set_client */;
/*!40101 SET character_set_client = utf8 */;
CREATE TABLE `b_im_bot_chat` (
  `ID` int(18) NOT NULL AUTO_INCREMENT,
  `BOT_ID` int(18) NOT NULL,
  `CHAT_ID` int(18) NOT NULL,
  PRIMARY KEY (`ID`),
  KEY `IX_IM_BC_1` (`BOT_ID`,`CHAT_ID`)
) ENGINE=MyISAM DEFAULT CHARSET=utf8 COLLATE=utf8_unicode_ci;
/*!40101 SET character_set_client = @saved_cs_client */;

--
-- Dumping data for table `b_im_bot_chat`
--

LOCK TABLES `b_im_bot_chat` WRITE;
/*!40000 ALTER TABLE `b_im_bot_chat` DISABLE KEYS */;
/*!40000 ALTER TABLE `b_im_bot_chat` ENABLE KEYS */;
UNLOCK TABLES;

--
-- Table structure for table `b_im_bot_token`
--

DROP TABLE IF EXISTS `b_im_bot_token`;
/*!40101 SET @saved_cs_client     = @@character_set_client */;
/*!40101 SET character_set_client = utf8 */;
CREATE TABLE `b_im_bot_token` (
  `ID` int(18) NOT NULL AUTO_INCREMENT,
  `TOKEN` varchar(32) COLLATE utf8_unicode_ci DEFAULT NULL,
  `DATE_CREATE` datetime NOT NULL,
  `DATE_EXPIRE` datetime DEFAULT NULL,
  `BOT_ID` int(18) DEFAULT '0',
  `DIALOG_ID` varchar(255) COLLATE utf8_unicode_ci NOT NULL,
  PRIMARY KEY (`ID`),
  KEY `IX_IM_BOT_TOKEN_1` (`DATE_EXPIRE`,`BOT_ID`),
  KEY `IX_IM_BOT_TOKEN_2` (`TOKEN`)
) ENGINE=MyISAM DEFAULT CHARSET=utf8 COLLATE=utf8_unicode_ci;
/*!40101 SET character_set_client = @saved_cs_client */;

--
-- Dumping data for table `b_im_bot_token`
--

LOCK TABLES `b_im_bot_token` WRITE;
/*!40000 ALTER TABLE `b_im_bot_token` DISABLE KEYS */;
/*!40000 ALTER TABLE `b_im_bot_token` ENABLE KEYS */;
UNLOCK TABLES;

--
-- Table structure for table `b_im_chat`
--

DROP TABLE IF EXISTS `b_im_chat`;
/*!40101 SET @saved_cs_client     = @@character_set_client */;
/*!40101 SET character_set_client = utf8 */;
CREATE TABLE `b_im_chat` (
  `ID` int(18) NOT NULL AUTO_INCREMENT,
  `TITLE` varchar(255) COLLATE utf8_unicode_ci DEFAULT NULL,
  `AUTHOR_ID` int(18) NOT NULL,
  `CALL_TYPE` smallint(1) DEFAULT '0',
  `ENTITY_TYPE` varchar(50) COLLATE utf8_unicode_ci DEFAULT NULL,
  `ENTITY_ID` varchar(255) COLLATE utf8_unicode_ci DEFAULT NULL,
  `CALL_NUMBER` varchar(20) COLLATE utf8_unicode_ci DEFAULT NULL,
  `AVATAR` int(18) DEFAULT NULL,
  `DISK_FOLDER_ID` int(18) DEFAULT NULL,
  `TYPE` char(1) COLLATE utf8_unicode_ci DEFAULT NULL,
  `EXTRANET` char(1) COLLATE utf8_unicode_ci DEFAULT NULL,
  `COLOR` varchar(255) COLLATE utf8_unicode_ci DEFAULT NULL,
  `LAST_MESSAGE_ID` int(18) DEFAULT NULL,
  `DESCRIPTION` text COLLATE utf8_unicode_ci,
  `ENTITY_DATA_1` varchar(255) COLLATE utf8_unicode_ci DEFAULT NULL,
  `ENTITY_DATA_2` varchar(255) COLLATE utf8_unicode_ci DEFAULT NULL,
  `ENTITY_DATA_3` varchar(255) COLLATE utf8_unicode_ci DEFAULT NULL,
  `DATE_CREATE` datetime DEFAULT NULL,
  PRIMARY KEY (`ID`),
  KEY `IX_IM_CHAT_1` (`AUTHOR_ID`),
  KEY `IX_IM_CHAT_2` (`ENTITY_TYPE`,`ENTITY_ID`,`AUTHOR_ID`),
  KEY `IX_IM_CHAT_3` (`CALL_NUMBER`,`AUTHOR_ID`),
  KEY `IX_IM_CHAT_4` (`TYPE`)
) ENGINE=MyISAM AUTO_INCREMENT=2 DEFAULT CHARSET=utf8 COLLATE=utf8_unicode_ci;
/*!40101 SET character_set_client = @saved_cs_client */;

--
-- Dumping data for table `b_im_chat`
--

LOCK TABLES `b_im_chat` WRITE;
/*!40000 ALTER TABLE `b_im_chat` DISABLE KEYS */;
INSERT INTO `b_im_chat` VALUES (1,NULL,1,0,NULL,NULL,NULL,NULL,NULL,'S',NULL,NULL,NULL,NULL,NULL,NULL,NULL,NULL);
/*!40000 ALTER TABLE `b_im_chat` ENABLE KEYS */;
UNLOCK TABLES;

--
-- Table structure for table `b_im_command`
--

DROP TABLE IF EXISTS `b_im_command`;
/*!40101 SET @saved_cs_client     = @@character_set_client */;
/*!40101 SET character_set_client = utf8 */;
CREATE TABLE `b_im_command` (
  `ID` int(18) NOT NULL AUTO_INCREMENT,
  `MODULE_ID` varchar(50) COLLATE utf8_unicode_ci NOT NULL,
  `BOT_ID` int(18) DEFAULT '0',
  `APP_ID` varchar(128) COLLATE utf8_unicode_ci DEFAULT NULL,
  `COMMAND` varchar(255) COLLATE utf8_unicode_ci NOT NULL,
  `HIDDEN` char(1) COLLATE utf8_unicode_ci DEFAULT 'N',
  `EXTRANET_SUPPORT` char(1) COLLATE utf8_unicode_ci DEFAULT 'N',
  `SONET_SUPPORT` char(1) COLLATE utf8_unicode_ci DEFAULT 'N',
  `CLASS` varchar(255) COLLATE utf8_unicode_ci DEFAULT NULL,
  `METHOD_COMMAND_ADD` varchar(255) COLLATE utf8_unicode_ci DEFAULT NULL,
  `METHOD_LANG_GET` varchar(255) COLLATE utf8_unicode_ci DEFAULT NULL,
  `COMMON` char(1) COLLATE utf8_unicode_ci DEFAULT 'N',
  PRIMARY KEY (`ID`),
  KEY `IX_IM_COMMAND_1` (`BOT_ID`)
) ENGINE=MyISAM DEFAULT CHARSET=utf8 COLLATE=utf8_unicode_ci;
/*!40101 SET character_set_client = @saved_cs_client */;

--
-- Dumping data for table `b_im_command`
--

LOCK TABLES `b_im_command` WRITE;
/*!40000 ALTER TABLE `b_im_command` DISABLE KEYS */;
/*!40000 ALTER TABLE `b_im_command` ENABLE KEYS */;
UNLOCK TABLES;

--
-- Table structure for table `b_im_command_lang`
--

DROP TABLE IF EXISTS `b_im_command_lang`;
/*!40101 SET @saved_cs_client     = @@character_set_client */;
/*!40101 SET character_set_client = utf8 */;
CREATE TABLE `b_im_command_lang` (
  `ID` int(18) NOT NULL AUTO_INCREMENT,
  `COMMAND_ID` int(18) NOT NULL,
  `LANGUAGE_ID` char(2) COLLATE utf8_unicode_ci NOT NULL,
  `TITLE` varchar(255) COLLATE utf8_unicode_ci DEFAULT NULL,
  `PARAMS` varchar(255) COLLATE utf8_unicode_ci DEFAULT NULL,
  PRIMARY KEY (`ID`),
  UNIQUE KEY `UX_B_IM_COMMAND_LANG` (`COMMAND_ID`,`LANGUAGE_ID`)
) ENGINE=MyISAM DEFAULT CHARSET=utf8 COLLATE=utf8_unicode_ci;
/*!40101 SET character_set_client = @saved_cs_client */;

--
-- Dumping data for table `b_im_command_lang`
--

LOCK TABLES `b_im_command_lang` WRITE;
/*!40000 ALTER TABLE `b_im_command_lang` DISABLE KEYS */;
/*!40000 ALTER TABLE `b_im_command_lang` ENABLE KEYS */;
UNLOCK TABLES;

--
-- Table structure for table `b_im_external_avatar`
--

DROP TABLE IF EXISTS `b_im_external_avatar`;
/*!40101 SET @saved_cs_client     = @@character_set_client */;
/*!40101 SET character_set_client = utf8 */;
CREATE TABLE `b_im_external_avatar` (
  `ID` int(11) NOT NULL AUTO_INCREMENT,
  `LINK_MD5` varchar(32) COLLATE utf8_unicode_ci NOT NULL,
  `AVATAR_ID` int(11) NOT NULL,
  PRIMARY KEY (`ID`),
  KEY `IX_IMOL_NA_1` (`LINK_MD5`)
) ENGINE=InnoDB DEFAULT CHARSET=utf8 COLLATE=utf8_unicode_ci;
/*!40101 SET character_set_client = @saved_cs_client */;

--
-- Dumping data for table `b_im_external_avatar`
--

LOCK TABLES `b_im_external_avatar` WRITE;
/*!40000 ALTER TABLE `b_im_external_avatar` DISABLE KEYS */;
/*!40000 ALTER TABLE `b_im_external_avatar` ENABLE KEYS */;
UNLOCK TABLES;

--
-- Table structure for table `b_im_message`
--

DROP TABLE IF EXISTS `b_im_message`;
/*!40101 SET @saved_cs_client     = @@character_set_client */;
/*!40101 SET character_set_client = utf8 */;
CREATE TABLE `b_im_message` (
  `ID` int(18) NOT NULL AUTO_INCREMENT,
  `CHAT_ID` int(18) NOT NULL,
  `AUTHOR_ID` int(18) NOT NULL,
  `MESSAGE` text COLLATE utf8_unicode_ci,
  `MESSAGE_OUT` text COLLATE utf8_unicode_ci,
  `DATE_CREATE` datetime NOT NULL,
  `EMAIL_TEMPLATE` varchar(255) COLLATE utf8_unicode_ci DEFAULT NULL,
  `NOTIFY_TYPE` smallint(2) DEFAULT '0',
  `NOTIFY_MODULE` varchar(255) COLLATE utf8_unicode_ci DEFAULT NULL,
  `NOTIFY_TAG` varchar(255) COLLATE utf8_unicode_ci DEFAULT NULL,
  `NOTIFY_TITLE` varchar(255) COLLATE utf8_unicode_ci DEFAULT NULL,
  `NOTIFY_BUTTONS` text COLLATE utf8_unicode_ci,
  `NOTIFY_READ` char(1) COLLATE utf8_unicode_ci DEFAULT 'N',
  `NOTIFY_SUB_TAG` varchar(255) COLLATE utf8_unicode_ci DEFAULT NULL,
  `NOTIFY_EVENT` varchar(255) COLLATE utf8_unicode_ci DEFAULT NULL,
  `IMPORT_ID` int(18) DEFAULT NULL,
  PRIMARY KEY (`ID`),
  KEY `IX_IM_MESS_2` (`NOTIFY_TAG`,`AUTHOR_ID`),
  KEY `IX_IM_MESS_3` (`NOTIFY_SUB_TAG`,`AUTHOR_ID`),
  KEY `IX_IM_MESS_6` (`AUTHOR_ID`),
  KEY `IX_IM_MESS_4` (`CHAT_ID`,`NOTIFY_READ`),
  KEY `IX_IM_MESS_5` (`CHAT_ID`,`DATE_CREATE`),
  KEY `IX_IM_MESS_7` (`CHAT_ID`,`ID`),
  KEY `IX_IM_MESS_8` (`NOTIFY_TYPE`,`DATE_CREATE`)
) ENGINE=MyISAM AUTO_INCREMENT=2 DEFAULT CHARSET=utf8 COLLATE=utf8_unicode_ci;
/*!40101 SET character_set_client = @saved_cs_client */;

--
-- Dumping data for table `b_im_message`
--

LOCK TABLES `b_im_message` WRITE;
/*!40000 ALTER TABLE `b_im_message` DISABLE KEYS */;
INSERT INTO `b_im_message` VALUES (1,1,0,'[b]Внимание:[/b] необходимо проверить и указать корректный путь до социальной сети в настройках модуля \"Веб-мессенджер\"','[b]Внимание:[/b] необходимо проверить и указать корректный путь до социальной сети в настройках модуля \"Веб-мессенджер\"','2016-03-15 15:36:05','IM_NEW_NOTIFY',1,NULL,'IM_CONFIG_MODULE',NULL,'a:1:{i:0;a:4:{s:5:\"TITLE\";s:18:\"Настроить\";s:3:\"URL\";s:41:\"/bitrix/admin/settings.php?lang=ru&mid=im\";s:5:\"VALUE\";s:1:\"Y\";s:4:\"TYPE\";s:6:\"accept\";}}','N',NULL,NULL,NULL);
/*!40000 ALTER TABLE `b_im_message` ENABLE KEYS */;
UNLOCK TABLES;

--
-- Table structure for table `b_im_message_param`
--

DROP TABLE IF EXISTS `b_im_message_param`;
/*!40101 SET @saved_cs_client     = @@character_set_client */;
/*!40101 SET character_set_client = utf8 */;
CREATE TABLE `b_im_message_param` (
  `MESSAGE_ID` int(11) NOT NULL,
  `PARAM_NAME` varchar(100) COLLATE utf8_unicode_ci NOT NULL,
  `PARAM_VALUE` varchar(100) COLLATE utf8_unicode_ci DEFAULT NULL,
  `ID` int(18) NOT NULL AUTO_INCREMENT,
  `PARAM_JSON` text COLLATE utf8_unicode_ci,
  PRIMARY KEY (`ID`),
  KEY `IX_B_IM_MESSAGE_PARAM_1` (`MESSAGE_ID`,`PARAM_NAME`),
  KEY `IX_B_IM_MESSAGE_PARAM_2` (`PARAM_NAME`,`PARAM_VALUE`(50),`MESSAGE_ID`)
) ENGINE=MyISAM DEFAULT CHARSET=utf8 COLLATE=utf8_unicode_ci;
/*!40101 SET character_set_client = @saved_cs_client */;

--
-- Dumping data for table `b_im_message_param`
--

LOCK TABLES `b_im_message_param` WRITE;
/*!40000 ALTER TABLE `b_im_message_param` DISABLE KEYS */;
/*!40000 ALTER TABLE `b_im_message_param` ENABLE KEYS */;
UNLOCK TABLES;

--
-- Table structure for table `b_im_recent`
--

DROP TABLE IF EXISTS `b_im_recent`;
/*!40101 SET @saved_cs_client     = @@character_set_client */;
/*!40101 SET character_set_client = utf8 */;
CREATE TABLE `b_im_recent` (
  `USER_ID` int(18) NOT NULL,
  `ITEM_TYPE` char(1) COLLATE utf8_unicode_ci NOT NULL DEFAULT 'P',
  `ITEM_ID` int(18) NOT NULL,
  `ITEM_MID` int(18) NOT NULL,
  PRIMARY KEY (`USER_ID`,`ITEM_TYPE`,`ITEM_ID`),
  KEY `IX_IM_REC_1` (`ITEM_TYPE`,`ITEM_ID`)
) ENGINE=MyISAM DEFAULT CHARSET=utf8 COLLATE=utf8_unicode_ci;
/*!40101 SET character_set_client = @saved_cs_client */;

--
-- Dumping data for table `b_im_recent`
--

LOCK TABLES `b_im_recent` WRITE;
/*!40000 ALTER TABLE `b_im_recent` DISABLE KEYS */;
/*!40000 ALTER TABLE `b_im_recent` ENABLE KEYS */;
UNLOCK TABLES;

--
-- Table structure for table `b_im_relation`
--

DROP TABLE IF EXISTS `b_im_relation`;
/*!40101 SET @saved_cs_client     = @@character_set_client */;
/*!40101 SET character_set_client = utf8 */;
CREATE TABLE `b_im_relation` (
  `ID` int(18) NOT NULL AUTO_INCREMENT,
  `CHAT_ID` int(18) NOT NULL,
  `MESSAGE_TYPE` char(1) COLLATE utf8_unicode_ci DEFAULT 'P',
  `USER_ID` int(18) NOT NULL,
  `START_ID` int(18) DEFAULT '0',
  `LAST_ID` int(18) DEFAULT '0',
  `LAST_SEND_ID` int(18) DEFAULT '0',
  `STATUS` smallint(1) DEFAULT '0',
  `LAST_READ` datetime DEFAULT NULL,
  `CALL_STATUS` smallint(1) DEFAULT '0',
  `NOTIFY_BLOCK` char(1) COLLATE utf8_unicode_ci DEFAULT 'N',
  `LAST_FILE_ID` int(18) DEFAULT '0',
  PRIMARY KEY (`ID`),
  KEY `IX_IM_REL_1` (`CHAT_ID`),
  KEY `IX_IM_REL_2` (`USER_ID`,`MESSAGE_TYPE`,`STATUS`),
  KEY `IX_IM_REL_3` (`USER_ID`,`MESSAGE_TYPE`,`CHAT_ID`),
  KEY `IX_IM_REL_4` (`USER_ID`,`STATUS`),
  KEY `IX_IM_REL_5` (`MESSAGE_TYPE`,`STATUS`),
  KEY `IX_IM_REL_6` (`CHAT_ID`,`USER_ID`)
) ENGINE=MyISAM AUTO_INCREMENT=2 DEFAULT CHARSET=utf8 COLLATE=utf8_unicode_ci;
/*!40101 SET character_set_client = @saved_cs_client */;

--
-- Dumping data for table `b_im_relation`
--

LOCK TABLES `b_im_relation` WRITE;
/*!40000 ALTER TABLE `b_im_relation` DISABLE KEYS */;
INSERT INTO `b_im_relation` VALUES (1,1,'S',1,0,0,1,1,NULL,0,'N',0);
/*!40000 ALTER TABLE `b_im_relation` ENABLE KEYS */;
UNLOCK TABLES;

--
-- Table structure for table `b_im_status`
--

DROP TABLE IF EXISTS `b_im_status`;
/*!40101 SET @saved_cs_client     = @@character_set_client */;
/*!40101 SET character_set_client = utf8 */;
CREATE TABLE `b_im_status` (
  `USER_ID` int(18) NOT NULL,
  `STATUS` varchar(50) COLLATE utf8_unicode_ci DEFAULT 'online',
  `IDLE` datetime DEFAULT NULL,
  `DESKTOP_LAST_DATE` datetime DEFAULT NULL,
  `MOBILE_LAST_DATE` datetime DEFAULT NULL,
  `EVENT_ID` int(18) DEFAULT NULL,
  `EVENT_UNTIL_DATE` datetime DEFAULT NULL,
  `STATUS_TEXT` varchar(255) COLLATE utf8_unicode_ci DEFAULT NULL,
  `COLOR` varchar(255) COLLATE utf8_unicode_ci DEFAULT NULL,
  PRIMARY KEY (`USER_ID`),
  KEY `IX_IM_STATUS_EUD` (`EVENT_UNTIL_DATE`)
) ENGINE=MyISAM DEFAULT CHARSET=utf8 COLLATE=utf8_unicode_ci;
/*!40101 SET character_set_client = @saved_cs_client */;

--
-- Dumping data for table `b_im_status`
--

LOCK TABLES `b_im_status` WRITE;
/*!40000 ALTER TABLE `b_im_status` DISABLE KEYS */;
/*!40000 ALTER TABLE `b_im_status` ENABLE KEYS */;
UNLOCK TABLES;

--
-- Table structure for table `b_lang`
--

DROP TABLE IF EXISTS `b_lang`;
/*!40101 SET @saved_cs_client     = @@character_set_client */;
/*!40101 SET character_set_client = utf8 */;
CREATE TABLE `b_lang` (
  `LID` char(2) COLLATE utf8_unicode_ci NOT NULL,
  `SORT` int(18) NOT NULL DEFAULT '100',
  `DEF` char(1) COLLATE utf8_unicode_ci NOT NULL DEFAULT 'N',
  `ACTIVE` char(1) COLLATE utf8_unicode_ci NOT NULL DEFAULT 'Y',
  `NAME` varchar(50) COLLATE utf8_unicode_ci NOT NULL,
  `DIR` varchar(50) COLLATE utf8_unicode_ci NOT NULL,
  `FORMAT_DATE` varchar(50) COLLATE utf8_unicode_ci DEFAULT NULL,
  `FORMAT_DATETIME` varchar(50) COLLATE utf8_unicode_ci DEFAULT NULL,
  `FORMAT_NAME` varchar(255) COLLATE utf8_unicode_ci DEFAULT NULL,
  `WEEK_START` int(11) DEFAULT NULL,
  `CHARSET` varchar(255) COLLATE utf8_unicode_ci DEFAULT NULL,
  `LANGUAGE_ID` char(2) COLLATE utf8_unicode_ci NOT NULL,
  `DOC_ROOT` varchar(255) COLLATE utf8_unicode_ci DEFAULT NULL,
  `DOMAIN_LIMITED` char(1) COLLATE utf8_unicode_ci NOT NULL DEFAULT 'N',
  `SERVER_NAME` varchar(255) COLLATE utf8_unicode_ci DEFAULT NULL,
  `SITE_NAME` varchar(255) COLLATE utf8_unicode_ci DEFAULT NULL,
  `EMAIL` varchar(255) COLLATE utf8_unicode_ci DEFAULT NULL,
  `CULTURE_ID` int(11) DEFAULT NULL,
  PRIMARY KEY (`LID`)
) ENGINE=InnoDB DEFAULT CHARSET=utf8 COLLATE=utf8_unicode_ci;
/*!40101 SET character_set_client = @saved_cs_client */;

--
-- Dumping data for table `b_lang`
--

LOCK TABLES `b_lang` WRITE;
/*!40000 ALTER TABLE `b_lang` DISABLE KEYS */;
INSERT INTO `b_lang` VALUES ('s1',1,'Y','Y','Мой огород','/',NULL,NULL,NULL,NULL,NULL,'ru','','Y','moiogorod.ru','Мой огород','celldweller24@gmail.com',1);
/*!40000 ALTER TABLE `b_lang` ENABLE KEYS */;
UNLOCK TABLES;

--
-- Table structure for table `b_lang_domain`
--

DROP TABLE IF EXISTS `b_lang_domain`;
/*!40101 SET @saved_cs_client     = @@character_set_client */;
/*!40101 SET character_set_client = utf8 */;
CREATE TABLE `b_lang_domain` (
  `LID` char(2) COLLATE utf8_unicode_ci NOT NULL,
  `DOMAIN` varchar(255) COLLATE utf8_unicode_ci NOT NULL,
  PRIMARY KEY (`LID`,`DOMAIN`)
) ENGINE=InnoDB DEFAULT CHARSET=utf8 COLLATE=utf8_unicode_ci;
/*!40101 SET character_set_client = @saved_cs_client */;

--
-- Dumping data for table `b_lang_domain`
--

LOCK TABLES `b_lang_domain` WRITE;
/*!40000 ALTER TABLE `b_lang_domain` DISABLE KEYS */;
INSERT INTO `b_lang_domain` VALUES ('s1','moiogorod.ru');
/*!40000 ALTER TABLE `b_lang_domain` ENABLE KEYS */;
UNLOCK TABLES;

--
-- Table structure for table `b_language`
--

DROP TABLE IF EXISTS `b_language`;
/*!40101 SET @saved_cs_client     = @@character_set_client */;
/*!40101 SET character_set_client = utf8 */;
CREATE TABLE `b_language` (
  `LID` char(2) COLLATE utf8_unicode_ci NOT NULL,
  `SORT` int(11) NOT NULL DEFAULT '100',
  `DEF` char(1) COLLATE utf8_unicode_ci NOT NULL DEFAULT 'N',
  `ACTIVE` char(1) COLLATE utf8_unicode_ci NOT NULL DEFAULT 'Y',
  `NAME` varchar(50) COLLATE utf8_unicode_ci NOT NULL,
  `FORMAT_DATE` varchar(50) COLLATE utf8_unicode_ci DEFAULT NULL,
  `FORMAT_DATETIME` varchar(50) COLLATE utf8_unicode_ci DEFAULT NULL,
  `FORMAT_NAME` varchar(255) COLLATE utf8_unicode_ci DEFAULT NULL,
  `WEEK_START` int(11) DEFAULT NULL,
  `CHARSET` varchar(255) COLLATE utf8_unicode_ci DEFAULT NULL,
  `DIRECTION` char(1) COLLATE utf8_unicode_ci DEFAULT NULL,
  `CULTURE_ID` int(11) DEFAULT NULL,
  PRIMARY KEY (`LID`)
) ENGINE=InnoDB DEFAULT CHARSET=utf8 COLLATE=utf8_unicode_ci;
/*!40101 SET character_set_client = @saved_cs_client */;

--
-- Dumping data for table `b_language`
--

LOCK TABLES `b_language` WRITE;
/*!40000 ALTER TABLE `b_language` DISABLE KEYS */;
INSERT INTO `b_language` VALUES ('en',2,'N','Y','English',NULL,NULL,NULL,NULL,NULL,NULL,2),('ru',1,'Y','Y','Russian',NULL,NULL,NULL,NULL,NULL,NULL,1);
/*!40000 ALTER TABLE `b_language` ENABLE KEYS */;
UNLOCK TABLES;

--
-- Table structure for table `b_list_rubric`
--

DROP TABLE IF EXISTS `b_list_rubric`;
/*!40101 SET @saved_cs_client     = @@character_set_client */;
/*!40101 SET character_set_client = utf8 */;
CREATE TABLE `b_list_rubric` (
  `ID` int(11) NOT NULL AUTO_INCREMENT,
  `LID` char(2) COLLATE utf8_unicode_ci NOT NULL,
  `CODE` varchar(100) COLLATE utf8_unicode_ci DEFAULT NULL,
  `NAME` varchar(100) COLLATE utf8_unicode_ci DEFAULT NULL,
  `DESCRIPTION` text COLLATE utf8_unicode_ci,
  `SORT` int(11) NOT NULL DEFAULT '100',
  `ACTIVE` char(1) COLLATE utf8_unicode_ci NOT NULL DEFAULT 'Y',
  `AUTO` char(1) COLLATE utf8_unicode_ci NOT NULL DEFAULT 'N',
  `DAYS_OF_MONTH` varchar(100) COLLATE utf8_unicode_ci DEFAULT NULL,
  `DAYS_OF_WEEK` varchar(15) COLLATE utf8_unicode_ci DEFAULT NULL,
  `TIMES_OF_DAY` varchar(255) COLLATE utf8_unicode_ci DEFAULT NULL,
  `TEMPLATE` varchar(100) COLLATE utf8_unicode_ci DEFAULT NULL,
  `LAST_EXECUTED` datetime DEFAULT NULL,
  `VISIBLE` char(1) COLLATE utf8_unicode_ci NOT NULL DEFAULT 'Y',
  `FROM_FIELD` varchar(255) COLLATE utf8_unicode_ci DEFAULT NULL,
  PRIMARY KEY (`ID`)
) ENGINE=InnoDB DEFAULT CHARSET=utf8 COLLATE=utf8_unicode_ci;
/*!40101 SET character_set_client = @saved_cs_client */;

--
-- Dumping data for table `b_list_rubric`
--

LOCK TABLES `b_list_rubric` WRITE;
/*!40000 ALTER TABLE `b_list_rubric` DISABLE KEYS */;
/*!40000 ALTER TABLE `b_list_rubric` ENABLE KEYS */;
UNLOCK TABLES;

--
-- Table structure for table `b_lists_field`
--

DROP TABLE IF EXISTS `b_lists_field`;
/*!40101 SET @saved_cs_client     = @@character_set_client */;
/*!40101 SET character_set_client = utf8 */;
CREATE TABLE `b_lists_field` (
  `IBLOCK_ID` int(11) NOT NULL,
  `FIELD_ID` varchar(100) COLLATE utf8_unicode_ci NOT NULL,
  `SORT` int(11) NOT NULL,
  `NAME` varchar(100) COLLATE utf8_unicode_ci NOT NULL,
  `SETTINGS` text COLLATE utf8_unicode_ci,
  PRIMARY KEY (`IBLOCK_ID`,`FIELD_ID`)
) ENGINE=MyISAM DEFAULT CHARSET=utf8 COLLATE=utf8_unicode_ci;
/*!40101 SET character_set_client = @saved_cs_client */;

--
-- Dumping data for table `b_lists_field`
--

LOCK TABLES `b_lists_field` WRITE;
/*!40000 ALTER TABLE `b_lists_field` DISABLE KEYS */;
/*!40000 ALTER TABLE `b_lists_field` ENABLE KEYS */;
UNLOCK TABLES;

--
-- Table structure for table `b_lists_socnet_group`
--

DROP TABLE IF EXISTS `b_lists_socnet_group`;
/*!40101 SET @saved_cs_client     = @@character_set_client */;
/*!40101 SET character_set_client = utf8 */;
CREATE TABLE `b_lists_socnet_group` (
  `IBLOCK_ID` int(11) NOT NULL,
  `SOCNET_ROLE` char(1) COLLATE utf8_unicode_ci DEFAULT NULL,
  `PERMISSION` char(1) COLLATE utf8_unicode_ci NOT NULL,
  UNIQUE KEY `ux_b_lists_socnet_group_1` (`IBLOCK_ID`,`SOCNET_ROLE`)
) ENGINE=MyISAM DEFAULT CHARSET=utf8 COLLATE=utf8_unicode_ci;
/*!40101 SET character_set_client = @saved_cs_client */;

--
-- Dumping data for table `b_lists_socnet_group`
--

LOCK TABLES `b_lists_socnet_group` WRITE;
/*!40000 ALTER TABLE `b_lists_socnet_group` DISABLE KEYS */;
/*!40000 ALTER TABLE `b_lists_socnet_group` ENABLE KEYS */;
UNLOCK TABLES;

--
-- Table structure for table `b_lists_url`
--

DROP TABLE IF EXISTS `b_lists_url`;
/*!40101 SET @saved_cs_client     = @@character_set_client */;
/*!40101 SET character_set_client = utf8 */;
CREATE TABLE `b_lists_url` (
  `IBLOCK_ID` int(11) NOT NULL,
  `URL` varchar(500) COLLATE utf8_unicode_ci DEFAULT NULL,
  PRIMARY KEY (`IBLOCK_ID`)
) ENGINE=MyISAM DEFAULT CHARSET=utf8 COLLATE=utf8_unicode_ci;
/*!40101 SET character_set_client = @saved_cs_client */;

--
-- Dumping data for table `b_lists_url`
--

LOCK TABLES `b_lists_url` WRITE;
/*!40000 ALTER TABLE `b_lists_url` DISABLE KEYS */;
/*!40000 ALTER TABLE `b_lists_url` ENABLE KEYS */;
UNLOCK TABLES;

--
-- Table structure for table `b_medialib_collection`
--

DROP TABLE IF EXISTS `b_medialib_collection`;
/*!40101 SET @saved_cs_client     = @@character_set_client */;
/*!40101 SET character_set_client = utf8 */;
CREATE TABLE `b_medialib_collection` (
  `ID` int(11) NOT NULL AUTO_INCREMENT,
  `NAME` varchar(255) COLLATE utf8_unicode_ci NOT NULL,
  `DESCRIPTION` text COLLATE utf8_unicode_ci,
  `ACTIVE` char(1) COLLATE utf8_unicode_ci NOT NULL DEFAULT 'Y',
  `DATE_UPDATE` datetime NOT NULL,
  `OWNER_ID` int(11) DEFAULT NULL,
  `PARENT_ID` int(11) DEFAULT NULL,
  `SITE_ID` char(2) COLLATE utf8_unicode_ci DEFAULT NULL,
  `KEYWORDS` varchar(255) COLLATE utf8_unicode_ci DEFAULT NULL,
  `ITEMS_COUNT` int(11) DEFAULT NULL,
  `ML_TYPE` int(11) NOT NULL DEFAULT '0',
  PRIMARY KEY (`ID`)
) ENGINE=InnoDB DEFAULT CHARSET=utf8 COLLATE=utf8_unicode_ci;
/*!40101 SET character_set_client = @saved_cs_client */;

--
-- Dumping data for table `b_medialib_collection`
--

LOCK TABLES `b_medialib_collection` WRITE;
/*!40000 ALTER TABLE `b_medialib_collection` DISABLE KEYS */;
/*!40000 ALTER TABLE `b_medialib_collection` ENABLE KEYS */;
UNLOCK TABLES;

--
-- Table structure for table `b_medialib_collection_item`
--

DROP TABLE IF EXISTS `b_medialib_collection_item`;
/*!40101 SET @saved_cs_client     = @@character_set_client */;
/*!40101 SET character_set_client = utf8 */;
CREATE TABLE `b_medialib_collection_item` (
  `COLLECTION_ID` int(11) NOT NULL,
  `ITEM_ID` int(11) NOT NULL,
  PRIMARY KEY (`ITEM_ID`,`COLLECTION_ID`)
) ENGINE=InnoDB DEFAULT CHARSET=utf8 COLLATE=utf8_unicode_ci;
/*!40101 SET character_set_client = @saved_cs_client */;

--
-- Dumping data for table `b_medialib_collection_item`
--

LOCK TABLES `b_medialib_collection_item` WRITE;
/*!40000 ALTER TABLE `b_medialib_collection_item` DISABLE KEYS */;
/*!40000 ALTER TABLE `b_medialib_collection_item` ENABLE KEYS */;
UNLOCK TABLES;

--
-- Table structure for table `b_medialib_item`
--

DROP TABLE IF EXISTS `b_medialib_item`;
/*!40101 SET @saved_cs_client     = @@character_set_client */;
/*!40101 SET character_set_client = utf8 */;
CREATE TABLE `b_medialib_item` (
  `ID` int(11) NOT NULL AUTO_INCREMENT,
  `NAME` varchar(255) COLLATE utf8_unicode_ci NOT NULL,
  `ITEM_TYPE` char(30) COLLATE utf8_unicode_ci DEFAULT NULL,
  `DESCRIPTION` text COLLATE utf8_unicode_ci,
  `DATE_CREATE` datetime NOT NULL,
  `DATE_UPDATE` datetime NOT NULL,
  `SOURCE_ID` int(11) NOT NULL,
  `KEYWORDS` varchar(255) COLLATE utf8_unicode_ci DEFAULT NULL,
  `SEARCHABLE_CONTENT` text COLLATE utf8_unicode_ci,
  PRIMARY KEY (`ID`)
) ENGINE=InnoDB DEFAULT CHARSET=utf8 COLLATE=utf8_unicode_ci;
/*!40101 SET character_set_client = @saved_cs_client */;

--
-- Dumping data for table `b_medialib_item`
--

LOCK TABLES `b_medialib_item` WRITE;
/*!40000 ALTER TABLE `b_medialib_item` DISABLE KEYS */;
/*!40000 ALTER TABLE `b_medialib_item` ENABLE KEYS */;
UNLOCK TABLES;

--
-- Table structure for table `b_medialib_type`
--

DROP TABLE IF EXISTS `b_medialib_type`;
/*!40101 SET @saved_cs_client     = @@character_set_client */;
/*!40101 SET character_set_client = utf8 */;
CREATE TABLE `b_medialib_type` (
  `ID` int(11) NOT NULL AUTO_INCREMENT,
  `NAME` varchar(255) COLLATE utf8_unicode_ci DEFAULT NULL,
  `CODE` varchar(255) COLLATE utf8_unicode_ci NOT NULL,
  `EXT` varchar(255) COLLATE utf8_unicode_ci NOT NULL,
  `SYSTEM` char(1) COLLATE utf8_unicode_ci NOT NULL DEFAULT 'N',
  `DESCRIPTION` text COLLATE utf8_unicode_ci,
  PRIMARY KEY (`ID`)
) ENGINE=InnoDB AUTO_INCREMENT=4 DEFAULT CHARSET=utf8 COLLATE=utf8_unicode_ci;
/*!40101 SET character_set_client = @saved_cs_client */;

--
-- Dumping data for table `b_medialib_type`
--

LOCK TABLES `b_medialib_type` WRITE;
/*!40000 ALTER TABLE `b_medialib_type` DISABLE KEYS */;
INSERT INTO `b_medialib_type` VALUES (1,'image_name','image','jpg,jpeg,gif,png','Y','image_desc'),(2,'video_name','video','flv,mp4,wmv','Y','video_desc'),(3,'sound_name','sound','mp3,wma,aac','Y','sound_desc');
/*!40000 ALTER TABLE `b_medialib_type` ENABLE KEYS */;
UNLOCK TABLES;

--
-- Table structure for table `b_mobileapp_app`
--

DROP TABLE IF EXISTS `b_mobileapp_app`;
/*!40101 SET @saved_cs_client     = @@character_set_client */;
/*!40101 SET character_set_client = utf8 */;
CREATE TABLE `b_mobileapp_app` (
  `CODE` varchar(50) COLLATE utf8_unicode_ci NOT NULL,
  `SHORT_NAME` varchar(50) COLLATE utf8_unicode_ci NOT NULL,
  `NAME` varchar(50) COLLATE utf8_unicode_ci NOT NULL,
  `DESCRIPTION` text COLLATE utf8_unicode_ci NOT NULL,
  `FILES` text COLLATE utf8_unicode_ci NOT NULL,
  `LAUNCH_ICONS` text COLLATE utf8_unicode_ci NOT NULL,
  `LAUNCH_SCREENS` text COLLATE utf8_unicode_ci NOT NULL,
  `FOLDER` varchar(50) COLLATE utf8_unicode_ci NOT NULL,
  `DATE_CREATE` datetime NOT NULL,
  PRIMARY KEY (`CODE`)
) ENGINE=InnoDB DEFAULT CHARSET=utf8 COLLATE=utf8_unicode_ci;
/*!40101 SET character_set_client = @saved_cs_client */;

--
-- Dumping data for table `b_mobileapp_app`
--

LOCK TABLES `b_mobileapp_app` WRITE;
/*!40000 ALTER TABLE `b_mobileapp_app` DISABLE KEYS */;
/*!40000 ALTER TABLE `b_mobileapp_app` ENABLE KEYS */;
UNLOCK TABLES;

--
-- Table structure for table `b_mobileapp_config`
--

DROP TABLE IF EXISTS `b_mobileapp_config`;
/*!40101 SET @saved_cs_client     = @@character_set_client */;
/*!40101 SET character_set_client = utf8 */;
CREATE TABLE `b_mobileapp_config` (
  `APP_CODE` varchar(150) COLLATE utf8_unicode_ci NOT NULL,
  `PLATFORM` varchar(150) COLLATE utf8_unicode_ci NOT NULL,
  `PARAMS` text COLLATE utf8_unicode_ci NOT NULL,
  `DATE_CREATE` datetime NOT NULL,
  PRIMARY KEY (`APP_CODE`,`PLATFORM`)
) ENGINE=InnoDB DEFAULT CHARSET=utf8 COLLATE=utf8_unicode_ci;
/*!40101 SET character_set_client = @saved_cs_client */;

--
-- Dumping data for table `b_mobileapp_config`
--

LOCK TABLES `b_mobileapp_config` WRITE;
/*!40000 ALTER TABLE `b_mobileapp_config` DISABLE KEYS */;
/*!40000 ALTER TABLE `b_mobileapp_config` ENABLE KEYS */;
UNLOCK TABLES;

--
-- Table structure for table `b_module`
--

DROP TABLE IF EXISTS `b_module`;
/*!40101 SET @saved_cs_client     = @@character_set_client */;
/*!40101 SET character_set_client = utf8 */;
CREATE TABLE `b_module` (
  `ID` varchar(50) COLLATE utf8_unicode_ci NOT NULL,
  `DATE_ACTIVE` timestamp NOT NULL DEFAULT CURRENT_TIMESTAMP ON UPDATE CURRENT_TIMESTAMP,
  PRIMARY KEY (`ID`)
) ENGINE=InnoDB DEFAULT CHARSET=utf8 COLLATE=utf8_unicode_ci;
/*!40101 SET character_set_client = @saved_cs_client */;

--
-- Dumping data for table `b_module`
--

LOCK TABLES `b_module` WRITE;
/*!40000 ALTER TABLE `b_module` DISABLE KEYS */;
INSERT INTO `b_module` VALUES ('abtest','2016-03-02 15:40:28'),('b24connector','2016-12-04 14:27:01'),('bitrix.sitecorporate','2016-03-02 15:40:31'),('bitrixcloud','2016-03-02 15:40:32'),('blog','2016-03-02 15:40:34'),('calendar','2016-03-15 12:34:34'),('catalog','2016-03-02 15:40:38'),('clouds','2016-03-02 15:40:40'),('cluster','2016-06-15 19:19:13'),('compression','2016-03-02 15:40:41'),('conversion','2016-03-02 15:40:42'),('currency','2016-03-02 15:40:43'),('fileman','2016-03-02 15:40:46'),('form','2016-03-02 15:41:00'),('forum','2016-03-02 15:41:02'),('highloadblock','2016-03-02 15:41:05'),('iblock','2016-03-02 15:41:07'),('im','2016-03-15 12:36:01'),('main','2016-03-02 15:40:26'),('mobileapp','2016-03-02 15:41:09'),('perfmon','2016-03-02 15:41:11'),('photogallery','2016-03-02 15:41:12'),('pull','2016-03-02 15:41:14'),('report','2016-03-02 15:41:15'),('sale','2016-03-02 15:41:21'),('scale','2016-03-02 15:41:25'),('search','2016-03-02 15:41:27'),('security','2016-03-02 15:41:29'),('sender','2016-03-02 15:41:31'),('seo','2016-03-02 15:41:33'),('socialservices','2016-03-02 15:41:34'),('sprint.migration','2016-12-04 16:41:37'),('storeassist','2016-03-02 15:41:36'),('subscribe','2016-03-02 15:41:37'),('translate','2016-03-02 15:41:39'),('vote','2016-03-02 15:41:40');
/*!40000 ALTER TABLE `b_module` ENABLE KEYS */;
UNLOCK TABLES;

--
-- Table structure for table `b_module_group`
--

DROP TABLE IF EXISTS `b_module_group`;
/*!40101 SET @saved_cs_client     = @@character_set_client */;
/*!40101 SET character_set_client = utf8 */;
CREATE TABLE `b_module_group` (
  `ID` int(11) NOT NULL AUTO_INCREMENT,
  `MODULE_ID` varchar(50) COLLATE utf8_unicode_ci NOT NULL,
  `GROUP_ID` int(11) NOT NULL,
  `G_ACCESS` varchar(255) COLLATE utf8_unicode_ci NOT NULL,
  `SITE_ID` char(2) COLLATE utf8_unicode_ci DEFAULT NULL,
  PRIMARY KEY (`ID`),
  UNIQUE KEY `UK_GROUP_MODULE` (`MODULE_ID`,`GROUP_ID`,`SITE_ID`)
) ENGINE=InnoDB DEFAULT CHARSET=utf8 COLLATE=utf8_unicode_ci;
/*!40101 SET character_set_client = @saved_cs_client */;

--
-- Dumping data for table `b_module_group`
--

LOCK TABLES `b_module_group` WRITE;
/*!40000 ALTER TABLE `b_module_group` DISABLE KEYS */;
/*!40000 ALTER TABLE `b_module_group` ENABLE KEYS */;
UNLOCK TABLES;

--
-- Table structure for table `b_module_to_module`
--

DROP TABLE IF EXISTS `b_module_to_module`;
/*!40101 SET @saved_cs_client     = @@character_set_client */;
/*!40101 SET character_set_client = utf8 */;
CREATE TABLE `b_module_to_module` (
  `ID` int(11) NOT NULL AUTO_INCREMENT,
  `TIMESTAMP_X` timestamp NOT NULL DEFAULT CURRENT_TIMESTAMP ON UPDATE CURRENT_TIMESTAMP,
  `SORT` int(18) NOT NULL DEFAULT '100',
  `FROM_MODULE_ID` varchar(50) COLLATE utf8_unicode_ci NOT NULL,
  `MESSAGE_ID` varchar(255) COLLATE utf8_unicode_ci NOT NULL,
  `TO_MODULE_ID` varchar(50) COLLATE utf8_unicode_ci NOT NULL,
  `TO_PATH` varchar(255) COLLATE utf8_unicode_ci DEFAULT NULL,
  `TO_CLASS` varchar(255) COLLATE utf8_unicode_ci DEFAULT NULL,
  `TO_METHOD` varchar(255) COLLATE utf8_unicode_ci DEFAULT NULL,
  `TO_METHOD_ARG` varchar(255) COLLATE utf8_unicode_ci DEFAULT NULL,
  `VERSION` int(18) DEFAULT NULL,
  PRIMARY KEY (`ID`),
  KEY `ix_module_to_module` (`FROM_MODULE_ID`(20),`MESSAGE_ID`(20),`TO_MODULE_ID`(20),`TO_CLASS`(20),`TO_METHOD`(20))
) ENGINE=InnoDB AUTO_INCREMENT=464 DEFAULT CHARSET=utf8 COLLATE=utf8_unicode_ci;
/*!40101 SET character_set_client = @saved_cs_client */;

--
-- Dumping data for table `b_module_to_module`
--

LOCK TABLES `b_module_to_module` WRITE;
/*!40000 ALTER TABLE `b_module_to_module` DISABLE KEYS */;
INSERT INTO `b_module_to_module` VALUES (1,'2016-03-02 15:40:26',100,'iblock','OnIBlockPropertyBuildList','main','/modules/main/tools/prop_userid.php','CIBlockPropertyUserID','GetUserTypeDescription','',1),(2,'2016-03-02 15:40:26',100,'main','OnUserDelete','main','/modules/main/classes/mysql/favorites.php','CFavorites','OnUserDelete','',1),(3,'2016-03-02 15:40:26',100,'main','OnLanguageDelete','main','/modules/main/classes/mysql/favorites.php','CFavorites','OnLanguageDelete','',1),(4,'2016-03-02 15:40:26',100,'main','OnUserDelete','main','','CUserOptions','OnUserDelete','',1),(5,'2016-03-02 15:40:26',100,'main','OnChangeFile','main','','CMain','OnChangeFileComponent','',1),(6,'2016-03-02 15:40:26',100,'main','OnUserTypeRightsCheck','main','','CUser','UserTypeRightsCheck','',1),(7,'2016-03-02 15:40:26',100,'main','OnUserLogin','main','','UpdateTools','CheckUpdates','',1),(8,'2016-03-02 15:40:26',100,'main','OnModuleUpdate','main','','UpdateTools','SetUpdateResult','',1),(9,'2016-03-02 15:40:26',100,'main','OnUpdateCheck','main','','UpdateTools','SetUpdateError','',1),(10,'2016-03-02 15:40:26',100,'main','OnPanelCreate','main','','CUndo','CheckNotifyMessage','',1),(11,'2016-03-02 15:40:26',100,'main','OnAfterAddRating','main','','CRatingsComponentsMain','OnAfterAddRating','',1),(12,'2016-03-02 15:40:26',100,'main','OnAfterUpdateRating','main','','CRatingsComponentsMain','OnAfterUpdateRating','',1),(13,'2016-03-02 15:40:26',100,'main','OnSetRatingsConfigs','main','','CRatingsComponentsMain','OnSetRatingConfigs','',1),(14,'2016-03-02 15:40:26',100,'main','OnGetRatingsConfigs','main','','CRatingsComponentsMain','OnGetRatingConfigs','',1),(15,'2016-03-02 15:40:26',100,'main','OnGetRatingsObjects','main','','CRatingsComponentsMain','OnGetRatingObject','',1),(16,'2016-03-02 15:40:26',100,'main','OnGetRatingContentOwner','main','','CRatingsComponentsMain','OnGetRatingContentOwner','',1),(17,'2016-03-02 15:40:26',100,'main','OnAfterAddRatingRule','main','','CRatingRulesMain','OnAfterAddRatingRule','',1),(18,'2016-03-02 15:40:26',100,'main','OnAfterUpdateRatingRule','main','','CRatingRulesMain','OnAfterUpdateRatingRule','',1),(19,'2016-03-02 15:40:26',100,'main','OnGetRatingRuleObjects','main','','CRatingRulesMain','OnGetRatingRuleObjects','',1),(20,'2016-03-02 15:40:26',100,'main','OnGetRatingRuleConfigs','main','','CRatingRulesMain','OnGetRatingRuleConfigs','',1),(21,'2016-03-02 15:40:26',100,'main','OnAfterUserAdd','main','','CRatings','OnAfterUserRegister','',1),(22,'2016-03-02 15:40:26',100,'main','OnUserDelete','main','','CRatings','OnUserDelete','',1),(23,'2016-03-02 15:40:26',100,'main','OnUserDelete','main','','CAccess','OnUserDelete','',1),(24,'2016-03-02 15:40:26',100,'main','OnAfterGroupAdd','main','','CGroupAuthProvider','OnAfterGroupAdd','',1),(25,'2016-03-02 15:40:26',100,'main','OnBeforeGroupUpdate','main','','CGroupAuthProvider','OnBeforeGroupUpdate','',1),(26,'2016-03-02 15:40:26',100,'main','OnBeforeGroupDelete','main','','CGroupAuthProvider','OnBeforeGroupDelete','',1),(27,'2016-03-02 15:40:26',100,'main','OnAfterSetUserGroup','main','','CGroupAuthProvider','OnAfterSetUserGroup','',1),(28,'2016-03-02 15:40:26',100,'main','OnUserLogin','main','','CGroupAuthProvider','OnUserLogin','',1),(29,'2016-03-02 15:40:26',100,'main','OnEventLogGetAuditTypes','main','','CEventMain','GetAuditTypes','',1),(30,'2016-03-02 15:40:26',100,'main','OnEventLogGetAuditHandlers','main','','CEventMain','MakeMainObject','',1),(31,'2016-03-02 15:40:26',100,'perfmon','OnGetTableSchema','main','','CTableSchema','OnGetTableSchema','',1),(32,'2016-03-02 15:40:26',100,'sender','OnConnectorList','main','','\\Bitrix\\Main\\SenderEventHandler','onConnectorListUser','',1),(33,'2016-03-02 15:40:26',110,'main','OnUserTypeBuildList','main','','CUserTypeString','GetUserTypeDescription','',1),(34,'2016-03-02 15:40:26',120,'main','OnUserTypeBuildList','main','','CUserTypeInteger','GetUserTypeDescription','',1),(35,'2016-03-02 15:40:26',130,'main','OnUserTypeBuildList','main','','CUserTypeDouble','GetUserTypeDescription','',1),(36,'2016-03-02 15:40:26',140,'main','OnUserTypeBuildList','main','','CUserTypeDateTime','GetUserTypeDescription','',1),(37,'2016-03-02 15:40:26',145,'main','OnUserTypeBuildList','main','','CUserTypeDate','GetUserTypeDescription','',1),(38,'2016-03-02 15:40:26',150,'main','OnUserTypeBuildList','main','','CUserTypeBoolean','GetUserTypeDescription','',1),(39,'2016-03-02 15:40:26',160,'main','OnUserTypeBuildList','main','','CUserTypeFile','GetUserTypeDescription','',1),(40,'2016-03-02 15:40:26',170,'main','OnUserTypeBuildList','main','','CUserTypeEnum','GetUserTypeDescription','',1),(41,'2016-03-02 15:40:26',180,'main','OnUserTypeBuildList','main','','CUserTypeIBlockSection','GetUserTypeDescription','',1),(42,'2016-03-02 15:40:26',190,'main','OnUserTypeBuildList','main','','CUserTypeIBlockElement','GetUserTypeDescription','',1),(43,'2016-03-02 15:40:26',200,'main','OnUserTypeBuildList','main','','CUserTypeStringFormatted','GetUserTypeDescription','',1),(44,'2016-03-02 15:40:26',100,'main','OnBeforeEndBufferContent','main','','\\Bitrix\\Main\\Analytics\\Counter','onBeforeEndBufferContent','',1),(45,'2016-03-02 15:40:26',100,'main','OnBeforeRestartBuffer','main','','\\Bitrix\\Main\\Analytics\\Counter','onBeforeRestartBuffer','',1),(46,'2016-03-02 15:40:26',100,'disk','onAfterAjaxActionCreateFolderWithSharing','main','','\\Bitrix\\Main\\FinderDestTable','onAfterDiskAjaxAction','',1),(47,'2016-03-02 15:40:26',100,'disk','onAfterAjaxActionAppendSharing','main','','\\Bitrix\\Main\\FinderDestTable','onAfterDiskAjaxAction','',1),(48,'2016-03-02 15:40:26',100,'disk','onAfterAjaxActionChangeSharingAndRights','main','','\\Bitrix\\Main\\FinderDestTable','onAfterDiskAjaxAction','',1),(49,'2016-03-02 15:40:26',100,'socialnetwork','OnSocNetLogDelete','main','','CUserCounter','OnSocNetLogDelete','',1),(50,'2016-03-02 15:40:26',100,'socialnetwork','OnSocNetLogCommentDelete','main','','CUserCounter','OnSocNetLogCommentDelete','',1),(54,'2016-03-02 15:40:28',100,'main','OnGetCurrentSiteTemplate','abtest','','\\Bitrix\\ABTest\\EventHandler','onGetCurrentSiteTemplate','',2),(55,'2016-03-02 15:40:28',100,'main','OnFileRewrite','abtest','','\\Bitrix\\ABTest\\EventHandler','onFileRewrite','',2),(56,'2016-03-02 15:40:28',100,'main','OnPageStart','abtest','','\\Bitrix\\ABTest\\EventHandler','onPageStart','',1),(57,'2016-03-02 15:40:28',100,'main','OnPanelCreate','abtest','','\\Bitrix\\ABTest\\EventHandler','onPanelCreate','',1),(58,'2016-03-02 15:40:28',100,'conversion','OnGetAttributeTypes','abtest','','\\Bitrix\\ABTest\\EventHandler','onGetAttributeTypes','',1),(59,'2016-03-02 15:40:28',100,'conversion','OnSetDayContextAttributes','abtest','','\\Bitrix\\ABTest\\EventHandler','onConversionSetContextAttributes','',1),(61,'2016-03-02 15:40:31',100,'main','OnBeforeProlog','bitrix.sitecorporate','','CSiteCorporate','ShowPanel','',1),(62,'2016-03-02 15:40:32',100,'main','OnAdminInformerInsertItems','bitrixcloud','','CBitrixCloudCDN','OnAdminInformerInsertItems','',1),(63,'2016-03-02 15:40:32',100,'main','OnAdminInformerInsertItems','bitrixcloud','','CBitrixCloudBackup','OnAdminInformerInsertItems','',1),(64,'2016-03-02 15:40:32',100,'mobileapp','OnBeforeAdminMobileMenuBuild','bitrixcloud','','CBitrixCloudMobile','OnBeforeAdminMobileMenuBuild','',1),(65,'2016-03-02 15:40:34',100,'search','OnReindex','blog','','CBlogSearch','OnSearchReindex','',1),(66,'2016-03-02 15:40:34',100,'main','OnUserDelete','blog','','CBlogUser','Delete','',1),(67,'2016-03-02 15:40:34',100,'main','OnSiteDelete','blog','','CBlogSitePath','DeleteBySiteID','',1),(68,'2016-03-02 15:40:34',100,'socialnetwork','OnSocNetGroupDelete','blog','','CBlogSoNetPost','OnGroupDelete','',1),(69,'2016-03-02 15:40:34',100,'socialnetwork','OnSocNetFeaturesAdd','blog','','CBlogSearch','SetSoNetFeatureIndexSearch','',1),(70,'2016-03-02 15:40:34',100,'socialnetwork','OnSocNetFeaturesUpdate','blog','','CBlogSearch','SetSoNetFeatureIndexSearch','',1),(71,'2016-03-02 15:40:34',100,'socialnetwork','OnSocNetFeaturesPermsAdd','blog','','CBlogSearch','SetSoNetFeaturePermIndexSearch','',1),(72,'2016-03-02 15:40:34',100,'socialnetwork','OnSocNetFeaturesPermsUpdate','blog','','CBlogSearch','SetSoNetFeaturePermIndexSearch','',1),(73,'2016-03-02 15:40:34',200,'main','OnAfterAddRating','blog','','CRatingsComponentsBlog','OnAfterAddRating','',1),(74,'2016-03-02 15:40:34',200,'main','OnAfterUpdateRating','blog','','CRatingsComponentsBlog','OnAfterUpdateRating','',1),(75,'2016-03-02 15:40:34',200,'main','OnSetRatingsConfigs','blog','','CRatingsComponentsBlog','OnSetRatingConfigs','',1),(76,'2016-03-02 15:40:34',200,'main','OnGetRatingsConfigs','blog','','CRatingsComponentsBlog','OnGetRatingConfigs','',1),(77,'2016-03-02 15:40:34',200,'main','OnGetRatingsObjects','blog','','CRatingsComponentsBlog','OnGetRatingObject','',1),(78,'2016-03-02 15:40:34',200,'main','OnGetRatingContentOwner','blog','','CRatingsComponentsBlog','OnGetRatingContentOwner','',1),(79,'2016-03-02 15:40:34',100,'im','OnGetNotifySchema','blog','','CBlogNotifySchema','OnGetNotifySchema','',1),(80,'2016-03-02 15:40:34',100,'main','OnAfterRegisterModule','main','/modules/blog/install/index.php','blog','installUserFields','',1),(81,'2016-03-02 15:40:34',100,'conversion','OnGetCounterTypes','blog','','\\Bitrix\\Blog\\Internals\\ConversionHandlers','onGetCounterTypes','',1),(82,'2016-03-02 15:40:34',100,'conversion','OnGetRateTypes','blog','','\\Bitrix\\Blog\\Internals\\ConversionHandlers','onGetRateTypes','',1),(83,'2016-03-02 15:40:34',100,'blog','OnPostAdd','blog','','\\Bitrix\\Blog\\Internals\\ConversionHandlers','onPostAdd','',1),(84,'2016-03-02 15:40:38',100,'sale','onBuildCouponProviders','catalog','','\\Bitrix\\Catalog\\DiscountCouponTable','couponManager','',2),(85,'2016-03-02 15:40:38',100,'sale','onBuildDiscountProviders','catalog','','\\Bitrix\\Catalog\\Discount\\DiscountManager','catalogDiscountManager','',2),(86,'2016-03-02 15:40:38',100,'sale','onExtendOrderData','catalog','','\\Bitrix\\Catalog\\Discount\\DiscountManager','extendOrderData','',2),(87,'2016-03-02 15:40:38',100,'iblock','OnIBlockDelete','catalog','','CCatalog','OnIBlockDelete','',1),(88,'2016-03-02 15:40:38',100,'iblock','OnIBlockElementDelete','catalog','','CCatalogProduct','OnIBlockElementDelete','',1),(89,'2016-03-02 15:40:38',100,'iblock','OnIBlockElementDelete','catalog','','CPrice','OnIBlockElementDelete','',1),(90,'2016-03-02 15:40:38',100,'iblock','OnIBlockElementDelete','catalog','','CCatalogStoreProduct','OnIBlockElementDelete','',1),(91,'2016-03-02 15:40:38',100,'iblock','OnIBlockElementDelete','catalog','','CCatalogDocs','OnIBlockElementDelete','',1),(92,'2016-03-02 15:40:38',100,'iblock','OnBeforeIBlockElementDelete','catalog','','CCatalogDocs','OnBeforeIBlockElementDelete','',1),(93,'2016-03-02 15:40:38',100,'currency','OnCurrencyDelete','catalog','','CPrice','OnCurrencyDelete','',1),(94,'2016-03-02 15:40:38',100,'main','OnGroupDelete','catalog','','CCatalogProductGroups','OnGroupDelete','',1),(95,'2016-03-02 15:40:38',100,'iblock','OnAfterIBlockElementUpdate','catalog','','CCatalogProduct','OnAfterIBlockElementUpdate','',1),(96,'2016-03-02 15:40:38',100,'currency','OnModuleUnInstall','catalog','','','CurrencyModuleUnInstallCatalog','',1),(97,'2016-03-02 15:40:38',300,'iblock','OnBeforeIBlockDelete','catalog','','CCatalog','OnBeforeCatalogDelete','',1),(98,'2016-03-02 15:40:38',10000,'iblock','OnBeforeIBlockElementDelete','catalog','','CCatalog','OnBeforeIBlockElementDelete','',1),(99,'2016-03-02 15:40:38',100,'main','OnEventLogGetAuditTypes','catalog','','CCatalogEvent','GetAuditTypes','',1),(100,'2016-03-02 15:40:38',100,'main','OnBuildGlobalMenu','catalog','','CCatalogAdmin','OnBuildGlobalMenu','',1),(101,'2016-03-02 15:40:38',100,'main','OnAdminListDisplay','catalog','','CCatalogAdmin','OnAdminListDisplay','',1),(102,'2016-03-02 15:40:38',100,'main','OnBuildGlobalMenu','catalog','','CCatalogAdmin','OnBuildSaleMenu','',1),(103,'2016-03-02 15:40:38',100,'catalog','OnCondCatControlBuildList','catalog','','CCatalogCondCtrlGroup','GetControlDescr','',1),(104,'2016-03-02 15:40:38',200,'catalog','OnCondCatControlBuildList','catalog','','CCatalogCondCtrlIBlockFields','GetControlDescr','',1),(105,'2016-03-02 15:40:38',300,'catalog','OnCondCatControlBuildList','catalog','','CCatalogCondCtrlIBlockProps','GetControlDescr','',1),(106,'2016-03-02 15:40:38',100,'catalog','OnDocumentBarcodeDelete','catalog','','CCatalogStoreDocsElement','OnDocumentBarcodeDelete','',1),(107,'2016-03-02 15:40:38',100,'catalog','OnBeforeDocumentDelete','catalog','','CCatalogStoreDocsBarcode','OnBeforeDocumentDelete','',1),(108,'2016-03-02 15:40:38',100,'catalog','OnCatalogStoreDelete','catalog','','CCatalogDocs','OnCatalogStoreDelete','',1),(109,'2016-03-02 15:40:38',100,'iblock','OnBeforeIBlockPropertyDelete','catalog','','CCatalog','OnBeforeIBlockPropertyDelete','',1),(110,'2016-03-02 15:40:38',1100,'sale','OnCondSaleControlBuildList','catalog','','CCatalogCondCtrlBasketProductFields','GetControlDescr','',1),(111,'2016-03-02 15:40:38',1200,'sale','OnCondSaleControlBuildList','catalog','','CCatalogCondCtrlBasketProductProps','GetControlDescr','',1),(112,'2016-03-02 15:40:38',1200,'sale','OnCondSaleActionsControlBuildList','catalog','','CCatalogActionCtrlBasketProductFields','GetControlDescr','',1),(113,'2016-03-02 15:40:38',1300,'sale','OnCondSaleActionsControlBuildList','catalog','','CCatalogActionCtrlBasketProductProps','GetControlDescr','',1),(114,'2016-03-02 15:40:38',100,'sale','OnExtendBasketItems','catalog','','CCatalogDiscount','ExtendBasketItems','',1),(115,'2016-03-02 15:40:38',100,'iblock','OnModuleUnInstall','catalog','','CCatalog','OnIBlockModuleUnInstall','',1),(116,'2016-03-02 15:40:40',100,'main','OnEventLogGetAuditTypes','clouds','','CCloudStorage','GetAuditTypes','',1),(117,'2016-03-02 15:40:40',100,'main','OnBeforeProlog','clouds','','CCloudStorage','OnBeforeProlog','',1),(118,'2016-03-02 15:40:40',100,'main','OnAdminListDisplay','clouds','','CCloudStorage','OnAdminListDisplay','',1),(119,'2016-03-02 15:40:40',100,'main','OnBuildGlobalMenu','clouds','','CCloudStorage','OnBuildGlobalMenu','',1),(120,'2016-03-02 15:40:40',100,'main','OnFileSave','clouds','','CCloudStorage','OnFileSave','',1),(121,'2016-03-02 15:40:40',100,'main','OnGetFileSRC','clouds','','CCloudStorage','OnGetFileSRC','',1),(122,'2016-03-02 15:40:40',100,'main','OnFileCopy','clouds','','CCloudStorage','OnFileCopy','',1),(123,'2016-03-02 15:40:40',100,'main','OnFileDelete','clouds','','CCloudStorage','OnFileDelete','',1),(124,'2016-03-02 15:40:40',100,'main','OnMakeFileArray','clouds','','CCloudStorage','OnMakeFileArray','',1),(125,'2016-03-02 15:40:40',100,'main','OnBeforeResizeImage','clouds','','CCloudStorage','OnBeforeResizeImage','',1),(126,'2016-03-02 15:40:40',100,'main','OnAfterResizeImage','clouds','','CCloudStorage','OnAfterResizeImage','',1),(133,'2016-03-02 15:40:41',1,'main','OnPageStart','compression','','CCompress','OnPageStart','',1),(134,'2016-03-02 15:40:41',10000,'main','OnAfterEpilog','compression','','CCompress','OnAfterEpilog','',1),(135,'2016-03-02 15:40:42',100,'conversion','OnGetCounterTypes','conversion','','\\Bitrix\\Conversion\\Internals\\Handlers','onGetCounterTypes','',1),(136,'2016-03-02 15:40:42',100,'conversion','OnGetAttributeTypes','conversion','','\\Bitrix\\Conversion\\Internals\\Handlers','onGetAttributeTypes','',1),(137,'2016-03-02 15:40:42',100,'conversion','OnGetAttributeGroupTypes','conversion','','\\Bitrix\\Conversion\\Internals\\Handlers','onGetAttributeGroupTypes','',1),(138,'2016-03-02 15:40:42',100,'conversion','OnSetDayContextAttributes','conversion','','\\Bitrix\\Conversion\\Internals\\Handlers','onSetDayContextAttributes','',1),(139,'2016-03-02 15:40:42',100,'main','OnProlog','conversion','','\\Bitrix\\Conversion\\Internals\\Handlers','onProlog','',1),(140,'2016-03-02 15:40:46',100,'main','OnGroupDelete','fileman','','CFileman','OnGroupDelete','',1),(141,'2016-03-02 15:40:46',100,'main','OnPanelCreate','fileman','','CFileman','OnPanelCreate','',1),(142,'2016-03-02 15:40:46',100,'main','OnModuleUpdate','fileman','','CFileman','OnModuleUpdate','',1),(143,'2016-03-02 15:40:46',100,'main','OnModuleInstalled','fileman','','CFileman','ClearComponentsListCache','',1),(144,'2016-03-02 15:40:46',100,'iblock','OnIBlockPropertyBuildList','fileman','','CIBlockPropertyMapGoogle','GetUserTypeDescription','',1),(145,'2016-03-02 15:40:46',100,'iblock','OnIBlockPropertyBuildList','fileman','','CIBlockPropertyMapYandex','GetUserTypeDescription','',1),(146,'2016-03-02 15:40:46',100,'iblock','OnIBlockPropertyBuildList','fileman','','CIBlockPropertyVideo','GetUserTypeDescription','',1),(147,'2016-03-02 15:40:46',100,'main','OnUserTypeBuildList','fileman','','CUserTypeVideo','GetUserTypeDescription','',1),(148,'2016-03-02 15:40:46',100,'main','OnEventLogGetAuditTypes','fileman','','CEventFileman','GetAuditTypes','',1),(149,'2016-03-02 15:40:46',100,'main','OnEventLogGetAuditHandlers','fileman','','CEventFileman','MakeFilemanObject','',1),(150,'2016-03-02 15:41:00',100,'sender','OnConnectorList','form','','\\Bitrix\\Form\\SenderEventHandler','onConnectorListForm','',1),(151,'2016-03-02 15:41:02',100,'main','OnAfterUserUpdate','forum','','CForumUser','OnAfterUserUpdate','',1),(152,'2016-03-02 15:41:02',100,'main','OnGroupDelete','forum','','CForumNew','OnGroupDelete','',1),(153,'2016-03-02 15:41:02',100,'main','OnBeforeLangDelete','forum','','CForumNew','OnBeforeLangDelete','',1),(154,'2016-03-02 15:41:02',100,'main','OnFileDelete','forum','','CForumFiles','OnFileDelete','',1),(155,'2016-03-02 15:41:02',100,'search','OnReindex','forum','','CForumNew','OnReindex','',1),(156,'2016-03-02 15:41:02',100,'main','OnUserDelete','forum','','CForumUser','OnUserDelete','',1),(157,'2016-03-02 15:41:02',100,'iblock','OnIBlockPropertyBuildList','main','/modules/forum/tools/prop_topicid.php','CIBlockPropertyTopicID','GetUserTypeDescription','',1),(158,'2016-03-02 15:41:02',100,'iblock','OnBeforeIBlockElementDelete','forum','','CForumTopic','OnBeforeIBlockElementDelete','',1),(159,'2016-03-02 15:41:02',100,'main','OnEventLogGetAuditTypes','forum','','CForumEventLog','GetAuditTypes','',1),(160,'2016-03-02 15:41:02',100,'main','OnEventLogGetAuditHandlers','forum','','CEventForum','MakeForumObject','',1),(161,'2016-03-02 15:41:02',100,'socialnetwork','OnSocNetGroupDelete','forum','','CForumUser','OnSocNetGroupDelete','',1),(162,'2016-03-02 15:41:02',100,'socialnetwork','OnSocNetLogFormatEvent','forum','','CForumMessage','OnSocNetLogFormatEvent','',1),(163,'2016-03-02 15:41:02',100,'mail','OnGetFilterList','forum','','CForumEMail','OnGetSocNetFilterList','',1),(164,'2016-03-02 15:41:02',100,'main','OnAfterAddRating','forum','','CRatingsComponentsForum','OnAfterAddRating','',1),(165,'2016-03-02 15:41:02',100,'main','OnAfterUpdateRating','forum','','CRatingsComponentsForum','OnAfterUpdateRating','',1),(166,'2016-03-02 15:41:02',100,'main','OnSetRatingsConfigs','forum','','CRatingsComponentsForum','OnSetRatingConfigs','',1),(167,'2016-03-02 15:41:02',100,'main','OnGetRatingsConfigs','forum','','CRatingsComponentsForum','OnGetRatingConfigs','',1),(168,'2016-03-02 15:41:02',100,'main','OnGetRatingsObjects','forum','','CRatingsComponentsForum','OnGetRatingObject','',1),(169,'2016-03-02 15:41:02',100,'main','OnGetRatingContentOwner','forum','','CRatingsComponentsForum','OnGetRatingContentOwner','',1),(170,'2016-03-02 15:41:02',100,'im','OnGetNotifySchema','forum','','CForumNotifySchema','OnGetNotifySchema','',1),(171,'2016-03-02 15:41:02',100,'main','OnAfterRegisterModule','main','/modules/forum/install/index.php','forum','InstallUserFields','',1),(172,'2016-03-02 15:41:02',100,'conversion','OnGetCounterTypes','forum','','\\Bitrix\\Forum\\Internals\\ConversionHandlers','onGetCounterTypes','',1),(173,'2016-03-02 15:41:02',100,'conversion','OnGetRateTypes','forum','','\\Bitrix\\Forum\\Internals\\ConversionHandlers','onGetRateTypes','',1),(174,'2016-03-02 15:41:02',100,'forum','onAfterTopicAdd','forum','','\\Bitrix\\Forum\\Internals\\ConversionHandlers','onTopicAdd','',1),(175,'2016-03-02 15:41:02',100,'forum','onAfterMessageAdd','forum','','\\Bitrix\\Forum\\Internals\\ConversionHandlers','onMessageAdd','',1),(176,'2016-03-02 15:41:05',100,'main','OnBeforeUserTypeAdd','highloadblock','','\\Bitrix\\Highloadblock\\HighloadBlockTable','OnBeforeUserTypeAdd','',1),(177,'2016-03-02 15:41:05',100,'main','OnAfterUserTypeAdd','highloadblock','','\\Bitrix\\Highloadblock\\HighloadBlockTable','onAfterUserTypeAdd','',1),(178,'2016-03-02 15:41:05',100,'main','OnBeforeUserTypeDelete','highloadblock','','\\Bitrix\\Highloadblock\\HighloadBlockTable','OnBeforeUserTypeDelete','',1),(179,'2016-03-02 15:41:05',100,'main','OnUserTypeBuildList','highloadblock','','CUserTypeHlblock','GetUserTypeDescription','',1),(180,'2016-03-02 15:41:05',100,'iblock','OnIBlockPropertyBuildList','highloadblock','','CIBlockPropertyDirectory','GetUserTypeDescription','',1),(181,'2016-03-02 15:41:07',100,'main','OnGroupDelete','iblock','','CIBlock','OnGroupDelete','',1),(182,'2016-03-02 15:41:07',100,'main','OnBeforeLangDelete','iblock','','CIBlock','OnBeforeLangDelete','',1),(183,'2016-03-02 15:41:07',100,'main','OnLangDelete','iblock','','CIBlock','OnLangDelete','',1),(184,'2016-03-02 15:41:07',100,'main','OnUserTypeRightsCheck','iblock','','CIBlockSection','UserTypeRightsCheck','',1),(185,'2016-03-02 15:41:07',100,'search','OnReindex','iblock','','CIBlock','OnSearchReindex','',1),(186,'2016-03-02 15:41:07',100,'search','OnSearchGetURL','iblock','','CIBlock','OnSearchGetURL','',1),(187,'2016-03-02 15:41:07',100,'main','OnEventLogGetAuditTypes','iblock','','CIBlock','GetAuditTypes','',1),(188,'2016-03-02 15:41:07',100,'main','OnEventLogGetAuditHandlers','iblock','','CEventIBlock','MakeIBlockObject','',1),(189,'2016-03-02 15:41:07',200,'main','OnGetRatingContentOwner','iblock','','CRatingsComponentsIBlock','OnGetRatingContentOwner','',1),(190,'2016-03-02 15:41:07',100,'main','OnTaskOperationsChanged','iblock','','CIBlockRightsStorage','OnTaskOperationsChanged','',1),(191,'2016-03-02 15:41:07',100,'main','OnGroupDelete','iblock','','CIBlockRightsStorage','OnGroupDelete','',1),(192,'2016-03-02 15:41:07',100,'main','OnUserDelete','iblock','','CIBlockRightsStorage','OnUserDelete','',1),(193,'2016-03-02 15:41:07',100,'perfmon','OnGetTableSchema','iblock','','iblock','OnGetTableSchema','',1),(194,'2016-03-02 15:41:07',100,'sender','OnConnectorList','iblock','','\\Bitrix\\Iblock\\SenderEventHandler','onConnectorListIblock','',1),(195,'2016-03-02 15:41:07',10,'iblock','OnIBlockPropertyBuildList','iblock','','CIBlockProperty','_Date_GetUserTypeDescription','',1),(196,'2016-03-02 15:41:07',20,'iblock','OnIBlockPropertyBuildList','iblock','','CIBlockProperty','_DateTime_GetUserTypeDescription','',1),(197,'2016-03-02 15:41:07',30,'iblock','OnIBlockPropertyBuildList','iblock','','CIBlockProperty','_XmlID_GetUserTypeDescription','',1),(198,'2016-03-02 15:41:07',40,'iblock','OnIBlockPropertyBuildList','iblock','','CIBlockProperty','_FileMan_GetUserTypeDescription','',1),(199,'2016-03-02 15:41:07',50,'iblock','OnIBlockPropertyBuildList','iblock','','CIBlockProperty','_HTML_GetUserTypeDescription','',1),(200,'2016-03-02 15:41:07',60,'iblock','OnIBlockPropertyBuildList','iblock','','CIBlockProperty','_ElementList_GetUserTypeDescription','',1),(201,'2016-03-02 15:41:07',70,'iblock','OnIBlockPropertyBuildList','iblock','','CIBlockProperty','_Sequence_GetUserTypeDescription','',1),(202,'2016-03-02 15:41:07',80,'iblock','OnIBlockPropertyBuildList','iblock','','CIBlockProperty','_ElementAutoComplete_GetUserTypeDescription','',1),(203,'2016-03-02 15:41:07',90,'iblock','OnIBlockPropertyBuildList','iblock','','CIBlockProperty','_SKU_GetUserTypeDescription','',1),(204,'2016-03-02 15:41:07',100,'iblock','OnIBlockPropertyBuildList','iblock','','CIBlockProperty','_SectionAutoComplete_GetUserTypeDescription','',1),(205,'2016-03-02 15:41:09',100,'pull','OnGetDependentModule','mobileapp','','CMobileAppPullSchema','OnGetDependentModule','',1),(206,'2016-03-02 15:41:11',100,'perfmon','OnGetTableSchema','perfmon','','perfmon','OnGetTableSchema','',1),(207,'2016-03-02 15:41:12',100,'iblock','OnBeforeIBlockElementDelete','photogallery','','CPhotogalleryElement','OnBeforeIBlockElementDelete','',1),(208,'2016-03-02 15:41:12',100,'iblock','OnAfterIBlockElementAdd','photogallery','','CPhotogalleryElement','OnAfterIBlockElementAdd','',1),(209,'2016-03-02 15:41:12',100,'search','BeforeIndex','photogallery','','CRatingsComponentsPhotogallery','BeforeIndex','',1),(210,'2016-03-02 15:41:12',100,'im','OnGetNotifySchema','photogallery','','CPhotogalleryNotifySchema','OnGetNotifySchema','',1),(211,'2016-03-02 15:41:14',3,'main','OnProlog','main','/modules/pull/ajax_hit.php','','','',1),(212,'2016-03-02 15:41:14',100,'main','OnEpilog','pull','','CPullWatch','DeferredSql','',1),(213,'2016-03-02 15:41:14',100,'main','OnEpilog','pull','','CPullOptions','OnEpilog','',1),(214,'2016-03-02 15:41:14',100,'perfmon','OnGetTableSchema','pull','','CPullTableSchema','OnGetTableSchema','',1),(215,'2016-03-02 15:41:14',100,'main','OnAfterRegisterModule','pull','','CPullOptions','ClearCheckCache','',1),(216,'2016-03-02 15:41:14',100,'main','OnAfterUnRegisterModule','pull','','CPullOptions','ClearCheckCache','',1),(217,'2016-03-02 15:41:21',100,'main','OnUserLogout','sale','','\\Bitrix\\Sale\\DiscountCouponsManager','logout','',1),(218,'2016-03-02 15:41:21',100,'main','OnUserLogin','sale','','CSaleUser','OnUserLogin','',1),(219,'2016-03-02 15:41:21',100,'main','OnUserLogout','sale','','CSaleUser','OnUserLogout','',1),(220,'2016-03-02 15:41:21',100,'main','OnBeforeLangDelete','sale','','CSalePersonType','OnBeforeLangDelete','',1),(221,'2016-03-02 15:41:21',100,'main','OnLanguageDelete','sale','','CSaleLocation','OnLangDelete','',1),(222,'2016-03-02 15:41:21',100,'main','OnLanguageDelete','sale','','CSaleLocationGroup','OnLangDelete','',1),(223,'2016-03-02 15:41:21',100,'main','OnUserDelete','sale','','CSaleOrderUserProps','OnUserDelete','',1),(224,'2016-03-02 15:41:21',100,'main','OnUserDelete','sale','','CSaleUserAccount','OnUserDelete','',1),(225,'2016-03-02 15:41:21',100,'main','OnUserDelete','sale','','CSaleAuxiliary','OnUserDelete','',1),(226,'2016-03-02 15:41:21',100,'main','OnUserDelete','sale','','CSaleUser','OnUserDelete','',1),(227,'2016-03-02 15:41:21',100,'main','OnUserDelete','sale','','CSaleRecurring','OnUserDelete','',1),(228,'2016-03-02 15:41:21',100,'main','OnUserDelete','sale','','CSaleUserCards','OnUserDelete','',1),(229,'2016-03-02 15:41:21',100,'main','OnBeforeUserDelete','sale','','CSaleOrder','OnBeforeUserDelete','',1),(230,'2016-03-02 15:41:21',100,'main','OnBeforeUserDelete','sale','','CSaleAffiliate','OnBeforeUserDelete','',1),(231,'2016-03-02 15:41:21',100,'main','OnBeforeUserDelete','sale','','CSaleUserAccount','OnBeforeUserDelete','',1),(232,'2016-03-02 15:41:21',100,'main','OnBeforeProlog','main','/modules/sale/affiliate.php','','','',1),(233,'2016-03-02 15:41:21',100,'main','OnEventLogGetAuditTypes','sale','','CSaleYMHandler','OnEventLogGetAuditTypes','',1),(234,'2016-03-02 15:41:21',100,'main','OnEventLogGetAuditTypes','sale','','CSalePaySystemAction','OnEventLogGetAuditTypes','',1),(235,'2016-03-02 15:41:21',100,'currency','OnBeforeCurrencyDelete','sale','','CSaleOrder','OnBeforeCurrencyDelete','',1),(236,'2016-03-02 15:41:21',100,'currency','OnBeforeCurrencyDelete','sale','','CSaleLang','OnBeforeCurrencyDelete','',1),(237,'2016-03-02 15:41:21',100,'currency','OnModuleUnInstall','sale','','','CurrencyModuleUnInstallSale','',1),(238,'2016-03-02 15:41:21',100,'catalog','OnSaleOrderSumm','sale','','CSaleOrder','__SaleOrderCount','',1),(239,'2016-03-02 15:41:21',100,'mobileapp','OnBeforeAdminMobileMenuBuild','sale','','CSaleMobileOrderUtils','buildSaleAdminMobileMenu','',1),(240,'2016-03-02 15:41:21',100,'sender','OnConnectorList','sale','','\\Bitrix\\Sale\\SenderEventHandler','onConnectorListBuyer','',1),(241,'2016-03-02 15:41:21',100,'sender','OnTriggerList','sale','','\\Bitrix\\Sale\\Sender\\EventHandler','onTriggerList','',1),(242,'2016-03-02 15:41:21',100,'sender','OnPresetMailingList','sale','','\\Bitrix\\Sale\\Sender\\EventHandler','onPresetMailingList','',1),(243,'2016-03-02 15:41:21',100,'sender','OnPresetTemplateList','sale','','\\Bitrix\\Sale\\Sender\\EventHandler','onPresetTemplateList','',1),(244,'2016-03-02 15:41:21',100,'sale','OnCondSaleControlBuildList','sale','','CSaleCondCtrlGroup','GetControlDescr','',1),(245,'2016-03-02 15:41:21',200,'sale','OnCondSaleControlBuildList','sale','','CSaleCondCtrlBasketGroup','GetControlDescr','',1),(246,'2016-03-02 15:41:21',300,'sale','OnCondSaleControlBuildList','sale','','CSaleCondCtrlBasketFields','GetControlDescr','',1),(247,'2016-03-02 15:41:21',1000,'sale','OnCondSaleControlBuildList','sale','','CSaleCondCtrlOrderFields','GetControlDescr','',1),(248,'2016-03-02 15:41:21',10000,'sale','OnCondSaleControlBuildList','sale','','CSaleCondCtrlCommon','GetControlDescr','',1),(249,'2016-03-02 15:41:21',100,'sale','OnCondSaleActionsControlBuildList','sale','','CSaleActionCtrlGroup','GetControlDescr','',1),(250,'2016-03-02 15:41:21',200,'sale','OnCondSaleActionsControlBuildList','sale','','CSaleActionCtrlDelivery','GetControlDescr','',1),(251,'2016-03-02 15:41:21',300,'sale','OnCondSaleActionsControlBuildList','sale','','CSaleActionCtrlBasketGroup','GetControlDescr','',1),(252,'2016-03-02 15:41:21',1000,'sale','OnCondSaleActionsControlBuildList','sale','','CSaleActionCtrlSubGroup','GetControlDescr','',1),(253,'2016-03-02 15:41:21',1100,'sale','OnCondSaleActionsControlBuildList','sale','','CSaleActionCondCtrlBasketFields','GetControlDescr','',1),(254,'2016-03-02 15:41:21',100,'sale','OnOrderDelete','sale','','CSaleMobileOrderPull','onOrderDelete','',1),(255,'2016-03-02 15:41:21',100,'sale','OnOrderAdd','sale','','CSaleMobileOrderPull','onOrderAdd','',1),(256,'2016-03-02 15:41:21',100,'sale','OnOrderUpdate','sale','','CSaleMobileOrderPull','onOrderUpdate','',1),(257,'2016-03-02 15:41:21',100,'sale','OnBasketOrder','sale','','\\Bitrix\\Sale\\Product2ProductTable','onSaleOrderAdd','',1),(258,'2016-03-02 15:41:21',100,'sale','OnSaleStatusOrder','sale','','\\Bitrix\\Sale\\Product2ProductTable','onSaleStatusOrderHandler','',1),(259,'2016-03-02 15:41:21',100,'sale','OnSaleDeliveryOrder','sale','','\\Bitrix\\Sale\\Product2ProductTable','onSaleDeliveryOrderHandler','',1),(260,'2016-03-02 15:41:21',100,'sale','OnSaleDeductOrder','sale','','\\Bitrix\\Sale\\Product2ProductTable','onSaleDeductOrderHandler','',1),(261,'2016-03-02 15:41:21',100,'sale','OnSaleCancelOrder','sale','','\\Bitrix\\Sale\\Product2ProductTable','onSaleCancelOrderHandler','',1),(262,'2016-03-02 15:41:21',100,'sale','OnSalePayOrder','sale','','\\Bitrix\\Sale\\Product2ProductTable','onSalePayOrderHandler','',1),(263,'2016-03-02 15:41:21',100,'conversion','OnGetCounterTypes','sale','','\\Bitrix\\Sale\\Internals\\ConversionHandlers','onGetCounterTypes','',1),(264,'2016-03-02 15:41:21',100,'conversion','OnGetRateTypes','sale','','\\Bitrix\\Sale\\Internals\\ConversionHandlers','onGetRateTypes','',1),(265,'2016-03-02 15:41:21',100,'conversion','OnGenerateInitialData','sale','','\\Bitrix\\Sale\\Internals\\ConversionHandlers','onGenerateInitialData','',1),(266,'2016-03-02 15:41:21',100,'sale','OnBeforeBasketAdd','sale','','\\Bitrix\\Sale\\Internals\\ConversionHandlers','onBeforeBasketAdd','',1),(267,'2016-03-02 15:41:21',100,'sale','OnBasketAdd','sale','','\\Bitrix\\Sale\\Internals\\ConversionHandlers','onBasketAdd','',1),(268,'2016-03-02 15:41:21',100,'sale','OnBeforeBasketUpdate','sale','','\\Bitrix\\Sale\\Internals\\ConversionHandlers','onBeforeBasketUpdate','',1),(269,'2016-03-02 15:41:21',100,'sale','OnBasketUpdate','sale','','\\Bitrix\\Sale\\Internals\\ConversionHandlers','onBasketUpdate','',1),(270,'2016-03-02 15:41:21',100,'sale','OnBeforeBasketDelete','sale','','\\Bitrix\\Sale\\Internals\\ConversionHandlers','onBeforeBasketDelete','',1),(271,'2016-03-02 15:41:21',100,'sale','OnBasketDelete','sale','','\\Bitrix\\Sale\\Internals\\ConversionHandlers','onBasketDelete','',1),(272,'2016-03-02 15:41:21',100,'sale','OnOrderAdd','sale','','\\Bitrix\\Sale\\Internals\\ConversionHandlers','onOrderAdd','',1),(273,'2016-03-02 15:41:21',100,'sale','OnSalePayOrder','sale','','\\Bitrix\\Sale\\Internals\\ConversionHandlers','onSalePayOrder','',1),(274,'2016-03-02 15:41:21',100,'perfmon','OnGetTableSchema','sale','','sale','OnGetTableSchema','',1),(275,'2016-03-02 15:41:25',100,'main','OnEventLogGetAuditTypes','scale','','\\Bitrix\\Scale\\Logger','onEventLogGetAuditTypes','',1),(276,'2016-03-02 15:41:27',100,'main','OnChangePermissions','search','','CSearch','OnChangeFilePermissions','',1),(277,'2016-03-02 15:41:27',100,'main','OnChangeFile','search','','CSearch','OnChangeFile','',1),(278,'2016-03-02 15:41:27',100,'main','OnGroupDelete','search','','CSearch','OnGroupDelete','',1),(279,'2016-03-02 15:41:27',100,'main','OnLangDelete','search','','CSearch','OnLangDelete','',1),(280,'2016-03-02 15:41:27',100,'main','OnAfterUserUpdate','search','','CSearchUser','OnAfterUserUpdate','',1),(281,'2016-03-02 15:41:27',100,'main','OnUserDelete','search','','CSearchUser','DeleteByUserID','',1),(282,'2016-03-02 15:41:27',100,'cluster','OnGetTableList','search','','search','OnGetTableList','',1),(283,'2016-03-02 15:41:27',100,'perfmon','OnGetTableSchema','search','','search','OnGetTableSchema','',1),(284,'2016-03-02 15:41:27',90,'main','OnEpilog','search','','CSearchStatistic','OnEpilog','',1),(285,'2016-03-02 15:41:29',100,'main','OnUserDelete','security','','CSecurityUser','OnUserDelete','',1),(286,'2016-03-02 15:41:29',100,'main','OnEventLogGetAuditTypes','security','','CSecurityFilter','GetAuditTypes','',1),(287,'2016-03-02 15:41:29',100,'main','OnEventLogGetAuditTypes','security','','CSecurityAntiVirus','GetAuditTypes','',1),(288,'2016-03-02 15:41:29',100,'main','OnAdminInformerInsertItems','security','','CSecurityFilter','OnAdminInformerInsertItems','',1),(289,'2016-03-02 15:41:29',100,'main','OnAdminInformerInsertItems','security','','CSecuritySiteChecker','OnAdminInformerInsertItems','',1),(290,'2016-03-02 15:41:29',5,'main','OnBeforeProlog','security','','CSecurityFilter','OnBeforeProlog','',1),(291,'2016-03-02 15:41:29',9999,'main','OnEndBufferContent','security','','CSecurityXSSDetect','OnEndBufferContent','',1),(292,'2016-03-02 15:41:31',100,'main','OnMailEventMailRead','sender','','bitrix\\sender\\postingmanager','onMailEventMailRead','',1),(293,'2016-03-02 15:41:31',100,'main','OnMailEventMailClick','sender','','bitrix\\sender\\postingmanager','onMailEventMailClick','',1),(294,'2016-03-02 15:41:31',100,'main','OnMailEventSubscriptionDisable','sender','','Bitrix\\Sender\\Subscription','onMailEventSubscriptionDisable','',1),(295,'2016-03-02 15:41:31',100,'main','OnMailEventSubscriptionEnable','sender','','Bitrix\\Sender\\Subscription','onMailEventSubscriptionEnable','',1),(296,'2016-03-02 15:41:31',100,'main','OnMailEventSubscriptionList','sender','','Bitrix\\Sender\\Subscription','onMailEventSubscriptionList','',1),(297,'2016-03-02 15:41:31',100,'sender','OnConnectorList','sender','','bitrix\\sender\\connectormanager','onConnectorListContact','',1),(298,'2016-03-02 15:41:31',100,'sender','OnConnectorList','sender','','bitrix\\sender\\connectormanager','onConnectorListRecipient','',1),(299,'2016-03-02 15:41:31',100,'sender','OnPresetTemplateList','sender','','Bitrix\\Sender\\Preset\\TemplateBase','onPresetTemplateList','',1),(300,'2016-03-02 15:41:31',100,'sender','OnPresetTemplateList','sender','','Bitrix\\Sender\\TemplateTable','onPresetTemplateList','',1),(301,'2016-03-02 15:41:31',100,'sender','OnPresetMailBlockList','sender','','Bitrix\\Sender\\Preset\\MailBlockBase','OnPresetMailBlockList','',1),(302,'2016-03-02 15:41:31',100,'sender','OnTriggerList','sender','','bitrix\\sender\\triggermanager','onTriggerList','',1),(303,'2016-03-02 15:41:31',100,'sender','OnAfterRecipientUnsub','sender','','Bitrix\\Sender\\TriggerManager','onAfterRecipientUnsub','',1),(304,'2016-03-02 15:41:31',100,'sender','OnAfterRecipientClick','sender','','Bitrix\\Sender\\Internals\\ConversionHandler','onAfterRecipientClick','',1),(305,'2016-03-02 15:41:31',100,'conversion','OnSetDayContextAttributes','sender','','Bitrix\\Sender\\Internals\\ConversionHandler','onSetDayContextAttributes','',1),(306,'2016-03-02 15:41:31',100,'main','OnBeforeProlog','sender','','Bitrix\\Sender\\Internals\\ConversionHandler','onBeforeProlog','',1),(307,'2016-03-02 15:41:31',100,'conversion','OnGetAttributeTypes','sender','','Bitrix\\Sender\\Internals\\ConversionHandler','onGetAttributeTypes','',1),(308,'2016-03-02 15:41:31',100,'sender','OnAfterMailingChainSend','sender','','Bitrix\\Sender\\TriggerManager','onAfterMailingChainSend','',2),(309,'2016-03-02 15:41:31',100,'sender','OnAfterPostingSendRecipient','sender','','Bitrix\\Sender\\TriggerManager','onAfterPostingSendRecipient','',2),(310,'2016-03-02 15:41:33',100,'main','OnPanelCreate','seo','','CSeoEventHandlers','SeoOnPanelCreate','',2),(311,'2016-03-02 15:41:33',100,'fileman','OnIncludeHTMLEditorScript','seo','','CSeoEventHandlers','OnIncludeHTMLEditorScript','',2),(312,'2016-03-02 15:41:33',100,'fileman','OnBeforeHTMLEditorScriptRuns','seo','','CSeoEventHandlers','OnBeforeHTMLEditorScriptRuns','',2),(313,'2016-03-02 15:41:33',100,'iblock','OnAfterIBlockSectionAdd','seo','','\\Bitrix\\Seo\\SitemapIblock','addSection','',2),(314,'2016-03-02 15:41:33',100,'iblock','OnAfterIBlockElementAdd','seo','','\\Bitrix\\Seo\\SitemapIblock','addElement','',2),(315,'2016-03-02 15:41:33',100,'iblock','OnBeforeIBlockSectionDelete','seo','','\\Bitrix\\Seo\\SitemapIblock','beforeDeleteSection','',2),(316,'2016-03-02 15:41:33',100,'iblock','OnBeforeIBlockElementDelete','seo','','\\Bitrix\\Seo\\SitemapIblock','beforeDeleteElement','',2),(317,'2016-03-02 15:41:33',100,'iblock','OnAfterIBlockSectionDelete','seo','','\\Bitrix\\Seo\\SitemapIblock','deleteSection','',2),(318,'2016-03-02 15:41:33',100,'iblock','OnAfterIBlockElementDelete','seo','','\\Bitrix\\Seo\\SitemapIblock','deleteElement','',2),(319,'2016-03-02 15:41:33',100,'iblock','OnBeforeIBlockSectionUpdate','seo','','\\Bitrix\\Seo\\SitemapIblock','beforeUpdateSection','',2),(320,'2016-03-02 15:41:33',100,'iblock','OnBeforeIBlockElementUpdate','seo','','\\Bitrix\\Seo\\SitemapIblock','beforeUpdateElement','',2),(321,'2016-03-02 15:41:33',100,'iblock','OnAfterIBlockSectionUpdate','seo','','\\Bitrix\\Seo\\SitemapIblock','updateSection','',2),(322,'2016-03-02 15:41:33',100,'iblock','OnAfterIBlockElementUpdate','seo','','\\Bitrix\\Seo\\SitemapIblock','updateElement','',2),(323,'2016-03-02 15:41:33',100,'forum','onAfterTopicAdd','seo','','\\Bitrix\\Seo\\SitemapForum','addTopic','',2),(324,'2016-03-02 15:41:33',100,'forum','onAfterTopicUpdate','seo','','\\Bitrix\\Seo\\SitemapForum','updateTopic','',2),(325,'2016-03-02 15:41:33',100,'forum','onAfterTopicDelete','seo','','\\Bitrix\\Seo\\SitemapForum','deleteTopic','',2),(326,'2016-03-02 15:41:33',100,'main','OnAdminIBlockElementEdit','seo','','\\Bitrix\\Seo\\AdvTabEngine','eventHandler','',2),(327,'2016-03-02 15:41:33',100,'main','OnBeforeProlog','seo','','\\Bitrix\\Seo\\AdvSession','checkSession','',2),(328,'2016-03-02 15:41:33',100,'sale','OnOrderSave','seo','','\\Bitrix\\Seo\\AdvSession','onOrderSave','',2),(329,'2016-03-02 15:41:33',100,'sale','OnBasketOrder','seo','','\\Bitrix\\Seo\\AdvSession','onBasketOrder','',2),(330,'2016-03-02 15:41:33',100,'sale','onSalePayOrder','seo','','\\Bitrix\\Seo\\AdvSession','onSalePayOrder','',2),(331,'2016-03-02 15:41:33',100,'sale','onSaleDeductOrder','seo','','\\Bitrix\\Seo\\AdvSession','onSaleDeductOrder','',2),(332,'2016-03-02 15:41:33',100,'sale','onSaleDeliveryOrder','seo','','\\Bitrix\\Seo\\AdvSession','onSaleDeliveryOrder','',2),(333,'2016-03-02 15:41:33',100,'sale','onSaleStatusOrder','seo','','\\Bitrix\\Seo\\AdvSession','onSaleStatusOrder','',2),(334,'2016-03-02 15:41:33',100,'conversion','OnSetDayContextAttributes','seo','','\\Bitrix\\Seo\\ConversionHandler','onSetDayContextAttributes','',2),(335,'2016-03-02 15:41:33',100,'conversion','OnGetAttributeTypes','seo','','\\Bitrix\\Seo\\ConversionHandler','onGetAttributeTypes','',2),(336,'2016-03-02 15:41:33',100,'catalog','OnProductUpdate','seo','','\\Bitrix\\Seo\\Adv\\Auto','checkQuantity','',2),(337,'2016-03-02 15:41:33',100,'catalog','OnProductSetAvailableUpdate','seo','','\\Bitrix\\Seo\\Adv\\Auto','checkQuantity','',2),(338,'2016-03-02 15:41:34',100,'main','OnUserDelete','socialservices','','CSocServAuthDB','OnUserDelete','',1),(339,'2016-03-02 15:41:34',100,'timeman','OnAfterTMReportDailyAdd','socialservices','','CSocServAuthDB','OnAfterTMReportDailyAdd','',1),(340,'2016-03-02 15:41:34',100,'timeman','OnAfterTMDayStart','socialservices','','CSocServAuthDB','OnAfterTMDayStart','',1),(341,'2016-03-02 15:41:34',100,'timeman','OnTimeManShow','socialservices','','CSocServEventHandlers','OnTimeManShow','',1),(342,'2016-03-02 15:41:34',100,'main','OnFindExternalUser','socialservices','','CSocServAuthDB','OnFindExternalUser','',1),(343,'2016-03-02 15:41:36',100,'main','OnPrologAdminTitle','storeassist','','CStoreAssist','onPrologAdminTitle','',1),(344,'2016-03-02 15:41:36',100,'main','OnBuildGlobalMenu','storeassist','','CStoreAssist','onBuildGlobalMenu','',1),(345,'2016-03-02 15:41:37',100,'main','OnBeforeLangDelete','subscribe','','CRubric','OnBeforeLangDelete','',1),(346,'2016-03-02 15:41:37',100,'main','OnUserDelete','subscribe','','CSubscription','OnUserDelete','',1),(347,'2016-03-02 15:41:37',100,'main','OnUserLogout','subscribe','','CSubscription','OnUserLogout','',1),(348,'2016-03-02 15:41:37',100,'main','OnGroupDelete','subscribe','','CPosting','OnGroupDelete','',1),(349,'2016-03-02 15:41:37',100,'sender','OnConnectorList','subscribe','','Bitrix\\Subscribe\\SenderEventHandler','onConnectorListSubscriber','',1),(350,'2016-03-02 15:41:39',100,'main','OnPanelCreate','translate','','CTranslateEventHandlers','TranslatOnPanelCreate','',1),(351,'2016-03-02 15:41:40',100,'main','OnBeforeProlog','main','/modules/vote/keepvoting.php','','','',1),(352,'2016-03-02 15:41:40',200,'main','OnUserTypeBuildList','vote','','CUserTypeVote','GetUserTypeDescription','',1),(353,'2016-03-02 15:41:40',200,'main','OnUserLogin','vote','','CVoteUser','OnUserLogin','',1),(354,'2016-03-02 15:41:40',100,'im','OnGetNotifySchema','vote','','CVoteNotifySchema','OnGetNotifySchema','',1),(355,'2016-03-02 15:41:51',100,'main','OnBeforeProlog','main','/modules/main/install/wizard_sol/panel_button.php','CWizardSolPanel','ShowPanel','',1),(356,'2016-03-03 08:38:06',100,'main','OnEpilog','main','','CHTMLPagesCache','OnEpilog','',1),(357,'2016-03-03 08:38:06',100,'main','OnLocalRedirect','main','','CHTMLPagesCache','OnEpilog','',1),(358,'2016-03-03 08:38:06',100,'main','OnChangeFile','main','','CHTMLPagesCache','OnChangeFile','',1),(359,'2016-03-15 12:34:38',100,'im','OnGetNotifySchema','calendar','','CCalendarNotifySchema','OnGetNotifySchema','',1),(361,'2016-03-15 12:34:56',100,'pull','OnGetDependentModule','calendar','','CCalendarPullSchema','OnGetDependentModule','',1),(362,'2016-03-15 12:34:56',100,'intranet','OnPlannerInit','calendar','','CCalendarEventHandlers','OnPlannerInit','',1),(363,'2016-03-15 12:34:56',100,'intranet','OnPlannerAction','calendar','','CCalendarEventHandlers','OnPlannerAction','',1),(364,'2016-03-15 12:35:05',100,'rest','OnRestServiceBuildDescription','calendar','','CCalendarRestService','OnRestServiceBuildDescription','',1),(365,'2016-03-15 12:35:13',100,'socialnetwork','OnFillSocNetFeaturesList','calendar','','CCalendarLiveFeed','AddEvent','',1),(366,'2016-03-15 12:35:13',100,'socialnetwork','OnSonetLogEntryMenuCreate','calendar','','CCalendarLiveFeed','OnSonetLogEntryMenuCreate','',1),(367,'2016-03-15 12:35:14',100,'socialnetwork','OnAfterSonetLogEntryAddComment','calendar','','CCalendarLiveFeed','OnAfterSonetLogEntryAddComment','',1),(368,'2016-03-15 12:35:14',100,'socialnetwork','OnForumCommentIMNotify','calendar','','CCalendarLiveFeed','OnForumCommentIMNotify','',1),(369,'2016-03-15 12:35:14',100,'socialnetwork','onAfterCommentAddAfter','calendar','','CCalendarLiveFeed','onAfterCommentAddAfter','',1),(370,'2016-03-15 12:35:14',100,'socialnetwork','onAfterCommentUpdateAfter','calendar','','CCalendarLiveFeed','onAfterCommentUpdateAfter','',1),(373,'2016-03-15 12:35:17',100,'search','BeforeIndex','calendar','','CCalendarLiveFeed','FixForumCommentURL','',1),(374,'2016-03-15 12:35:45',100,'main','OnAfterRegisterModule','main','/modules/calendar/install/index.php','calendar','InstallUserFields','',1),(375,'2016-03-15 12:36:01',100,'main','OnAddRatingVote','im','','CIMEvent','OnAddRatingVote','',1),(376,'2016-03-15 12:36:01',100,'main','OnCancelRatingVote','im','','CIMEvent','OnCancelRatingVote','',1),(379,'2016-03-15 12:36:07',100,'perfmon','OnGetTableSchema','im','','CIMTableSchema','OnGetTableSchema','',1),(380,'2016-03-15 12:36:07',3,'main','OnProlog','main','/modules/im/ajax_hit.php','','','',1),(381,'2016-03-15 12:36:13',100,'im','OnGetNotifySchema','im','','CIMNotifySchema','OnGetNotifySchema','',1),(382,'2016-03-15 12:36:26',100,'pull','OnGetDependentModule','im','','CIMEvent','OnGetDependentModule','',1),(383,'2016-03-15 12:36:40',100,'rest','OnRestServiceBuildDescription','im','','CIMRestService','OnRestServiceBuildDescription','',1),(384,'2016-03-15 12:36:53',100,'main','OnUserDelete','im','','CIMEvent','OnUserDelete','',1),(385,'2016-03-15 12:37:07',100,'main','OnFileDelete','im','','CIMEvent','OnFileDelete','',1),(386,'2016-03-15 12:37:49',100,'main','OnApplicationsBuildList','im','','DesktopApplication','OnApplicationsBuildList','',1),(387,'2016-08-16 12:53:55',210,'main','OnUserTypeBuildList','main','','\\Bitrix\\Main\\UrlPreview\\UrlPreviewUserType','getUserTypeDescription','',1),(388,'2016-08-16 12:54:19',100,'mail','onReplyReceivedBLOG_POST','blog','','\\Bitrix\\Blog\\Internals\\MailHandler','handleReplyReceivedBlogPost','',2),(390,'2016-08-16 12:54:46',100,'report','OnReportDelete','report','','\\Bitrix\\Report\\Sharing','OnReportDelete','',1),(391,'2016-08-16 12:54:50',100,'socialnetwork','OnSocNetGroupDelete','calendar','','CCalendar','OnSocNetGroupDelete','',1),(392,'2016-08-16 12:54:52',100,'dav','OnDavCalendarProperties','calendar','','CCalendar','OnDavCalendarSync','',2),(393,'2016-08-16 12:54:52',100,'dav','OnExchandeCalendarDataSync','calendar','','CCalendar','OnExchangeCalendarSync','',2),(394,'2016-08-16 12:55:35',100,'mail','onForwardReceivedBLOG_POST','blog','','\\Bitrix\\Blog\\Internals\\MailHandler','handleForwardReceivedBlogPost','',2),(395,'2016-08-16 12:55:44',100,'sender','OnPresetTemplateList','sender','','Bitrix\\Sender\\Preset\\TemplateBase','onPresetTemplateListSite','',1),(396,'2016-08-16 12:55:44',100,'sender','OnPresetTemplateList','sender','','Bitrix\\Sender\\MailingChainTable','onPresetTemplateList','',1),(397,'2016-08-16 12:56:00',100,'main','OnAfterUserAdd','im','','CIMEvent','OnAfterUserAdd','',1),(398,'2016-08-16 12:56:00',100,'main','OnAfterUserUpdate','im','','CIMEvent','OnAfterUserUpdate','',1),(399,'2016-08-16 12:56:00',100,'main','OnBeforeUserSendPassword','im','','CIMEvent','OnBeforeUserSendPassword','',1),(400,'2016-08-16 12:56:00',100,'rest','OnRestAppDelete','im','','CIMRestService','OnRestAppDelete','',1),(401,'2016-08-16 12:56:01',100,'im','OnBeforeConfirmNotify','calendar','','CCalendar','HandleImCallback','',1),(402,'2016-08-16 12:56:01',50,'main','OnBeforeProlog','main','/modules/pull/ajax_hit_before.php','','','',1),(405,'2016-08-16 12:56:03',100,'sale','OnSaleOrderPaid','main','','\\Bitrix\\Main\\Analytics\\Catalog','catchCatalogOrderPayment','',2),(406,'2016-08-16 12:56:04',100,'sale','OnSaleBasketItemSaved','main','','\\Bitrix\\Main\\Analytics\\Catalog','catchCatalogBasket','',2),(407,'2016-08-16 12:56:04',100,'sale','OnSaleOrderSaved','main','','\\Bitrix\\Main\\Analytics\\Catalog','catchCatalogOrder','',2),(408,'2016-08-16 12:56:21',200,'sale','OnCondSaleActionsControlBuildList','catalog','','CCatalogGifterProduct','GetControlDescr','',1),(409,'2016-08-16 12:56:21',200,'sale','OnCondSaleActionsControlBuildList','sale','','CSaleActionGiftCtrlGroup','GetControlDescr','',1),(410,'2016-08-16 12:56:31',100,'iblock','OnIBlockElementAdd','catalog','','\\Bitrix\\Catalog\\Product\\Sku','handlerIblockElementAdd','',1),(411,'2016-08-16 12:56:31',100,'iblock','OnAfterIBlockElementAdd','catalog','','\\Bitrix\\Catalog\\Product\\Sku','handlerAfterIblockElementAdd','',1),(412,'2016-08-16 12:56:31',100,'iblock','OnIBlockElementUpdate','catalog','','\\Bitrix\\Catalog\\Product\\Sku','handlerIblockElementUpdate','',1),(413,'2016-08-16 12:56:31',100,'iblock','OnAfterIBlockElementUpdate','catalog','','\\Bitrix\\Catalog\\Product\\Sku','handlerAfterIblockElementUpdate','',1),(414,'2016-08-16 12:56:31',100,'iblock','OnIBlockElementDelete','catalog','','\\Bitrix\\Catalog\\Product\\Sku','handlerIblockElementDelete','',1),(415,'2016-08-16 12:56:31',100,'iblock','OnAfterIBlockElementDelete','catalog','','\\Bitrix\\Catalog\\Product\\Sku','handlerAfterIblockElementDelete','',1),(416,'2016-08-16 12:56:31',100,'iblock','OnIBlockElementSetPropertyValues','catalog','','\\Bitrix\\Catalog\\Product\\Sku','handlerIblockElementSetPropertyValues','',1),(417,'2016-08-16 12:56:31',100,'iblock','OnAfterIBlockElementSetPropertyValues','catalog','','\\Bitrix\\Catalog\\Product\\Sku','handlerAfterIBlockElementSetPropertyValues','',1),(419,'2016-08-16 12:56:31',100,'currency','onAfterUpdateCurrencyBaseRate','catalog','','\\Bitrix\\Catalog\\Product\\Price','handlerAfterUpdateCurrencyBaseRate','',2),(420,'2016-08-16 12:56:32',100,'sale','OnGetBusinessValueGroups','sale','','\\Bitrix\\Sale\\PaySystem\\Manager','getBusValueGroups','',2),(421,'2016-08-16 12:56:32',100,'sale','OnGetBusinessValueConsumers','sale','','\\Bitrix\\Sale\\PaySystem\\Manager','getConsumersList','',2),(422,'2016-08-16 12:56:38',100,'sender','OnConnectorList','sale','','Bitrix\\Sale\\Bigdata\\TargetSaleMailConnector','onConnectorList','',1),(423,'2016-08-16 12:56:46',100,'perfmon','OnGetTableSchema','catalog','','catalog','getTableSchema','',1),(424,'2016-08-16 12:57:00',100,'main','onUserDelete','catalog','','\\Bitrix\\Catalog\\SubscribeTable','onUserDelete','',1),(425,'2016-08-16 12:57:00',100,'iblock','OnIBlockElementDelete','catalog','','\\Bitrix\\Catalog\\SubscribeTable','onIblockElementDelete','',1),(426,'2016-08-16 12:57:00',100,'catalog','OnProductUpdate','catalog','','\\Bitrix\\Catalog\\SubscribeTable','onProductUpdate','',1),(427,'2016-08-16 12:57:00',100,'catalog','OnProductSetAvailableUpdate','catalog','','\\Bitrix\\Catalog\\SubscribeTable','onProductSetAvailableUpdate','',1),(428,'2016-08-16 12:57:00',100,'catalog','onAddContactType','catalog','','\\Bitrix\\Catalog\\SubscribeTable','onAddContactType','',1),(429,'2016-08-16 12:57:00',100,'sale','OnSaleOrderSaved','catalog','','\\Bitrix\\Catalog\\SubscribeTable','onSaleOrderSaved','',2),(430,'2016-08-16 12:57:07',100,'sale','OnSaleBasketItemSaved','sale','','\\Bitrix\\Sale\\Internals\\ConversionHandlers','onSaleBasketItemSaved','',2),(431,'2016-08-16 12:57:07',100,'sale','OnSaleOrderSaved','sale','','\\Bitrix\\Sale\\Internals\\ConversionHandlers','onSaleOrderSaved','',2),(432,'2016-08-16 12:57:07',100,'sale','OnSaleOrderPaid','sale','','\\Bitrix\\Sale\\Internals\\ConversionHandlers','onSaleOrderPaid','',2),(433,'2016-08-16 12:57:30',100,'sale','OnSaleBasketItemEntitySaved','sale','','\\Bitrix\\Sale\\Internals\\Events','onSaleBasketItemEntitySaved','',2),(434,'2016-08-16 12:57:30',100,'sale','OnSaleBasketItemDeleted','sale','','\\Bitrix\\Sale\\Internals\\Events','onSaleBasketItemDeleted','',2),(435,'2016-12-04 14:24:38',100,'sale','OnSaleOrderSaved','sale','','\\Bitrix\\Sale\\Product2ProductTable','onSaleOrderAddEvent','',2),(436,'2016-12-04 14:24:38',100,'sale','OnSaleStatusOrderChange','sale','','\\Bitrix\\Sale\\Product2ProductTable','onSaleStatusOrderHandlerEvent','',2),(437,'2016-12-04 14:24:38',100,'sale','OnShipmentAllowDelivery','sale','','\\Bitrix\\Sale\\Product2ProductTable','onSaleDeliveryOrderHandlerEvent','',2),(438,'2016-12-04 14:24:38',100,'sale','OnShipmentDeducted','sale','','\\Bitrix\\Sale\\Product2ProductTable','onSaleDeductOrderHandlerEvent','',2),(439,'2016-12-04 14:24:38',100,'sale','OnSaleOrderCanceled','sale','','\\Bitrix\\Sale\\Product2ProductTable','onSaleCancelOrderHandlerEvent','',2),(440,'2016-12-04 14:24:38',100,'sale','OnSaleOrderPaid','sale','','\\Bitrix\\Sale\\Product2ProductTable','onSalePayOrderHandlerEvent','',2),(441,'2016-12-04 14:24:43',100,'search','BeforeIndex','catalog','','\\Bitrix\\Catalog\\Product\\Search','onBeforeIndex','',1),(442,'2016-12-04 14:25:06',100,'sale','OnSaleBasketItemRefreshData','sale','','\\Bitrix\\Sale\\Compatible\\DiscountCompatibility','OnSaleBasketItemRefreshData','',2),(443,'2016-12-04 14:25:41',100,'clouds','OnGetStorageService','clouds','','CCloudStorageService_AmazonS3','GetObjectInstance','',1),(444,'2016-12-04 14:25:41',100,'clouds','OnGetStorageService','clouds','','CCloudStorageService_GoogleStorage','GetObjectInstance','',1),(445,'2016-12-04 14:25:41',100,'clouds','OnGetStorageService','clouds','','CCloudStorageService_OpenStackStorage','GetObjectInstance','',1),(446,'2016-12-04 14:25:41',100,'clouds','OnGetStorageService','clouds','','CCloudStorageService_RackSpaceCloudFiles','GetObjectInstance','',1),(447,'2016-12-04 14:25:41',100,'clouds','OnGetStorageService','clouds','','CCloudStorageService_ClodoRU','GetObjectInstance','',1),(448,'2016-12-04 14:25:41',100,'clouds','OnGetStorageService','clouds','','CCloudStorageService_Selectel','GetObjectInstance','',1),(449,'2016-12-04 14:26:51',100,'sender','OnConnectorList','sender','','Bitrix\\Sender\\ConnectorManager','onConnectorList','',1),(450,'2016-12-04 14:27:02',100,'main','OnBuildGlobalMenu','b24connector','','\\Bitrix\\B24Connector\\Helper','onBuildGlobalMenu','',1),(451,'2016-12-04 14:27:02',100,'main','OnBeforeProlog','b24connector','','\\Bitrix\\B24Connector\\Helper','onBeforeProlog','',1),(463,'2017-03-05 07:47:26',100,'main','OnAfterUserLogout','socialnetwork','','CSocNetUser','OnAfterUserLogout','',1);
/*!40000 ALTER TABLE `b_module_to_module` ENABLE KEYS */;
UNLOCK TABLES;

--
-- Table structure for table `b_operation`
--

DROP TABLE IF EXISTS `b_operation`;
/*!40101 SET @saved_cs_client     = @@character_set_client */;
/*!40101 SET character_set_client = utf8 */;
CREATE TABLE `b_operation` (
  `ID` int(18) NOT NULL AUTO_INCREMENT,
  `NAME` varchar(50) COLLATE utf8_unicode_ci NOT NULL,
  `MODULE_ID` varchar(50) COLLATE utf8_unicode_ci NOT NULL,
  `DESCRIPTION` varchar(255) COLLATE utf8_unicode_ci DEFAULT NULL,
  `BINDING` varchar(50) COLLATE utf8_unicode_ci DEFAULT 'module',
  PRIMARY KEY (`ID`)
) ENGINE=InnoDB AUTO_INCREMENT=147 DEFAULT CHARSET=utf8 COLLATE=utf8_unicode_ci;
/*!40101 SET character_set_client = @saved_cs_client */;

--
-- Dumping data for table `b_operation`
--

LOCK TABLES `b_operation` WRITE;
/*!40000 ALTER TABLE `b_operation` DISABLE KEYS */;
INSERT INTO `b_operation` VALUES (1,'edit_php','main',NULL,'module'),(2,'view_own_profile','main',NULL,'module'),(3,'edit_own_profile','main',NULL,'module'),(4,'view_all_users','main',NULL,'module'),(5,'view_groups','main',NULL,'module'),(6,'view_tasks','main',NULL,'module'),(7,'view_other_settings','main',NULL,'module'),(8,'view_subordinate_users','main',NULL,'module'),(9,'edit_subordinate_users','main',NULL,'module'),(10,'edit_all_users','main',NULL,'module'),(11,'edit_groups','main',NULL,'module'),(12,'edit_tasks','main',NULL,'module'),(13,'edit_other_settings','main',NULL,'module'),(14,'cache_control','main',NULL,'module'),(15,'lpa_template_edit','main',NULL,'module'),(16,'view_event_log','main',NULL,'module'),(17,'edit_ratings','main',NULL,'module'),(18,'manage_short_uri','main',NULL,'module'),(19,'fm_view_permission','main',NULL,'file'),(20,'fm_view_file','main',NULL,'file'),(21,'fm_view_listing','main',NULL,'file'),(22,'fm_edit_existent_folder','main',NULL,'file'),(23,'fm_create_new_file','main',NULL,'file'),(24,'fm_edit_existent_file','main',NULL,'file'),(25,'fm_create_new_folder','main',NULL,'file'),(26,'fm_delete_file','main',NULL,'file'),(27,'fm_delete_folder','main',NULL,'file'),(28,'fm_edit_in_workflow','main',NULL,'file'),(29,'fm_rename_file','main',NULL,'file'),(30,'fm_rename_folder','main',NULL,'file'),(31,'fm_upload_file','main',NULL,'file'),(32,'fm_add_to_menu','main',NULL,'file'),(33,'fm_download_file','main',NULL,'file'),(34,'fm_lpa','main',NULL,'file'),(35,'fm_edit_permission','main',NULL,'file'),(36,'catalog_view','catalog',NULL,'module'),(37,'catalog_read','catalog',NULL,'module'),(38,'catalog_price','catalog',NULL,'module'),(39,'catalog_group','catalog',NULL,'module'),(40,'catalog_discount','catalog',NULL,'module'),(41,'catalog_vat','catalog',NULL,'module'),(42,'catalog_extra','catalog',NULL,'module'),(43,'catalog_store','catalog',NULL,'module'),(44,'catalog_purchas_info','catalog',NULL,'module'),(45,'catalog_export_edit','catalog',NULL,'module'),(46,'catalog_export_exec','catalog',NULL,'module'),(47,'catalog_import_edit','catalog',NULL,'module'),(48,'catalog_import_exec','catalog',NULL,'module'),(49,'catalog_measure','catalog',NULL,'module'),(50,'catalog_settings','catalog',NULL,'module'),(51,'clouds_browse','clouds',NULL,'module'),(52,'clouds_upload','clouds',NULL,'module'),(53,'clouds_config','clouds',NULL,'module'),(54,'fileman_view_all_settings','fileman','','module'),(55,'fileman_edit_menu_types','fileman','','module'),(56,'fileman_add_element_to_menu','fileman','','module'),(57,'fileman_edit_menu_elements','fileman','','module'),(58,'fileman_edit_existent_files','fileman','','module'),(59,'fileman_edit_existent_folders','fileman','','module'),(60,'fileman_admin_files','fileman','','module'),(61,'fileman_admin_folders','fileman','','module'),(62,'fileman_view_permissions','fileman','','module'),(63,'fileman_edit_all_settings','fileman','','module'),(64,'fileman_upload_files','fileman','','module'),(65,'fileman_view_file_structure','fileman','','module'),(66,'fileman_install_control','fileman','','module'),(67,'medialib_view_collection','fileman','','medialib'),(68,'medialib_new_collection','fileman','','medialib'),(69,'medialib_edit_collection','fileman','','medialib'),(70,'medialib_del_collection','fileman','','medialib'),(71,'medialib_access','fileman','','medialib'),(72,'medialib_new_item','fileman','','medialib'),(73,'medialib_edit_item','fileman','','medialib'),(74,'medialib_del_item','fileman','','medialib'),(75,'sticker_view','fileman','','stickers'),(76,'sticker_edit','fileman','','stickers'),(77,'sticker_new','fileman','','stickers'),(78,'sticker_del','fileman','','stickers'),(79,'section_read','iblock',NULL,'iblock'),(80,'element_read','iblock',NULL,'iblock'),(81,'section_element_bind','iblock',NULL,'iblock'),(82,'iblock_admin_display','iblock',NULL,'iblock'),(83,'element_edit','iblock',NULL,'iblock'),(84,'element_edit_price','iblock',NULL,'iblock'),(85,'element_delete','iblock',NULL,'iblock'),(86,'element_bizproc_start','iblock',NULL,'iblock'),(87,'section_edit','iblock',NULL,'iblock'),(88,'section_delete','iblock',NULL,'iblock'),(89,'section_section_bind','iblock',NULL,'iblock'),(90,'element_edit_any_wf_status','iblock',NULL,'iblock'),(91,'iblock_edit','iblock',NULL,'iblock'),(92,'iblock_delete','iblock',NULL,'iblock'),(93,'iblock_rights_edit','iblock',NULL,'iblock'),(94,'iblock_export','iblock',NULL,'iblock'),(95,'section_rights_edit','iblock',NULL,'iblock'),(96,'element_rights_edit','iblock',NULL,'iblock'),(97,'sale_status_view','sale',NULL,'status'),(98,'sale_status_cancel','sale',NULL,'status'),(99,'sale_status_mark','sale',NULL,'status'),(100,'sale_status_delivery','sale',NULL,'status'),(101,'sale_status_deduction','sale',NULL,'status'),(102,'sale_status_payment','sale',NULL,'status'),(103,'sale_status_to','sale',NULL,'status'),(104,'sale_status_update','sale',NULL,'status'),(105,'sale_status_delete','sale',NULL,'status'),(106,'sale_status_from','sale',NULL,'status'),(107,'security_filter_bypass','security',NULL,'module'),(108,'security_edit_user_otp','security',NULL,'module'),(109,'security_module_settings_read','security',NULL,'module'),(110,'security_panel_view','security',NULL,'module'),(111,'security_filter_settings_read','security',NULL,'module'),(112,'security_otp_settings_read','security',NULL,'module'),(113,'security_iprule_admin_settings_read','security',NULL,'module'),(114,'security_session_settings_read','security',NULL,'module'),(115,'security_redirect_settings_read','security',NULL,'module'),(116,'security_stat_activity_settings_read','security',NULL,'module'),(117,'security_iprule_settings_read','security',NULL,'module'),(118,'security_antivirus_settings_read','security',NULL,'module'),(119,'security_frame_settings_read','security',NULL,'module'),(120,'security_module_settings_write','security',NULL,'module'),(121,'security_filter_settings_write','security',NULL,'module'),(122,'security_otp_settings_write','security',NULL,'module'),(123,'security_iprule_admin_settings_write','security',NULL,'module'),(124,'security_session_settings_write','security',NULL,'module'),(125,'security_redirect_settings_write','security',NULL,'module'),(126,'security_stat_activity_settings_write','security',NULL,'module'),(127,'security_iprule_settings_write','security',NULL,'module'),(128,'security_file_verifier_sign','security',NULL,'module'),(129,'security_file_verifier_collect','security',NULL,'module'),(130,'security_file_verifier_verify','security',NULL,'module'),(131,'security_antivirus_settings_write','security',NULL,'module'),(132,'security_frame_settings_write','security',NULL,'module'),(133,'seo_settings','seo','','module'),(134,'seo_tools','seo','','module'),(135,'calendar_view_time','calendar',NULL,'calendar_section'),(136,'calendar_view_title','calendar',NULL,'calendar_section'),(137,'calendar_view_full','calendar',NULL,'calendar_section'),(138,'calendar_add','calendar',NULL,'calendar_section'),(139,'calendar_edit','calendar',NULL,'calendar_section'),(140,'calendar_edit_section','calendar',NULL,'calendar_section'),(141,'calendar_edit_access','calendar',NULL,'calendar_section'),(142,'calendar_type_view','calendar',NULL,'calendar_type'),(143,'calendar_type_add','calendar',NULL,'calendar_type'),(144,'calendar_type_edit','calendar',NULL,'calendar_type'),(145,'calendar_type_edit_section','calendar',NULL,'calendar_type'),(146,'calendar_type_edit_access','calendar',NULL,'calendar_type');
/*!40000 ALTER TABLE `b_operation` ENABLE KEYS */;
UNLOCK TABLES;

--
-- Table structure for table `b_option`
--

DROP TABLE IF EXISTS `b_option`;
/*!40101 SET @saved_cs_client     = @@character_set_client */;
/*!40101 SET character_set_client = utf8 */;
CREATE TABLE `b_option` (
  `MODULE_ID` varchar(50) COLLATE utf8_unicode_ci DEFAULT NULL,
  `NAME` varchar(50) COLLATE utf8_unicode_ci NOT NULL,
  `VALUE` text COLLATE utf8_unicode_ci,
  `DESCRIPTION` varchar(255) COLLATE utf8_unicode_ci DEFAULT NULL,
  `SITE_ID` char(2) COLLATE utf8_unicode_ci DEFAULT NULL,
  UNIQUE KEY `ix_option` (`MODULE_ID`,`NAME`,`SITE_ID`),
  KEY `ix_option_name` (`NAME`)
) ENGINE=InnoDB DEFAULT CHARSET=utf8 COLLATE=utf8_unicode_ci;
/*!40101 SET character_set_client = @saved_cs_client */;

--
-- Dumping data for table `b_option`
--

LOCK TABLES `b_option` WRITE;
/*!40000 ALTER TABLE `b_option` DISABLE KEYS */;
INSERT INTO `b_option` VALUES ('main','rating_authority_rating','2',NULL,NULL),('main','rating_assign_rating_group_add','1',NULL,NULL),('main','rating_assign_rating_group_delete','1',NULL,NULL),('main','rating_assign_rating_group','3',NULL,NULL),('main','rating_assign_authority_group_add','2',NULL,NULL),('main','rating_assign_authority_group_delete','2',NULL,NULL),('main','rating_assign_authority_group','4',NULL,NULL),('main','rating_community_size','1',NULL,NULL),('main','rating_community_authority','30',NULL,NULL),('main','rating_vote_weight','10',NULL,NULL),('main','rating_normalization_type','auto',NULL,NULL),('main','rating_normalization','10',NULL,NULL),('main','rating_count_vote','10',NULL,NULL),('main','rating_authority_weight_formula','Y',NULL,NULL),('main','rating_community_last_visit','90',NULL,NULL),('main','rating_text_like_y','Нравится',NULL,NULL),('main','rating_text_like_n','Не нравится',NULL,NULL),('main','rating_text_like_d','Это нравится',NULL,NULL),('main','rating_assign_type','auto',NULL,NULL),('main','rating_vote_type','like',NULL,NULL),('main','rating_self_vote','Y',NULL,NULL),('main','rating_vote_show','Y',NULL,NULL),('main','rating_vote_template','like',NULL,NULL),('main','rating_start_authority','3',NULL,NULL),('main','PARAM_MAX_SITES','2',NULL,NULL),('main','PARAM_MAX_USERS','0',NULL,NULL),('main','distributive6','Y',NULL,NULL),('main','~new_license11_sign','Y',NULL,NULL),('main','GROUP_DEFAULT_TASK','1',NULL,NULL),('main','vendor','1c_bitrix',NULL,NULL),('main','admin_lid','ru',NULL,NULL),('main','update_site','www.bitrixsoft.com',NULL,NULL),('main','update_site_ns','Y',NULL,NULL),('main','optimize_css_files','Y',NULL,NULL),('main','optimize_js_files','Y',NULL,NULL),('main','admin_passwordh','FVgQfGYUBgYtCUVcARcGCgsTAQ==',NULL,NULL),('main','server_uniq_id','f2c5d1a587a66994ad7ad3039cc0a5e0',NULL,NULL),('blog','socNetNewPerms','Y',NULL,NULL),('conversion','START_DATE_TIME','2016-03-02 18:40:42',NULL,NULL),('conversion','GENERATE_INITIAL_DATA','generated',NULL,NULL),('currency','installed_currencies','RUB,USD,EUR,UAH,BYR',NULL,NULL),('fileman','use_editor_3','Y',NULL,NULL),('forum','FILTER_DICT_W','1',NULL,'ru'),('forum','FILTER_DICT_T','2',NULL,'ru'),('forum','FILTER_DICT_W','3',NULL,'en'),('forum','FILTER_DICT_T','4',NULL,'en'),('forum','FILTER','N',NULL,NULL),('sale','viewed_capability','N',NULL,NULL),('sale','viewed_count','10',NULL,NULL),('sale','viewed_time','5',NULL,NULL),('main','~sale_converted_15','Y',NULL,NULL),('sale','expiration_processing_events','N',NULL,NULL),('sale','p2p_status_list','a:7:{i:0;s:1:\"N\";i:1;s:1:\"P\";i:2;s:1:\"F\";i:3;s:10:\"F_CANCELED\";i:4;s:10:\"F_DELIVERY\";i:5;s:5:\"F_PAY\";i:6;s:5:\"F_OUT\";}',NULL,NULL),('sale','basket_discount_converted','Y',NULL,NULL),('sale','product_reserve_clear_period','3',NULL,NULL),('sale','sale_locationpro_import_performed','Y',NULL,NULL),('sale','sale_locationpro_migrated','Y',NULL,NULL),('sale','sale_locationpro_enabled','Y',NULL,NULL),('search','version','v2.0',NULL,NULL),('search','dbnode_id','N',NULL,NULL),('search','dbnode_status','ok',NULL,NULL),('security','ipcheck_disable_file','/bitrix/modules/ipcheck_disable_f41063bbfda0eabf8704ad413fba3b22',NULL,NULL),('vote','VOTE_DIR','',NULL,NULL),('vote','VOTE_COMPATIBLE_OLD_TEMPLATE','N',NULL,NULL),('main','email_from','celldweller24@gmail.com',NULL,NULL),('main','~update_autocheck_result','a:4:{s:10:\"check_date\";i:1484330802;s:6:\"result\";b:0;s:5:\"error\";s:184:\"<br>Ошибка инициализации системы обновлений. Обратитесь, пожалуйста, в службу технической поддержки. \";s:7:\"modules\";a:0:{}}',NULL,NULL),('fileman','stickers_use_hotkeys','N',NULL,NULL),('main','~support_finish_date','2017-09-04',NULL,NULL),('main','~PARAM_MAX_SERVERS','2',NULL,NULL),('main','~PARAM_COMPOSITE','N',NULL,NULL),('main','~PARAM_PHONE_SIP','N',NULL,NULL),('main','~PARAM_PARTNER_ID','693322',NULL,NULL),('main','~cpf_map_value','YToyOntpOjA7czo1OiJTbWFsbCI7aToxO3M6MzoiQmlnIjt9',NULL,NULL),('main','update_system_check','30.04.2017 22:06:56',NULL,NULL),('main','~new_license14_9_sign','Y',NULL,NULL),('main','update_system_update','13.01.2017 21:06:42',NULL,NULL),('storeassist','num_orders','a:2:{s:6:\"newDay\";i:0;s:7:\"prevDay\";i:0;}',NULL,NULL),('storeassist','progress_percent','0',NULL,NULL),('main','site_checker_success','N',NULL,NULL),('fileman','use_pspell','N',NULL,NULL),('fileman','GROUP_DEFAULT_TASK','23',NULL,NULL),('fileman','default_edit','text',NULL,NULL),('fileman','use_medialib','Y',NULL,NULL),('fileman','replace_new_lines','Y',NULL,NULL),('fileman','user_dics_path','/bitrix/modules/fileman/u_dics',NULL,NULL),('fileman','use_separeted_dics','N',NULL,NULL),('fileman','use_custom_spell','N',NULL,NULL),('fileman','ar_entities','none',NULL,NULL),('fileman','editor_body_id','',NULL,NULL),('fileman','editor_body_class','',NULL,NULL),('fileman','ml_thumb_width','140',NULL,NULL),('fileman','ml_thumb_height','105',NULL,NULL),('fileman','ml_media_extentions','jpg,jpeg,gif,png,flv,mp4,wmv,wma,mp3,ppt',NULL,NULL),('fileman','ml_max_width','1024',NULL,NULL),('fileman','ml_max_height','1024',NULL,NULL),('fileman','ml_media_available_ext','jpg,jpeg,gif,png,flv,mp4,wmv,wma,mp3,ppt,aac',NULL,NULL),('fileman','ml_use_default','1',NULL,NULL),('fileman','~script_files','php,php3,php4,php5,php6,phtml,pl,asp,aspx,cgi,exe,ico,shtm,shtml',NULL,NULL),('fileman','~allowed_components','',NULL,NULL),('fileman','different_set','N',NULL,NULL),('fileman','num_menu_param','1',NULL,NULL),('fileman','menutypes','a:4:{s:4:\\\"main\\\";s:23:\\\"Главное меню\\\";s:6:\\\"footer\\\";s:26:\\\"Меню в подвале\\\";s:9:\\\"left_menu\\\";s:39:\\\"Меню в левом сайдбаре\\\";s:12:\\\"account_menu\\\";s:40:\\\"Меню личного кабинета\\\";}',NULL,NULL),('fileman','propstypes','a:2:{s:11:\\\"description\\\";s:16:\\\"Описание\\\";s:9:\\\"type_page\\\";s:23:\\\"Тип страницы\\\";}',NULL,NULL),('fileman','search_max_open_file_size','1024',NULL,NULL),('fileman','search_max_res_count','',NULL,NULL),('fileman','search_time_step','5',NULL,NULL),('fileman','search_mask','*.php',NULL,NULL),('fileman','show_inc_icons','N',NULL,NULL),('fileman','hide_physical_struc','',NULL,NULL),('fileman','use_translit','1',NULL,NULL),('fileman','use_translit_google','1',NULL,NULL),('fileman','log_menu','Y',NULL,NULL),('fileman','log_page','Y',NULL,NULL),('fileman','use_code_editor','Y',NULL,NULL),('fileman','default_edit_groups','',NULL,NULL),('fileman','archive_step_time','30',NULL,NULL),('fileman','GROUP_DEFAULT_RIGHT','D',NULL,NULL),('main','signer_default_key','122e8529b5523fce3f171168f271ca6cf5abfece0e34f811793f7aa59c4d729d7a0ee2acc9f02c19eca2a54ba949001367331978491151980499425ed420b50d',NULL,NULL),('main','crc_code','eVFiWEJQZ1Rpbw==',NULL,NULL),('bizproc','forum_id','1',NULL,NULL),('im','path_to_user_profile','/extranet/contacts/personal/user/#user_id#/',NULL,'ex'),('main','dump_bucket_id','0',NULL,NULL),('main','dump_encrypt','0',NULL,NULL),('main','dump_use_compression','1',NULL,NULL),('main','skip_symlinks','0',NULL,NULL),('main','dump_max_exec_time','20',NULL,NULL),('main','dump_max_exec_time_sleep','1',NULL,NULL),('main','dump_archive_size_limit','104857600',NULL,NULL),('main','dump_max_file_size','0',NULL,NULL),('main','dump_file_public','1',NULL,NULL),('main','dump_file_kernel','1',NULL,NULL),('main','dump_base','1',NULL,NULL),('main','dump_base_skip_stat','0',NULL,NULL),('main','dump_base_skip_search','0',NULL,NULL),('main','dump_base_skip_log','0',NULL,NULL),('main','dump_integrity_check','1',NULL,NULL),('main','dump_do_clouds','0',NULL,NULL),('main','skip_mask','0',NULL,NULL),('main','dump_site_id','a:0:{}',NULL,NULL),('main','last_files_count','51098',NULL,NULL),('catalog','GROUP_DEFAULT_TASK','12',NULL,NULL),('main','smile_gallery_id','1',NULL,NULL),('main','site_name','moiogorod.ru',NULL,NULL),('main','server_name','moiogorod.ru',NULL,NULL),('main','cookie_name','BITRIX_SM',NULL,NULL),('main','ALLOW_SPREAD_COOKIE','Y',NULL,NULL),('main','header_200','N',NULL,NULL),('main','error_reporting','85',NULL,NULL),('main','use_hot_keys','Y',NULL,NULL),('main','all_bcc','',NULL,NULL),('main','send_mid','N',NULL,NULL),('main','fill_to_mail','N',NULL,NULL),('main','CONVERT_UNIX_NEWLINE_2_WINDOWS','N',NULL,NULL),('main','convert_mail_header','Y',NULL,NULL),('main','attach_images','N',NULL,NULL),('main','max_file_size','0',NULL,NULL),('main','mail_event_period','14',NULL,NULL),('main','mail_event_bulk','5',NULL,NULL),('main','mail_additional_parameters','',NULL,NULL),('main','disk_space','',NULL,NULL),('main','upload_dir','upload',NULL,NULL),('main','save_original_file_name','N',NULL,NULL),('main','translit_original_file_name','N',NULL,NULL),('main','convert_original_file_name','Y',NULL,NULL),('main','image_resize_quality','95',NULL,NULL),('main','bx_fast_download','N',NULL,NULL),('main','use_minified_assets','Y',NULL,NULL),('main','move_js_to_body','N',NULL,NULL),('main','compres_css_js_files','N',NULL,NULL),('main','translate_key_yandex','',NULL,NULL),('main','use_time_zones','N',NULL,NULL),('main','auto_time_zone','N',NULL,NULL),('main','gather_user_stat','Y',NULL,NULL),('main','gather_catalog_stat','Y',NULL,NULL),('main','map_top_menu_type','top',NULL,NULL),('main','map_left_menu_type','left',NULL,NULL),('main','update_site_proxy_addr','',NULL,NULL),('main','update_site_proxy_port','',NULL,NULL),('main','update_site_proxy_user','admin',NULL,NULL),('main','update_site_proxy_pass','admin111',NULL,NULL),('main','strong_update_check','Y',NULL,NULL),('main','stable_versions_only','Y',NULL,NULL),('main','update_autocheck','',NULL,NULL),('main','update_stop_autocheck','N',NULL,NULL),('main','update_is_gzip_installed','Y',NULL,NULL),('main','update_load_timeout','30',NULL,NULL),('main','store_password','Y',NULL,NULL),('main','use_secure_password_cookies','N',NULL,NULL),('main','auth_multisite','N',NULL,NULL),('main','allow_socserv_authorization','Y',NULL,NULL),('main','use_digest_auth','N',NULL,NULL),('main','custom_register_page','',NULL,NULL),('main','auth_components_template','',NULL,NULL),('main','use_encrypted_auth','N',NULL,NULL),('main','new_user_registration','Y',NULL,NULL),('main','captcha_registration','N',NULL,NULL),('main','new_user_email_required','Y',NULL,NULL),('main','new_user_registration_email_confirmation','N',NULL,NULL),('main','new_user_registration_cleanup_days','7',NULL,NULL),('main','new_user_email_uniq_check','N',NULL,NULL),('main','session_expand','Y',NULL,NULL),('main','session_auth_only','Y',NULL,NULL),('main','session_show_message','Y',NULL,NULL),('main','event_log_cleanup_days','7',NULL,NULL),('main','event_log_logout','N',NULL,NULL),('main','event_log_login_success','N',NULL,NULL),('main','event_log_login_fail','N',NULL,NULL),('main','event_log_register','N',NULL,NULL),('main','event_log_register_fail','N',NULL,NULL),('main','event_log_password_request','N',NULL,NULL),('main','event_log_password_change','N',NULL,NULL),('main','event_log_user_edit','N',NULL,NULL),('main','event_log_user_delete','N',NULL,NULL),('main','event_log_user_groups','N',NULL,NULL),('main','event_log_group_policy','N',NULL,NULL),('main','event_log_module_access','N',NULL,NULL),('main','event_log_file_access','N',NULL,NULL),('main','event_log_task','N',NULL,NULL),('main','event_log_marketplace','Y',NULL,NULL),('main','auth_controller_sso','N',NULL,NULL),('main','show_panel_for_users','N;',NULL,NULL),('main','GROUP_DEFAULT_RIGHT','D',NULL,NULL),('socialservices','bitrix24net_domain','http://link-or.net',NULL,NULL),('socialservices','bitrix24net_id','ext.57b30d0c89aab1.79315485',NULL,NULL),('socialservices','bitrix24net_secret','bRIhep4bAkRQWXdzwpYdI6jFN7eDRUfzwUIus3ebyDqNgZ40JC',NULL,NULL),('sender','~update_counters_16','',NULL,NULL),('main','~sale_paysystem_converted','Y',NULL,NULL),('catalog','subscribe_repeated_notify','Y',NULL,NULL),('main','url_preview_enable','N',NULL,NULL),('main','url_preview_save_images','N',NULL,NULL),('main','hide_panel_for_users','N;',NULL,NULL),('perfmon','bitrix_optimal','N',NULL,NULL),('perfmon','mark_php_page_rate','30.21',NULL,NULL),('perfmon','mark_php_page_time','0.0331',NULL,NULL),('perfmon','total_mark_value','calc',NULL,NULL),('perfmon','total_mark_duration','300',NULL,NULL),('perfmon','mark_php_cpu_value','7.5',NULL,NULL),('perfmon','mark_php_files_value','13 614.2',NULL,NULL),('perfmon','mark_php_mail_value','0.0268',NULL,NULL),('perfmon','mark_php_session_time_value','0.0002',NULL,NULL),('perfmon','mark_php_is_good','N',NULL,NULL),('perfmon','mark_db_insert_value','1 187',NULL,NULL),('perfmon','mark_db_read_value','8 850',NULL,NULL),('perfmon','mark_db_update_value','1 112',NULL,NULL),('perfmon','mark_php_page_date','20.10.2016 09:43:35',NULL,NULL),('perfmon','end_time','1476946118',NULL,NULL),('socialservices','use_on_sites','a:1:{s:2:\"s1\";s:1:\"N\";}',NULL,NULL),('socialservices','auth_services','a:18:{s:11:\"Bitrix24Net\";s:1:\"N\";s:9:\"VKontakte\";s:1:\"Y\";s:13:\"Odnoklassniki\";s:1:\"Y\";s:8:\"Facebook\";s:1:\"Y\";s:11:\"YandexOAuth\";s:1:\"N\";s:8:\"MyMailRu\";s:1:\"N\";s:6:\"OpenID\";s:1:\"N\";s:12:\"MailRuOpenID\";s:1:\"N\";s:11:\"Livejournal\";s:1:\"N\";s:12:\"Liveinternet\";s:1:\"N\";s:7:\"Blogger\";s:1:\"N\";s:7:\"Twitter\";s:1:\"N\";s:11:\"GoogleOAuth\";s:1:\"N\";s:15:\"GooglePlusOAuth\";s:1:\"N\";s:11:\"LiveIDOAuth\";s:1:\"N\";s:9:\"Office365\";s:1:\"N\";s:7:\"Dropbox\";s:1:\"N\";s:3:\"Box\";s:1:\"N\";}',NULL,NULL),('socialservices','twitter_search_hash','#b24',NULL,NULL),('socialservices','facebook_appid','',NULL,NULL),('socialservices','facebook_appsecret','',NULL,NULL),('socialservices','yandex_appid','',NULL,NULL),('socialservices','yandex_appsecret','',NULL,NULL),('socialservices','mailru_id','',NULL,NULL),('socialservices','mailru_private_key','',NULL,NULL),('socialservices','mailru_secret_key','',NULL,NULL),('socialservices','twitter_key','',NULL,NULL),('socialservices','twitter_secret','',NULL,NULL),('socialservices','vkontakte_appid','',NULL,NULL),('socialservices','vkontakte_appsecret','',NULL,NULL),('socialservices','google_appid','',NULL,NULL),('socialservices','google_appsecret','',NULL,NULL),('socialservices','liveid_appid','',NULL,NULL),('socialservices','liveid_appsecret','',NULL,NULL),('socialservices','office365_appid','',NULL,NULL),('socialservices','office365_appsecret','',NULL,NULL),('socialservices','office365_tenant','',NULL,NULL),('socialservices','odnoklassniki_appid','',NULL,NULL),('socialservices','odnoklassniki_appkey','',NULL,NULL),('socialservices','odnoklassniki_appsecret','',NULL,NULL),('socialservices','dropbox_appid','',NULL,NULL),('socialservices','dropbox_appsecret','',NULL,NULL),('socialservices','box_appid','',NULL,NULL),('socialservices','box_appsecret','',NULL,NULL),('socialservices','auth_services_bx_site_s1','a:18:{s:11:\"Bitrix24Net\";s:1:\"N\";s:8:\"Facebook\";s:1:\"N\";s:11:\"YandexOAuth\";s:1:\"N\";s:8:\"MyMailRu\";s:1:\"N\";s:6:\"OpenID\";s:1:\"N\";s:12:\"MailRuOpenID\";s:1:\"N\";s:11:\"Livejournal\";s:1:\"N\";s:12:\"Liveinternet\";s:1:\"N\";s:7:\"Blogger\";s:1:\"N\";s:7:\"Twitter\";s:1:\"N\";s:9:\"VKontakte\";s:1:\"N\";s:11:\"GoogleOAuth\";s:1:\"N\";s:15:\"GooglePlusOAuth\";s:1:\"N\";s:11:\"LiveIDOAuth\";s:1:\"N\";s:9:\"Office365\";s:1:\"N\";s:13:\"Odnoklassniki\";s:1:\"N\";s:7:\"Dropbox\";s:1:\"N\";s:3:\"Box\";s:1:\"N\";}',NULL,NULL),('socialservices','twitter_search_hash_bx_site_s1','',NULL,NULL),('socialservices','bitrix24net_id_bx_site_s1','',NULL,NULL),('socialservices','bitrix24net_secret_bx_site_s1','',NULL,NULL),('socialservices','facebook_appid_bx_site_s1','',NULL,NULL),('socialservices','facebook_appsecret_bx_site_s1','',NULL,NULL),('socialservices','yandex_appid_bx_site_s1','',NULL,NULL),('socialservices','yandex_appsecret_bx_site_s1','',NULL,NULL),('socialservices','mailru_id_bx_site_s1','',NULL,NULL),('socialservices','mailru_private_key_bx_site_s1','',NULL,NULL),('socialservices','mailru_secret_key_bx_site_s1','',NULL,NULL),('socialservices','twitter_key_bx_site_s1','',NULL,NULL),('socialservices','twitter_secret_bx_site_s1','',NULL,NULL),('socialservices','vkontakte_appid_bx_site_s1','',NULL,NULL),('socialservices','vkontakte_appsecret_bx_site_s1','',NULL,NULL),('socialservices','google_appid_bx_site_s1','',NULL,NULL),('socialservices','google_appsecret_bx_site_s1','',NULL,NULL),('socialservices','liveid_appid_bx_site_s1','',NULL,NULL),('socialservices','liveid_appsecret_bx_site_s1','',NULL,NULL),('socialservices','office365_appid_bx_site_s1','',NULL,NULL),('socialservices','office365_appsecret_bx_site_s1','',NULL,NULL),('socialservices','office365_tenant_bx_site_s1','',NULL,NULL),('socialservices','odnoklassniki_appid_bx_site_s1','',NULL,NULL),('socialservices','odnoklassniki_appkey_bx_site_s1','',NULL,NULL),('socialservices','odnoklassniki_appsecret_bx_site_s1','',NULL,NULL),('socialservices','dropbox_appid_bx_site_s1','',NULL,NULL),('socialservices','dropbox_appsecret_bx_site_s1','',NULL,NULL),('socialservices','box_appid_bx_site_s1','',NULL,NULL),('socialservices','box_appsecret_bx_site_s1','',NULL,NULL),('socialservices','get_message_from_twitter','N',NULL,NULL),('socialservices','allow_send_user_activity','N',NULL,NULL),('socialservices','group_deny_auth','',NULL,NULL),('socialservices','group_deny_split','',NULL,NULL),('socialservices','allow_registration','Y',NULL,NULL),('perfmon','tables_show_time','1',NULL,NULL),('im','chat_extend_show_history','0',NULL,NULL),('main','mp_modules_date','a:1:{i:0;a:3:{s:2:\"ID\";s:16:\"sprint.migration\";s:4:\"NAME\";s:50:\"Миграции для разработчиков\";s:3:\"TMS\";i:1480869697;}}',NULL,NULL),('sprint.migration','table_0cb1fbfb39557866ff1875c8228ecb05','1',NULL,NULL),('sprint.migration','config_name','cfg',NULL,NULL),('sprint.migration','admin_versions_view','list',NULL,NULL),('search','max_execution_time','20',NULL,NULL),('search','full_reindex_required','N',NULL,NULL),('main','rcm_component_usage','1491065428',NULL,NULL),('main','profile_image_width','',NULL,NULL),('main','profile_image_height','',NULL,NULL),('main','profile_image_size','',NULL,NULL),('main','update_devsrv','N',NULL,NULL),('main','captcha_restoring_password','N',NULL,NULL),('main','site_stopped','N',NULL,NULL),('main','LAST_DB_OPTIMIZATION_TIME','1484484232',NULL,NULL),('main','captcha_password','8cv6Ku3WR0',NULL,NULL),('socialnetwork','workgroups_page','/mess_data/',NULL,'s1'),('socialnetwork','user_page','/mess_data/',NULL,'s1'),('socialnetwork','workgroups_list_page','/mess_data/group/search/',NULL,'s1'),('socialnetwork','friends_page','/mess_data/user/#user_id#/friends/',NULL,'s1'),('socialnetwork','userblogpost_page','/mess_data/user/#user_id#/blog/#post_id#/',NULL,'s1'),('socialnetwork','userbloggroup_id','1',NULL,'s1'),('socialnetwork','smile_page','/bitrix/images/socialnetwork/smile/',NULL,'s1'),('socialnetwork','user_request_page','/mess_data/user/#user_id#/requests/',NULL,'s1'),('socialnetwork','log_entry_page','/mess_data/log/#log_id#/',NULL,'s1'),('main','TOOLTIP_PATH_TO_USER','/mess_data/user/#user_id#/',NULL,'s1'),('main','TOOLTIP_PATH_TO_MESSAGES_CHAT','/mess_data/messages/chat/#user_id#/',NULL,'s1'),('main','TOOLTIP_PATH_TO_VIDEO_CALL','/mess_data/video/#user_id#/',NULL,'s1'),('main','TOOLTIP_DATE_TIME_FORMAT','d.m.Y H:i:s',NULL,'s1'),('main','TOOLTIP_SHOW_YEAR','Y',NULL,'s1'),('main','TOOLTIP_NAME_TEMPLATE','#NAME# #LAST_NAME#',NULL,'s1'),('main','TOOLTIP_SHOW_LOGIN','Y',NULL,'s1'),('socialnetwork','sonet_blog_group','a:1:{i:0;s:1:\"1\";}',NULL,'s1'),('socialnetwork','user_property_searchable','a:1:{i:0;s:16:\"UF_USER_CAR_DEMO\";}',NULL,'s1'),('main','component_cache_on','N',NULL,NULL),('main','component_managed_cache_on','N',NULL,NULL);
/*!40000 ALTER TABLE `b_option` ENABLE KEYS */;
UNLOCK TABLES;

--
-- Table structure for table `b_perf_cache`
--

DROP TABLE IF EXISTS `b_perf_cache`;
/*!40101 SET @saved_cs_client     = @@character_set_client */;
/*!40101 SET character_set_client = utf8 */;
CREATE TABLE `b_perf_cache` (
  `ID` int(18) NOT NULL AUTO_INCREMENT,
  `HIT_ID` int(18) DEFAULT NULL,
  `COMPONENT_ID` int(18) DEFAULT NULL,
  `NN` int(18) DEFAULT NULL,
  `CACHE_SIZE` float DEFAULT NULL,
  `OP_MODE` char(1) COLLATE utf8_unicode_ci DEFAULT NULL,
  `MODULE_NAME` text COLLATE utf8_unicode_ci,
  `COMPONENT_NAME` text COLLATE utf8_unicode_ci,
  `BASE_DIR` text COLLATE utf8_unicode_ci,
  `INIT_DIR` text COLLATE utf8_unicode_ci,
  `FILE_NAME` text COLLATE utf8_unicode_ci,
  `FILE_PATH` text COLLATE utf8_unicode_ci,
  PRIMARY KEY (`ID`),
  UNIQUE KEY `IX_B_PERF_CACHE_0` (`HIT_ID`,`NN`),
  KEY `IX_B_PERF_CACHE_1` (`COMPONENT_ID`)
) ENGINE=InnoDB DEFAULT CHARSET=utf8 COLLATE=utf8_unicode_ci;
/*!40101 SET character_set_client = @saved_cs_client */;

--
-- Dumping data for table `b_perf_cache`
--

LOCK TABLES `b_perf_cache` WRITE;
/*!40000 ALTER TABLE `b_perf_cache` DISABLE KEYS */;
/*!40000 ALTER TABLE `b_perf_cache` ENABLE KEYS */;
UNLOCK TABLES;

--
-- Table structure for table `b_perf_cluster`
--

DROP TABLE IF EXISTS `b_perf_cluster`;
/*!40101 SET @saved_cs_client     = @@character_set_client */;
/*!40101 SET character_set_client = utf8 */;
CREATE TABLE `b_perf_cluster` (
  `ID` int(11) NOT NULL AUTO_INCREMENT,
  `TIMESTAMP_X` timestamp NOT NULL DEFAULT CURRENT_TIMESTAMP ON UPDATE CURRENT_TIMESTAMP,
  `THREADS` int(11) DEFAULT NULL,
  `HITS` int(11) DEFAULT NULL,
  `ERRORS` int(11) DEFAULT NULL,
  `PAGES_PER_SECOND` float DEFAULT NULL,
  `PAGE_EXEC_TIME` float DEFAULT NULL,
  `PAGE_RESP_TIME` float DEFAULT NULL,
  PRIMARY KEY (`ID`)
) ENGINE=InnoDB DEFAULT CHARSET=utf8 COLLATE=utf8_unicode_ci;
/*!40101 SET character_set_client = @saved_cs_client */;

--
-- Dumping data for table `b_perf_cluster`
--

LOCK TABLES `b_perf_cluster` WRITE;
/*!40000 ALTER TABLE `b_perf_cluster` DISABLE KEYS */;
/*!40000 ALTER TABLE `b_perf_cluster` ENABLE KEYS */;
UNLOCK TABLES;

--
-- Table structure for table `b_perf_component`
--

DROP TABLE IF EXISTS `b_perf_component`;
/*!40101 SET @saved_cs_client     = @@character_set_client */;
/*!40101 SET character_set_client = utf8 */;
CREATE TABLE `b_perf_component` (
  `ID` int(18) NOT NULL AUTO_INCREMENT,
  `HIT_ID` int(18) DEFAULT NULL,
  `NN` int(18) DEFAULT NULL,
  `CACHE_TYPE` char(1) COLLATE utf8_unicode_ci DEFAULT NULL,
  `CACHE_SIZE` int(11) DEFAULT NULL,
  `CACHE_COUNT_R` int(11) DEFAULT NULL,
  `CACHE_COUNT_W` int(11) DEFAULT NULL,
  `CACHE_COUNT_C` int(11) DEFAULT NULL,
  `COMPONENT_TIME` float DEFAULT NULL,
  `QUERIES` int(11) DEFAULT NULL,
  `QUERIES_TIME` float DEFAULT NULL,
  `COMPONENT_NAME` text COLLATE utf8_unicode_ci,
  PRIMARY KEY (`ID`),
  UNIQUE KEY `IX_B_PERF_COMPONENT_0` (`HIT_ID`,`NN`)
) ENGINE=InnoDB DEFAULT CHARSET=utf8 COLLATE=utf8_unicode_ci;
/*!40101 SET character_set_client = @saved_cs_client */;

--
-- Dumping data for table `b_perf_component`
--

LOCK TABLES `b_perf_component` WRITE;
/*!40000 ALTER TABLE `b_perf_component` DISABLE KEYS */;
/*!40000 ALTER TABLE `b_perf_component` ENABLE KEYS */;
UNLOCK TABLES;

--
-- Table structure for table `b_perf_error`
--

DROP TABLE IF EXISTS `b_perf_error`;
/*!40101 SET @saved_cs_client     = @@character_set_client */;
/*!40101 SET character_set_client = utf8 */;
CREATE TABLE `b_perf_error` (
  `ID` int(18) NOT NULL AUTO_INCREMENT,
  `HIT_ID` int(18) DEFAULT NULL,
  `ERRNO` int(18) DEFAULT NULL,
  `ERRSTR` text COLLATE utf8_unicode_ci,
  `ERRFILE` text COLLATE utf8_unicode_ci,
  `ERRLINE` int(18) DEFAULT NULL,
  PRIMARY KEY (`ID`),
  KEY `IX_B_PERF_ERROR_0` (`HIT_ID`)
) ENGINE=InnoDB DEFAULT CHARSET=utf8 COLLATE=utf8_unicode_ci;
/*!40101 SET character_set_client = @saved_cs_client */;

--
-- Dumping data for table `b_perf_error`
--

LOCK TABLES `b_perf_error` WRITE;
/*!40000 ALTER TABLE `b_perf_error` DISABLE KEYS */;
/*!40000 ALTER TABLE `b_perf_error` ENABLE KEYS */;
UNLOCK TABLES;

--
-- Table structure for table `b_perf_history`
--

DROP TABLE IF EXISTS `b_perf_history`;
/*!40101 SET @saved_cs_client     = @@character_set_client */;
/*!40101 SET character_set_client = utf8 */;
CREATE TABLE `b_perf_history` (
  `ID` int(18) NOT NULL AUTO_INCREMENT,
  `TIMESTAMP_X` timestamp NOT NULL DEFAULT CURRENT_TIMESTAMP ON UPDATE CURRENT_TIMESTAMP,
  `TOTAL_MARK` float DEFAULT NULL,
  `ACCELERATOR_ENABLED` char(1) COLLATE utf8_unicode_ci DEFAULT NULL,
  PRIMARY KEY (`ID`)
) ENGINE=InnoDB AUTO_INCREMENT=2 DEFAULT CHARSET=utf8 COLLATE=utf8_unicode_ci;
/*!40101 SET character_set_client = @saved_cs_client */;

--
-- Dumping data for table `b_perf_history`
--

LOCK TABLES `b_perf_history` WRITE;
/*!40000 ALTER TABLE `b_perf_history` DISABLE KEYS */;
INSERT INTO `b_perf_history` VALUES (1,'2016-10-20 06:43:35',30.21,'Y');
/*!40000 ALTER TABLE `b_perf_history` ENABLE KEYS */;
UNLOCK TABLES;

--
-- Table structure for table `b_perf_hit`
--

DROP TABLE IF EXISTS `b_perf_hit`;
/*!40101 SET @saved_cs_client     = @@character_set_client */;
/*!40101 SET character_set_client = utf8 */;
CREATE TABLE `b_perf_hit` (
  `ID` int(11) NOT NULL AUTO_INCREMENT,
  `DATE_HIT` datetime DEFAULT NULL,
  `IS_ADMIN` char(1) COLLATE utf8_unicode_ci DEFAULT NULL,
  `REQUEST_METHOD` varchar(50) COLLATE utf8_unicode_ci DEFAULT NULL,
  `SERVER_NAME` varchar(50) COLLATE utf8_unicode_ci DEFAULT NULL,
  `SERVER_PORT` int(11) DEFAULT NULL,
  `SCRIPT_NAME` text COLLATE utf8_unicode_ci,
  `REQUEST_URI` text COLLATE utf8_unicode_ci,
  `INCLUDED_FILES` int(11) DEFAULT NULL,
  `MEMORY_PEAK_USAGE` int(11) DEFAULT NULL,
  `CACHE_TYPE` char(1) COLLATE utf8_unicode_ci DEFAULT NULL,
  `CACHE_SIZE` int(11) DEFAULT NULL,
  `CACHE_COUNT_R` int(11) DEFAULT NULL,
  `CACHE_COUNT_W` int(11) DEFAULT NULL,
  `CACHE_COUNT_C` int(11) DEFAULT NULL,
  `QUERIES` int(11) DEFAULT NULL,
  `QUERIES_TIME` float DEFAULT NULL,
  `COMPONENTS` int(11) DEFAULT NULL,
  `COMPONENTS_TIME` float DEFAULT NULL,
  `SQL_LOG` char(1) COLLATE utf8_unicode_ci DEFAULT NULL,
  `PAGE_TIME` float DEFAULT NULL,
  `PROLOG_TIME` float DEFAULT NULL,
  `PROLOG_BEFORE_TIME` float DEFAULT NULL,
  `AGENTS_TIME` float DEFAULT NULL,
  `PROLOG_AFTER_TIME` float DEFAULT NULL,
  `WORK_AREA_TIME` float DEFAULT NULL,
  `EPILOG_TIME` float DEFAULT NULL,
  `EPILOG_BEFORE_TIME` float DEFAULT NULL,
  `EVENTS_TIME` float DEFAULT NULL,
  `EPILOG_AFTER_TIME` float DEFAULT NULL,
  `MENU_RECALC` int(11) DEFAULT NULL,
  PRIMARY KEY (`ID`),
  KEY `IX_B_PERF_HIT_0` (`DATE_HIT`)
) ENGINE=InnoDB AUTO_INCREMENT=4 DEFAULT CHARSET=utf8 COLLATE=utf8_unicode_ci;
/*!40101 SET character_set_client = @saved_cs_client */;

--
-- Dumping data for table `b_perf_hit`
--

LOCK TABLES `b_perf_hit` WRITE;
/*!40000 ALTER TABLE `b_perf_hit` DISABLE KEYS */;
INSERT INTO `b_perf_hit` VALUES (1,'2016-10-20 09:44:24','N','POST','redcat.tk',80,'/bitrix/components/bitrix/pull.request/ajax.php','/bitrix/components/bitrix/pull.request/ajax.php?UPDATE_STATE',136,5746016,'Y',0,0,0,0,4,0.00150084,0,0,'Y',0.036113,NULL,NULL,0.0000321865,NULL,NULL,NULL,NULL,0,NULL,0),(2,'2016-10-20 09:45:25','N','POST','redcat.tk',80,'/bitrix/components/bitrix/pull.request/ajax.php','/bitrix/components/bitrix/pull.request/ajax.php?UPDATE_STATE',135,5730720,'Y',0,0,0,0,3,0.000561952,0,0,'Y',0.0374751,NULL,NULL,0.0000329018,NULL,NULL,NULL,NULL,0,NULL,0),(3,'2016-10-20 09:46:26','N','POST','redcat.tk',80,'/bitrix/components/bitrix/pull.request/ajax.php','/bitrix/components/bitrix/pull.request/ajax.php?UPDATE_STATE',135,5730720,'Y',0,0,0,0,3,0.000422001,0,0,'Y',0.0339849,NULL,NULL,0.0000331402,NULL,NULL,NULL,NULL,0,NULL,0);
/*!40000 ALTER TABLE `b_perf_hit` ENABLE KEYS */;
UNLOCK TABLES;

--
-- Table structure for table `b_perf_index_ban`
--

DROP TABLE IF EXISTS `b_perf_index_ban`;
/*!40101 SET @saved_cs_client     = @@character_set_client */;
/*!40101 SET character_set_client = utf8 */;
CREATE TABLE `b_perf_index_ban` (
  `ID` int(11) NOT NULL AUTO_INCREMENT,
  `BAN_TYPE` char(1) COLLATE utf8_unicode_ci DEFAULT NULL,
  `TABLE_NAME` varchar(50) COLLATE utf8_unicode_ci DEFAULT NULL,
  `COLUMN_NAMES` varchar(250) COLLATE utf8_unicode_ci DEFAULT NULL,
  PRIMARY KEY (`ID`)
) ENGINE=InnoDB DEFAULT CHARSET=utf8 COLLATE=utf8_unicode_ci;
/*!40101 SET character_set_client = @saved_cs_client */;

--
-- Dumping data for table `b_perf_index_ban`
--

LOCK TABLES `b_perf_index_ban` WRITE;
/*!40000 ALTER TABLE `b_perf_index_ban` DISABLE KEYS */;
/*!40000 ALTER TABLE `b_perf_index_ban` ENABLE KEYS */;
UNLOCK TABLES;

--
-- Table structure for table `b_perf_index_complete`
--

DROP TABLE IF EXISTS `b_perf_index_complete`;
/*!40101 SET @saved_cs_client     = @@character_set_client */;
/*!40101 SET character_set_client = utf8 */;
CREATE TABLE `b_perf_index_complete` (
  `ID` int(11) NOT NULL AUTO_INCREMENT,
  `BANNED` char(1) COLLATE utf8_unicode_ci DEFAULT NULL,
  `TABLE_NAME` varchar(50) COLLATE utf8_unicode_ci DEFAULT NULL,
  `COLUMN_NAMES` varchar(250) COLLATE utf8_unicode_ci DEFAULT NULL,
  `INDEX_NAME` varchar(50) COLLATE utf8_unicode_ci DEFAULT NULL,
  PRIMARY KEY (`ID`),
  KEY `ix_b_perf_index_complete_0` (`TABLE_NAME`)
) ENGINE=InnoDB DEFAULT CHARSET=utf8 COLLATE=utf8_unicode_ci;
/*!40101 SET character_set_client = @saved_cs_client */;

--
-- Dumping data for table `b_perf_index_complete`
--

LOCK TABLES `b_perf_index_complete` WRITE;
/*!40000 ALTER TABLE `b_perf_index_complete` DISABLE KEYS */;
/*!40000 ALTER TABLE `b_perf_index_complete` ENABLE KEYS */;
UNLOCK TABLES;

--
-- Table structure for table `b_perf_index_suggest`
--

DROP TABLE IF EXISTS `b_perf_index_suggest`;
/*!40101 SET @saved_cs_client     = @@character_set_client */;
/*!40101 SET character_set_client = utf8 */;
CREATE TABLE `b_perf_index_suggest` (
  `ID` int(11) NOT NULL AUTO_INCREMENT,
  `SQL_MD5` char(32) COLLATE utf8_unicode_ci DEFAULT NULL,
  `SQL_COUNT` int(11) DEFAULT NULL,
  `SQL_TIME` float DEFAULT NULL,
  `TABLE_NAME` varchar(50) COLLATE utf8_unicode_ci DEFAULT NULL,
  `TABLE_ALIAS` varchar(50) COLLATE utf8_unicode_ci DEFAULT NULL,
  `COLUMN_NAMES` varchar(250) COLLATE utf8_unicode_ci DEFAULT NULL,
  `SQL_TEXT` text COLLATE utf8_unicode_ci,
  `SQL_EXPLAIN` longtext COLLATE utf8_unicode_ci,
  PRIMARY KEY (`ID`),
  KEY `ix_b_perf_index_suggest_0` (`SQL_MD5`)
) ENGINE=InnoDB DEFAULT CHARSET=utf8 COLLATE=utf8_unicode_ci;
/*!40101 SET character_set_client = @saved_cs_client */;

--
-- Dumping data for table `b_perf_index_suggest`
--

LOCK TABLES `b_perf_index_suggest` WRITE;
/*!40000 ALTER TABLE `b_perf_index_suggest` DISABLE KEYS */;
/*!40000 ALTER TABLE `b_perf_index_suggest` ENABLE KEYS */;
UNLOCK TABLES;

--
-- Table structure for table `b_perf_index_suggest_sql`
--

DROP TABLE IF EXISTS `b_perf_index_suggest_sql`;
/*!40101 SET @saved_cs_client     = @@character_set_client */;
/*!40101 SET character_set_client = utf8 */;
CREATE TABLE `b_perf_index_suggest_sql` (
  `SUGGEST_ID` int(11) NOT NULL,
  `SQL_ID` int(11) NOT NULL,
  PRIMARY KEY (`SUGGEST_ID`,`SQL_ID`),
  KEY `ix_b_perf_index_suggest_sql_0` (`SQL_ID`,`SUGGEST_ID`)
) ENGINE=InnoDB DEFAULT CHARSET=utf8 COLLATE=utf8_unicode_ci;
/*!40101 SET character_set_client = @saved_cs_client */;

--
-- Dumping data for table `b_perf_index_suggest_sql`
--

LOCK TABLES `b_perf_index_suggest_sql` WRITE;
/*!40000 ALTER TABLE `b_perf_index_suggest_sql` DISABLE KEYS */;
/*!40000 ALTER TABLE `b_perf_index_suggest_sql` ENABLE KEYS */;
UNLOCK TABLES;

--
-- Table structure for table `b_perf_sql`
--

DROP TABLE IF EXISTS `b_perf_sql`;
/*!40101 SET @saved_cs_client     = @@character_set_client */;
/*!40101 SET character_set_client = utf8 */;
CREATE TABLE `b_perf_sql` (
  `ID` int(18) NOT NULL AUTO_INCREMENT,
  `HIT_ID` int(18) DEFAULT NULL,
  `COMPONENT_ID` int(18) DEFAULT NULL,
  `NN` int(18) DEFAULT NULL,
  `QUERY_TIME` float DEFAULT NULL,
  `NODE_ID` int(18) DEFAULT NULL,
  `MODULE_NAME` text COLLATE utf8_unicode_ci,
  `COMPONENT_NAME` text COLLATE utf8_unicode_ci,
  `SQL_TEXT` text COLLATE utf8_unicode_ci,
  PRIMARY KEY (`ID`),
  UNIQUE KEY `IX_B_PERF_SQL_0` (`HIT_ID`,`NN`),
  KEY `IX_B_PERF_SQL_1` (`COMPONENT_ID`)
) ENGINE=InnoDB AUTO_INCREMENT=11 DEFAULT CHARSET=utf8 COLLATE=utf8_unicode_ci;
/*!40101 SET character_set_client = @saved_cs_client */;

--
-- Dumping data for table `b_perf_sql`
--

LOCK TABLES `b_perf_sql` WRITE;
/*!40000 ALTER TABLE `b_perf_sql` DISABLE KEYS */;
INSERT INTO `b_perf_sql` VALUES (1,1,NULL,1,0.000150919,-1,'main','bitrix:pull.request','SET NAMES \'utf8\''),(2,1,NULL,2,0.000132084,-1,'main','bitrix:pull.request','SET collation_connection = \"utf8_unicode_ci\"'),(3,1,NULL,3,0.00105381,-1,'pull','bitrix:pull.request','\n				SELECT ps.ID, ps.MESSAGE\n				FROM b_pull_stack ps LEFT JOIN b_pull_channel pc ON pc.CHANNEL_ID = ps.CHANNEL_ID\n				WHERE ps.CHANNEL_ID = \'79f7c6d761dc9dcf10166afaa880ba67\' AND ps.ID > pc.LAST_ID'),(4,1,NULL,4,0.000164032,-1,'main','bitrix:pull.request','\n				SELECT CODE, SITE_ID, CNT\n				FROM b_user_counter\n				WHERE USER_ID = 1'),(5,2,NULL,1,0.0001719,-1,'main','bitrix:pull.request','SET NAMES \'utf8\''),(6,2,NULL,2,0.000167131,-1,'main','bitrix:pull.request','SET collation_connection = \"utf8_unicode_ci\"'),(7,2,NULL,3,0.000222921,-1,'pull','bitrix:pull.request','\n				SELECT ps.ID, ps.MESSAGE\n				FROM b_pull_stack ps LEFT JOIN b_pull_channel pc ON pc.CHANNEL_ID = ps.CHANNEL_ID\n				WHERE ps.CHANNEL_ID = \'79f7c6d761dc9dcf10166afaa880ba67\' AND ps.ID > pc.LAST_ID'),(8,3,NULL,1,0.000140905,-1,'main','bitrix:pull.request','SET NAMES \'utf8\''),(9,3,NULL,2,0.000128984,-1,'main','bitrix:pull.request','SET collation_connection = \"utf8_unicode_ci\"'),(10,3,NULL,3,0.000152111,-1,'pull','bitrix:pull.request','\n				SELECT ps.ID, ps.MESSAGE\n				FROM b_pull_stack ps LEFT JOIN b_pull_channel pc ON pc.CHANNEL_ID = ps.CHANNEL_ID\n				WHERE ps.CHANNEL_ID = \'79f7c6d761dc9dcf10166afaa880ba67\' AND ps.ID > pc.LAST_ID');
/*!40000 ALTER TABLE `b_perf_sql` ENABLE KEYS */;
UNLOCK TABLES;

--
-- Table structure for table `b_perf_sql_backtrace`
--

DROP TABLE IF EXISTS `b_perf_sql_backtrace`;
/*!40101 SET @saved_cs_client     = @@character_set_client */;
/*!40101 SET character_set_client = utf8 */;
CREATE TABLE `b_perf_sql_backtrace` (
  `SQL_ID` int(18) NOT NULL,
  `NN` int(18) NOT NULL,
  `FILE_NAME` varchar(500) COLLATE utf8_unicode_ci DEFAULT NULL,
  `LINE_NO` int(18) DEFAULT NULL,
  `CLASS_NAME` varchar(500) COLLATE utf8_unicode_ci DEFAULT NULL,
  `FUNCTION_NAME` varchar(500) COLLATE utf8_unicode_ci DEFAULT NULL,
  PRIMARY KEY (`SQL_ID`,`NN`)
) ENGINE=InnoDB DEFAULT CHARSET=utf8 COLLATE=utf8_unicode_ci;
/*!40101 SET character_set_client = @saved_cs_client */;

--
-- Dumping data for table `b_perf_sql_backtrace`
--

LOCK TABLES `b_perf_sql_backtrace` WRITE;
/*!40000 ALTER TABLE `b_perf_sql_backtrace` DISABLE KEYS */;
/*!40000 ALTER TABLE `b_perf_sql_backtrace` ENABLE KEYS */;
UNLOCK TABLES;

--
-- Table structure for table `b_perf_tab_column_stat`
--

DROP TABLE IF EXISTS `b_perf_tab_column_stat`;
/*!40101 SET @saved_cs_client     = @@character_set_client */;
/*!40101 SET character_set_client = utf8 */;
CREATE TABLE `b_perf_tab_column_stat` (
  `ID` int(11) NOT NULL AUTO_INCREMENT,
  `TABLE_NAME` varchar(50) COLLATE utf8_unicode_ci DEFAULT NULL,
  `COLUMN_NAME` varchar(50) COLLATE utf8_unicode_ci DEFAULT NULL,
  `TABLE_ROWS` float DEFAULT NULL,
  `COLUMN_ROWS` float DEFAULT NULL,
  `VALUE` varchar(100) COLLATE utf8_unicode_ci DEFAULT NULL,
  PRIMARY KEY (`ID`),
  KEY `ix_b_perf_tab_column_stat` (`TABLE_NAME`,`COLUMN_NAME`)
) ENGINE=InnoDB DEFAULT CHARSET=utf8 COLLATE=utf8_unicode_ci;
/*!40101 SET character_set_client = @saved_cs_client */;

--
-- Dumping data for table `b_perf_tab_column_stat`
--

LOCK TABLES `b_perf_tab_column_stat` WRITE;
/*!40000 ALTER TABLE `b_perf_tab_column_stat` DISABLE KEYS */;
/*!40000 ALTER TABLE `b_perf_tab_column_stat` ENABLE KEYS */;
UNLOCK TABLES;

--
-- Table structure for table `b_perf_tab_stat`
--

DROP TABLE IF EXISTS `b_perf_tab_stat`;
/*!40101 SET @saved_cs_client     = @@character_set_client */;
/*!40101 SET character_set_client = utf8 */;
CREATE TABLE `b_perf_tab_stat` (
  `TABLE_NAME` varchar(50) COLLATE utf8_unicode_ci NOT NULL,
  `TABLE_SIZE` float DEFAULT NULL,
  `TABLE_ROWS` float DEFAULT NULL,
  PRIMARY KEY (`TABLE_NAME`)
) ENGINE=InnoDB DEFAULT CHARSET=utf8 COLLATE=utf8_unicode_ci;
/*!40101 SET character_set_client = @saved_cs_client */;

--
-- Dumping data for table `b_perf_tab_stat`
--

LOCK TABLES `b_perf_tab_stat` WRITE;
/*!40000 ALTER TABLE `b_perf_tab_stat` DISABLE KEYS */;
/*!40000 ALTER TABLE `b_perf_tab_stat` ENABLE KEYS */;
UNLOCK TABLES;

--
-- Table structure for table `b_perf_test`
--

DROP TABLE IF EXISTS `b_perf_test`;
/*!40101 SET @saved_cs_client     = @@character_set_client */;
/*!40101 SET character_set_client = utf8 */;
CREATE TABLE `b_perf_test` (
  `ID` int(18) NOT NULL AUTO_INCREMENT,
  `REFERENCE_ID` int(18) DEFAULT NULL,
  `NAME` varchar(200) COLLATE utf8_unicode_ci DEFAULT NULL,
  PRIMARY KEY (`ID`),
  KEY `IX_B_PERF_TEST_0` (`REFERENCE_ID`)
) ENGINE=InnoDB AUTO_INCREMENT=401 DEFAULT CHARSET=utf8 COLLATE=utf8_unicode_ci;
/*!40101 SET character_set_client = @saved_cs_client */;

--
-- Dumping data for table `b_perf_test`
--

LOCK TABLES `b_perf_test` WRITE;
/*!40000 ALTER TABLE `b_perf_test` DISABLE KEYS */;
INSERT INTO `b_perf_test` VALUES (1,2,'yyyyyyyyyyyyyyyyyyyyyyyyyyyyyyyyyyyyyyyyyyyyyyyyyyyyyyyyyyyyyyyyyyyyyyyyyyyyyyyyyyyyyyyyyyyyyyyyyyyyyyyyyyyyyyyyyyyyyyyyyyyyyyyyyyyyyyyyyyyyyyyyyyyyyyyyyyyyyyyyyyyyyyyyyyyyyyyyyyyyyyyyyyyyyyyyyyyyyyyy'),(2,3,'yyyyyyyyyyyyyyyyyyyyyyyyyyyyyyyyyyyyyyyyyyyyyyyyyyyyyyyyyyyyyyyyyyyyyyyyyyyyyyyyyyyyyyyyyyyyyyyyyyyyyyyyyyyyyyyyyyyyyyyyyyyyyyyyyyyyyyyyyyyyyyyyyyyyyyyyyyyyyyyyyyyyyyyyyyyyyyyyyyyyyyyyyyyyyyyyyyyyyyyy'),(3,4,'yyyyyyyyyyyyyyyyyyyyyyyyyyyyyyyyyyyyyyyyyyyyyyyyyyyyyyyyyyyyyyyyyyyyyyyyyyyyyyyyyyyyyyyyyyyyyyyyyyyyyyyyyyyyyyyyyyyyyyyyyyyyyyyyyyyyyyyyyyyyyyyyyyyyyyyyyyyyyyyyyyyyyyyyyyyyyyyyyyyyyyyyyyyyyyyyyyyyyyyy'),(4,5,'yyyyyyyyyyyyyyyyyyyyyyyyyyyyyyyyyyyyyyyyyyyyyyyyyyyyyyyyyyyyyyyyyyyyyyyyyyyyyyyyyyyyyyyyyyyyyyyyyyyyyyyyyyyyyyyyyyyyyyyyyyyyyyyyyyyyyyyyyyyyyyyyyyyyyyyyyyyyyyyyyyyyyyyyyyyyyyyyyyyyyyyyyyyyyyyyyyyyyyyy'),(5,6,'yyyyyyyyyyyyyyyyyyyyyyyyyyyyyyyyyyyyyyyyyyyyyyyyyyyyyyyyyyyyyyyyyyyyyyyyyyyyyyyyyyyyyyyyyyyyyyyyyyyyyyyyyyyyyyyyyyyyyyyyyyyyyyyyyyyyyyyyyyyyyyyyyyyyyyyyyyyyyyyyyyyyyyyyyyyyyyyyyyyyyyyyyyyyyyyyyyyyyyyy'),(6,7,'yyyyyyyyyyyyyyyyyyyyyyyyyyyyyyyyyyyyyyyyyyyyyyyyyyyyyyyyyyyyyyyyyyyyyyyyyyyyyyyyyyyyyyyyyyyyyyyyyyyyyyyyyyyyyyyyyyyyyyyyyyyyyyyyyyyyyyyyyyyyyyyyyyyyyyyyyyyyyyyyyyyyyyyyyyyyyyyyyyyyyyyyyyyyyyyyyyyyyyyy'),(7,8,'yyyyyyyyyyyyyyyyyyyyyyyyyyyyyyyyyyyyyyyyyyyyyyyyyyyyyyyyyyyyyyyyyyyyyyyyyyyyyyyyyyyyyyyyyyyyyyyyyyyyyyyyyyyyyyyyyyyyyyyyyyyyyyyyyyyyyyyyyyyyyyyyyyyyyyyyyyyyyyyyyyyyyyyyyyyyyyyyyyyyyyyyyyyyyyyyyyyyyyyy'),(8,9,'yyyyyyyyyyyyyyyyyyyyyyyyyyyyyyyyyyyyyyyyyyyyyyyyyyyyyyyyyyyyyyyyyyyyyyyyyyyyyyyyyyyyyyyyyyyyyyyyyyyyyyyyyyyyyyyyyyyyyyyyyyyyyyyyyyyyyyyyyyyyyyyyyyyyyyyyyyyyyyyyyyyyyyyyyyyyyyyyyyyyyyyyyyyyyyyyyyyyyyyy'),(9,10,'yyyyyyyyyyyyyyyyyyyyyyyyyyyyyyyyyyyyyyyyyyyyyyyyyyyyyyyyyyyyyyyyyyyyyyyyyyyyyyyyyyyyyyyyyyyyyyyyyyyyyyyyyyyyyyyyyyyyyyyyyyyyyyyyyyyyyyyyyyyyyyyyyyyyyyyyyyyyyyyyyyyyyyyyyyyyyyyyyyyyyyyyyyyyyyyyyyyyyyyy'),(10,11,'yyyyyyyyyyyyyyyyyyyyyyyyyyyyyyyyyyyyyyyyyyyyyyyyyyyyyyyyyyyyyyyyyyyyyyyyyyyyyyyyyyyyyyyyyyyyyyyyyyyyyyyyyyyyyyyyyyyyyyyyyyyyyyyyyyyyyyyyyyyyyyyyyyyyyyyyyyyyyyyyyyyyyyyyyyyyyyyyyyyyyyyyyyyyyyyyyyyyyyyy'),(11,12,'yyyyyyyyyyyyyyyyyyyyyyyyyyyyyyyyyyyyyyyyyyyyyyyyyyyyyyyyyyyyyyyyyyyyyyyyyyyyyyyyyyyyyyyyyyyyyyyyyyyyyyyyyyyyyyyyyyyyyyyyyyyyyyyyyyyyyyyyyyyyyyyyyyyyyyyyyyyyyyyyyyyyyyyyyyyyyyyyyyyyyyyyyyyyyyyyyyyyyyyy'),(12,13,'yyyyyyyyyyyyyyyyyyyyyyyyyyyyyyyyyyyyyyyyyyyyyyyyyyyyyyyyyyyyyyyyyyyyyyyyyyyyyyyyyyyyyyyyyyyyyyyyyyyyyyyyyyyyyyyyyyyyyyyyyyyyyyyyyyyyyyyyyyyyyyyyyyyyyyyyyyyyyyyyyyyyyyyyyyyyyyyyyyyyyyyyyyyyyyyyyyyyyyyy'),(13,14,'yyyyyyyyyyyyyyyyyyyyyyyyyyyyyyyyyyyyyyyyyyyyyyyyyyyyyyyyyyyyyyyyyyyyyyyyyyyyyyyyyyyyyyyyyyyyyyyyyyyyyyyyyyyyyyyyyyyyyyyyyyyyyyyyyyyyyyyyyyyyyyyyyyyyyyyyyyyyyyyyyyyyyyyyyyyyyyyyyyyyyyyyyyyyyyyyyyyyyyyy'),(14,15,'yyyyyyyyyyyyyyyyyyyyyyyyyyyyyyyyyyyyyyyyyyyyyyyyyyyyyyyyyyyyyyyyyyyyyyyyyyyyyyyyyyyyyyyyyyyyyyyyyyyyyyyyyyyyyyyyyyyyyyyyyyyyyyyyyyyyyyyyyyyyyyyyyyyyyyyyyyyyyyyyyyyyyyyyyyyyyyyyyyyyyyyyyyyyyyyyyyyyyyyy'),(15,16,'yyyyyyyyyyyyyyyyyyyyyyyyyyyyyyyyyyyyyyyyyyyyyyyyyyyyyyyyyyyyyyyyyyyyyyyyyyyyyyyyyyyyyyyyyyyyyyyyyyyyyyyyyyyyyyyyyyyyyyyyyyyyyyyyyyyyyyyyyyyyyyyyyyyyyyyyyyyyyyyyyyyyyyyyyyyyyyyyyyyyyyyyyyyyyyyyyyyyyyyy'),(16,17,'yyyyyyyyyyyyyyyyyyyyyyyyyyyyyyyyyyyyyyyyyyyyyyyyyyyyyyyyyyyyyyyyyyyyyyyyyyyyyyyyyyyyyyyyyyyyyyyyyyyyyyyyyyyyyyyyyyyyyyyyyyyyyyyyyyyyyyyyyyyyyyyyyyyyyyyyyyyyyyyyyyyyyyyyyyyyyyyyyyyyyyyyyyyyyyyyyyyyyyyy'),(17,18,'yyyyyyyyyyyyyyyyyyyyyyyyyyyyyyyyyyyyyyyyyyyyyyyyyyyyyyyyyyyyyyyyyyyyyyyyyyyyyyyyyyyyyyyyyyyyyyyyyyyyyyyyyyyyyyyyyyyyyyyyyyyyyyyyyyyyyyyyyyyyyyyyyyyyyyyyyyyyyyyyyyyyyyyyyyyyyyyyyyyyyyyyyyyyyyyyyyyyyyyy'),(18,19,'yyyyyyyyyyyyyyyyyyyyyyyyyyyyyyyyyyyyyyyyyyyyyyyyyyyyyyyyyyyyyyyyyyyyyyyyyyyyyyyyyyyyyyyyyyyyyyyyyyyyyyyyyyyyyyyyyyyyyyyyyyyyyyyyyyyyyyyyyyyyyyyyyyyyyyyyyyyyyyyyyyyyyyyyyyyyyyyyyyyyyyyyyyyyyyyyyyyyyyyy'),(19,20,'yyyyyyyyyyyyyyyyyyyyyyyyyyyyyyyyyyyyyyyyyyyyyyyyyyyyyyyyyyyyyyyyyyyyyyyyyyyyyyyyyyyyyyyyyyyyyyyyyyyyyyyyyyyyyyyyyyyyyyyyyyyyyyyyyyyyyyyyyyyyyyyyyyyyyyyyyyyyyyyyyyyyyyyyyyyyyyyyyyyyyyyyyyyyyyyyyyyyyyyy'),(20,21,'yyyyyyyyyyyyyyyyyyyyyyyyyyyyyyyyyyyyyyyyyyyyyyyyyyyyyyyyyyyyyyyyyyyyyyyyyyyyyyyyyyyyyyyyyyyyyyyyyyyyyyyyyyyyyyyyyyyyyyyyyyyyyyyyyyyyyyyyyyyyyyyyyyyyyyyyyyyyyyyyyyyyyyyyyyyyyyyyyyyyyyyyyyyyyyyyyyyyyyyy'),(21,22,'yyyyyyyyyyyyyyyyyyyyyyyyyyyyyyyyyyyyyyyyyyyyyyyyyyyyyyyyyyyyyyyyyyyyyyyyyyyyyyyyyyyyyyyyyyyyyyyyyyyyyyyyyyyyyyyyyyyyyyyyyyyyyyyyyyyyyyyyyyyyyyyyyyyyyyyyyyyyyyyyyyyyyyyyyyyyyyyyyyyyyyyyyyyyyyyyyyyyyyyy'),(22,23,'yyyyyyyyyyyyyyyyyyyyyyyyyyyyyyyyyyyyyyyyyyyyyyyyyyyyyyyyyyyyyyyyyyyyyyyyyyyyyyyyyyyyyyyyyyyyyyyyyyyyyyyyyyyyyyyyyyyyyyyyyyyyyyyyyyyyyyyyyyyyyyyyyyyyyyyyyyyyyyyyyyyyyyyyyyyyyyyyyyyyyyyyyyyyyyyyyyyyyyyy'),(23,24,'yyyyyyyyyyyyyyyyyyyyyyyyyyyyyyyyyyyyyyyyyyyyyyyyyyyyyyyyyyyyyyyyyyyyyyyyyyyyyyyyyyyyyyyyyyyyyyyyyyyyyyyyyyyyyyyyyyyyyyyyyyyyyyyyyyyyyyyyyyyyyyyyyyyyyyyyyyyyyyyyyyyyyyyyyyyyyyyyyyyyyyyyyyyyyyyyyyyyyyyy'),(24,25,'yyyyyyyyyyyyyyyyyyyyyyyyyyyyyyyyyyyyyyyyyyyyyyyyyyyyyyyyyyyyyyyyyyyyyyyyyyyyyyyyyyyyyyyyyyyyyyyyyyyyyyyyyyyyyyyyyyyyyyyyyyyyyyyyyyyyyyyyyyyyyyyyyyyyyyyyyyyyyyyyyyyyyyyyyyyyyyyyyyyyyyyyyyyyyyyyyyyyyyyy'),(25,26,'yyyyyyyyyyyyyyyyyyyyyyyyyyyyyyyyyyyyyyyyyyyyyyyyyyyyyyyyyyyyyyyyyyyyyyyyyyyyyyyyyyyyyyyyyyyyyyyyyyyyyyyyyyyyyyyyyyyyyyyyyyyyyyyyyyyyyyyyyyyyyyyyyyyyyyyyyyyyyyyyyyyyyyyyyyyyyyyyyyyyyyyyyyyyyyyyyyyyyyyy'),(26,27,'yyyyyyyyyyyyyyyyyyyyyyyyyyyyyyyyyyyyyyyyyyyyyyyyyyyyyyyyyyyyyyyyyyyyyyyyyyyyyyyyyyyyyyyyyyyyyyyyyyyyyyyyyyyyyyyyyyyyyyyyyyyyyyyyyyyyyyyyyyyyyyyyyyyyyyyyyyyyyyyyyyyyyyyyyyyyyyyyyyyyyyyyyyyyyyyyyyyyyyyy'),(27,28,'yyyyyyyyyyyyyyyyyyyyyyyyyyyyyyyyyyyyyyyyyyyyyyyyyyyyyyyyyyyyyyyyyyyyyyyyyyyyyyyyyyyyyyyyyyyyyyyyyyyyyyyyyyyyyyyyyyyyyyyyyyyyyyyyyyyyyyyyyyyyyyyyyyyyyyyyyyyyyyyyyyyyyyyyyyyyyyyyyyyyyyyyyyyyyyyyyyyyyyyy'),(28,29,'yyyyyyyyyyyyyyyyyyyyyyyyyyyyyyyyyyyyyyyyyyyyyyyyyyyyyyyyyyyyyyyyyyyyyyyyyyyyyyyyyyyyyyyyyyyyyyyyyyyyyyyyyyyyyyyyyyyyyyyyyyyyyyyyyyyyyyyyyyyyyyyyyyyyyyyyyyyyyyyyyyyyyyyyyyyyyyyyyyyyyyyyyyyyyyyyyyyyyyyy'),(29,30,'yyyyyyyyyyyyyyyyyyyyyyyyyyyyyyyyyyyyyyyyyyyyyyyyyyyyyyyyyyyyyyyyyyyyyyyyyyyyyyyyyyyyyyyyyyyyyyyyyyyyyyyyyyyyyyyyyyyyyyyyyyyyyyyyyyyyyyyyyyyyyyyyyyyyyyyyyyyyyyyyyyyyyyyyyyyyyyyyyyyyyyyyyyyyyyyyyyyyyyyy'),(30,31,'yyyyyyyyyyyyyyyyyyyyyyyyyyyyyyyyyyyyyyyyyyyyyyyyyyyyyyyyyyyyyyyyyyyyyyyyyyyyyyyyyyyyyyyyyyyyyyyyyyyyyyyyyyyyyyyyyyyyyyyyyyyyyyyyyyyyyyyyyyyyyyyyyyyyyyyyyyyyyyyyyyyyyyyyyyyyyyyyyyyyyyyyyyyyyyyyyyyyyyyy'),(31,32,'yyyyyyyyyyyyyyyyyyyyyyyyyyyyyyyyyyyyyyyyyyyyyyyyyyyyyyyyyyyyyyyyyyyyyyyyyyyyyyyyyyyyyyyyyyyyyyyyyyyyyyyyyyyyyyyyyyyyyyyyyyyyyyyyyyyyyyyyyyyyyyyyyyyyyyyyyyyyyyyyyyyyyyyyyyyyyyyyyyyyyyyyyyyyyyyyyyyyyyyy'),(32,33,'yyyyyyyyyyyyyyyyyyyyyyyyyyyyyyyyyyyyyyyyyyyyyyyyyyyyyyyyyyyyyyyyyyyyyyyyyyyyyyyyyyyyyyyyyyyyyyyyyyyyyyyyyyyyyyyyyyyyyyyyyyyyyyyyyyyyyyyyyyyyyyyyyyyyyyyyyyyyyyyyyyyyyyyyyyyyyyyyyyyyyyyyyyyyyyyyyyyyyyyy'),(33,34,'yyyyyyyyyyyyyyyyyyyyyyyyyyyyyyyyyyyyyyyyyyyyyyyyyyyyyyyyyyyyyyyyyyyyyyyyyyyyyyyyyyyyyyyyyyyyyyyyyyyyyyyyyyyyyyyyyyyyyyyyyyyyyyyyyyyyyyyyyyyyyyyyyyyyyyyyyyyyyyyyyyyyyyyyyyyyyyyyyyyyyyyyyyyyyyyyyyyyyyyy'),(34,35,'yyyyyyyyyyyyyyyyyyyyyyyyyyyyyyyyyyyyyyyyyyyyyyyyyyyyyyyyyyyyyyyyyyyyyyyyyyyyyyyyyyyyyyyyyyyyyyyyyyyyyyyyyyyyyyyyyyyyyyyyyyyyyyyyyyyyyyyyyyyyyyyyyyyyyyyyyyyyyyyyyyyyyyyyyyyyyyyyyyyyyyyyyyyyyyyyyyyyyyyy'),(35,36,'yyyyyyyyyyyyyyyyyyyyyyyyyyyyyyyyyyyyyyyyyyyyyyyyyyyyyyyyyyyyyyyyyyyyyyyyyyyyyyyyyyyyyyyyyyyyyyyyyyyyyyyyyyyyyyyyyyyyyyyyyyyyyyyyyyyyyyyyyyyyyyyyyyyyyyyyyyyyyyyyyyyyyyyyyyyyyyyyyyyyyyyyyyyyyyyyyyyyyyyy'),(36,37,'yyyyyyyyyyyyyyyyyyyyyyyyyyyyyyyyyyyyyyyyyyyyyyyyyyyyyyyyyyyyyyyyyyyyyyyyyyyyyyyyyyyyyyyyyyyyyyyyyyyyyyyyyyyyyyyyyyyyyyyyyyyyyyyyyyyyyyyyyyyyyyyyyyyyyyyyyyyyyyyyyyyyyyyyyyyyyyyyyyyyyyyyyyyyyyyyyyyyyyyy'),(37,38,'yyyyyyyyyyyyyyyyyyyyyyyyyyyyyyyyyyyyyyyyyyyyyyyyyyyyyyyyyyyyyyyyyyyyyyyyyyyyyyyyyyyyyyyyyyyyyyyyyyyyyyyyyyyyyyyyyyyyyyyyyyyyyyyyyyyyyyyyyyyyyyyyyyyyyyyyyyyyyyyyyyyyyyyyyyyyyyyyyyyyyyyyyyyyyyyyyyyyyyyy'),(38,39,'yyyyyyyyyyyyyyyyyyyyyyyyyyyyyyyyyyyyyyyyyyyyyyyyyyyyyyyyyyyyyyyyyyyyyyyyyyyyyyyyyyyyyyyyyyyyyyyyyyyyyyyyyyyyyyyyyyyyyyyyyyyyyyyyyyyyyyyyyyyyyyyyyyyyyyyyyyyyyyyyyyyyyyyyyyyyyyyyyyyyyyyyyyyyyyyyyyyyyyyy'),(39,40,'yyyyyyyyyyyyyyyyyyyyyyyyyyyyyyyyyyyyyyyyyyyyyyyyyyyyyyyyyyyyyyyyyyyyyyyyyyyyyyyyyyyyyyyyyyyyyyyyyyyyyyyyyyyyyyyyyyyyyyyyyyyyyyyyyyyyyyyyyyyyyyyyyyyyyyyyyyyyyyyyyyyyyyyyyyyyyyyyyyyyyyyyyyyyyyyyyyyyyyyy'),(40,41,'yyyyyyyyyyyyyyyyyyyyyyyyyyyyyyyyyyyyyyyyyyyyyyyyyyyyyyyyyyyyyyyyyyyyyyyyyyyyyyyyyyyyyyyyyyyyyyyyyyyyyyyyyyyyyyyyyyyyyyyyyyyyyyyyyyyyyyyyyyyyyyyyyyyyyyyyyyyyyyyyyyyyyyyyyyyyyyyyyyyyyyyyyyyyyyyyyyyyyyyy'),(41,42,'yyyyyyyyyyyyyyyyyyyyyyyyyyyyyyyyyyyyyyyyyyyyyyyyyyyyyyyyyyyyyyyyyyyyyyyyyyyyyyyyyyyyyyyyyyyyyyyyyyyyyyyyyyyyyyyyyyyyyyyyyyyyyyyyyyyyyyyyyyyyyyyyyyyyyyyyyyyyyyyyyyyyyyyyyyyyyyyyyyyyyyyyyyyyyyyyyyyyyyyy'),(42,43,'yyyyyyyyyyyyyyyyyyyyyyyyyyyyyyyyyyyyyyyyyyyyyyyyyyyyyyyyyyyyyyyyyyyyyyyyyyyyyyyyyyyyyyyyyyyyyyyyyyyyyyyyyyyyyyyyyyyyyyyyyyyyyyyyyyyyyyyyyyyyyyyyyyyyyyyyyyyyyyyyyyyyyyyyyyyyyyyyyyyyyyyyyyyyyyyyyyyyyyyy'),(43,44,'yyyyyyyyyyyyyyyyyyyyyyyyyyyyyyyyyyyyyyyyyyyyyyyyyyyyyyyyyyyyyyyyyyyyyyyyyyyyyyyyyyyyyyyyyyyyyyyyyyyyyyyyyyyyyyyyyyyyyyyyyyyyyyyyyyyyyyyyyyyyyyyyyyyyyyyyyyyyyyyyyyyyyyyyyyyyyyyyyyyyyyyyyyyyyyyyyyyyyyyy'),(44,45,'yyyyyyyyyyyyyyyyyyyyyyyyyyyyyyyyyyyyyyyyyyyyyyyyyyyyyyyyyyyyyyyyyyyyyyyyyyyyyyyyyyyyyyyyyyyyyyyyyyyyyyyyyyyyyyyyyyyyyyyyyyyyyyyyyyyyyyyyyyyyyyyyyyyyyyyyyyyyyyyyyyyyyyyyyyyyyyyyyyyyyyyyyyyyyyyyyyyyyyyy'),(45,46,'yyyyyyyyyyyyyyyyyyyyyyyyyyyyyyyyyyyyyyyyyyyyyyyyyyyyyyyyyyyyyyyyyyyyyyyyyyyyyyyyyyyyyyyyyyyyyyyyyyyyyyyyyyyyyyyyyyyyyyyyyyyyyyyyyyyyyyyyyyyyyyyyyyyyyyyyyyyyyyyyyyyyyyyyyyyyyyyyyyyyyyyyyyyyyyyyyyyyyyyy'),(46,47,'yyyyyyyyyyyyyyyyyyyyyyyyyyyyyyyyyyyyyyyyyyyyyyyyyyyyyyyyyyyyyyyyyyyyyyyyyyyyyyyyyyyyyyyyyyyyyyyyyyyyyyyyyyyyyyyyyyyyyyyyyyyyyyyyyyyyyyyyyyyyyyyyyyyyyyyyyyyyyyyyyyyyyyyyyyyyyyyyyyyyyyyyyyyyyyyyyyyyyyyy'),(47,48,'yyyyyyyyyyyyyyyyyyyyyyyyyyyyyyyyyyyyyyyyyyyyyyyyyyyyyyyyyyyyyyyyyyyyyyyyyyyyyyyyyyyyyyyyyyyyyyyyyyyyyyyyyyyyyyyyyyyyyyyyyyyyyyyyyyyyyyyyyyyyyyyyyyyyyyyyyyyyyyyyyyyyyyyyyyyyyyyyyyyyyyyyyyyyyyyyyyyyyyyy'),(48,49,'yyyyyyyyyyyyyyyyyyyyyyyyyyyyyyyyyyyyyyyyyyyyyyyyyyyyyyyyyyyyyyyyyyyyyyyyyyyyyyyyyyyyyyyyyyyyyyyyyyyyyyyyyyyyyyyyyyyyyyyyyyyyyyyyyyyyyyyyyyyyyyyyyyyyyyyyyyyyyyyyyyyyyyyyyyyyyyyyyyyyyyyyyyyyyyyyyyyyyyyy'),(49,50,'yyyyyyyyyyyyyyyyyyyyyyyyyyyyyyyyyyyyyyyyyyyyyyyyyyyyyyyyyyyyyyyyyyyyyyyyyyyyyyyyyyyyyyyyyyyyyyyyyyyyyyyyyyyyyyyyyyyyyyyyyyyyyyyyyyyyyyyyyyyyyyyyyyyyyyyyyyyyyyyyyyyyyyyyyyyyyyyyyyyyyyyyyyyyyyyyyyyyyyyy'),(50,51,'yyyyyyyyyyyyyyyyyyyyyyyyyyyyyyyyyyyyyyyyyyyyyyyyyyyyyyyyyyyyyyyyyyyyyyyyyyyyyyyyyyyyyyyyyyyyyyyyyyyyyyyyyyyyyyyyyyyyyyyyyyyyyyyyyyyyyyyyyyyyyyyyyyyyyyyyyyyyyyyyyyyyyyyyyyyyyyyyyyyyyyyyyyyyyyyyyyyyyyyy'),(51,52,'yyyyyyyyyyyyyyyyyyyyyyyyyyyyyyyyyyyyyyyyyyyyyyyyyyyyyyyyyyyyyyyyyyyyyyyyyyyyyyyyyyyyyyyyyyyyyyyyyyyyyyyyyyyyyyyyyyyyyyyyyyyyyyyyyyyyyyyyyyyyyyyyyyyyyyyyyyyyyyyyyyyyyyyyyyyyyyyyyyyyyyyyyyyyyyyyyyyyyyyy'),(52,53,'yyyyyyyyyyyyyyyyyyyyyyyyyyyyyyyyyyyyyyyyyyyyyyyyyyyyyyyyyyyyyyyyyyyyyyyyyyyyyyyyyyyyyyyyyyyyyyyyyyyyyyyyyyyyyyyyyyyyyyyyyyyyyyyyyyyyyyyyyyyyyyyyyyyyyyyyyyyyyyyyyyyyyyyyyyyyyyyyyyyyyyyyyyyyyyyyyyyyyyyy'),(53,54,'yyyyyyyyyyyyyyyyyyyyyyyyyyyyyyyyyyyyyyyyyyyyyyyyyyyyyyyyyyyyyyyyyyyyyyyyyyyyyyyyyyyyyyyyyyyyyyyyyyyyyyyyyyyyyyyyyyyyyyyyyyyyyyyyyyyyyyyyyyyyyyyyyyyyyyyyyyyyyyyyyyyyyyyyyyyyyyyyyyyyyyyyyyyyyyyyyyyyyyyy'),(54,55,'yyyyyyyyyyyyyyyyyyyyyyyyyyyyyyyyyyyyyyyyyyyyyyyyyyyyyyyyyyyyyyyyyyyyyyyyyyyyyyyyyyyyyyyyyyyyyyyyyyyyyyyyyyyyyyyyyyyyyyyyyyyyyyyyyyyyyyyyyyyyyyyyyyyyyyyyyyyyyyyyyyyyyyyyyyyyyyyyyyyyyyyyyyyyyyyyyyyyyyyy'),(55,56,'yyyyyyyyyyyyyyyyyyyyyyyyyyyyyyyyyyyyyyyyyyyyyyyyyyyyyyyyyyyyyyyyyyyyyyyyyyyyyyyyyyyyyyyyyyyyyyyyyyyyyyyyyyyyyyyyyyyyyyyyyyyyyyyyyyyyyyyyyyyyyyyyyyyyyyyyyyyyyyyyyyyyyyyyyyyyyyyyyyyyyyyyyyyyyyyyyyyyyyyy'),(56,57,'yyyyyyyyyyyyyyyyyyyyyyyyyyyyyyyyyyyyyyyyyyyyyyyyyyyyyyyyyyyyyyyyyyyyyyyyyyyyyyyyyyyyyyyyyyyyyyyyyyyyyyyyyyyyyyyyyyyyyyyyyyyyyyyyyyyyyyyyyyyyyyyyyyyyyyyyyyyyyyyyyyyyyyyyyyyyyyyyyyyyyyyyyyyyyyyyyyyyyyyy'),(57,58,'yyyyyyyyyyyyyyyyyyyyyyyyyyyyyyyyyyyyyyyyyyyyyyyyyyyyyyyyyyyyyyyyyyyyyyyyyyyyyyyyyyyyyyyyyyyyyyyyyyyyyyyyyyyyyyyyyyyyyyyyyyyyyyyyyyyyyyyyyyyyyyyyyyyyyyyyyyyyyyyyyyyyyyyyyyyyyyyyyyyyyyyyyyyyyyyyyyyyyyyy'),(58,59,'yyyyyyyyyyyyyyyyyyyyyyyyyyyyyyyyyyyyyyyyyyyyyyyyyyyyyyyyyyyyyyyyyyyyyyyyyyyyyyyyyyyyyyyyyyyyyyyyyyyyyyyyyyyyyyyyyyyyyyyyyyyyyyyyyyyyyyyyyyyyyyyyyyyyyyyyyyyyyyyyyyyyyyyyyyyyyyyyyyyyyyyyyyyyyyyyyyyyyyyy'),(59,60,'yyyyyyyyyyyyyyyyyyyyyyyyyyyyyyyyyyyyyyyyyyyyyyyyyyyyyyyyyyyyyyyyyyyyyyyyyyyyyyyyyyyyyyyyyyyyyyyyyyyyyyyyyyyyyyyyyyyyyyyyyyyyyyyyyyyyyyyyyyyyyyyyyyyyyyyyyyyyyyyyyyyyyyyyyyyyyyyyyyyyyyyyyyyyyyyyyyyyyyyy'),(60,61,'yyyyyyyyyyyyyyyyyyyyyyyyyyyyyyyyyyyyyyyyyyyyyyyyyyyyyyyyyyyyyyyyyyyyyyyyyyyyyyyyyyyyyyyyyyyyyyyyyyyyyyyyyyyyyyyyyyyyyyyyyyyyyyyyyyyyyyyyyyyyyyyyyyyyyyyyyyyyyyyyyyyyyyyyyyyyyyyyyyyyyyyyyyyyyyyyyyyyyyyy'),(61,62,'yyyyyyyyyyyyyyyyyyyyyyyyyyyyyyyyyyyyyyyyyyyyyyyyyyyyyyyyyyyyyyyyyyyyyyyyyyyyyyyyyyyyyyyyyyyyyyyyyyyyyyyyyyyyyyyyyyyyyyyyyyyyyyyyyyyyyyyyyyyyyyyyyyyyyyyyyyyyyyyyyyyyyyyyyyyyyyyyyyyyyyyyyyyyyyyyyyyyyyyy'),(62,63,'yyyyyyyyyyyyyyyyyyyyyyyyyyyyyyyyyyyyyyyyyyyyyyyyyyyyyyyyyyyyyyyyyyyyyyyyyyyyyyyyyyyyyyyyyyyyyyyyyyyyyyyyyyyyyyyyyyyyyyyyyyyyyyyyyyyyyyyyyyyyyyyyyyyyyyyyyyyyyyyyyyyyyyyyyyyyyyyyyyyyyyyyyyyyyyyyyyyyyyyy'),(63,64,'yyyyyyyyyyyyyyyyyyyyyyyyyyyyyyyyyyyyyyyyyyyyyyyyyyyyyyyyyyyyyyyyyyyyyyyyyyyyyyyyyyyyyyyyyyyyyyyyyyyyyyyyyyyyyyyyyyyyyyyyyyyyyyyyyyyyyyyyyyyyyyyyyyyyyyyyyyyyyyyyyyyyyyyyyyyyyyyyyyyyyyyyyyyyyyyyyyyyyyyy'),(64,65,'yyyyyyyyyyyyyyyyyyyyyyyyyyyyyyyyyyyyyyyyyyyyyyyyyyyyyyyyyyyyyyyyyyyyyyyyyyyyyyyyyyyyyyyyyyyyyyyyyyyyyyyyyyyyyyyyyyyyyyyyyyyyyyyyyyyyyyyyyyyyyyyyyyyyyyyyyyyyyyyyyyyyyyyyyyyyyyyyyyyyyyyyyyyyyyyyyyyyyyyy'),(65,66,'yyyyyyyyyyyyyyyyyyyyyyyyyyyyyyyyyyyyyyyyyyyyyyyyyyyyyyyyyyyyyyyyyyyyyyyyyyyyyyyyyyyyyyyyyyyyyyyyyyyyyyyyyyyyyyyyyyyyyyyyyyyyyyyyyyyyyyyyyyyyyyyyyyyyyyyyyyyyyyyyyyyyyyyyyyyyyyyyyyyyyyyyyyyyyyyyyyyyyyyy'),(66,67,'yyyyyyyyyyyyyyyyyyyyyyyyyyyyyyyyyyyyyyyyyyyyyyyyyyyyyyyyyyyyyyyyyyyyyyyyyyyyyyyyyyyyyyyyyyyyyyyyyyyyyyyyyyyyyyyyyyyyyyyyyyyyyyyyyyyyyyyyyyyyyyyyyyyyyyyyyyyyyyyyyyyyyyyyyyyyyyyyyyyyyyyyyyyyyyyyyyyyyyyy'),(67,68,'yyyyyyyyyyyyyyyyyyyyyyyyyyyyyyyyyyyyyyyyyyyyyyyyyyyyyyyyyyyyyyyyyyyyyyyyyyyyyyyyyyyyyyyyyyyyyyyyyyyyyyyyyyyyyyyyyyyyyyyyyyyyyyyyyyyyyyyyyyyyyyyyyyyyyyyyyyyyyyyyyyyyyyyyyyyyyyyyyyyyyyyyyyyyyyyyyyyyyyyy'),(68,69,'yyyyyyyyyyyyyyyyyyyyyyyyyyyyyyyyyyyyyyyyyyyyyyyyyyyyyyyyyyyyyyyyyyyyyyyyyyyyyyyyyyyyyyyyyyyyyyyyyyyyyyyyyyyyyyyyyyyyyyyyyyyyyyyyyyyyyyyyyyyyyyyyyyyyyyyyyyyyyyyyyyyyyyyyyyyyyyyyyyyyyyyyyyyyyyyyyyyyyyyy'),(69,70,'yyyyyyyyyyyyyyyyyyyyyyyyyyyyyyyyyyyyyyyyyyyyyyyyyyyyyyyyyyyyyyyyyyyyyyyyyyyyyyyyyyyyyyyyyyyyyyyyyyyyyyyyyyyyyyyyyyyyyyyyyyyyyyyyyyyyyyyyyyyyyyyyyyyyyyyyyyyyyyyyyyyyyyyyyyyyyyyyyyyyyyyyyyyyyyyyyyyyyyyy'),(70,71,'yyyyyyyyyyyyyyyyyyyyyyyyyyyyyyyyyyyyyyyyyyyyyyyyyyyyyyyyyyyyyyyyyyyyyyyyyyyyyyyyyyyyyyyyyyyyyyyyyyyyyyyyyyyyyyyyyyyyyyyyyyyyyyyyyyyyyyyyyyyyyyyyyyyyyyyyyyyyyyyyyyyyyyyyyyyyyyyyyyyyyyyyyyyyyyyyyyyyyyyy'),(71,72,'yyyyyyyyyyyyyyyyyyyyyyyyyyyyyyyyyyyyyyyyyyyyyyyyyyyyyyyyyyyyyyyyyyyyyyyyyyyyyyyyyyyyyyyyyyyyyyyyyyyyyyyyyyyyyyyyyyyyyyyyyyyyyyyyyyyyyyyyyyyyyyyyyyyyyyyyyyyyyyyyyyyyyyyyyyyyyyyyyyyyyyyyyyyyyyyyyyyyyyyy'),(72,73,'yyyyyyyyyyyyyyyyyyyyyyyyyyyyyyyyyyyyyyyyyyyyyyyyyyyyyyyyyyyyyyyyyyyyyyyyyyyyyyyyyyyyyyyyyyyyyyyyyyyyyyyyyyyyyyyyyyyyyyyyyyyyyyyyyyyyyyyyyyyyyyyyyyyyyyyyyyyyyyyyyyyyyyyyyyyyyyyyyyyyyyyyyyyyyyyyyyyyyyyy'),(73,74,'yyyyyyyyyyyyyyyyyyyyyyyyyyyyyyyyyyyyyyyyyyyyyyyyyyyyyyyyyyyyyyyyyyyyyyyyyyyyyyyyyyyyyyyyyyyyyyyyyyyyyyyyyyyyyyyyyyyyyyyyyyyyyyyyyyyyyyyyyyyyyyyyyyyyyyyyyyyyyyyyyyyyyyyyyyyyyyyyyyyyyyyyyyyyyyyyyyyyyyyy'),(74,75,'yyyyyyyyyyyyyyyyyyyyyyyyyyyyyyyyyyyyyyyyyyyyyyyyyyyyyyyyyyyyyyyyyyyyyyyyyyyyyyyyyyyyyyyyyyyyyyyyyyyyyyyyyyyyyyyyyyyyyyyyyyyyyyyyyyyyyyyyyyyyyyyyyyyyyyyyyyyyyyyyyyyyyyyyyyyyyyyyyyyyyyyyyyyyyyyyyyyyyyyy'),(75,76,'yyyyyyyyyyyyyyyyyyyyyyyyyyyyyyyyyyyyyyyyyyyyyyyyyyyyyyyyyyyyyyyyyyyyyyyyyyyyyyyyyyyyyyyyyyyyyyyyyyyyyyyyyyyyyyyyyyyyyyyyyyyyyyyyyyyyyyyyyyyyyyyyyyyyyyyyyyyyyyyyyyyyyyyyyyyyyyyyyyyyyyyyyyyyyyyyyyyyyyyy'),(76,77,'yyyyyyyyyyyyyyyyyyyyyyyyyyyyyyyyyyyyyyyyyyyyyyyyyyyyyyyyyyyyyyyyyyyyyyyyyyyyyyyyyyyyyyyyyyyyyyyyyyyyyyyyyyyyyyyyyyyyyyyyyyyyyyyyyyyyyyyyyyyyyyyyyyyyyyyyyyyyyyyyyyyyyyyyyyyyyyyyyyyyyyyyyyyyyyyyyyyyyyyy'),(77,78,'yyyyyyyyyyyyyyyyyyyyyyyyyyyyyyyyyyyyyyyyyyyyyyyyyyyyyyyyyyyyyyyyyyyyyyyyyyyyyyyyyyyyyyyyyyyyyyyyyyyyyyyyyyyyyyyyyyyyyyyyyyyyyyyyyyyyyyyyyyyyyyyyyyyyyyyyyyyyyyyyyyyyyyyyyyyyyyyyyyyyyyyyyyyyyyyyyyyyyyyy'),(78,79,'yyyyyyyyyyyyyyyyyyyyyyyyyyyyyyyyyyyyyyyyyyyyyyyyyyyyyyyyyyyyyyyyyyyyyyyyyyyyyyyyyyyyyyyyyyyyyyyyyyyyyyyyyyyyyyyyyyyyyyyyyyyyyyyyyyyyyyyyyyyyyyyyyyyyyyyyyyyyyyyyyyyyyyyyyyyyyyyyyyyyyyyyyyyyyyyyyyyyyyyy'),(79,80,'yyyyyyyyyyyyyyyyyyyyyyyyyyyyyyyyyyyyyyyyyyyyyyyyyyyyyyyyyyyyyyyyyyyyyyyyyyyyyyyyyyyyyyyyyyyyyyyyyyyyyyyyyyyyyyyyyyyyyyyyyyyyyyyyyyyyyyyyyyyyyyyyyyyyyyyyyyyyyyyyyyyyyyyyyyyyyyyyyyyyyyyyyyyyyyyyyyyyyyyy'),(80,81,'yyyyyyyyyyyyyyyyyyyyyyyyyyyyyyyyyyyyyyyyyyyyyyyyyyyyyyyyyyyyyyyyyyyyyyyyyyyyyyyyyyyyyyyyyyyyyyyyyyyyyyyyyyyyyyyyyyyyyyyyyyyyyyyyyyyyyyyyyyyyyyyyyyyyyyyyyyyyyyyyyyyyyyyyyyyyyyyyyyyyyyyyyyyyyyyyyyyyyyyy'),(81,82,'yyyyyyyyyyyyyyyyyyyyyyyyyyyyyyyyyyyyyyyyyyyyyyyyyyyyyyyyyyyyyyyyyyyyyyyyyyyyyyyyyyyyyyyyyyyyyyyyyyyyyyyyyyyyyyyyyyyyyyyyyyyyyyyyyyyyyyyyyyyyyyyyyyyyyyyyyyyyyyyyyyyyyyyyyyyyyyyyyyyyyyyyyyyyyyyyyyyyyyyy'),(82,83,'yyyyyyyyyyyyyyyyyyyyyyyyyyyyyyyyyyyyyyyyyyyyyyyyyyyyyyyyyyyyyyyyyyyyyyyyyyyyyyyyyyyyyyyyyyyyyyyyyyyyyyyyyyyyyyyyyyyyyyyyyyyyyyyyyyyyyyyyyyyyyyyyyyyyyyyyyyyyyyyyyyyyyyyyyyyyyyyyyyyyyyyyyyyyyyyyyyyyyyyy'),(83,84,'yyyyyyyyyyyyyyyyyyyyyyyyyyyyyyyyyyyyyyyyyyyyyyyyyyyyyyyyyyyyyyyyyyyyyyyyyyyyyyyyyyyyyyyyyyyyyyyyyyyyyyyyyyyyyyyyyyyyyyyyyyyyyyyyyyyyyyyyyyyyyyyyyyyyyyyyyyyyyyyyyyyyyyyyyyyyyyyyyyyyyyyyyyyyyyyyyyyyyyyy'),(84,85,'yyyyyyyyyyyyyyyyyyyyyyyyyyyyyyyyyyyyyyyyyyyyyyyyyyyyyyyyyyyyyyyyyyyyyyyyyyyyyyyyyyyyyyyyyyyyyyyyyyyyyyyyyyyyyyyyyyyyyyyyyyyyyyyyyyyyyyyyyyyyyyyyyyyyyyyyyyyyyyyyyyyyyyyyyyyyyyyyyyyyyyyyyyyyyyyyyyyyyyyy'),(85,86,'yyyyyyyyyyyyyyyyyyyyyyyyyyyyyyyyyyyyyyyyyyyyyyyyyyyyyyyyyyyyyyyyyyyyyyyyyyyyyyyyyyyyyyyyyyyyyyyyyyyyyyyyyyyyyyyyyyyyyyyyyyyyyyyyyyyyyyyyyyyyyyyyyyyyyyyyyyyyyyyyyyyyyyyyyyyyyyyyyyyyyyyyyyyyyyyyyyyyyyyy'),(86,87,'yyyyyyyyyyyyyyyyyyyyyyyyyyyyyyyyyyyyyyyyyyyyyyyyyyyyyyyyyyyyyyyyyyyyyyyyyyyyyyyyyyyyyyyyyyyyyyyyyyyyyyyyyyyyyyyyyyyyyyyyyyyyyyyyyyyyyyyyyyyyyyyyyyyyyyyyyyyyyyyyyyyyyyyyyyyyyyyyyyyyyyyyyyyyyyyyyyyyyyyy'),(87,88,'yyyyyyyyyyyyyyyyyyyyyyyyyyyyyyyyyyyyyyyyyyyyyyyyyyyyyyyyyyyyyyyyyyyyyyyyyyyyyyyyyyyyyyyyyyyyyyyyyyyyyyyyyyyyyyyyyyyyyyyyyyyyyyyyyyyyyyyyyyyyyyyyyyyyyyyyyyyyyyyyyyyyyyyyyyyyyyyyyyyyyyyyyyyyyyyyyyyyyyyy'),(88,89,'yyyyyyyyyyyyyyyyyyyyyyyyyyyyyyyyyyyyyyyyyyyyyyyyyyyyyyyyyyyyyyyyyyyyyyyyyyyyyyyyyyyyyyyyyyyyyyyyyyyyyyyyyyyyyyyyyyyyyyyyyyyyyyyyyyyyyyyyyyyyyyyyyyyyyyyyyyyyyyyyyyyyyyyyyyyyyyyyyyyyyyyyyyyyyyyyyyyyyyyy'),(89,90,'yyyyyyyyyyyyyyyyyyyyyyyyyyyyyyyyyyyyyyyyyyyyyyyyyyyyyyyyyyyyyyyyyyyyyyyyyyyyyyyyyyyyyyyyyyyyyyyyyyyyyyyyyyyyyyyyyyyyyyyyyyyyyyyyyyyyyyyyyyyyyyyyyyyyyyyyyyyyyyyyyyyyyyyyyyyyyyyyyyyyyyyyyyyyyyyyyyyyyyyy'),(90,91,'yyyyyyyyyyyyyyyyyyyyyyyyyyyyyyyyyyyyyyyyyyyyyyyyyyyyyyyyyyyyyyyyyyyyyyyyyyyyyyyyyyyyyyyyyyyyyyyyyyyyyyyyyyyyyyyyyyyyyyyyyyyyyyyyyyyyyyyyyyyyyyyyyyyyyyyyyyyyyyyyyyyyyyyyyyyyyyyyyyyyyyyyyyyyyyyyyyyyyyyy'),(91,92,'yyyyyyyyyyyyyyyyyyyyyyyyyyyyyyyyyyyyyyyyyyyyyyyyyyyyyyyyyyyyyyyyyyyyyyyyyyyyyyyyyyyyyyyyyyyyyyyyyyyyyyyyyyyyyyyyyyyyyyyyyyyyyyyyyyyyyyyyyyyyyyyyyyyyyyyyyyyyyyyyyyyyyyyyyyyyyyyyyyyyyyyyyyyyyyyyyyyyyyyy'),(92,93,'yyyyyyyyyyyyyyyyyyyyyyyyyyyyyyyyyyyyyyyyyyyyyyyyyyyyyyyyyyyyyyyyyyyyyyyyyyyyyyyyyyyyyyyyyyyyyyyyyyyyyyyyyyyyyyyyyyyyyyyyyyyyyyyyyyyyyyyyyyyyyyyyyyyyyyyyyyyyyyyyyyyyyyyyyyyyyyyyyyyyyyyyyyyyyyyyyyyyyyyy'),(93,94,'yyyyyyyyyyyyyyyyyyyyyyyyyyyyyyyyyyyyyyyyyyyyyyyyyyyyyyyyyyyyyyyyyyyyyyyyyyyyyyyyyyyyyyyyyyyyyyyyyyyyyyyyyyyyyyyyyyyyyyyyyyyyyyyyyyyyyyyyyyyyyyyyyyyyyyyyyyyyyyyyyyyyyyyyyyyyyyyyyyyyyyyyyyyyyyyyyyyyyyyy'),(94,95,'yyyyyyyyyyyyyyyyyyyyyyyyyyyyyyyyyyyyyyyyyyyyyyyyyyyyyyyyyyyyyyyyyyyyyyyyyyyyyyyyyyyyyyyyyyyyyyyyyyyyyyyyyyyyyyyyyyyyyyyyyyyyyyyyyyyyyyyyyyyyyyyyyyyyyyyyyyyyyyyyyyyyyyyyyyyyyyyyyyyyyyyyyyyyyyyyyyyyyyyy'),(95,96,'yyyyyyyyyyyyyyyyyyyyyyyyyyyyyyyyyyyyyyyyyyyyyyyyyyyyyyyyyyyyyyyyyyyyyyyyyyyyyyyyyyyyyyyyyyyyyyyyyyyyyyyyyyyyyyyyyyyyyyyyyyyyyyyyyyyyyyyyyyyyyyyyyyyyyyyyyyyyyyyyyyyyyyyyyyyyyyyyyyyyyyyyyyyyyyyyyyyyyyyy'),(96,97,'yyyyyyyyyyyyyyyyyyyyyyyyyyyyyyyyyyyyyyyyyyyyyyyyyyyyyyyyyyyyyyyyyyyyyyyyyyyyyyyyyyyyyyyyyyyyyyyyyyyyyyyyyyyyyyyyyyyyyyyyyyyyyyyyyyyyyyyyyyyyyyyyyyyyyyyyyyyyyyyyyyyyyyyyyyyyyyyyyyyyyyyyyyyyyyyyyyyyyyyy'),(97,98,'yyyyyyyyyyyyyyyyyyyyyyyyyyyyyyyyyyyyyyyyyyyyyyyyyyyyyyyyyyyyyyyyyyyyyyyyyyyyyyyyyyyyyyyyyyyyyyyyyyyyyyyyyyyyyyyyyyyyyyyyyyyyyyyyyyyyyyyyyyyyyyyyyyyyyyyyyyyyyyyyyyyyyyyyyyyyyyyyyyyyyyyyyyyyyyyyyyyyyyyy'),(98,99,'yyyyyyyyyyyyyyyyyyyyyyyyyyyyyyyyyyyyyyyyyyyyyyyyyyyyyyyyyyyyyyyyyyyyyyyyyyyyyyyyyyyyyyyyyyyyyyyyyyyyyyyyyyyyyyyyyyyyyyyyyyyyyyyyyyyyyyyyyyyyyyyyyyyyyyyyyyyyyyyyyyyyyyyyyyyyyyyyyyyyyyyyyyyyyyyyyyyyyyyy'),(99,100,'yyyyyyyyyyyyyyyyyyyyyyyyyyyyyyyyyyyyyyyyyyyyyyyyyyyyyyyyyyyyyyyyyyyyyyyyyyyyyyyyyyyyyyyyyyyyyyyyyyyyyyyyyyyyyyyyyyyyyyyyyyyyyyyyyyyyyyyyyyyyyyyyyyyyyyyyyyyyyyyyyyyyyyyyyyyyyyyyyyyyyyyyyyyyyyyyyyyyyyyy'),(100,98,'xxxxxxxxxxxxxxxxxxxxxxxxxxxxxxxxxxxxxxxxxxxxxxxxxxxxxxxxxxxxxxxxxxxxxxxxxxxxxxxxxxxxxxxxxxxxxxxxxxxxxxxxxxxxxxxxxxxxxxxxxxxxxxxxxxxxxxxxxxxxxxxxxxxxxxxxxxxxxxxxxxxxxxxxxxxxxxxxxxxxxxxxxxxxxxxxxxxxxxxx'),(101,-1,'xxxxxxxxxxxxxxxxxxxxxxxxxxxxxxxxxxxxxxxxxxxxxxxxxxxxxxxxxxxxxxxxxxxxxxxxxxxxxxxxxxxxxxxxxxxxxxxxxxxxxxxxxxxxxxxxxxxxxxxxxxxxxxxxxxxxxxxxxxxxxxxxxxxxxxxxxxxxxxxxxxxxxxxxxxxxxxxxxxxxxxxxxxxxxxxxxxxxxxxx'),(102,0,'xxxxxxxxxxxxxxxxxxxxxxxxxxxxxxxxxxxxxxxxxxxxxxxxxxxxxxxxxxxxxxxxxxxxxxxxxxxxxxxxxxxxxxxxxxxxxxxxxxxxxxxxxxxxxxxxxxxxxxxxxxxxxxxxxxxxxxxxxxxxxxxxxxxxxxxxxxxxxxxxxxxxxxxxxxxxxxxxxxxxxxxxxxxxxxxxxxxxxxxx'),(103,1,'xxxxxxxxxxxxxxxxxxxxxxxxxxxxxxxxxxxxxxxxxxxxxxxxxxxxxxxxxxxxxxxxxxxxxxxxxxxxxxxxxxxxxxxxxxxxxxxxxxxxxxxxxxxxxxxxxxxxxxxxxxxxxxxxxxxxxxxxxxxxxxxxxxxxxxxxxxxxxxxxxxxxxxxxxxxxxxxxxxxxxxxxxxxxxxxxxxxxxxxx'),(104,2,'xxxxxxxxxxxxxxxxxxxxxxxxxxxxxxxxxxxxxxxxxxxxxxxxxxxxxxxxxxxxxxxxxxxxxxxxxxxxxxxxxxxxxxxxxxxxxxxxxxxxxxxxxxxxxxxxxxxxxxxxxxxxxxxxxxxxxxxxxxxxxxxxxxxxxxxxxxxxxxxxxxxxxxxxxxxxxxxxxxxxxxxxxxxxxxxxxxxxxxxx'),(105,3,'xxxxxxxxxxxxxxxxxxxxxxxxxxxxxxxxxxxxxxxxxxxxxxxxxxxxxxxxxxxxxxxxxxxxxxxxxxxxxxxxxxxxxxxxxxxxxxxxxxxxxxxxxxxxxxxxxxxxxxxxxxxxxxxxxxxxxxxxxxxxxxxxxxxxxxxxxxxxxxxxxxxxxxxxxxxxxxxxxxxxxxxxxxxxxxxxxxxxxxxx'),(106,4,'xxxxxxxxxxxxxxxxxxxxxxxxxxxxxxxxxxxxxxxxxxxxxxxxxxxxxxxxxxxxxxxxxxxxxxxxxxxxxxxxxxxxxxxxxxxxxxxxxxxxxxxxxxxxxxxxxxxxxxxxxxxxxxxxxxxxxxxxxxxxxxxxxxxxxxxxxxxxxxxxxxxxxxxxxxxxxxxxxxxxxxxxxxxxxxxxxxxxxxxx'),(107,5,'xxxxxxxxxxxxxxxxxxxxxxxxxxxxxxxxxxxxxxxxxxxxxxxxxxxxxxxxxxxxxxxxxxxxxxxxxxxxxxxxxxxxxxxxxxxxxxxxxxxxxxxxxxxxxxxxxxxxxxxxxxxxxxxxxxxxxxxxxxxxxxxxxxxxxxxxxxxxxxxxxxxxxxxxxxxxxxxxxxxxxxxxxxxxxxxxxxxxxxxx'),(108,6,'xxxxxxxxxxxxxxxxxxxxxxxxxxxxxxxxxxxxxxxxxxxxxxxxxxxxxxxxxxxxxxxxxxxxxxxxxxxxxxxxxxxxxxxxxxxxxxxxxxxxxxxxxxxxxxxxxxxxxxxxxxxxxxxxxxxxxxxxxxxxxxxxxxxxxxxxxxxxxxxxxxxxxxxxxxxxxxxxxxxxxxxxxxxxxxxxxxxxxxxx'),(109,7,'xxxxxxxxxxxxxxxxxxxxxxxxxxxxxxxxxxxxxxxxxxxxxxxxxxxxxxxxxxxxxxxxxxxxxxxxxxxxxxxxxxxxxxxxxxxxxxxxxxxxxxxxxxxxxxxxxxxxxxxxxxxxxxxxxxxxxxxxxxxxxxxxxxxxxxxxxxxxxxxxxxxxxxxxxxxxxxxxxxxxxxxxxxxxxxxxxxxxxxxx'),(110,8,'xxxxxxxxxxxxxxxxxxxxxxxxxxxxxxxxxxxxxxxxxxxxxxxxxxxxxxxxxxxxxxxxxxxxxxxxxxxxxxxxxxxxxxxxxxxxxxxxxxxxxxxxxxxxxxxxxxxxxxxxxxxxxxxxxxxxxxxxxxxxxxxxxxxxxxxxxxxxxxxxxxxxxxxxxxxxxxxxxxxxxxxxxxxxxxxxxxxxxxxx'),(111,9,'xxxxxxxxxxxxxxxxxxxxxxxxxxxxxxxxxxxxxxxxxxxxxxxxxxxxxxxxxxxxxxxxxxxxxxxxxxxxxxxxxxxxxxxxxxxxxxxxxxxxxxxxxxxxxxxxxxxxxxxxxxxxxxxxxxxxxxxxxxxxxxxxxxxxxxxxxxxxxxxxxxxxxxxxxxxxxxxxxxxxxxxxxxxxxxxxxxxxxxxx'),(112,10,'xxxxxxxxxxxxxxxxxxxxxxxxxxxxxxxxxxxxxxxxxxxxxxxxxxxxxxxxxxxxxxxxxxxxxxxxxxxxxxxxxxxxxxxxxxxxxxxxxxxxxxxxxxxxxxxxxxxxxxxxxxxxxxxxxxxxxxxxxxxxxxxxxxxxxxxxxxxxxxxxxxxxxxxxxxxxxxxxxxxxxxxxxxxxxxxxxxxxxxxx'),(113,11,'xxxxxxxxxxxxxxxxxxxxxxxxxxxxxxxxxxxxxxxxxxxxxxxxxxxxxxxxxxxxxxxxxxxxxxxxxxxxxxxxxxxxxxxxxxxxxxxxxxxxxxxxxxxxxxxxxxxxxxxxxxxxxxxxxxxxxxxxxxxxxxxxxxxxxxxxxxxxxxxxxxxxxxxxxxxxxxxxxxxxxxxxxxxxxxxxxxxxxxxx'),(114,12,'xxxxxxxxxxxxxxxxxxxxxxxxxxxxxxxxxxxxxxxxxxxxxxxxxxxxxxxxxxxxxxxxxxxxxxxxxxxxxxxxxxxxxxxxxxxxxxxxxxxxxxxxxxxxxxxxxxxxxxxxxxxxxxxxxxxxxxxxxxxxxxxxxxxxxxxxxxxxxxxxxxxxxxxxxxxxxxxxxxxxxxxxxxxxxxxxxxxxxxxx'),(115,13,'xxxxxxxxxxxxxxxxxxxxxxxxxxxxxxxxxxxxxxxxxxxxxxxxxxxxxxxxxxxxxxxxxxxxxxxxxxxxxxxxxxxxxxxxxxxxxxxxxxxxxxxxxxxxxxxxxxxxxxxxxxxxxxxxxxxxxxxxxxxxxxxxxxxxxxxxxxxxxxxxxxxxxxxxxxxxxxxxxxxxxxxxxxxxxxxxxxxxxxxx'),(116,14,'xxxxxxxxxxxxxxxxxxxxxxxxxxxxxxxxxxxxxxxxxxxxxxxxxxxxxxxxxxxxxxxxxxxxxxxxxxxxxxxxxxxxxxxxxxxxxxxxxxxxxxxxxxxxxxxxxxxxxxxxxxxxxxxxxxxxxxxxxxxxxxxxxxxxxxxxxxxxxxxxxxxxxxxxxxxxxxxxxxxxxxxxxxxxxxxxxxxxxxxx'),(117,15,'xxxxxxxxxxxxxxxxxxxxxxxxxxxxxxxxxxxxxxxxxxxxxxxxxxxxxxxxxxxxxxxxxxxxxxxxxxxxxxxxxxxxxxxxxxxxxxxxxxxxxxxxxxxxxxxxxxxxxxxxxxxxxxxxxxxxxxxxxxxxxxxxxxxxxxxxxxxxxxxxxxxxxxxxxxxxxxxxxxxxxxxxxxxxxxxxxxxxxxxx'),(118,16,'xxxxxxxxxxxxxxxxxxxxxxxxxxxxxxxxxxxxxxxxxxxxxxxxxxxxxxxxxxxxxxxxxxxxxxxxxxxxxxxxxxxxxxxxxxxxxxxxxxxxxxxxxxxxxxxxxxxxxxxxxxxxxxxxxxxxxxxxxxxxxxxxxxxxxxxxxxxxxxxxxxxxxxxxxxxxxxxxxxxxxxxxxxxxxxxxxxxxxxxx'),(119,17,'xxxxxxxxxxxxxxxxxxxxxxxxxxxxxxxxxxxxxxxxxxxxxxxxxxxxxxxxxxxxxxxxxxxxxxxxxxxxxxxxxxxxxxxxxxxxxxxxxxxxxxxxxxxxxxxxxxxxxxxxxxxxxxxxxxxxxxxxxxxxxxxxxxxxxxxxxxxxxxxxxxxxxxxxxxxxxxxxxxxxxxxxxxxxxxxxxxxxxxxx'),(120,18,'xxxxxxxxxxxxxxxxxxxxxxxxxxxxxxxxxxxxxxxxxxxxxxxxxxxxxxxxxxxxxxxxxxxxxxxxxxxxxxxxxxxxxxxxxxxxxxxxxxxxxxxxxxxxxxxxxxxxxxxxxxxxxxxxxxxxxxxxxxxxxxxxxxxxxxxxxxxxxxxxxxxxxxxxxxxxxxxxxxxxxxxxxxxxxxxxxxxxxxxx'),(121,19,'xxxxxxxxxxxxxxxxxxxxxxxxxxxxxxxxxxxxxxxxxxxxxxxxxxxxxxxxxxxxxxxxxxxxxxxxxxxxxxxxxxxxxxxxxxxxxxxxxxxxxxxxxxxxxxxxxxxxxxxxxxxxxxxxxxxxxxxxxxxxxxxxxxxxxxxxxxxxxxxxxxxxxxxxxxxxxxxxxxxxxxxxxxxxxxxxxxxxxxxx'),(122,20,'xxxxxxxxxxxxxxxxxxxxxxxxxxxxxxxxxxxxxxxxxxxxxxxxxxxxxxxxxxxxxxxxxxxxxxxxxxxxxxxxxxxxxxxxxxxxxxxxxxxxxxxxxxxxxxxxxxxxxxxxxxxxxxxxxxxxxxxxxxxxxxxxxxxxxxxxxxxxxxxxxxxxxxxxxxxxxxxxxxxxxxxxxxxxxxxxxxxxxxxx'),(123,21,'xxxxxxxxxxxxxxxxxxxxxxxxxxxxxxxxxxxxxxxxxxxxxxxxxxxxxxxxxxxxxxxxxxxxxxxxxxxxxxxxxxxxxxxxxxxxxxxxxxxxxxxxxxxxxxxxxxxxxxxxxxxxxxxxxxxxxxxxxxxxxxxxxxxxxxxxxxxxxxxxxxxxxxxxxxxxxxxxxxxxxxxxxxxxxxxxxxxxxxxx'),(124,22,'xxxxxxxxxxxxxxxxxxxxxxxxxxxxxxxxxxxxxxxxxxxxxxxxxxxxxxxxxxxxxxxxxxxxxxxxxxxxxxxxxxxxxxxxxxxxxxxxxxxxxxxxxxxxxxxxxxxxxxxxxxxxxxxxxxxxxxxxxxxxxxxxxxxxxxxxxxxxxxxxxxxxxxxxxxxxxxxxxxxxxxxxxxxxxxxxxxxxxxxx'),(125,23,'xxxxxxxxxxxxxxxxxxxxxxxxxxxxxxxxxxxxxxxxxxxxxxxxxxxxxxxxxxxxxxxxxxxxxxxxxxxxxxxxxxxxxxxxxxxxxxxxxxxxxxxxxxxxxxxxxxxxxxxxxxxxxxxxxxxxxxxxxxxxxxxxxxxxxxxxxxxxxxxxxxxxxxxxxxxxxxxxxxxxxxxxxxxxxxxxxxxxxxxx'),(126,24,'xxxxxxxxxxxxxxxxxxxxxxxxxxxxxxxxxxxxxxxxxxxxxxxxxxxxxxxxxxxxxxxxxxxxxxxxxxxxxxxxxxxxxxxxxxxxxxxxxxxxxxxxxxxxxxxxxxxxxxxxxxxxxxxxxxxxxxxxxxxxxxxxxxxxxxxxxxxxxxxxxxxxxxxxxxxxxxxxxxxxxxxxxxxxxxxxxxxxxxxx'),(127,25,'xxxxxxxxxxxxxxxxxxxxxxxxxxxxxxxxxxxxxxxxxxxxxxxxxxxxxxxxxxxxxxxxxxxxxxxxxxxxxxxxxxxxxxxxxxxxxxxxxxxxxxxxxxxxxxxxxxxxxxxxxxxxxxxxxxxxxxxxxxxxxxxxxxxxxxxxxxxxxxxxxxxxxxxxxxxxxxxxxxxxxxxxxxxxxxxxxxxxxxxx'),(128,26,'xxxxxxxxxxxxxxxxxxxxxxxxxxxxxxxxxxxxxxxxxxxxxxxxxxxxxxxxxxxxxxxxxxxxxxxxxxxxxxxxxxxxxxxxxxxxxxxxxxxxxxxxxxxxxxxxxxxxxxxxxxxxxxxxxxxxxxxxxxxxxxxxxxxxxxxxxxxxxxxxxxxxxxxxxxxxxxxxxxxxxxxxxxxxxxxxxxxxxxxx'),(129,27,'xxxxxxxxxxxxxxxxxxxxxxxxxxxxxxxxxxxxxxxxxxxxxxxxxxxxxxxxxxxxxxxxxxxxxxxxxxxxxxxxxxxxxxxxxxxxxxxxxxxxxxxxxxxxxxxxxxxxxxxxxxxxxxxxxxxxxxxxxxxxxxxxxxxxxxxxxxxxxxxxxxxxxxxxxxxxxxxxxxxxxxxxxxxxxxxxxxxxxxxx'),(130,28,'xxxxxxxxxxxxxxxxxxxxxxxxxxxxxxxxxxxxxxxxxxxxxxxxxxxxxxxxxxxxxxxxxxxxxxxxxxxxxxxxxxxxxxxxxxxxxxxxxxxxxxxxxxxxxxxxxxxxxxxxxxxxxxxxxxxxxxxxxxxxxxxxxxxxxxxxxxxxxxxxxxxxxxxxxxxxxxxxxxxxxxxxxxxxxxxxxxxxxxxx'),(131,29,'xxxxxxxxxxxxxxxxxxxxxxxxxxxxxxxxxxxxxxxxxxxxxxxxxxxxxxxxxxxxxxxxxxxxxxxxxxxxxxxxxxxxxxxxxxxxxxxxxxxxxxxxxxxxxxxxxxxxxxxxxxxxxxxxxxxxxxxxxxxxxxxxxxxxxxxxxxxxxxxxxxxxxxxxxxxxxxxxxxxxxxxxxxxxxxxxxxxxxxxx'),(132,30,'xxxxxxxxxxxxxxxxxxxxxxxxxxxxxxxxxxxxxxxxxxxxxxxxxxxxxxxxxxxxxxxxxxxxxxxxxxxxxxxxxxxxxxxxxxxxxxxxxxxxxxxxxxxxxxxxxxxxxxxxxxxxxxxxxxxxxxxxxxxxxxxxxxxxxxxxxxxxxxxxxxxxxxxxxxxxxxxxxxxxxxxxxxxxxxxxxxxxxxxx'),(133,31,'xxxxxxxxxxxxxxxxxxxxxxxxxxxxxxxxxxxxxxxxxxxxxxxxxxxxxxxxxxxxxxxxxxxxxxxxxxxxxxxxxxxxxxxxxxxxxxxxxxxxxxxxxxxxxxxxxxxxxxxxxxxxxxxxxxxxxxxxxxxxxxxxxxxxxxxxxxxxxxxxxxxxxxxxxxxxxxxxxxxxxxxxxxxxxxxxxxxxxxxx'),(134,32,'xxxxxxxxxxxxxxxxxxxxxxxxxxxxxxxxxxxxxxxxxxxxxxxxxxxxxxxxxxxxxxxxxxxxxxxxxxxxxxxxxxxxxxxxxxxxxxxxxxxxxxxxxxxxxxxxxxxxxxxxxxxxxxxxxxxxxxxxxxxxxxxxxxxxxxxxxxxxxxxxxxxxxxxxxxxxxxxxxxxxxxxxxxxxxxxxxxxxxxxx'),(135,33,'xxxxxxxxxxxxxxxxxxxxxxxxxxxxxxxxxxxxxxxxxxxxxxxxxxxxxxxxxxxxxxxxxxxxxxxxxxxxxxxxxxxxxxxxxxxxxxxxxxxxxxxxxxxxxxxxxxxxxxxxxxxxxxxxxxxxxxxxxxxxxxxxxxxxxxxxxxxxxxxxxxxxxxxxxxxxxxxxxxxxxxxxxxxxxxxxxxxxxxxx'),(136,34,'xxxxxxxxxxxxxxxxxxxxxxxxxxxxxxxxxxxxxxxxxxxxxxxxxxxxxxxxxxxxxxxxxxxxxxxxxxxxxxxxxxxxxxxxxxxxxxxxxxxxxxxxxxxxxxxxxxxxxxxxxxxxxxxxxxxxxxxxxxxxxxxxxxxxxxxxxxxxxxxxxxxxxxxxxxxxxxxxxxxxxxxxxxxxxxxxxxxxxxxx'),(137,35,'xxxxxxxxxxxxxxxxxxxxxxxxxxxxxxxxxxxxxxxxxxxxxxxxxxxxxxxxxxxxxxxxxxxxxxxxxxxxxxxxxxxxxxxxxxxxxxxxxxxxxxxxxxxxxxxxxxxxxxxxxxxxxxxxxxxxxxxxxxxxxxxxxxxxxxxxxxxxxxxxxxxxxxxxxxxxxxxxxxxxxxxxxxxxxxxxxxxxxxxx'),(138,36,'xxxxxxxxxxxxxxxxxxxxxxxxxxxxxxxxxxxxxxxxxxxxxxxxxxxxxxxxxxxxxxxxxxxxxxxxxxxxxxxxxxxxxxxxxxxxxxxxxxxxxxxxxxxxxxxxxxxxxxxxxxxxxxxxxxxxxxxxxxxxxxxxxxxxxxxxxxxxxxxxxxxxxxxxxxxxxxxxxxxxxxxxxxxxxxxxxxxxxxxx'),(139,37,'xxxxxxxxxxxxxxxxxxxxxxxxxxxxxxxxxxxxxxxxxxxxxxxxxxxxxxxxxxxxxxxxxxxxxxxxxxxxxxxxxxxxxxxxxxxxxxxxxxxxxxxxxxxxxxxxxxxxxxxxxxxxxxxxxxxxxxxxxxxxxxxxxxxxxxxxxxxxxxxxxxxxxxxxxxxxxxxxxxxxxxxxxxxxxxxxxxxxxxxx'),(140,38,'xxxxxxxxxxxxxxxxxxxxxxxxxxxxxxxxxxxxxxxxxxxxxxxxxxxxxxxxxxxxxxxxxxxxxxxxxxxxxxxxxxxxxxxxxxxxxxxxxxxxxxxxxxxxxxxxxxxxxxxxxxxxxxxxxxxxxxxxxxxxxxxxxxxxxxxxxxxxxxxxxxxxxxxxxxxxxxxxxxxxxxxxxxxxxxxxxxxxxxxx'),(141,39,'xxxxxxxxxxxxxxxxxxxxxxxxxxxxxxxxxxxxxxxxxxxxxxxxxxxxxxxxxxxxxxxxxxxxxxxxxxxxxxxxxxxxxxxxxxxxxxxxxxxxxxxxxxxxxxxxxxxxxxxxxxxxxxxxxxxxxxxxxxxxxxxxxxxxxxxxxxxxxxxxxxxxxxxxxxxxxxxxxxxxxxxxxxxxxxxxxxxxxxxx'),(142,40,'xxxxxxxxxxxxxxxxxxxxxxxxxxxxxxxxxxxxxxxxxxxxxxxxxxxxxxxxxxxxxxxxxxxxxxxxxxxxxxxxxxxxxxxxxxxxxxxxxxxxxxxxxxxxxxxxxxxxxxxxxxxxxxxxxxxxxxxxxxxxxxxxxxxxxxxxxxxxxxxxxxxxxxxxxxxxxxxxxxxxxxxxxxxxxxxxxxxxxxxx'),(143,41,'xxxxxxxxxxxxxxxxxxxxxxxxxxxxxxxxxxxxxxxxxxxxxxxxxxxxxxxxxxxxxxxxxxxxxxxxxxxxxxxxxxxxxxxxxxxxxxxxxxxxxxxxxxxxxxxxxxxxxxxxxxxxxxxxxxxxxxxxxxxxxxxxxxxxxxxxxxxxxxxxxxxxxxxxxxxxxxxxxxxxxxxxxxxxxxxxxxxxxxxx'),(144,42,'xxxxxxxxxxxxxxxxxxxxxxxxxxxxxxxxxxxxxxxxxxxxxxxxxxxxxxxxxxxxxxxxxxxxxxxxxxxxxxxxxxxxxxxxxxxxxxxxxxxxxxxxxxxxxxxxxxxxxxxxxxxxxxxxxxxxxxxxxxxxxxxxxxxxxxxxxxxxxxxxxxxxxxxxxxxxxxxxxxxxxxxxxxxxxxxxxxxxxxxx'),(145,43,'xxxxxxxxxxxxxxxxxxxxxxxxxxxxxxxxxxxxxxxxxxxxxxxxxxxxxxxxxxxxxxxxxxxxxxxxxxxxxxxxxxxxxxxxxxxxxxxxxxxxxxxxxxxxxxxxxxxxxxxxxxxxxxxxxxxxxxxxxxxxxxxxxxxxxxxxxxxxxxxxxxxxxxxxxxxxxxxxxxxxxxxxxxxxxxxxxxxxxxxx'),(146,44,'xxxxxxxxxxxxxxxxxxxxxxxxxxxxxxxxxxxxxxxxxxxxxxxxxxxxxxxxxxxxxxxxxxxxxxxxxxxxxxxxxxxxxxxxxxxxxxxxxxxxxxxxxxxxxxxxxxxxxxxxxxxxxxxxxxxxxxxxxxxxxxxxxxxxxxxxxxxxxxxxxxxxxxxxxxxxxxxxxxxxxxxxxxxxxxxxxxxxxxxx'),(147,45,'xxxxxxxxxxxxxxxxxxxxxxxxxxxxxxxxxxxxxxxxxxxxxxxxxxxxxxxxxxxxxxxxxxxxxxxxxxxxxxxxxxxxxxxxxxxxxxxxxxxxxxxxxxxxxxxxxxxxxxxxxxxxxxxxxxxxxxxxxxxxxxxxxxxxxxxxxxxxxxxxxxxxxxxxxxxxxxxxxxxxxxxxxxxxxxxxxxxxxxxx'),(148,46,'xxxxxxxxxxxxxxxxxxxxxxxxxxxxxxxxxxxxxxxxxxxxxxxxxxxxxxxxxxxxxxxxxxxxxxxxxxxxxxxxxxxxxxxxxxxxxxxxxxxxxxxxxxxxxxxxxxxxxxxxxxxxxxxxxxxxxxxxxxxxxxxxxxxxxxxxxxxxxxxxxxxxxxxxxxxxxxxxxxxxxxxxxxxxxxxxxxxxxxxx'),(149,47,'xxxxxxxxxxxxxxxxxxxxxxxxxxxxxxxxxxxxxxxxxxxxxxxxxxxxxxxxxxxxxxxxxxxxxxxxxxxxxxxxxxxxxxxxxxxxxxxxxxxxxxxxxxxxxxxxxxxxxxxxxxxxxxxxxxxxxxxxxxxxxxxxxxxxxxxxxxxxxxxxxxxxxxxxxxxxxxxxxxxxxxxxxxxxxxxxxxxxxxxx'),(150,48,'xxxxxxxxxxxxxxxxxxxxxxxxxxxxxxxxxxxxxxxxxxxxxxxxxxxxxxxxxxxxxxxxxxxxxxxxxxxxxxxxxxxxxxxxxxxxxxxxxxxxxxxxxxxxxxxxxxxxxxxxxxxxxxxxxxxxxxxxxxxxxxxxxxxxxxxxxxxxxxxxxxxxxxxxxxxxxxxxxxxxxxxxxxxxxxxxxxxxxxxx'),(151,49,'xxxxxxxxxxxxxxxxxxxxxxxxxxxxxxxxxxxxxxxxxxxxxxxxxxxxxxxxxxxxxxxxxxxxxxxxxxxxxxxxxxxxxxxxxxxxxxxxxxxxxxxxxxxxxxxxxxxxxxxxxxxxxxxxxxxxxxxxxxxxxxxxxxxxxxxxxxxxxxxxxxxxxxxxxxxxxxxxxxxxxxxxxxxxxxxxxxxxxxxx'),(152,50,'xxxxxxxxxxxxxxxxxxxxxxxxxxxxxxxxxxxxxxxxxxxxxxxxxxxxxxxxxxxxxxxxxxxxxxxxxxxxxxxxxxxxxxxxxxxxxxxxxxxxxxxxxxxxxxxxxxxxxxxxxxxxxxxxxxxxxxxxxxxxxxxxxxxxxxxxxxxxxxxxxxxxxxxxxxxxxxxxxxxxxxxxxxxxxxxxxxxxxxxx'),(153,51,'xxxxxxxxxxxxxxxxxxxxxxxxxxxxxxxxxxxxxxxxxxxxxxxxxxxxxxxxxxxxxxxxxxxxxxxxxxxxxxxxxxxxxxxxxxxxxxxxxxxxxxxxxxxxxxxxxxxxxxxxxxxxxxxxxxxxxxxxxxxxxxxxxxxxxxxxxxxxxxxxxxxxxxxxxxxxxxxxxxxxxxxxxxxxxxxxxxxxxxxx'),(154,52,'xxxxxxxxxxxxxxxxxxxxxxxxxxxxxxxxxxxxxxxxxxxxxxxxxxxxxxxxxxxxxxxxxxxxxxxxxxxxxxxxxxxxxxxxxxxxxxxxxxxxxxxxxxxxxxxxxxxxxxxxxxxxxxxxxxxxxxxxxxxxxxxxxxxxxxxxxxxxxxxxxxxxxxxxxxxxxxxxxxxxxxxxxxxxxxxxxxxxxxxx'),(155,53,'xxxxxxxxxxxxxxxxxxxxxxxxxxxxxxxxxxxxxxxxxxxxxxxxxxxxxxxxxxxxxxxxxxxxxxxxxxxxxxxxxxxxxxxxxxxxxxxxxxxxxxxxxxxxxxxxxxxxxxxxxxxxxxxxxxxxxxxxxxxxxxxxxxxxxxxxxxxxxxxxxxxxxxxxxxxxxxxxxxxxxxxxxxxxxxxxxxxxxxxx'),(156,54,'xxxxxxxxxxxxxxxxxxxxxxxxxxxxxxxxxxxxxxxxxxxxxxxxxxxxxxxxxxxxxxxxxxxxxxxxxxxxxxxxxxxxxxxxxxxxxxxxxxxxxxxxxxxxxxxxxxxxxxxxxxxxxxxxxxxxxxxxxxxxxxxxxxxxxxxxxxxxxxxxxxxxxxxxxxxxxxxxxxxxxxxxxxxxxxxxxxxxxxxx'),(157,55,'xxxxxxxxxxxxxxxxxxxxxxxxxxxxxxxxxxxxxxxxxxxxxxxxxxxxxxxxxxxxxxxxxxxxxxxxxxxxxxxxxxxxxxxxxxxxxxxxxxxxxxxxxxxxxxxxxxxxxxxxxxxxxxxxxxxxxxxxxxxxxxxxxxxxxxxxxxxxxxxxxxxxxxxxxxxxxxxxxxxxxxxxxxxxxxxxxxxxxxxx'),(158,56,'xxxxxxxxxxxxxxxxxxxxxxxxxxxxxxxxxxxxxxxxxxxxxxxxxxxxxxxxxxxxxxxxxxxxxxxxxxxxxxxxxxxxxxxxxxxxxxxxxxxxxxxxxxxxxxxxxxxxxxxxxxxxxxxxxxxxxxxxxxxxxxxxxxxxxxxxxxxxxxxxxxxxxxxxxxxxxxxxxxxxxxxxxxxxxxxxxxxxxxxx'),(159,57,'xxxxxxxxxxxxxxxxxxxxxxxxxxxxxxxxxxxxxxxxxxxxxxxxxxxxxxxxxxxxxxxxxxxxxxxxxxxxxxxxxxxxxxxxxxxxxxxxxxxxxxxxxxxxxxxxxxxxxxxxxxxxxxxxxxxxxxxxxxxxxxxxxxxxxxxxxxxxxxxxxxxxxxxxxxxxxxxxxxxxxxxxxxxxxxxxxxxxxxxx'),(160,58,'xxxxxxxxxxxxxxxxxxxxxxxxxxxxxxxxxxxxxxxxxxxxxxxxxxxxxxxxxxxxxxxxxxxxxxxxxxxxxxxxxxxxxxxxxxxxxxxxxxxxxxxxxxxxxxxxxxxxxxxxxxxxxxxxxxxxxxxxxxxxxxxxxxxxxxxxxxxxxxxxxxxxxxxxxxxxxxxxxxxxxxxxxxxxxxxxxxxxxxxx'),(161,59,'xxxxxxxxxxxxxxxxxxxxxxxxxxxxxxxxxxxxxxxxxxxxxxxxxxxxxxxxxxxxxxxxxxxxxxxxxxxxxxxxxxxxxxxxxxxxxxxxxxxxxxxxxxxxxxxxxxxxxxxxxxxxxxxxxxxxxxxxxxxxxxxxxxxxxxxxxxxxxxxxxxxxxxxxxxxxxxxxxxxxxxxxxxxxxxxxxxxxxxxx'),(162,60,'xxxxxxxxxxxxxxxxxxxxxxxxxxxxxxxxxxxxxxxxxxxxxxxxxxxxxxxxxxxxxxxxxxxxxxxxxxxxxxxxxxxxxxxxxxxxxxxxxxxxxxxxxxxxxxxxxxxxxxxxxxxxxxxxxxxxxxxxxxxxxxxxxxxxxxxxxxxxxxxxxxxxxxxxxxxxxxxxxxxxxxxxxxxxxxxxxxxxxxxx'),(163,61,'xxxxxxxxxxxxxxxxxxxxxxxxxxxxxxxxxxxxxxxxxxxxxxxxxxxxxxxxxxxxxxxxxxxxxxxxxxxxxxxxxxxxxxxxxxxxxxxxxxxxxxxxxxxxxxxxxxxxxxxxxxxxxxxxxxxxxxxxxxxxxxxxxxxxxxxxxxxxxxxxxxxxxxxxxxxxxxxxxxxxxxxxxxxxxxxxxxxxxxxx'),(164,62,'xxxxxxxxxxxxxxxxxxxxxxxxxxxxxxxxxxxxxxxxxxxxxxxxxxxxxxxxxxxxxxxxxxxxxxxxxxxxxxxxxxxxxxxxxxxxxxxxxxxxxxxxxxxxxxxxxxxxxxxxxxxxxxxxxxxxxxxxxxxxxxxxxxxxxxxxxxxxxxxxxxxxxxxxxxxxxxxxxxxxxxxxxxxxxxxxxxxxxxxx'),(165,63,'xxxxxxxxxxxxxxxxxxxxxxxxxxxxxxxxxxxxxxxxxxxxxxxxxxxxxxxxxxxxxxxxxxxxxxxxxxxxxxxxxxxxxxxxxxxxxxxxxxxxxxxxxxxxxxxxxxxxxxxxxxxxxxxxxxxxxxxxxxxxxxxxxxxxxxxxxxxxxxxxxxxxxxxxxxxxxxxxxxxxxxxxxxxxxxxxxxxxxxxx'),(166,64,'xxxxxxxxxxxxxxxxxxxxxxxxxxxxxxxxxxxxxxxxxxxxxxxxxxxxxxxxxxxxxxxxxxxxxxxxxxxxxxxxxxxxxxxxxxxxxxxxxxxxxxxxxxxxxxxxxxxxxxxxxxxxxxxxxxxxxxxxxxxxxxxxxxxxxxxxxxxxxxxxxxxxxxxxxxxxxxxxxxxxxxxxxxxxxxxxxxxxxxxx'),(167,65,'xxxxxxxxxxxxxxxxxxxxxxxxxxxxxxxxxxxxxxxxxxxxxxxxxxxxxxxxxxxxxxxxxxxxxxxxxxxxxxxxxxxxxxxxxxxxxxxxxxxxxxxxxxxxxxxxxxxxxxxxxxxxxxxxxxxxxxxxxxxxxxxxxxxxxxxxxxxxxxxxxxxxxxxxxxxxxxxxxxxxxxxxxxxxxxxxxxxxxxxx'),(168,66,'xxxxxxxxxxxxxxxxxxxxxxxxxxxxxxxxxxxxxxxxxxxxxxxxxxxxxxxxxxxxxxxxxxxxxxxxxxxxxxxxxxxxxxxxxxxxxxxxxxxxxxxxxxxxxxxxxxxxxxxxxxxxxxxxxxxxxxxxxxxxxxxxxxxxxxxxxxxxxxxxxxxxxxxxxxxxxxxxxxxxxxxxxxxxxxxxxxxxxxxx'),(169,67,'xxxxxxxxxxxxxxxxxxxxxxxxxxxxxxxxxxxxxxxxxxxxxxxxxxxxxxxxxxxxxxxxxxxxxxxxxxxxxxxxxxxxxxxxxxxxxxxxxxxxxxxxxxxxxxxxxxxxxxxxxxxxxxxxxxxxxxxxxxxxxxxxxxxxxxxxxxxxxxxxxxxxxxxxxxxxxxxxxxxxxxxxxxxxxxxxxxxxxxxx'),(170,68,'xxxxxxxxxxxxxxxxxxxxxxxxxxxxxxxxxxxxxxxxxxxxxxxxxxxxxxxxxxxxxxxxxxxxxxxxxxxxxxxxxxxxxxxxxxxxxxxxxxxxxxxxxxxxxxxxxxxxxxxxxxxxxxxxxxxxxxxxxxxxxxxxxxxxxxxxxxxxxxxxxxxxxxxxxxxxxxxxxxxxxxxxxxxxxxxxxxxxxxxx'),(171,69,'xxxxxxxxxxxxxxxxxxxxxxxxxxxxxxxxxxxxxxxxxxxxxxxxxxxxxxxxxxxxxxxxxxxxxxxxxxxxxxxxxxxxxxxxxxxxxxxxxxxxxxxxxxxxxxxxxxxxxxxxxxxxxxxxxxxxxxxxxxxxxxxxxxxxxxxxxxxxxxxxxxxxxxxxxxxxxxxxxxxxxxxxxxxxxxxxxxxxxxxx'),(172,70,'xxxxxxxxxxxxxxxxxxxxxxxxxxxxxxxxxxxxxxxxxxxxxxxxxxxxxxxxxxxxxxxxxxxxxxxxxxxxxxxxxxxxxxxxxxxxxxxxxxxxxxxxxxxxxxxxxxxxxxxxxxxxxxxxxxxxxxxxxxxxxxxxxxxxxxxxxxxxxxxxxxxxxxxxxxxxxxxxxxxxxxxxxxxxxxxxxxxxxxxx'),(173,71,'xxxxxxxxxxxxxxxxxxxxxxxxxxxxxxxxxxxxxxxxxxxxxxxxxxxxxxxxxxxxxxxxxxxxxxxxxxxxxxxxxxxxxxxxxxxxxxxxxxxxxxxxxxxxxxxxxxxxxxxxxxxxxxxxxxxxxxxxxxxxxxxxxxxxxxxxxxxxxxxxxxxxxxxxxxxxxxxxxxxxxxxxxxxxxxxxxxxxxxxx'),(174,72,'xxxxxxxxxxxxxxxxxxxxxxxxxxxxxxxxxxxxxxxxxxxxxxxxxxxxxxxxxxxxxxxxxxxxxxxxxxxxxxxxxxxxxxxxxxxxxxxxxxxxxxxxxxxxxxxxxxxxxxxxxxxxxxxxxxxxxxxxxxxxxxxxxxxxxxxxxxxxxxxxxxxxxxxxxxxxxxxxxxxxxxxxxxxxxxxxxxxxxxxx'),(175,73,'xxxxxxxxxxxxxxxxxxxxxxxxxxxxxxxxxxxxxxxxxxxxxxxxxxxxxxxxxxxxxxxxxxxxxxxxxxxxxxxxxxxxxxxxxxxxxxxxxxxxxxxxxxxxxxxxxxxxxxxxxxxxxxxxxxxxxxxxxxxxxxxxxxxxxxxxxxxxxxxxxxxxxxxxxxxxxxxxxxxxxxxxxxxxxxxxxxxxxxxx'),(176,74,'xxxxxxxxxxxxxxxxxxxxxxxxxxxxxxxxxxxxxxxxxxxxxxxxxxxxxxxxxxxxxxxxxxxxxxxxxxxxxxxxxxxxxxxxxxxxxxxxxxxxxxxxxxxxxxxxxxxxxxxxxxxxxxxxxxxxxxxxxxxxxxxxxxxxxxxxxxxxxxxxxxxxxxxxxxxxxxxxxxxxxxxxxxxxxxxxxxxxxxxx'),(177,75,'xxxxxxxxxxxxxxxxxxxxxxxxxxxxxxxxxxxxxxxxxxxxxxxxxxxxxxxxxxxxxxxxxxxxxxxxxxxxxxxxxxxxxxxxxxxxxxxxxxxxxxxxxxxxxxxxxxxxxxxxxxxxxxxxxxxxxxxxxxxxxxxxxxxxxxxxxxxxxxxxxxxxxxxxxxxxxxxxxxxxxxxxxxxxxxxxxxxxxxxx'),(178,76,'xxxxxxxxxxxxxxxxxxxxxxxxxxxxxxxxxxxxxxxxxxxxxxxxxxxxxxxxxxxxxxxxxxxxxxxxxxxxxxxxxxxxxxxxxxxxxxxxxxxxxxxxxxxxxxxxxxxxxxxxxxxxxxxxxxxxxxxxxxxxxxxxxxxxxxxxxxxxxxxxxxxxxxxxxxxxxxxxxxxxxxxxxxxxxxxxxxxxxxxx'),(179,77,'xxxxxxxxxxxxxxxxxxxxxxxxxxxxxxxxxxxxxxxxxxxxxxxxxxxxxxxxxxxxxxxxxxxxxxxxxxxxxxxxxxxxxxxxxxxxxxxxxxxxxxxxxxxxxxxxxxxxxxxxxxxxxxxxxxxxxxxxxxxxxxxxxxxxxxxxxxxxxxxxxxxxxxxxxxxxxxxxxxxxxxxxxxxxxxxxxxxxxxxx'),(180,78,'xxxxxxxxxxxxxxxxxxxxxxxxxxxxxxxxxxxxxxxxxxxxxxxxxxxxxxxxxxxxxxxxxxxxxxxxxxxxxxxxxxxxxxxxxxxxxxxxxxxxxxxxxxxxxxxxxxxxxxxxxxxxxxxxxxxxxxxxxxxxxxxxxxxxxxxxxxxxxxxxxxxxxxxxxxxxxxxxxxxxxxxxxxxxxxxxxxxxxxxx'),(181,79,'xxxxxxxxxxxxxxxxxxxxxxxxxxxxxxxxxxxxxxxxxxxxxxxxxxxxxxxxxxxxxxxxxxxxxxxxxxxxxxxxxxxxxxxxxxxxxxxxxxxxxxxxxxxxxxxxxxxxxxxxxxxxxxxxxxxxxxxxxxxxxxxxxxxxxxxxxxxxxxxxxxxxxxxxxxxxxxxxxxxxxxxxxxxxxxxxxxxxxxxx'),(182,80,'xxxxxxxxxxxxxxxxxxxxxxxxxxxxxxxxxxxxxxxxxxxxxxxxxxxxxxxxxxxxxxxxxxxxxxxxxxxxxxxxxxxxxxxxxxxxxxxxxxxxxxxxxxxxxxxxxxxxxxxxxxxxxxxxxxxxxxxxxxxxxxxxxxxxxxxxxxxxxxxxxxxxxxxxxxxxxxxxxxxxxxxxxxxxxxxxxxxxxxxx'),(183,81,'xxxxxxxxxxxxxxxxxxxxxxxxxxxxxxxxxxxxxxxxxxxxxxxxxxxxxxxxxxxxxxxxxxxxxxxxxxxxxxxxxxxxxxxxxxxxxxxxxxxxxxxxxxxxxxxxxxxxxxxxxxxxxxxxxxxxxxxxxxxxxxxxxxxxxxxxxxxxxxxxxxxxxxxxxxxxxxxxxxxxxxxxxxxxxxxxxxxxxxxx'),(184,82,'xxxxxxxxxxxxxxxxxxxxxxxxxxxxxxxxxxxxxxxxxxxxxxxxxxxxxxxxxxxxxxxxxxxxxxxxxxxxxxxxxxxxxxxxxxxxxxxxxxxxxxxxxxxxxxxxxxxxxxxxxxxxxxxxxxxxxxxxxxxxxxxxxxxxxxxxxxxxxxxxxxxxxxxxxxxxxxxxxxxxxxxxxxxxxxxxxxxxxxxx'),(185,83,'xxxxxxxxxxxxxxxxxxxxxxxxxxxxxxxxxxxxxxxxxxxxxxxxxxxxxxxxxxxxxxxxxxxxxxxxxxxxxxxxxxxxxxxxxxxxxxxxxxxxxxxxxxxxxxxxxxxxxxxxxxxxxxxxxxxxxxxxxxxxxxxxxxxxxxxxxxxxxxxxxxxxxxxxxxxxxxxxxxxxxxxxxxxxxxxxxxxxxxxx'),(186,84,'xxxxxxxxxxxxxxxxxxxxxxxxxxxxxxxxxxxxxxxxxxxxxxxxxxxxxxxxxxxxxxxxxxxxxxxxxxxxxxxxxxxxxxxxxxxxxxxxxxxxxxxxxxxxxxxxxxxxxxxxxxxxxxxxxxxxxxxxxxxxxxxxxxxxxxxxxxxxxxxxxxxxxxxxxxxxxxxxxxxxxxxxxxxxxxxxxxxxxxxx'),(187,85,'xxxxxxxxxxxxxxxxxxxxxxxxxxxxxxxxxxxxxxxxxxxxxxxxxxxxxxxxxxxxxxxxxxxxxxxxxxxxxxxxxxxxxxxxxxxxxxxxxxxxxxxxxxxxxxxxxxxxxxxxxxxxxxxxxxxxxxxxxxxxxxxxxxxxxxxxxxxxxxxxxxxxxxxxxxxxxxxxxxxxxxxxxxxxxxxxxxxxxxxx'),(188,86,'xxxxxxxxxxxxxxxxxxxxxxxxxxxxxxxxxxxxxxxxxxxxxxxxxxxxxxxxxxxxxxxxxxxxxxxxxxxxxxxxxxxxxxxxxxxxxxxxxxxxxxxxxxxxxxxxxxxxxxxxxxxxxxxxxxxxxxxxxxxxxxxxxxxxxxxxxxxxxxxxxxxxxxxxxxxxxxxxxxxxxxxxxxxxxxxxxxxxxxxx'),(189,87,'xxxxxxxxxxxxxxxxxxxxxxxxxxxxxxxxxxxxxxxxxxxxxxxxxxxxxxxxxxxxxxxxxxxxxxxxxxxxxxxxxxxxxxxxxxxxxxxxxxxxxxxxxxxxxxxxxxxxxxxxxxxxxxxxxxxxxxxxxxxxxxxxxxxxxxxxxxxxxxxxxxxxxxxxxxxxxxxxxxxxxxxxxxxxxxxxxxxxxxxx'),(190,88,'xxxxxxxxxxxxxxxxxxxxxxxxxxxxxxxxxxxxxxxxxxxxxxxxxxxxxxxxxxxxxxxxxxxxxxxxxxxxxxxxxxxxxxxxxxxxxxxxxxxxxxxxxxxxxxxxxxxxxxxxxxxxxxxxxxxxxxxxxxxxxxxxxxxxxxxxxxxxxxxxxxxxxxxxxxxxxxxxxxxxxxxxxxxxxxxxxxxxxxxx'),(191,89,'xxxxxxxxxxxxxxxxxxxxxxxxxxxxxxxxxxxxxxxxxxxxxxxxxxxxxxxxxxxxxxxxxxxxxxxxxxxxxxxxxxxxxxxxxxxxxxxxxxxxxxxxxxxxxxxxxxxxxxxxxxxxxxxxxxxxxxxxxxxxxxxxxxxxxxxxxxxxxxxxxxxxxxxxxxxxxxxxxxxxxxxxxxxxxxxxxxxxxxxx'),(192,90,'xxxxxxxxxxxxxxxxxxxxxxxxxxxxxxxxxxxxxxxxxxxxxxxxxxxxxxxxxxxxxxxxxxxxxxxxxxxxxxxxxxxxxxxxxxxxxxxxxxxxxxxxxxxxxxxxxxxxxxxxxxxxxxxxxxxxxxxxxxxxxxxxxxxxxxxxxxxxxxxxxxxxxxxxxxxxxxxxxxxxxxxxxxxxxxxxxxxxxxxx'),(193,91,'xxxxxxxxxxxxxxxxxxxxxxxxxxxxxxxxxxxxxxxxxxxxxxxxxxxxxxxxxxxxxxxxxxxxxxxxxxxxxxxxxxxxxxxxxxxxxxxxxxxxxxxxxxxxxxxxxxxxxxxxxxxxxxxxxxxxxxxxxxxxxxxxxxxxxxxxxxxxxxxxxxxxxxxxxxxxxxxxxxxxxxxxxxxxxxxxxxxxxxxx'),(194,92,'xxxxxxxxxxxxxxxxxxxxxxxxxxxxxxxxxxxxxxxxxxxxxxxxxxxxxxxxxxxxxxxxxxxxxxxxxxxxxxxxxxxxxxxxxxxxxxxxxxxxxxxxxxxxxxxxxxxxxxxxxxxxxxxxxxxxxxxxxxxxxxxxxxxxxxxxxxxxxxxxxxxxxxxxxxxxxxxxxxxxxxxxxxxxxxxxxxxxxxxx'),(195,93,'xxxxxxxxxxxxxxxxxxxxxxxxxxxxxxxxxxxxxxxxxxxxxxxxxxxxxxxxxxxxxxxxxxxxxxxxxxxxxxxxxxxxxxxxxxxxxxxxxxxxxxxxxxxxxxxxxxxxxxxxxxxxxxxxxxxxxxxxxxxxxxxxxxxxxxxxxxxxxxxxxxxxxxxxxxxxxxxxxxxxxxxxxxxxxxxxxxxxxxxx'),(196,94,'xxxxxxxxxxxxxxxxxxxxxxxxxxxxxxxxxxxxxxxxxxxxxxxxxxxxxxxxxxxxxxxxxxxxxxxxxxxxxxxxxxxxxxxxxxxxxxxxxxxxxxxxxxxxxxxxxxxxxxxxxxxxxxxxxxxxxxxxxxxxxxxxxxxxxxxxxxxxxxxxxxxxxxxxxxxxxxxxxxxxxxxxxxxxxxxxxxxxxxxx'),(197,95,'xxxxxxxxxxxxxxxxxxxxxxxxxxxxxxxxxxxxxxxxxxxxxxxxxxxxxxxxxxxxxxxxxxxxxxxxxxxxxxxxxxxxxxxxxxxxxxxxxxxxxxxxxxxxxxxxxxxxxxxxxxxxxxxxxxxxxxxxxxxxxxxxxxxxxxxxxxxxxxxxxxxxxxxxxxxxxxxxxxxxxxxxxxxxxxxxxxxxxxxx'),(198,96,'xxxxxxxxxxxxxxxxxxxxxxxxxxxxxxxxxxxxxxxxxxxxxxxxxxxxxxxxxxxxxxxxxxxxxxxxxxxxxxxxxxxxxxxxxxxxxxxxxxxxxxxxxxxxxxxxxxxxxxxxxxxxxxxxxxxxxxxxxxxxxxxxxxxxxxxxxxxxxxxxxxxxxxxxxxxxxxxxxxxxxxxxxxxxxxxxxxxxxxxx'),(199,97,'xxxxxxxxxxxxxxxxxxxxxxxxxxxxxxxxxxxxxxxxxxxxxxxxxxxxxxxxxxxxxxxxxxxxxxxxxxxxxxxxxxxxxxxxxxxxxxxxxxxxxxxxxxxxxxxxxxxxxxxxxxxxxxxxxxxxxxxxxxxxxxxxxxxxxxxxxxxxxxxxxxxxxxxxxxxxxxxxxxxxxxxxxxxxxxxxxxxxxxxx'),(200,98,'xxxxxxxxxxxxxxxxxxxxxxxxxxxxxxxxxxxxxxxxxxxxxxxxxxxxxxxxxxxxxxxxxxxxxxxxxxxxxxxxxxxxxxxxxxxxxxxxxxxxxxxxxxxxxxxxxxxxxxxxxxxxxxxxxxxxxxxxxxxxxxxxxxxxxxxxxxxxxxxxxxxxxxxxxxxxxxxxxxxxxxxxxxxxxxxxxxxxxxxx'),(201,-1,'xxxxxxxxxxxxxxxxxxxxxxxxxxxxxxxxxxxxxxxxxxxxxxxxxxxxxxxxxxxxxxxxxxxxxxxxxxxxxxxxxxxxxxxxxxxxxxxxxxxxxxxxxxxxxxxxxxxxxxxxxxxxxxxxxxxxxxxxxxxxxxxxxxxxxxxxxxxxxxxxxxxxxxxxxxxxxxxxxxxxxxxxxxxxxxxxxxxxxxxx'),(202,0,'xxxxxxxxxxxxxxxxxxxxxxxxxxxxxxxxxxxxxxxxxxxxxxxxxxxxxxxxxxxxxxxxxxxxxxxxxxxxxxxxxxxxxxxxxxxxxxxxxxxxxxxxxxxxxxxxxxxxxxxxxxxxxxxxxxxxxxxxxxxxxxxxxxxxxxxxxxxxxxxxxxxxxxxxxxxxxxxxxxxxxxxxxxxxxxxxxxxxxxxx'),(203,1,'xxxxxxxxxxxxxxxxxxxxxxxxxxxxxxxxxxxxxxxxxxxxxxxxxxxxxxxxxxxxxxxxxxxxxxxxxxxxxxxxxxxxxxxxxxxxxxxxxxxxxxxxxxxxxxxxxxxxxxxxxxxxxxxxxxxxxxxxxxxxxxxxxxxxxxxxxxxxxxxxxxxxxxxxxxxxxxxxxxxxxxxxxxxxxxxxxxxxxxxx'),(204,2,'xxxxxxxxxxxxxxxxxxxxxxxxxxxxxxxxxxxxxxxxxxxxxxxxxxxxxxxxxxxxxxxxxxxxxxxxxxxxxxxxxxxxxxxxxxxxxxxxxxxxxxxxxxxxxxxxxxxxxxxxxxxxxxxxxxxxxxxxxxxxxxxxxxxxxxxxxxxxxxxxxxxxxxxxxxxxxxxxxxxxxxxxxxxxxxxxxxxxxxxx'),(205,3,'xxxxxxxxxxxxxxxxxxxxxxxxxxxxxxxxxxxxxxxxxxxxxxxxxxxxxxxxxxxxxxxxxxxxxxxxxxxxxxxxxxxxxxxxxxxxxxxxxxxxxxxxxxxxxxxxxxxxxxxxxxxxxxxxxxxxxxxxxxxxxxxxxxxxxxxxxxxxxxxxxxxxxxxxxxxxxxxxxxxxxxxxxxxxxxxxxxxxxxxx'),(206,4,'xxxxxxxxxxxxxxxxxxxxxxxxxxxxxxxxxxxxxxxxxxxxxxxxxxxxxxxxxxxxxxxxxxxxxxxxxxxxxxxxxxxxxxxxxxxxxxxxxxxxxxxxxxxxxxxxxxxxxxxxxxxxxxxxxxxxxxxxxxxxxxxxxxxxxxxxxxxxxxxxxxxxxxxxxxxxxxxxxxxxxxxxxxxxxxxxxxxxxxxx'),(207,5,'xxxxxxxxxxxxxxxxxxxxxxxxxxxxxxxxxxxxxxxxxxxxxxxxxxxxxxxxxxxxxxxxxxxxxxxxxxxxxxxxxxxxxxxxxxxxxxxxxxxxxxxxxxxxxxxxxxxxxxxxxxxxxxxxxxxxxxxxxxxxxxxxxxxxxxxxxxxxxxxxxxxxxxxxxxxxxxxxxxxxxxxxxxxxxxxxxxxxxxxx'),(208,6,'xxxxxxxxxxxxxxxxxxxxxxxxxxxxxxxxxxxxxxxxxxxxxxxxxxxxxxxxxxxxxxxxxxxxxxxxxxxxxxxxxxxxxxxxxxxxxxxxxxxxxxxxxxxxxxxxxxxxxxxxxxxxxxxxxxxxxxxxxxxxxxxxxxxxxxxxxxxxxxxxxxxxxxxxxxxxxxxxxxxxxxxxxxxxxxxxxxxxxxxx'),(209,7,'xxxxxxxxxxxxxxxxxxxxxxxxxxxxxxxxxxxxxxxxxxxxxxxxxxxxxxxxxxxxxxxxxxxxxxxxxxxxxxxxxxxxxxxxxxxxxxxxxxxxxxxxxxxxxxxxxxxxxxxxxxxxxxxxxxxxxxxxxxxxxxxxxxxxxxxxxxxxxxxxxxxxxxxxxxxxxxxxxxxxxxxxxxxxxxxxxxxxxxxx'),(210,8,'xxxxxxxxxxxxxxxxxxxxxxxxxxxxxxxxxxxxxxxxxxxxxxxxxxxxxxxxxxxxxxxxxxxxxxxxxxxxxxxxxxxxxxxxxxxxxxxxxxxxxxxxxxxxxxxxxxxxxxxxxxxxxxxxxxxxxxxxxxxxxxxxxxxxxxxxxxxxxxxxxxxxxxxxxxxxxxxxxxxxxxxxxxxxxxxxxxxxxxxx'),(211,9,'xxxxxxxxxxxxxxxxxxxxxxxxxxxxxxxxxxxxxxxxxxxxxxxxxxxxxxxxxxxxxxxxxxxxxxxxxxxxxxxxxxxxxxxxxxxxxxxxxxxxxxxxxxxxxxxxxxxxxxxxxxxxxxxxxxxxxxxxxxxxxxxxxxxxxxxxxxxxxxxxxxxxxxxxxxxxxxxxxxxxxxxxxxxxxxxxxxxxxxxx'),(212,10,'xxxxxxxxxxxxxxxxxxxxxxxxxxxxxxxxxxxxxxxxxxxxxxxxxxxxxxxxxxxxxxxxxxxxxxxxxxxxxxxxxxxxxxxxxxxxxxxxxxxxxxxxxxxxxxxxxxxxxxxxxxxxxxxxxxxxxxxxxxxxxxxxxxxxxxxxxxxxxxxxxxxxxxxxxxxxxxxxxxxxxxxxxxxxxxxxxxxxxxxx'),(213,11,'xxxxxxxxxxxxxxxxxxxxxxxxxxxxxxxxxxxxxxxxxxxxxxxxxxxxxxxxxxxxxxxxxxxxxxxxxxxxxxxxxxxxxxxxxxxxxxxxxxxxxxxxxxxxxxxxxxxxxxxxxxxxxxxxxxxxxxxxxxxxxxxxxxxxxxxxxxxxxxxxxxxxxxxxxxxxxxxxxxxxxxxxxxxxxxxxxxxxxxxx'),(214,12,'xxxxxxxxxxxxxxxxxxxxxxxxxxxxxxxxxxxxxxxxxxxxxxxxxxxxxxxxxxxxxxxxxxxxxxxxxxxxxxxxxxxxxxxxxxxxxxxxxxxxxxxxxxxxxxxxxxxxxxxxxxxxxxxxxxxxxxxxxxxxxxxxxxxxxxxxxxxxxxxxxxxxxxxxxxxxxxxxxxxxxxxxxxxxxxxxxxxxxxxx'),(215,13,'xxxxxxxxxxxxxxxxxxxxxxxxxxxxxxxxxxxxxxxxxxxxxxxxxxxxxxxxxxxxxxxxxxxxxxxxxxxxxxxxxxxxxxxxxxxxxxxxxxxxxxxxxxxxxxxxxxxxxxxxxxxxxxxxxxxxxxxxxxxxxxxxxxxxxxxxxxxxxxxxxxxxxxxxxxxxxxxxxxxxxxxxxxxxxxxxxxxxxxxx'),(216,14,'xxxxxxxxxxxxxxxxxxxxxxxxxxxxxxxxxxxxxxxxxxxxxxxxxxxxxxxxxxxxxxxxxxxxxxxxxxxxxxxxxxxxxxxxxxxxxxxxxxxxxxxxxxxxxxxxxxxxxxxxxxxxxxxxxxxxxxxxxxxxxxxxxxxxxxxxxxxxxxxxxxxxxxxxxxxxxxxxxxxxxxxxxxxxxxxxxxxxxxxx'),(217,15,'xxxxxxxxxxxxxxxxxxxxxxxxxxxxxxxxxxxxxxxxxxxxxxxxxxxxxxxxxxxxxxxxxxxxxxxxxxxxxxxxxxxxxxxxxxxxxxxxxxxxxxxxxxxxxxxxxxxxxxxxxxxxxxxxxxxxxxxxxxxxxxxxxxxxxxxxxxxxxxxxxxxxxxxxxxxxxxxxxxxxxxxxxxxxxxxxxxxxxxxx'),(218,16,'xxxxxxxxxxxxxxxxxxxxxxxxxxxxxxxxxxxxxxxxxxxxxxxxxxxxxxxxxxxxxxxxxxxxxxxxxxxxxxxxxxxxxxxxxxxxxxxxxxxxxxxxxxxxxxxxxxxxxxxxxxxxxxxxxxxxxxxxxxxxxxxxxxxxxxxxxxxxxxxxxxxxxxxxxxxxxxxxxxxxxxxxxxxxxxxxxxxxxxxx'),(219,17,'xxxxxxxxxxxxxxxxxxxxxxxxxxxxxxxxxxxxxxxxxxxxxxxxxxxxxxxxxxxxxxxxxxxxxxxxxxxxxxxxxxxxxxxxxxxxxxxxxxxxxxxxxxxxxxxxxxxxxxxxxxxxxxxxxxxxxxxxxxxxxxxxxxxxxxxxxxxxxxxxxxxxxxxxxxxxxxxxxxxxxxxxxxxxxxxxxxxxxxxx'),(220,18,'xxxxxxxxxxxxxxxxxxxxxxxxxxxxxxxxxxxxxxxxxxxxxxxxxxxxxxxxxxxxxxxxxxxxxxxxxxxxxxxxxxxxxxxxxxxxxxxxxxxxxxxxxxxxxxxxxxxxxxxxxxxxxxxxxxxxxxxxxxxxxxxxxxxxxxxxxxxxxxxxxxxxxxxxxxxxxxxxxxxxxxxxxxxxxxxxxxxxxxxx'),(221,19,'xxxxxxxxxxxxxxxxxxxxxxxxxxxxxxxxxxxxxxxxxxxxxxxxxxxxxxxxxxxxxxxxxxxxxxxxxxxxxxxxxxxxxxxxxxxxxxxxxxxxxxxxxxxxxxxxxxxxxxxxxxxxxxxxxxxxxxxxxxxxxxxxxxxxxxxxxxxxxxxxxxxxxxxxxxxxxxxxxxxxxxxxxxxxxxxxxxxxxxxx'),(222,20,'xxxxxxxxxxxxxxxxxxxxxxxxxxxxxxxxxxxxxxxxxxxxxxxxxxxxxxxxxxxxxxxxxxxxxxxxxxxxxxxxxxxxxxxxxxxxxxxxxxxxxxxxxxxxxxxxxxxxxxxxxxxxxxxxxxxxxxxxxxxxxxxxxxxxxxxxxxxxxxxxxxxxxxxxxxxxxxxxxxxxxxxxxxxxxxxxxxxxxxxx'),(223,21,'xxxxxxxxxxxxxxxxxxxxxxxxxxxxxxxxxxxxxxxxxxxxxxxxxxxxxxxxxxxxxxxxxxxxxxxxxxxxxxxxxxxxxxxxxxxxxxxxxxxxxxxxxxxxxxxxxxxxxxxxxxxxxxxxxxxxxxxxxxxxxxxxxxxxxxxxxxxxxxxxxxxxxxxxxxxxxxxxxxxxxxxxxxxxxxxxxxxxxxxx'),(224,22,'xxxxxxxxxxxxxxxxxxxxxxxxxxxxxxxxxxxxxxxxxxxxxxxxxxxxxxxxxxxxxxxxxxxxxxxxxxxxxxxxxxxxxxxxxxxxxxxxxxxxxxxxxxxxxxxxxxxxxxxxxxxxxxxxxxxxxxxxxxxxxxxxxxxxxxxxxxxxxxxxxxxxxxxxxxxxxxxxxxxxxxxxxxxxxxxxxxxxxxxx'),(225,23,'xxxxxxxxxxxxxxxxxxxxxxxxxxxxxxxxxxxxxxxxxxxxxxxxxxxxxxxxxxxxxxxxxxxxxxxxxxxxxxxxxxxxxxxxxxxxxxxxxxxxxxxxxxxxxxxxxxxxxxxxxxxxxxxxxxxxxxxxxxxxxxxxxxxxxxxxxxxxxxxxxxxxxxxxxxxxxxxxxxxxxxxxxxxxxxxxxxxxxxxx'),(226,24,'xxxxxxxxxxxxxxxxxxxxxxxxxxxxxxxxxxxxxxxxxxxxxxxxxxxxxxxxxxxxxxxxxxxxxxxxxxxxxxxxxxxxxxxxxxxxxxxxxxxxxxxxxxxxxxxxxxxxxxxxxxxxxxxxxxxxxxxxxxxxxxxxxxxxxxxxxxxxxxxxxxxxxxxxxxxxxxxxxxxxxxxxxxxxxxxxxxxxxxxx'),(227,25,'xxxxxxxxxxxxxxxxxxxxxxxxxxxxxxxxxxxxxxxxxxxxxxxxxxxxxxxxxxxxxxxxxxxxxxxxxxxxxxxxxxxxxxxxxxxxxxxxxxxxxxxxxxxxxxxxxxxxxxxxxxxxxxxxxxxxxxxxxxxxxxxxxxxxxxxxxxxxxxxxxxxxxxxxxxxxxxxxxxxxxxxxxxxxxxxxxxxxxxxx'),(228,26,'xxxxxxxxxxxxxxxxxxxxxxxxxxxxxxxxxxxxxxxxxxxxxxxxxxxxxxxxxxxxxxxxxxxxxxxxxxxxxxxxxxxxxxxxxxxxxxxxxxxxxxxxxxxxxxxxxxxxxxxxxxxxxxxxxxxxxxxxxxxxxxxxxxxxxxxxxxxxxxxxxxxxxxxxxxxxxxxxxxxxxxxxxxxxxxxxxxxxxxxx'),(229,27,'xxxxxxxxxxxxxxxxxxxxxxxxxxxxxxxxxxxxxxxxxxxxxxxxxxxxxxxxxxxxxxxxxxxxxxxxxxxxxxxxxxxxxxxxxxxxxxxxxxxxxxxxxxxxxxxxxxxxxxxxxxxxxxxxxxxxxxxxxxxxxxxxxxxxxxxxxxxxxxxxxxxxxxxxxxxxxxxxxxxxxxxxxxxxxxxxxxxxxxxx'),(230,28,'xxxxxxxxxxxxxxxxxxxxxxxxxxxxxxxxxxxxxxxxxxxxxxxxxxxxxxxxxxxxxxxxxxxxxxxxxxxxxxxxxxxxxxxxxxxxxxxxxxxxxxxxxxxxxxxxxxxxxxxxxxxxxxxxxxxxxxxxxxxxxxxxxxxxxxxxxxxxxxxxxxxxxxxxxxxxxxxxxxxxxxxxxxxxxxxxxxxxxxxx'),(231,29,'xxxxxxxxxxxxxxxxxxxxxxxxxxxxxxxxxxxxxxxxxxxxxxxxxxxxxxxxxxxxxxxxxxxxxxxxxxxxxxxxxxxxxxxxxxxxxxxxxxxxxxxxxxxxxxxxxxxxxxxxxxxxxxxxxxxxxxxxxxxxxxxxxxxxxxxxxxxxxxxxxxxxxxxxxxxxxxxxxxxxxxxxxxxxxxxxxxxxxxxx'),(232,30,'xxxxxxxxxxxxxxxxxxxxxxxxxxxxxxxxxxxxxxxxxxxxxxxxxxxxxxxxxxxxxxxxxxxxxxxxxxxxxxxxxxxxxxxxxxxxxxxxxxxxxxxxxxxxxxxxxxxxxxxxxxxxxxxxxxxxxxxxxxxxxxxxxxxxxxxxxxxxxxxxxxxxxxxxxxxxxxxxxxxxxxxxxxxxxxxxxxxxxxxx'),(233,31,'xxxxxxxxxxxxxxxxxxxxxxxxxxxxxxxxxxxxxxxxxxxxxxxxxxxxxxxxxxxxxxxxxxxxxxxxxxxxxxxxxxxxxxxxxxxxxxxxxxxxxxxxxxxxxxxxxxxxxxxxxxxxxxxxxxxxxxxxxxxxxxxxxxxxxxxxxxxxxxxxxxxxxxxxxxxxxxxxxxxxxxxxxxxxxxxxxxxxxxxx'),(234,32,'xxxxxxxxxxxxxxxxxxxxxxxxxxxxxxxxxxxxxxxxxxxxxxxxxxxxxxxxxxxxxxxxxxxxxxxxxxxxxxxxxxxxxxxxxxxxxxxxxxxxxxxxxxxxxxxxxxxxxxxxxxxxxxxxxxxxxxxxxxxxxxxxxxxxxxxxxxxxxxxxxxxxxxxxxxxxxxxxxxxxxxxxxxxxxxxxxxxxxxxx'),(235,33,'xxxxxxxxxxxxxxxxxxxxxxxxxxxxxxxxxxxxxxxxxxxxxxxxxxxxxxxxxxxxxxxxxxxxxxxxxxxxxxxxxxxxxxxxxxxxxxxxxxxxxxxxxxxxxxxxxxxxxxxxxxxxxxxxxxxxxxxxxxxxxxxxxxxxxxxxxxxxxxxxxxxxxxxxxxxxxxxxxxxxxxxxxxxxxxxxxxxxxxxx'),(236,34,'xxxxxxxxxxxxxxxxxxxxxxxxxxxxxxxxxxxxxxxxxxxxxxxxxxxxxxxxxxxxxxxxxxxxxxxxxxxxxxxxxxxxxxxxxxxxxxxxxxxxxxxxxxxxxxxxxxxxxxxxxxxxxxxxxxxxxxxxxxxxxxxxxxxxxxxxxxxxxxxxxxxxxxxxxxxxxxxxxxxxxxxxxxxxxxxxxxxxxxxx'),(237,35,'xxxxxxxxxxxxxxxxxxxxxxxxxxxxxxxxxxxxxxxxxxxxxxxxxxxxxxxxxxxxxxxxxxxxxxxxxxxxxxxxxxxxxxxxxxxxxxxxxxxxxxxxxxxxxxxxxxxxxxxxxxxxxxxxxxxxxxxxxxxxxxxxxxxxxxxxxxxxxxxxxxxxxxxxxxxxxxxxxxxxxxxxxxxxxxxxxxxxxxxx'),(238,36,'xxxxxxxxxxxxxxxxxxxxxxxxxxxxxxxxxxxxxxxxxxxxxxxxxxxxxxxxxxxxxxxxxxxxxxxxxxxxxxxxxxxxxxxxxxxxxxxxxxxxxxxxxxxxxxxxxxxxxxxxxxxxxxxxxxxxxxxxxxxxxxxxxxxxxxxxxxxxxxxxxxxxxxxxxxxxxxxxxxxxxxxxxxxxxxxxxxxxxxxx'),(239,37,'xxxxxxxxxxxxxxxxxxxxxxxxxxxxxxxxxxxxxxxxxxxxxxxxxxxxxxxxxxxxxxxxxxxxxxxxxxxxxxxxxxxxxxxxxxxxxxxxxxxxxxxxxxxxxxxxxxxxxxxxxxxxxxxxxxxxxxxxxxxxxxxxxxxxxxxxxxxxxxxxxxxxxxxxxxxxxxxxxxxxxxxxxxxxxxxxxxxxxxxx'),(240,38,'xxxxxxxxxxxxxxxxxxxxxxxxxxxxxxxxxxxxxxxxxxxxxxxxxxxxxxxxxxxxxxxxxxxxxxxxxxxxxxxxxxxxxxxxxxxxxxxxxxxxxxxxxxxxxxxxxxxxxxxxxxxxxxxxxxxxxxxxxxxxxxxxxxxxxxxxxxxxxxxxxxxxxxxxxxxxxxxxxxxxxxxxxxxxxxxxxxxxxxxx'),(241,39,'xxxxxxxxxxxxxxxxxxxxxxxxxxxxxxxxxxxxxxxxxxxxxxxxxxxxxxxxxxxxxxxxxxxxxxxxxxxxxxxxxxxxxxxxxxxxxxxxxxxxxxxxxxxxxxxxxxxxxxxxxxxxxxxxxxxxxxxxxxxxxxxxxxxxxxxxxxxxxxxxxxxxxxxxxxxxxxxxxxxxxxxxxxxxxxxxxxxxxxxx'),(242,40,'xxxxxxxxxxxxxxxxxxxxxxxxxxxxxxxxxxxxxxxxxxxxxxxxxxxxxxxxxxxxxxxxxxxxxxxxxxxxxxxxxxxxxxxxxxxxxxxxxxxxxxxxxxxxxxxxxxxxxxxxxxxxxxxxxxxxxxxxxxxxxxxxxxxxxxxxxxxxxxxxxxxxxxxxxxxxxxxxxxxxxxxxxxxxxxxxxxxxxxxx'),(243,41,'xxxxxxxxxxxxxxxxxxxxxxxxxxxxxxxxxxxxxxxxxxxxxxxxxxxxxxxxxxxxxxxxxxxxxxxxxxxxxxxxxxxxxxxxxxxxxxxxxxxxxxxxxxxxxxxxxxxxxxxxxxxxxxxxxxxxxxxxxxxxxxxxxxxxxxxxxxxxxxxxxxxxxxxxxxxxxxxxxxxxxxxxxxxxxxxxxxxxxxxx'),(244,42,'xxxxxxxxxxxxxxxxxxxxxxxxxxxxxxxxxxxxxxxxxxxxxxxxxxxxxxxxxxxxxxxxxxxxxxxxxxxxxxxxxxxxxxxxxxxxxxxxxxxxxxxxxxxxxxxxxxxxxxxxxxxxxxxxxxxxxxxxxxxxxxxxxxxxxxxxxxxxxxxxxxxxxxxxxxxxxxxxxxxxxxxxxxxxxxxxxxxxxxxx'),(245,43,'xxxxxxxxxxxxxxxxxxxxxxxxxxxxxxxxxxxxxxxxxxxxxxxxxxxxxxxxxxxxxxxxxxxxxxxxxxxxxxxxxxxxxxxxxxxxxxxxxxxxxxxxxxxxxxxxxxxxxxxxxxxxxxxxxxxxxxxxxxxxxxxxxxxxxxxxxxxxxxxxxxxxxxxxxxxxxxxxxxxxxxxxxxxxxxxxxxxxxxxx'),(246,44,'xxxxxxxxxxxxxxxxxxxxxxxxxxxxxxxxxxxxxxxxxxxxxxxxxxxxxxxxxxxxxxxxxxxxxxxxxxxxxxxxxxxxxxxxxxxxxxxxxxxxxxxxxxxxxxxxxxxxxxxxxxxxxxxxxxxxxxxxxxxxxxxxxxxxxxxxxxxxxxxxxxxxxxxxxxxxxxxxxxxxxxxxxxxxxxxxxxxxxxxx'),(247,45,'xxxxxxxxxxxxxxxxxxxxxxxxxxxxxxxxxxxxxxxxxxxxxxxxxxxxxxxxxxxxxxxxxxxxxxxxxxxxxxxxxxxxxxxxxxxxxxxxxxxxxxxxxxxxxxxxxxxxxxxxxxxxxxxxxxxxxxxxxxxxxxxxxxxxxxxxxxxxxxxxxxxxxxxxxxxxxxxxxxxxxxxxxxxxxxxxxxxxxxxx'),(248,46,'xxxxxxxxxxxxxxxxxxxxxxxxxxxxxxxxxxxxxxxxxxxxxxxxxxxxxxxxxxxxxxxxxxxxxxxxxxxxxxxxxxxxxxxxxxxxxxxxxxxxxxxxxxxxxxxxxxxxxxxxxxxxxxxxxxxxxxxxxxxxxxxxxxxxxxxxxxxxxxxxxxxxxxxxxxxxxxxxxxxxxxxxxxxxxxxxxxxxxxxx'),(249,47,'xxxxxxxxxxxxxxxxxxxxxxxxxxxxxxxxxxxxxxxxxxxxxxxxxxxxxxxxxxxxxxxxxxxxxxxxxxxxxxxxxxxxxxxxxxxxxxxxxxxxxxxxxxxxxxxxxxxxxxxxxxxxxxxxxxxxxxxxxxxxxxxxxxxxxxxxxxxxxxxxxxxxxxxxxxxxxxxxxxxxxxxxxxxxxxxxxxxxxxxx'),(250,48,'xxxxxxxxxxxxxxxxxxxxxxxxxxxxxxxxxxxxxxxxxxxxxxxxxxxxxxxxxxxxxxxxxxxxxxxxxxxxxxxxxxxxxxxxxxxxxxxxxxxxxxxxxxxxxxxxxxxxxxxxxxxxxxxxxxxxxxxxxxxxxxxxxxxxxxxxxxxxxxxxxxxxxxxxxxxxxxxxxxxxxxxxxxxxxxxxxxxxxxxx'),(251,49,'xxxxxxxxxxxxxxxxxxxxxxxxxxxxxxxxxxxxxxxxxxxxxxxxxxxxxxxxxxxxxxxxxxxxxxxxxxxxxxxxxxxxxxxxxxxxxxxxxxxxxxxxxxxxxxxxxxxxxxxxxxxxxxxxxxxxxxxxxxxxxxxxxxxxxxxxxxxxxxxxxxxxxxxxxxxxxxxxxxxxxxxxxxxxxxxxxxxxxxxx'),(252,50,'xxxxxxxxxxxxxxxxxxxxxxxxxxxxxxxxxxxxxxxxxxxxxxxxxxxxxxxxxxxxxxxxxxxxxxxxxxxxxxxxxxxxxxxxxxxxxxxxxxxxxxxxxxxxxxxxxxxxxxxxxxxxxxxxxxxxxxxxxxxxxxxxxxxxxxxxxxxxxxxxxxxxxxxxxxxxxxxxxxxxxxxxxxxxxxxxxxxxxxxx'),(253,51,'xxxxxxxxxxxxxxxxxxxxxxxxxxxxxxxxxxxxxxxxxxxxxxxxxxxxxxxxxxxxxxxxxxxxxxxxxxxxxxxxxxxxxxxxxxxxxxxxxxxxxxxxxxxxxxxxxxxxxxxxxxxxxxxxxxxxxxxxxxxxxxxxxxxxxxxxxxxxxxxxxxxxxxxxxxxxxxxxxxxxxxxxxxxxxxxxxxxxxxxx'),(254,52,'xxxxxxxxxxxxxxxxxxxxxxxxxxxxxxxxxxxxxxxxxxxxxxxxxxxxxxxxxxxxxxxxxxxxxxxxxxxxxxxxxxxxxxxxxxxxxxxxxxxxxxxxxxxxxxxxxxxxxxxxxxxxxxxxxxxxxxxxxxxxxxxxxxxxxxxxxxxxxxxxxxxxxxxxxxxxxxxxxxxxxxxxxxxxxxxxxxxxxxxx'),(255,53,'xxxxxxxxxxxxxxxxxxxxxxxxxxxxxxxxxxxxxxxxxxxxxxxxxxxxxxxxxxxxxxxxxxxxxxxxxxxxxxxxxxxxxxxxxxxxxxxxxxxxxxxxxxxxxxxxxxxxxxxxxxxxxxxxxxxxxxxxxxxxxxxxxxxxxxxxxxxxxxxxxxxxxxxxxxxxxxxxxxxxxxxxxxxxxxxxxxxxxxxx'),(256,54,'xxxxxxxxxxxxxxxxxxxxxxxxxxxxxxxxxxxxxxxxxxxxxxxxxxxxxxxxxxxxxxxxxxxxxxxxxxxxxxxxxxxxxxxxxxxxxxxxxxxxxxxxxxxxxxxxxxxxxxxxxxxxxxxxxxxxxxxxxxxxxxxxxxxxxxxxxxxxxxxxxxxxxxxxxxxxxxxxxxxxxxxxxxxxxxxxxxxxxxxx'),(257,55,'xxxxxxxxxxxxxxxxxxxxxxxxxxxxxxxxxxxxxxxxxxxxxxxxxxxxxxxxxxxxxxxxxxxxxxxxxxxxxxxxxxxxxxxxxxxxxxxxxxxxxxxxxxxxxxxxxxxxxxxxxxxxxxxxxxxxxxxxxxxxxxxxxxxxxxxxxxxxxxxxxxxxxxxxxxxxxxxxxxxxxxxxxxxxxxxxxxxxxxxx'),(258,56,'xxxxxxxxxxxxxxxxxxxxxxxxxxxxxxxxxxxxxxxxxxxxxxxxxxxxxxxxxxxxxxxxxxxxxxxxxxxxxxxxxxxxxxxxxxxxxxxxxxxxxxxxxxxxxxxxxxxxxxxxxxxxxxxxxxxxxxxxxxxxxxxxxxxxxxxxxxxxxxxxxxxxxxxxxxxxxxxxxxxxxxxxxxxxxxxxxxxxxxxx'),(259,57,'xxxxxxxxxxxxxxxxxxxxxxxxxxxxxxxxxxxxxxxxxxxxxxxxxxxxxxxxxxxxxxxxxxxxxxxxxxxxxxxxxxxxxxxxxxxxxxxxxxxxxxxxxxxxxxxxxxxxxxxxxxxxxxxxxxxxxxxxxxxxxxxxxxxxxxxxxxxxxxxxxxxxxxxxxxxxxxxxxxxxxxxxxxxxxxxxxxxxxxxx'),(260,58,'xxxxxxxxxxxxxxxxxxxxxxxxxxxxxxxxxxxxxxxxxxxxxxxxxxxxxxxxxxxxxxxxxxxxxxxxxxxxxxxxxxxxxxxxxxxxxxxxxxxxxxxxxxxxxxxxxxxxxxxxxxxxxxxxxxxxxxxxxxxxxxxxxxxxxxxxxxxxxxxxxxxxxxxxxxxxxxxxxxxxxxxxxxxxxxxxxxxxxxxx'),(261,59,'xxxxxxxxxxxxxxxxxxxxxxxxxxxxxxxxxxxxxxxxxxxxxxxxxxxxxxxxxxxxxxxxxxxxxxxxxxxxxxxxxxxxxxxxxxxxxxxxxxxxxxxxxxxxxxxxxxxxxxxxxxxxxxxxxxxxxxxxxxxxxxxxxxxxxxxxxxxxxxxxxxxxxxxxxxxxxxxxxxxxxxxxxxxxxxxxxxxxxxxx'),(262,60,'xxxxxxxxxxxxxxxxxxxxxxxxxxxxxxxxxxxxxxxxxxxxxxxxxxxxxxxxxxxxxxxxxxxxxxxxxxxxxxxxxxxxxxxxxxxxxxxxxxxxxxxxxxxxxxxxxxxxxxxxxxxxxxxxxxxxxxxxxxxxxxxxxxxxxxxxxxxxxxxxxxxxxxxxxxxxxxxxxxxxxxxxxxxxxxxxxxxxxxxx'),(263,61,'xxxxxxxxxxxxxxxxxxxxxxxxxxxxxxxxxxxxxxxxxxxxxxxxxxxxxxxxxxxxxxxxxxxxxxxxxxxxxxxxxxxxxxxxxxxxxxxxxxxxxxxxxxxxxxxxxxxxxxxxxxxxxxxxxxxxxxxxxxxxxxxxxxxxxxxxxxxxxxxxxxxxxxxxxxxxxxxxxxxxxxxxxxxxxxxxxxxxxxxx'),(264,62,'xxxxxxxxxxxxxxxxxxxxxxxxxxxxxxxxxxxxxxxxxxxxxxxxxxxxxxxxxxxxxxxxxxxxxxxxxxxxxxxxxxxxxxxxxxxxxxxxxxxxxxxxxxxxxxxxxxxxxxxxxxxxxxxxxxxxxxxxxxxxxxxxxxxxxxxxxxxxxxxxxxxxxxxxxxxxxxxxxxxxxxxxxxxxxxxxxxxxxxxx'),(265,63,'xxxxxxxxxxxxxxxxxxxxxxxxxxxxxxxxxxxxxxxxxxxxxxxxxxxxxxxxxxxxxxxxxxxxxxxxxxxxxxxxxxxxxxxxxxxxxxxxxxxxxxxxxxxxxxxxxxxxxxxxxxxxxxxxxxxxxxxxxxxxxxxxxxxxxxxxxxxxxxxxxxxxxxxxxxxxxxxxxxxxxxxxxxxxxxxxxxxxxxxx'),(266,64,'xxxxxxxxxxxxxxxxxxxxxxxxxxxxxxxxxxxxxxxxxxxxxxxxxxxxxxxxxxxxxxxxxxxxxxxxxxxxxxxxxxxxxxxxxxxxxxxxxxxxxxxxxxxxxxxxxxxxxxxxxxxxxxxxxxxxxxxxxxxxxxxxxxxxxxxxxxxxxxxxxxxxxxxxxxxxxxxxxxxxxxxxxxxxxxxxxxxxxxxx'),(267,65,'xxxxxxxxxxxxxxxxxxxxxxxxxxxxxxxxxxxxxxxxxxxxxxxxxxxxxxxxxxxxxxxxxxxxxxxxxxxxxxxxxxxxxxxxxxxxxxxxxxxxxxxxxxxxxxxxxxxxxxxxxxxxxxxxxxxxxxxxxxxxxxxxxxxxxxxxxxxxxxxxxxxxxxxxxxxxxxxxxxxxxxxxxxxxxxxxxxxxxxxx'),(268,66,'xxxxxxxxxxxxxxxxxxxxxxxxxxxxxxxxxxxxxxxxxxxxxxxxxxxxxxxxxxxxxxxxxxxxxxxxxxxxxxxxxxxxxxxxxxxxxxxxxxxxxxxxxxxxxxxxxxxxxxxxxxxxxxxxxxxxxxxxxxxxxxxxxxxxxxxxxxxxxxxxxxxxxxxxxxxxxxxxxxxxxxxxxxxxxxxxxxxxxxxx'),(269,67,'xxxxxxxxxxxxxxxxxxxxxxxxxxxxxxxxxxxxxxxxxxxxxxxxxxxxxxxxxxxxxxxxxxxxxxxxxxxxxxxxxxxxxxxxxxxxxxxxxxxxxxxxxxxxxxxxxxxxxxxxxxxxxxxxxxxxxxxxxxxxxxxxxxxxxxxxxxxxxxxxxxxxxxxxxxxxxxxxxxxxxxxxxxxxxxxxxxxxxxxx'),(270,68,'xxxxxxxxxxxxxxxxxxxxxxxxxxxxxxxxxxxxxxxxxxxxxxxxxxxxxxxxxxxxxxxxxxxxxxxxxxxxxxxxxxxxxxxxxxxxxxxxxxxxxxxxxxxxxxxxxxxxxxxxxxxxxxxxxxxxxxxxxxxxxxxxxxxxxxxxxxxxxxxxxxxxxxxxxxxxxxxxxxxxxxxxxxxxxxxxxxxxxxxx'),(271,69,'xxxxxxxxxxxxxxxxxxxxxxxxxxxxxxxxxxxxxxxxxxxxxxxxxxxxxxxxxxxxxxxxxxxxxxxxxxxxxxxxxxxxxxxxxxxxxxxxxxxxxxxxxxxxxxxxxxxxxxxxxxxxxxxxxxxxxxxxxxxxxxxxxxxxxxxxxxxxxxxxxxxxxxxxxxxxxxxxxxxxxxxxxxxxxxxxxxxxxxxx'),(272,70,'xxxxxxxxxxxxxxxxxxxxxxxxxxxxxxxxxxxxxxxxxxxxxxxxxxxxxxxxxxxxxxxxxxxxxxxxxxxxxxxxxxxxxxxxxxxxxxxxxxxxxxxxxxxxxxxxxxxxxxxxxxxxxxxxxxxxxxxxxxxxxxxxxxxxxxxxxxxxxxxxxxxxxxxxxxxxxxxxxxxxxxxxxxxxxxxxxxxxxxxx'),(273,71,'xxxxxxxxxxxxxxxxxxxxxxxxxxxxxxxxxxxxxxxxxxxxxxxxxxxxxxxxxxxxxxxxxxxxxxxxxxxxxxxxxxxxxxxxxxxxxxxxxxxxxxxxxxxxxxxxxxxxxxxxxxxxxxxxxxxxxxxxxxxxxxxxxxxxxxxxxxxxxxxxxxxxxxxxxxxxxxxxxxxxxxxxxxxxxxxxxxxxxxxx'),(274,72,'xxxxxxxxxxxxxxxxxxxxxxxxxxxxxxxxxxxxxxxxxxxxxxxxxxxxxxxxxxxxxxxxxxxxxxxxxxxxxxxxxxxxxxxxxxxxxxxxxxxxxxxxxxxxxxxxxxxxxxxxxxxxxxxxxxxxxxxxxxxxxxxxxxxxxxxxxxxxxxxxxxxxxxxxxxxxxxxxxxxxxxxxxxxxxxxxxxxxxxxx'),(275,73,'xxxxxxxxxxxxxxxxxxxxxxxxxxxxxxxxxxxxxxxxxxxxxxxxxxxxxxxxxxxxxxxxxxxxxxxxxxxxxxxxxxxxxxxxxxxxxxxxxxxxxxxxxxxxxxxxxxxxxxxxxxxxxxxxxxxxxxxxxxxxxxxxxxxxxxxxxxxxxxxxxxxxxxxxxxxxxxxxxxxxxxxxxxxxxxxxxxxxxxxx'),(276,74,'xxxxxxxxxxxxxxxxxxxxxxxxxxxxxxxxxxxxxxxxxxxxxxxxxxxxxxxxxxxxxxxxxxxxxxxxxxxxxxxxxxxxxxxxxxxxxxxxxxxxxxxxxxxxxxxxxxxxxxxxxxxxxxxxxxxxxxxxxxxxxxxxxxxxxxxxxxxxxxxxxxxxxxxxxxxxxxxxxxxxxxxxxxxxxxxxxxxxxxxx'),(277,75,'xxxxxxxxxxxxxxxxxxxxxxxxxxxxxxxxxxxxxxxxxxxxxxxxxxxxxxxxxxxxxxxxxxxxxxxxxxxxxxxxxxxxxxxxxxxxxxxxxxxxxxxxxxxxxxxxxxxxxxxxxxxxxxxxxxxxxxxxxxxxxxxxxxxxxxxxxxxxxxxxxxxxxxxxxxxxxxxxxxxxxxxxxxxxxxxxxxxxxxxx'),(278,76,'xxxxxxxxxxxxxxxxxxxxxxxxxxxxxxxxxxxxxxxxxxxxxxxxxxxxxxxxxxxxxxxxxxxxxxxxxxxxxxxxxxxxxxxxxxxxxxxxxxxxxxxxxxxxxxxxxxxxxxxxxxxxxxxxxxxxxxxxxxxxxxxxxxxxxxxxxxxxxxxxxxxxxxxxxxxxxxxxxxxxxxxxxxxxxxxxxxxxxxxx'),(279,77,'xxxxxxxxxxxxxxxxxxxxxxxxxxxxxxxxxxxxxxxxxxxxxxxxxxxxxxxxxxxxxxxxxxxxxxxxxxxxxxxxxxxxxxxxxxxxxxxxxxxxxxxxxxxxxxxxxxxxxxxxxxxxxxxxxxxxxxxxxxxxxxxxxxxxxxxxxxxxxxxxxxxxxxxxxxxxxxxxxxxxxxxxxxxxxxxxxxxxxxxx'),(280,78,'xxxxxxxxxxxxxxxxxxxxxxxxxxxxxxxxxxxxxxxxxxxxxxxxxxxxxxxxxxxxxxxxxxxxxxxxxxxxxxxxxxxxxxxxxxxxxxxxxxxxxxxxxxxxxxxxxxxxxxxxxxxxxxxxxxxxxxxxxxxxxxxxxxxxxxxxxxxxxxxxxxxxxxxxxxxxxxxxxxxxxxxxxxxxxxxxxxxxxxxx'),(281,79,'xxxxxxxxxxxxxxxxxxxxxxxxxxxxxxxxxxxxxxxxxxxxxxxxxxxxxxxxxxxxxxxxxxxxxxxxxxxxxxxxxxxxxxxxxxxxxxxxxxxxxxxxxxxxxxxxxxxxxxxxxxxxxxxxxxxxxxxxxxxxxxxxxxxxxxxxxxxxxxxxxxxxxxxxxxxxxxxxxxxxxxxxxxxxxxxxxxxxxxxx'),(282,80,'xxxxxxxxxxxxxxxxxxxxxxxxxxxxxxxxxxxxxxxxxxxxxxxxxxxxxxxxxxxxxxxxxxxxxxxxxxxxxxxxxxxxxxxxxxxxxxxxxxxxxxxxxxxxxxxxxxxxxxxxxxxxxxxxxxxxxxxxxxxxxxxxxxxxxxxxxxxxxxxxxxxxxxxxxxxxxxxxxxxxxxxxxxxxxxxxxxxxxxxx'),(283,81,'xxxxxxxxxxxxxxxxxxxxxxxxxxxxxxxxxxxxxxxxxxxxxxxxxxxxxxxxxxxxxxxxxxxxxxxxxxxxxxxxxxxxxxxxxxxxxxxxxxxxxxxxxxxxxxxxxxxxxxxxxxxxxxxxxxxxxxxxxxxxxxxxxxxxxxxxxxxxxxxxxxxxxxxxxxxxxxxxxxxxxxxxxxxxxxxxxxxxxxxx'),(284,82,'xxxxxxxxxxxxxxxxxxxxxxxxxxxxxxxxxxxxxxxxxxxxxxxxxxxxxxxxxxxxxxxxxxxxxxxxxxxxxxxxxxxxxxxxxxxxxxxxxxxxxxxxxxxxxxxxxxxxxxxxxxxxxxxxxxxxxxxxxxxxxxxxxxxxxxxxxxxxxxxxxxxxxxxxxxxxxxxxxxxxxxxxxxxxxxxxxxxxxxxx'),(285,83,'xxxxxxxxxxxxxxxxxxxxxxxxxxxxxxxxxxxxxxxxxxxxxxxxxxxxxxxxxxxxxxxxxxxxxxxxxxxxxxxxxxxxxxxxxxxxxxxxxxxxxxxxxxxxxxxxxxxxxxxxxxxxxxxxxxxxxxxxxxxxxxxxxxxxxxxxxxxxxxxxxxxxxxxxxxxxxxxxxxxxxxxxxxxxxxxxxxxxxxxx'),(286,84,'xxxxxxxxxxxxxxxxxxxxxxxxxxxxxxxxxxxxxxxxxxxxxxxxxxxxxxxxxxxxxxxxxxxxxxxxxxxxxxxxxxxxxxxxxxxxxxxxxxxxxxxxxxxxxxxxxxxxxxxxxxxxxxxxxxxxxxxxxxxxxxxxxxxxxxxxxxxxxxxxxxxxxxxxxxxxxxxxxxxxxxxxxxxxxxxxxxxxxxxx'),(287,85,'xxxxxxxxxxxxxxxxxxxxxxxxxxxxxxxxxxxxxxxxxxxxxxxxxxxxxxxxxxxxxxxxxxxxxxxxxxxxxxxxxxxxxxxxxxxxxxxxxxxxxxxxxxxxxxxxxxxxxxxxxxxxxxxxxxxxxxxxxxxxxxxxxxxxxxxxxxxxxxxxxxxxxxxxxxxxxxxxxxxxxxxxxxxxxxxxxxxxxxxx'),(288,86,'xxxxxxxxxxxxxxxxxxxxxxxxxxxxxxxxxxxxxxxxxxxxxxxxxxxxxxxxxxxxxxxxxxxxxxxxxxxxxxxxxxxxxxxxxxxxxxxxxxxxxxxxxxxxxxxxxxxxxxxxxxxxxxxxxxxxxxxxxxxxxxxxxxxxxxxxxxxxxxxxxxxxxxxxxxxxxxxxxxxxxxxxxxxxxxxxxxxxxxxx'),(289,87,'xxxxxxxxxxxxxxxxxxxxxxxxxxxxxxxxxxxxxxxxxxxxxxxxxxxxxxxxxxxxxxxxxxxxxxxxxxxxxxxxxxxxxxxxxxxxxxxxxxxxxxxxxxxxxxxxxxxxxxxxxxxxxxxxxxxxxxxxxxxxxxxxxxxxxxxxxxxxxxxxxxxxxxxxxxxxxxxxxxxxxxxxxxxxxxxxxxxxxxxx'),(290,88,'xxxxxxxxxxxxxxxxxxxxxxxxxxxxxxxxxxxxxxxxxxxxxxxxxxxxxxxxxxxxxxxxxxxxxxxxxxxxxxxxxxxxxxxxxxxxxxxxxxxxxxxxxxxxxxxxxxxxxxxxxxxxxxxxxxxxxxxxxxxxxxxxxxxxxxxxxxxxxxxxxxxxxxxxxxxxxxxxxxxxxxxxxxxxxxxxxxxxxxxx'),(291,89,'xxxxxxxxxxxxxxxxxxxxxxxxxxxxxxxxxxxxxxxxxxxxxxxxxxxxxxxxxxxxxxxxxxxxxxxxxxxxxxxxxxxxxxxxxxxxxxxxxxxxxxxxxxxxxxxxxxxxxxxxxxxxxxxxxxxxxxxxxxxxxxxxxxxxxxxxxxxxxxxxxxxxxxxxxxxxxxxxxxxxxxxxxxxxxxxxxxxxxxxx'),(292,90,'xxxxxxxxxxxxxxxxxxxxxxxxxxxxxxxxxxxxxxxxxxxxxxxxxxxxxxxxxxxxxxxxxxxxxxxxxxxxxxxxxxxxxxxxxxxxxxxxxxxxxxxxxxxxxxxxxxxxxxxxxxxxxxxxxxxxxxxxxxxxxxxxxxxxxxxxxxxxxxxxxxxxxxxxxxxxxxxxxxxxxxxxxxxxxxxxxxxxxxxx'),(293,91,'xxxxxxxxxxxxxxxxxxxxxxxxxxxxxxxxxxxxxxxxxxxxxxxxxxxxxxxxxxxxxxxxxxxxxxxxxxxxxxxxxxxxxxxxxxxxxxxxxxxxxxxxxxxxxxxxxxxxxxxxxxxxxxxxxxxxxxxxxxxxxxxxxxxxxxxxxxxxxxxxxxxxxxxxxxxxxxxxxxxxxxxxxxxxxxxxxxxxxxxx'),(294,92,'xxxxxxxxxxxxxxxxxxxxxxxxxxxxxxxxxxxxxxxxxxxxxxxxxxxxxxxxxxxxxxxxxxxxxxxxxxxxxxxxxxxxxxxxxxxxxxxxxxxxxxxxxxxxxxxxxxxxxxxxxxxxxxxxxxxxxxxxxxxxxxxxxxxxxxxxxxxxxxxxxxxxxxxxxxxxxxxxxxxxxxxxxxxxxxxxxxxxxxxx'),(295,93,'xxxxxxxxxxxxxxxxxxxxxxxxxxxxxxxxxxxxxxxxxxxxxxxxxxxxxxxxxxxxxxxxxxxxxxxxxxxxxxxxxxxxxxxxxxxxxxxxxxxxxxxxxxxxxxxxxxxxxxxxxxxxxxxxxxxxxxxxxxxxxxxxxxxxxxxxxxxxxxxxxxxxxxxxxxxxxxxxxxxxxxxxxxxxxxxxxxxxxxxx'),(296,94,'xxxxxxxxxxxxxxxxxxxxxxxxxxxxxxxxxxxxxxxxxxxxxxxxxxxxxxxxxxxxxxxxxxxxxxxxxxxxxxxxxxxxxxxxxxxxxxxxxxxxxxxxxxxxxxxxxxxxxxxxxxxxxxxxxxxxxxxxxxxxxxxxxxxxxxxxxxxxxxxxxxxxxxxxxxxxxxxxxxxxxxxxxxxxxxxxxxxxxxxx'),(297,95,'xxxxxxxxxxxxxxxxxxxxxxxxxxxxxxxxxxxxxxxxxxxxxxxxxxxxxxxxxxxxxxxxxxxxxxxxxxxxxxxxxxxxxxxxxxxxxxxxxxxxxxxxxxxxxxxxxxxxxxxxxxxxxxxxxxxxxxxxxxxxxxxxxxxxxxxxxxxxxxxxxxxxxxxxxxxxxxxxxxxxxxxxxxxxxxxxxxxxxxxx'),(298,96,'xxxxxxxxxxxxxxxxxxxxxxxxxxxxxxxxxxxxxxxxxxxxxxxxxxxxxxxxxxxxxxxxxxxxxxxxxxxxxxxxxxxxxxxxxxxxxxxxxxxxxxxxxxxxxxxxxxxxxxxxxxxxxxxxxxxxxxxxxxxxxxxxxxxxxxxxxxxxxxxxxxxxxxxxxxxxxxxxxxxxxxxxxxxxxxxxxxxxxxxx'),(299,97,'xxxxxxxxxxxxxxxxxxxxxxxxxxxxxxxxxxxxxxxxxxxxxxxxxxxxxxxxxxxxxxxxxxxxxxxxxxxxxxxxxxxxxxxxxxxxxxxxxxxxxxxxxxxxxxxxxxxxxxxxxxxxxxxxxxxxxxxxxxxxxxxxxxxxxxxxxxxxxxxxxxxxxxxxxxxxxxxxxxxxxxxxxxxxxxxxxxxxxxxx'),(300,98,'xxxxxxxxxxxxxxxxxxxxxxxxxxxxxxxxxxxxxxxxxxxxxxxxxxxxxxxxxxxxxxxxxxxxxxxxxxxxxxxxxxxxxxxxxxxxxxxxxxxxxxxxxxxxxxxxxxxxxxxxxxxxxxxxxxxxxxxxxxxxxxxxxxxxxxxxxxxxxxxxxxxxxxxxxxxxxxxxxxxxxxxxxxxxxxxxxxxxxxxx'),(301,-1,'xxxxxxxxxxxxxxxxxxxxxxxxxxxxxxxxxxxxxxxxxxxxxxxxxxxxxxxxxxxxxxxxxxxxxxxxxxxxxxxxxxxxxxxxxxxxxxxxxxxxxxxxxxxxxxxxxxxxxxxxxxxxxxxxxxxxxxxxxxxxxxxxxxxxxxxxxxxxxxxxxxxxxxxxxxxxxxxxxxxxxxxxxxxxxxxxxxxxxxxx'),(302,0,'xxxxxxxxxxxxxxxxxxxxxxxxxxxxxxxxxxxxxxxxxxxxxxxxxxxxxxxxxxxxxxxxxxxxxxxxxxxxxxxxxxxxxxxxxxxxxxxxxxxxxxxxxxxxxxxxxxxxxxxxxxxxxxxxxxxxxxxxxxxxxxxxxxxxxxxxxxxxxxxxxxxxxxxxxxxxxxxxxxxxxxxxxxxxxxxxxxxxxxxx'),(303,1,'xxxxxxxxxxxxxxxxxxxxxxxxxxxxxxxxxxxxxxxxxxxxxxxxxxxxxxxxxxxxxxxxxxxxxxxxxxxxxxxxxxxxxxxxxxxxxxxxxxxxxxxxxxxxxxxxxxxxxxxxxxxxxxxxxxxxxxxxxxxxxxxxxxxxxxxxxxxxxxxxxxxxxxxxxxxxxxxxxxxxxxxxxxxxxxxxxxxxxxxx'),(304,2,'xxxxxxxxxxxxxxxxxxxxxxxxxxxxxxxxxxxxxxxxxxxxxxxxxxxxxxxxxxxxxxxxxxxxxxxxxxxxxxxxxxxxxxxxxxxxxxxxxxxxxxxxxxxxxxxxxxxxxxxxxxxxxxxxxxxxxxxxxxxxxxxxxxxxxxxxxxxxxxxxxxxxxxxxxxxxxxxxxxxxxxxxxxxxxxxxxxxxxxxx'),(305,3,'xxxxxxxxxxxxxxxxxxxxxxxxxxxxxxxxxxxxxxxxxxxxxxxxxxxxxxxxxxxxxxxxxxxxxxxxxxxxxxxxxxxxxxxxxxxxxxxxxxxxxxxxxxxxxxxxxxxxxxxxxxxxxxxxxxxxxxxxxxxxxxxxxxxxxxxxxxxxxxxxxxxxxxxxxxxxxxxxxxxxxxxxxxxxxxxxxxxxxxxx'),(306,4,'xxxxxxxxxxxxxxxxxxxxxxxxxxxxxxxxxxxxxxxxxxxxxxxxxxxxxxxxxxxxxxxxxxxxxxxxxxxxxxxxxxxxxxxxxxxxxxxxxxxxxxxxxxxxxxxxxxxxxxxxxxxxxxxxxxxxxxxxxxxxxxxxxxxxxxxxxxxxxxxxxxxxxxxxxxxxxxxxxxxxxxxxxxxxxxxxxxxxxxxx'),(307,5,'xxxxxxxxxxxxxxxxxxxxxxxxxxxxxxxxxxxxxxxxxxxxxxxxxxxxxxxxxxxxxxxxxxxxxxxxxxxxxxxxxxxxxxxxxxxxxxxxxxxxxxxxxxxxxxxxxxxxxxxxxxxxxxxxxxxxxxxxxxxxxxxxxxxxxxxxxxxxxxxxxxxxxxxxxxxxxxxxxxxxxxxxxxxxxxxxxxxxxxxx'),(308,6,'xxxxxxxxxxxxxxxxxxxxxxxxxxxxxxxxxxxxxxxxxxxxxxxxxxxxxxxxxxxxxxxxxxxxxxxxxxxxxxxxxxxxxxxxxxxxxxxxxxxxxxxxxxxxxxxxxxxxxxxxxxxxxxxxxxxxxxxxxxxxxxxxxxxxxxxxxxxxxxxxxxxxxxxxxxxxxxxxxxxxxxxxxxxxxxxxxxxxxxxx'),(309,7,'xxxxxxxxxxxxxxxxxxxxxxxxxxxxxxxxxxxxxxxxxxxxxxxxxxxxxxxxxxxxxxxxxxxxxxxxxxxxxxxxxxxxxxxxxxxxxxxxxxxxxxxxxxxxxxxxxxxxxxxxxxxxxxxxxxxxxxxxxxxxxxxxxxxxxxxxxxxxxxxxxxxxxxxxxxxxxxxxxxxxxxxxxxxxxxxxxxxxxxxx'),(310,8,'xxxxxxxxxxxxxxxxxxxxxxxxxxxxxxxxxxxxxxxxxxxxxxxxxxxxxxxxxxxxxxxxxxxxxxxxxxxxxxxxxxxxxxxxxxxxxxxxxxxxxxxxxxxxxxxxxxxxxxxxxxxxxxxxxxxxxxxxxxxxxxxxxxxxxxxxxxxxxxxxxxxxxxxxxxxxxxxxxxxxxxxxxxxxxxxxxxxxxxxx'),(311,9,'xxxxxxxxxxxxxxxxxxxxxxxxxxxxxxxxxxxxxxxxxxxxxxxxxxxxxxxxxxxxxxxxxxxxxxxxxxxxxxxxxxxxxxxxxxxxxxxxxxxxxxxxxxxxxxxxxxxxxxxxxxxxxxxxxxxxxxxxxxxxxxxxxxxxxxxxxxxxxxxxxxxxxxxxxxxxxxxxxxxxxxxxxxxxxxxxxxxxxxxx'),(312,10,'xxxxxxxxxxxxxxxxxxxxxxxxxxxxxxxxxxxxxxxxxxxxxxxxxxxxxxxxxxxxxxxxxxxxxxxxxxxxxxxxxxxxxxxxxxxxxxxxxxxxxxxxxxxxxxxxxxxxxxxxxxxxxxxxxxxxxxxxxxxxxxxxxxxxxxxxxxxxxxxxxxxxxxxxxxxxxxxxxxxxxxxxxxxxxxxxxxxxxxxx'),(313,11,'xxxxxxxxxxxxxxxxxxxxxxxxxxxxxxxxxxxxxxxxxxxxxxxxxxxxxxxxxxxxxxxxxxxxxxxxxxxxxxxxxxxxxxxxxxxxxxxxxxxxxxxxxxxxxxxxxxxxxxxxxxxxxxxxxxxxxxxxxxxxxxxxxxxxxxxxxxxxxxxxxxxxxxxxxxxxxxxxxxxxxxxxxxxxxxxxxxxxxxxx'),(314,12,'xxxxxxxxxxxxxxxxxxxxxxxxxxxxxxxxxxxxxxxxxxxxxxxxxxxxxxxxxxxxxxxxxxxxxxxxxxxxxxxxxxxxxxxxxxxxxxxxxxxxxxxxxxxxxxxxxxxxxxxxxxxxxxxxxxxxxxxxxxxxxxxxxxxxxxxxxxxxxxxxxxxxxxxxxxxxxxxxxxxxxxxxxxxxxxxxxxxxxxxx'),(315,13,'xxxxxxxxxxxxxxxxxxxxxxxxxxxxxxxxxxxxxxxxxxxxxxxxxxxxxxxxxxxxxxxxxxxxxxxxxxxxxxxxxxxxxxxxxxxxxxxxxxxxxxxxxxxxxxxxxxxxxxxxxxxxxxxxxxxxxxxxxxxxxxxxxxxxxxxxxxxxxxxxxxxxxxxxxxxxxxxxxxxxxxxxxxxxxxxxxxxxxxxx'),(316,14,'xxxxxxxxxxxxxxxxxxxxxxxxxxxxxxxxxxxxxxxxxxxxxxxxxxxxxxxxxxxxxxxxxxxxxxxxxxxxxxxxxxxxxxxxxxxxxxxxxxxxxxxxxxxxxxxxxxxxxxxxxxxxxxxxxxxxxxxxxxxxxxxxxxxxxxxxxxxxxxxxxxxxxxxxxxxxxxxxxxxxxxxxxxxxxxxxxxxxxxxx'),(317,15,'xxxxxxxxxxxxxxxxxxxxxxxxxxxxxxxxxxxxxxxxxxxxxxxxxxxxxxxxxxxxxxxxxxxxxxxxxxxxxxxxxxxxxxxxxxxxxxxxxxxxxxxxxxxxxxxxxxxxxxxxxxxxxxxxxxxxxxxxxxxxxxxxxxxxxxxxxxxxxxxxxxxxxxxxxxxxxxxxxxxxxxxxxxxxxxxxxxxxxxxx'),(318,16,'xxxxxxxxxxxxxxxxxxxxxxxxxxxxxxxxxxxxxxxxxxxxxxxxxxxxxxxxxxxxxxxxxxxxxxxxxxxxxxxxxxxxxxxxxxxxxxxxxxxxxxxxxxxxxxxxxxxxxxxxxxxxxxxxxxxxxxxxxxxxxxxxxxxxxxxxxxxxxxxxxxxxxxxxxxxxxxxxxxxxxxxxxxxxxxxxxxxxxxxx'),(319,17,'xxxxxxxxxxxxxxxxxxxxxxxxxxxxxxxxxxxxxxxxxxxxxxxxxxxxxxxxxxxxxxxxxxxxxxxxxxxxxxxxxxxxxxxxxxxxxxxxxxxxxxxxxxxxxxxxxxxxxxxxxxxxxxxxxxxxxxxxxxxxxxxxxxxxxxxxxxxxxxxxxxxxxxxxxxxxxxxxxxxxxxxxxxxxxxxxxxxxxxxx'),(320,18,'xxxxxxxxxxxxxxxxxxxxxxxxxxxxxxxxxxxxxxxxxxxxxxxxxxxxxxxxxxxxxxxxxxxxxxxxxxxxxxxxxxxxxxxxxxxxxxxxxxxxxxxxxxxxxxxxxxxxxxxxxxxxxxxxxxxxxxxxxxxxxxxxxxxxxxxxxxxxxxxxxxxxxxxxxxxxxxxxxxxxxxxxxxxxxxxxxxxxxxxx'),(321,19,'xxxxxxxxxxxxxxxxxxxxxxxxxxxxxxxxxxxxxxxxxxxxxxxxxxxxxxxxxxxxxxxxxxxxxxxxxxxxxxxxxxxxxxxxxxxxxxxxxxxxxxxxxxxxxxxxxxxxxxxxxxxxxxxxxxxxxxxxxxxxxxxxxxxxxxxxxxxxxxxxxxxxxxxxxxxxxxxxxxxxxxxxxxxxxxxxxxxxxxxx'),(322,20,'xxxxxxxxxxxxxxxxxxxxxxxxxxxxxxxxxxxxxxxxxxxxxxxxxxxxxxxxxxxxxxxxxxxxxxxxxxxxxxxxxxxxxxxxxxxxxxxxxxxxxxxxxxxxxxxxxxxxxxxxxxxxxxxxxxxxxxxxxxxxxxxxxxxxxxxxxxxxxxxxxxxxxxxxxxxxxxxxxxxxxxxxxxxxxxxxxxxxxxxx'),(323,21,'xxxxxxxxxxxxxxxxxxxxxxxxxxxxxxxxxxxxxxxxxxxxxxxxxxxxxxxxxxxxxxxxxxxxxxxxxxxxxxxxxxxxxxxxxxxxxxxxxxxxxxxxxxxxxxxxxxxxxxxxxxxxxxxxxxxxxxxxxxxxxxxxxxxxxxxxxxxxxxxxxxxxxxxxxxxxxxxxxxxxxxxxxxxxxxxxxxxxxxxx'),(324,22,'xxxxxxxxxxxxxxxxxxxxxxxxxxxxxxxxxxxxxxxxxxxxxxxxxxxxxxxxxxxxxxxxxxxxxxxxxxxxxxxxxxxxxxxxxxxxxxxxxxxxxxxxxxxxxxxxxxxxxxxxxxxxxxxxxxxxxxxxxxxxxxxxxxxxxxxxxxxxxxxxxxxxxxxxxxxxxxxxxxxxxxxxxxxxxxxxxxxxxxxx'),(325,23,'xxxxxxxxxxxxxxxxxxxxxxxxxxxxxxxxxxxxxxxxxxxxxxxxxxxxxxxxxxxxxxxxxxxxxxxxxxxxxxxxxxxxxxxxxxxxxxxxxxxxxxxxxxxxxxxxxxxxxxxxxxxxxxxxxxxxxxxxxxxxxxxxxxxxxxxxxxxxxxxxxxxxxxxxxxxxxxxxxxxxxxxxxxxxxxxxxxxxxxxx'),(326,24,'xxxxxxxxxxxxxxxxxxxxxxxxxxxxxxxxxxxxxxxxxxxxxxxxxxxxxxxxxxxxxxxxxxxxxxxxxxxxxxxxxxxxxxxxxxxxxxxxxxxxxxxxxxxxxxxxxxxxxxxxxxxxxxxxxxxxxxxxxxxxxxxxxxxxxxxxxxxxxxxxxxxxxxxxxxxxxxxxxxxxxxxxxxxxxxxxxxxxxxxx'),(327,25,'xxxxxxxxxxxxxxxxxxxxxxxxxxxxxxxxxxxxxxxxxxxxxxxxxxxxxxxxxxxxxxxxxxxxxxxxxxxxxxxxxxxxxxxxxxxxxxxxxxxxxxxxxxxxxxxxxxxxxxxxxxxxxxxxxxxxxxxxxxxxxxxxxxxxxxxxxxxxxxxxxxxxxxxxxxxxxxxxxxxxxxxxxxxxxxxxxxxxxxxx'),(328,26,'xxxxxxxxxxxxxxxxxxxxxxxxxxxxxxxxxxxxxxxxxxxxxxxxxxxxxxxxxxxxxxxxxxxxxxxxxxxxxxxxxxxxxxxxxxxxxxxxxxxxxxxxxxxxxxxxxxxxxxxxxxxxxxxxxxxxxxxxxxxxxxxxxxxxxxxxxxxxxxxxxxxxxxxxxxxxxxxxxxxxxxxxxxxxxxxxxxxxxxxx'),(329,27,'xxxxxxxxxxxxxxxxxxxxxxxxxxxxxxxxxxxxxxxxxxxxxxxxxxxxxxxxxxxxxxxxxxxxxxxxxxxxxxxxxxxxxxxxxxxxxxxxxxxxxxxxxxxxxxxxxxxxxxxxxxxxxxxxxxxxxxxxxxxxxxxxxxxxxxxxxxxxxxxxxxxxxxxxxxxxxxxxxxxxxxxxxxxxxxxxxxxxxxxx'),(330,28,'xxxxxxxxxxxxxxxxxxxxxxxxxxxxxxxxxxxxxxxxxxxxxxxxxxxxxxxxxxxxxxxxxxxxxxxxxxxxxxxxxxxxxxxxxxxxxxxxxxxxxxxxxxxxxxxxxxxxxxxxxxxxxxxxxxxxxxxxxxxxxxxxxxxxxxxxxxxxxxxxxxxxxxxxxxxxxxxxxxxxxxxxxxxxxxxxxxxxxxxx'),(331,29,'xxxxxxxxxxxxxxxxxxxxxxxxxxxxxxxxxxxxxxxxxxxxxxxxxxxxxxxxxxxxxxxxxxxxxxxxxxxxxxxxxxxxxxxxxxxxxxxxxxxxxxxxxxxxxxxxxxxxxxxxxxxxxxxxxxxxxxxxxxxxxxxxxxxxxxxxxxxxxxxxxxxxxxxxxxxxxxxxxxxxxxxxxxxxxxxxxxxxxxxx'),(332,30,'xxxxxxxxxxxxxxxxxxxxxxxxxxxxxxxxxxxxxxxxxxxxxxxxxxxxxxxxxxxxxxxxxxxxxxxxxxxxxxxxxxxxxxxxxxxxxxxxxxxxxxxxxxxxxxxxxxxxxxxxxxxxxxxxxxxxxxxxxxxxxxxxxxxxxxxxxxxxxxxxxxxxxxxxxxxxxxxxxxxxxxxxxxxxxxxxxxxxxxxx'),(333,31,'xxxxxxxxxxxxxxxxxxxxxxxxxxxxxxxxxxxxxxxxxxxxxxxxxxxxxxxxxxxxxxxxxxxxxxxxxxxxxxxxxxxxxxxxxxxxxxxxxxxxxxxxxxxxxxxxxxxxxxxxxxxxxxxxxxxxxxxxxxxxxxxxxxxxxxxxxxxxxxxxxxxxxxxxxxxxxxxxxxxxxxxxxxxxxxxxxxxxxxxx'),(334,32,'xxxxxxxxxxxxxxxxxxxxxxxxxxxxxxxxxxxxxxxxxxxxxxxxxxxxxxxxxxxxxxxxxxxxxxxxxxxxxxxxxxxxxxxxxxxxxxxxxxxxxxxxxxxxxxxxxxxxxxxxxxxxxxxxxxxxxxxxxxxxxxxxxxxxxxxxxxxxxxxxxxxxxxxxxxxxxxxxxxxxxxxxxxxxxxxxxxxxxxxx'),(335,33,'xxxxxxxxxxxxxxxxxxxxxxxxxxxxxxxxxxxxxxxxxxxxxxxxxxxxxxxxxxxxxxxxxxxxxxxxxxxxxxxxxxxxxxxxxxxxxxxxxxxxxxxxxxxxxxxxxxxxxxxxxxxxxxxxxxxxxxxxxxxxxxxxxxxxxxxxxxxxxxxxxxxxxxxxxxxxxxxxxxxxxxxxxxxxxxxxxxxxxxxx'),(336,34,'xxxxxxxxxxxxxxxxxxxxxxxxxxxxxxxxxxxxxxxxxxxxxxxxxxxxxxxxxxxxxxxxxxxxxxxxxxxxxxxxxxxxxxxxxxxxxxxxxxxxxxxxxxxxxxxxxxxxxxxxxxxxxxxxxxxxxxxxxxxxxxxxxxxxxxxxxxxxxxxxxxxxxxxxxxxxxxxxxxxxxxxxxxxxxxxxxxxxxxxx'),(337,35,'xxxxxxxxxxxxxxxxxxxxxxxxxxxxxxxxxxxxxxxxxxxxxxxxxxxxxxxxxxxxxxxxxxxxxxxxxxxxxxxxxxxxxxxxxxxxxxxxxxxxxxxxxxxxxxxxxxxxxxxxxxxxxxxxxxxxxxxxxxxxxxxxxxxxxxxxxxxxxxxxxxxxxxxxxxxxxxxxxxxxxxxxxxxxxxxxxxxxxxxx'),(338,36,'xxxxxxxxxxxxxxxxxxxxxxxxxxxxxxxxxxxxxxxxxxxxxxxxxxxxxxxxxxxxxxxxxxxxxxxxxxxxxxxxxxxxxxxxxxxxxxxxxxxxxxxxxxxxxxxxxxxxxxxxxxxxxxxxxxxxxxxxxxxxxxxxxxxxxxxxxxxxxxxxxxxxxxxxxxxxxxxxxxxxxxxxxxxxxxxxxxxxxxxx'),(339,37,'xxxxxxxxxxxxxxxxxxxxxxxxxxxxxxxxxxxxxxxxxxxxxxxxxxxxxxxxxxxxxxxxxxxxxxxxxxxxxxxxxxxxxxxxxxxxxxxxxxxxxxxxxxxxxxxxxxxxxxxxxxxxxxxxxxxxxxxxxxxxxxxxxxxxxxxxxxxxxxxxxxxxxxxxxxxxxxxxxxxxxxxxxxxxxxxxxxxxxxxx'),(340,38,'xxxxxxxxxxxxxxxxxxxxxxxxxxxxxxxxxxxxxxxxxxxxxxxxxxxxxxxxxxxxxxxxxxxxxxxxxxxxxxxxxxxxxxxxxxxxxxxxxxxxxxxxxxxxxxxxxxxxxxxxxxxxxxxxxxxxxxxxxxxxxxxxxxxxxxxxxxxxxxxxxxxxxxxxxxxxxxxxxxxxxxxxxxxxxxxxxxxxxxxx'),(341,39,'xxxxxxxxxxxxxxxxxxxxxxxxxxxxxxxxxxxxxxxxxxxxxxxxxxxxxxxxxxxxxxxxxxxxxxxxxxxxxxxxxxxxxxxxxxxxxxxxxxxxxxxxxxxxxxxxxxxxxxxxxxxxxxxxxxxxxxxxxxxxxxxxxxxxxxxxxxxxxxxxxxxxxxxxxxxxxxxxxxxxxxxxxxxxxxxxxxxxxxxx'),(342,40,'xxxxxxxxxxxxxxxxxxxxxxxxxxxxxxxxxxxxxxxxxxxxxxxxxxxxxxxxxxxxxxxxxxxxxxxxxxxxxxxxxxxxxxxxxxxxxxxxxxxxxxxxxxxxxxxxxxxxxxxxxxxxxxxxxxxxxxxxxxxxxxxxxxxxxxxxxxxxxxxxxxxxxxxxxxxxxxxxxxxxxxxxxxxxxxxxxxxxxxxx'),(343,41,'xxxxxxxxxxxxxxxxxxxxxxxxxxxxxxxxxxxxxxxxxxxxxxxxxxxxxxxxxxxxxxxxxxxxxxxxxxxxxxxxxxxxxxxxxxxxxxxxxxxxxxxxxxxxxxxxxxxxxxxxxxxxxxxxxxxxxxxxxxxxxxxxxxxxxxxxxxxxxxxxxxxxxxxxxxxxxxxxxxxxxxxxxxxxxxxxxxxxxxxx'),(344,42,'xxxxxxxxxxxxxxxxxxxxxxxxxxxxxxxxxxxxxxxxxxxxxxxxxxxxxxxxxxxxxxxxxxxxxxxxxxxxxxxxxxxxxxxxxxxxxxxxxxxxxxxxxxxxxxxxxxxxxxxxxxxxxxxxxxxxxxxxxxxxxxxxxxxxxxxxxxxxxxxxxxxxxxxxxxxxxxxxxxxxxxxxxxxxxxxxxxxxxxxx'),(345,43,'xxxxxxxxxxxxxxxxxxxxxxxxxxxxxxxxxxxxxxxxxxxxxxxxxxxxxxxxxxxxxxxxxxxxxxxxxxxxxxxxxxxxxxxxxxxxxxxxxxxxxxxxxxxxxxxxxxxxxxxxxxxxxxxxxxxxxxxxxxxxxxxxxxxxxxxxxxxxxxxxxxxxxxxxxxxxxxxxxxxxxxxxxxxxxxxxxxxxxxxx'),(346,44,'xxxxxxxxxxxxxxxxxxxxxxxxxxxxxxxxxxxxxxxxxxxxxxxxxxxxxxxxxxxxxxxxxxxxxxxxxxxxxxxxxxxxxxxxxxxxxxxxxxxxxxxxxxxxxxxxxxxxxxxxxxxxxxxxxxxxxxxxxxxxxxxxxxxxxxxxxxxxxxxxxxxxxxxxxxxxxxxxxxxxxxxxxxxxxxxxxxxxxxxx'),(347,45,'xxxxxxxxxxxxxxxxxxxxxxxxxxxxxxxxxxxxxxxxxxxxxxxxxxxxxxxxxxxxxxxxxxxxxxxxxxxxxxxxxxxxxxxxxxxxxxxxxxxxxxxxxxxxxxxxxxxxxxxxxxxxxxxxxxxxxxxxxxxxxxxxxxxxxxxxxxxxxxxxxxxxxxxxxxxxxxxxxxxxxxxxxxxxxxxxxxxxxxxx'),(348,46,'xxxxxxxxxxxxxxxxxxxxxxxxxxxxxxxxxxxxxxxxxxxxxxxxxxxxxxxxxxxxxxxxxxxxxxxxxxxxxxxxxxxxxxxxxxxxxxxxxxxxxxxxxxxxxxxxxxxxxxxxxxxxxxxxxxxxxxxxxxxxxxxxxxxxxxxxxxxxxxxxxxxxxxxxxxxxxxxxxxxxxxxxxxxxxxxxxxxxxxxx'),(349,47,'xxxxxxxxxxxxxxxxxxxxxxxxxxxxxxxxxxxxxxxxxxxxxxxxxxxxxxxxxxxxxxxxxxxxxxxxxxxxxxxxxxxxxxxxxxxxxxxxxxxxxxxxxxxxxxxxxxxxxxxxxxxxxxxxxxxxxxxxxxxxxxxxxxxxxxxxxxxxxxxxxxxxxxxxxxxxxxxxxxxxxxxxxxxxxxxxxxxxxxxx'),(350,48,'xxxxxxxxxxxxxxxxxxxxxxxxxxxxxxxxxxxxxxxxxxxxxxxxxxxxxxxxxxxxxxxxxxxxxxxxxxxxxxxxxxxxxxxxxxxxxxxxxxxxxxxxxxxxxxxxxxxxxxxxxxxxxxxxxxxxxxxxxxxxxxxxxxxxxxxxxxxxxxxxxxxxxxxxxxxxxxxxxxxxxxxxxxxxxxxxxxxxxxxx'),(351,49,'xxxxxxxxxxxxxxxxxxxxxxxxxxxxxxxxxxxxxxxxxxxxxxxxxxxxxxxxxxxxxxxxxxxxxxxxxxxxxxxxxxxxxxxxxxxxxxxxxxxxxxxxxxxxxxxxxxxxxxxxxxxxxxxxxxxxxxxxxxxxxxxxxxxxxxxxxxxxxxxxxxxxxxxxxxxxxxxxxxxxxxxxxxxxxxxxxxxxxxxx'),(352,50,'xxxxxxxxxxxxxxxxxxxxxxxxxxxxxxxxxxxxxxxxxxxxxxxxxxxxxxxxxxxxxxxxxxxxxxxxxxxxxxxxxxxxxxxxxxxxxxxxxxxxxxxxxxxxxxxxxxxxxxxxxxxxxxxxxxxxxxxxxxxxxxxxxxxxxxxxxxxxxxxxxxxxxxxxxxxxxxxxxxxxxxxxxxxxxxxxxxxxxxxx'),(353,51,'xxxxxxxxxxxxxxxxxxxxxxxxxxxxxxxxxxxxxxxxxxxxxxxxxxxxxxxxxxxxxxxxxxxxxxxxxxxxxxxxxxxxxxxxxxxxxxxxxxxxxxxxxxxxxxxxxxxxxxxxxxxxxxxxxxxxxxxxxxxxxxxxxxxxxxxxxxxxxxxxxxxxxxxxxxxxxxxxxxxxxxxxxxxxxxxxxxxxxxxx'),(354,52,'xxxxxxxxxxxxxxxxxxxxxxxxxxxxxxxxxxxxxxxxxxxxxxxxxxxxxxxxxxxxxxxxxxxxxxxxxxxxxxxxxxxxxxxxxxxxxxxxxxxxxxxxxxxxxxxxxxxxxxxxxxxxxxxxxxxxxxxxxxxxxxxxxxxxxxxxxxxxxxxxxxxxxxxxxxxxxxxxxxxxxxxxxxxxxxxxxxxxxxxx'),(355,53,'xxxxxxxxxxxxxxxxxxxxxxxxxxxxxxxxxxxxxxxxxxxxxxxxxxxxxxxxxxxxxxxxxxxxxxxxxxxxxxxxxxxxxxxxxxxxxxxxxxxxxxxxxxxxxxxxxxxxxxxxxxxxxxxxxxxxxxxxxxxxxxxxxxxxxxxxxxxxxxxxxxxxxxxxxxxxxxxxxxxxxxxxxxxxxxxxxxxxxxxx'),(356,54,'xxxxxxxxxxxxxxxxxxxxxxxxxxxxxxxxxxxxxxxxxxxxxxxxxxxxxxxxxxxxxxxxxxxxxxxxxxxxxxxxxxxxxxxxxxxxxxxxxxxxxxxxxxxxxxxxxxxxxxxxxxxxxxxxxxxxxxxxxxxxxxxxxxxxxxxxxxxxxxxxxxxxxxxxxxxxxxxxxxxxxxxxxxxxxxxxxxxxxxxx'),(357,55,'xxxxxxxxxxxxxxxxxxxxxxxxxxxxxxxxxxxxxxxxxxxxxxxxxxxxxxxxxxxxxxxxxxxxxxxxxxxxxxxxxxxxxxxxxxxxxxxxxxxxxxxxxxxxxxxxxxxxxxxxxxxxxxxxxxxxxxxxxxxxxxxxxxxxxxxxxxxxxxxxxxxxxxxxxxxxxxxxxxxxxxxxxxxxxxxxxxxxxxxx'),(358,56,'xxxxxxxxxxxxxxxxxxxxxxxxxxxxxxxxxxxxxxxxxxxxxxxxxxxxxxxxxxxxxxxxxxxxxxxxxxxxxxxxxxxxxxxxxxxxxxxxxxxxxxxxxxxxxxxxxxxxxxxxxxxxxxxxxxxxxxxxxxxxxxxxxxxxxxxxxxxxxxxxxxxxxxxxxxxxxxxxxxxxxxxxxxxxxxxxxxxxxxxx'),(359,57,'xxxxxxxxxxxxxxxxxxxxxxxxxxxxxxxxxxxxxxxxxxxxxxxxxxxxxxxxxxxxxxxxxxxxxxxxxxxxxxxxxxxxxxxxxxxxxxxxxxxxxxxxxxxxxxxxxxxxxxxxxxxxxxxxxxxxxxxxxxxxxxxxxxxxxxxxxxxxxxxxxxxxxxxxxxxxxxxxxxxxxxxxxxxxxxxxxxxxxxxx'),(360,58,'xxxxxxxxxxxxxxxxxxxxxxxxxxxxxxxxxxxxxxxxxxxxxxxxxxxxxxxxxxxxxxxxxxxxxxxxxxxxxxxxxxxxxxxxxxxxxxxxxxxxxxxxxxxxxxxxxxxxxxxxxxxxxxxxxxxxxxxxxxxxxxxxxxxxxxxxxxxxxxxxxxxxxxxxxxxxxxxxxxxxxxxxxxxxxxxxxxxxxxxx'),(361,59,'xxxxxxxxxxxxxxxxxxxxxxxxxxxxxxxxxxxxxxxxxxxxxxxxxxxxxxxxxxxxxxxxxxxxxxxxxxxxxxxxxxxxxxxxxxxxxxxxxxxxxxxxxxxxxxxxxxxxxxxxxxxxxxxxxxxxxxxxxxxxxxxxxxxxxxxxxxxxxxxxxxxxxxxxxxxxxxxxxxxxxxxxxxxxxxxxxxxxxxxx'),(362,60,'xxxxxxxxxxxxxxxxxxxxxxxxxxxxxxxxxxxxxxxxxxxxxxxxxxxxxxxxxxxxxxxxxxxxxxxxxxxxxxxxxxxxxxxxxxxxxxxxxxxxxxxxxxxxxxxxxxxxxxxxxxxxxxxxxxxxxxxxxxxxxxxxxxxxxxxxxxxxxxxxxxxxxxxxxxxxxxxxxxxxxxxxxxxxxxxxxxxxxxxx'),(363,61,'xxxxxxxxxxxxxxxxxxxxxxxxxxxxxxxxxxxxxxxxxxxxxxxxxxxxxxxxxxxxxxxxxxxxxxxxxxxxxxxxxxxxxxxxxxxxxxxxxxxxxxxxxxxxxxxxxxxxxxxxxxxxxxxxxxxxxxxxxxxxxxxxxxxxxxxxxxxxxxxxxxxxxxxxxxxxxxxxxxxxxxxxxxxxxxxxxxxxxxxx'),(364,62,'xxxxxxxxxxxxxxxxxxxxxxxxxxxxxxxxxxxxxxxxxxxxxxxxxxxxxxxxxxxxxxxxxxxxxxxxxxxxxxxxxxxxxxxxxxxxxxxxxxxxxxxxxxxxxxxxxxxxxxxxxxxxxxxxxxxxxxxxxxxxxxxxxxxxxxxxxxxxxxxxxxxxxxxxxxxxxxxxxxxxxxxxxxxxxxxxxxxxxxxx'),(365,63,'xxxxxxxxxxxxxxxxxxxxxxxxxxxxxxxxxxxxxxxxxxxxxxxxxxxxxxxxxxxxxxxxxxxxxxxxxxxxxxxxxxxxxxxxxxxxxxxxxxxxxxxxxxxxxxxxxxxxxxxxxxxxxxxxxxxxxxxxxxxxxxxxxxxxxxxxxxxxxxxxxxxxxxxxxxxxxxxxxxxxxxxxxxxxxxxxxxxxxxxx'),(366,64,'xxxxxxxxxxxxxxxxxxxxxxxxxxxxxxxxxxxxxxxxxxxxxxxxxxxxxxxxxxxxxxxxxxxxxxxxxxxxxxxxxxxxxxxxxxxxxxxxxxxxxxxxxxxxxxxxxxxxxxxxxxxxxxxxxxxxxxxxxxxxxxxxxxxxxxxxxxxxxxxxxxxxxxxxxxxxxxxxxxxxxxxxxxxxxxxxxxxxxxxx'),(367,65,'xxxxxxxxxxxxxxxxxxxxxxxxxxxxxxxxxxxxxxxxxxxxxxxxxxxxxxxxxxxxxxxxxxxxxxxxxxxxxxxxxxxxxxxxxxxxxxxxxxxxxxxxxxxxxxxxxxxxxxxxxxxxxxxxxxxxxxxxxxxxxxxxxxxxxxxxxxxxxxxxxxxxxxxxxxxxxxxxxxxxxxxxxxxxxxxxxxxxxxxx'),(368,66,'xxxxxxxxxxxxxxxxxxxxxxxxxxxxxxxxxxxxxxxxxxxxxxxxxxxxxxxxxxxxxxxxxxxxxxxxxxxxxxxxxxxxxxxxxxxxxxxxxxxxxxxxxxxxxxxxxxxxxxxxxxxxxxxxxxxxxxxxxxxxxxxxxxxxxxxxxxxxxxxxxxxxxxxxxxxxxxxxxxxxxxxxxxxxxxxxxxxxxxxx'),(369,67,'xxxxxxxxxxxxxxxxxxxxxxxxxxxxxxxxxxxxxxxxxxxxxxxxxxxxxxxxxxxxxxxxxxxxxxxxxxxxxxxxxxxxxxxxxxxxxxxxxxxxxxxxxxxxxxxxxxxxxxxxxxxxxxxxxxxxxxxxxxxxxxxxxxxxxxxxxxxxxxxxxxxxxxxxxxxxxxxxxxxxxxxxxxxxxxxxxxxxxxxx'),(370,68,'xxxxxxxxxxxxxxxxxxxxxxxxxxxxxxxxxxxxxxxxxxxxxxxxxxxxxxxxxxxxxxxxxxxxxxxxxxxxxxxxxxxxxxxxxxxxxxxxxxxxxxxxxxxxxxxxxxxxxxxxxxxxxxxxxxxxxxxxxxxxxxxxxxxxxxxxxxxxxxxxxxxxxxxxxxxxxxxxxxxxxxxxxxxxxxxxxxxxxxxx'),(371,69,'xxxxxxxxxxxxxxxxxxxxxxxxxxxxxxxxxxxxxxxxxxxxxxxxxxxxxxxxxxxxxxxxxxxxxxxxxxxxxxxxxxxxxxxxxxxxxxxxxxxxxxxxxxxxxxxxxxxxxxxxxxxxxxxxxxxxxxxxxxxxxxxxxxxxxxxxxxxxxxxxxxxxxxxxxxxxxxxxxxxxxxxxxxxxxxxxxxxxxxxx'),(372,70,'xxxxxxxxxxxxxxxxxxxxxxxxxxxxxxxxxxxxxxxxxxxxxxxxxxxxxxxxxxxxxxxxxxxxxxxxxxxxxxxxxxxxxxxxxxxxxxxxxxxxxxxxxxxxxxxxxxxxxxxxxxxxxxxxxxxxxxxxxxxxxxxxxxxxxxxxxxxxxxxxxxxxxxxxxxxxxxxxxxxxxxxxxxxxxxxxxxxxxxxx'),(373,71,'xxxxxxxxxxxxxxxxxxxxxxxxxxxxxxxxxxxxxxxxxxxxxxxxxxxxxxxxxxxxxxxxxxxxxxxxxxxxxxxxxxxxxxxxxxxxxxxxxxxxxxxxxxxxxxxxxxxxxxxxxxxxxxxxxxxxxxxxxxxxxxxxxxxxxxxxxxxxxxxxxxxxxxxxxxxxxxxxxxxxxxxxxxxxxxxxxxxxxxxx'),(374,72,'xxxxxxxxxxxxxxxxxxxxxxxxxxxxxxxxxxxxxxxxxxxxxxxxxxxxxxxxxxxxxxxxxxxxxxxxxxxxxxxxxxxxxxxxxxxxxxxxxxxxxxxxxxxxxxxxxxxxxxxxxxxxxxxxxxxxxxxxxxxxxxxxxxxxxxxxxxxxxxxxxxxxxxxxxxxxxxxxxxxxxxxxxxxxxxxxxxxxxxxx'),(375,73,'xxxxxxxxxxxxxxxxxxxxxxxxxxxxxxxxxxxxxxxxxxxxxxxxxxxxxxxxxxxxxxxxxxxxxxxxxxxxxxxxxxxxxxxxxxxxxxxxxxxxxxxxxxxxxxxxxxxxxxxxxxxxxxxxxxxxxxxxxxxxxxxxxxxxxxxxxxxxxxxxxxxxxxxxxxxxxxxxxxxxxxxxxxxxxxxxxxxxxxxx'),(376,74,'xxxxxxxxxxxxxxxxxxxxxxxxxxxxxxxxxxxxxxxxxxxxxxxxxxxxxxxxxxxxxxxxxxxxxxxxxxxxxxxxxxxxxxxxxxxxxxxxxxxxxxxxxxxxxxxxxxxxxxxxxxxxxxxxxxxxxxxxxxxxxxxxxxxxxxxxxxxxxxxxxxxxxxxxxxxxxxxxxxxxxxxxxxxxxxxxxxxxxxxx'),(377,75,'xxxxxxxxxxxxxxxxxxxxxxxxxxxxxxxxxxxxxxxxxxxxxxxxxxxxxxxxxxxxxxxxxxxxxxxxxxxxxxxxxxxxxxxxxxxxxxxxxxxxxxxxxxxxxxxxxxxxxxxxxxxxxxxxxxxxxxxxxxxxxxxxxxxxxxxxxxxxxxxxxxxxxxxxxxxxxxxxxxxxxxxxxxxxxxxxxxxxxxxx'),(378,76,'xxxxxxxxxxxxxxxxxxxxxxxxxxxxxxxxxxxxxxxxxxxxxxxxxxxxxxxxxxxxxxxxxxxxxxxxxxxxxxxxxxxxxxxxxxxxxxxxxxxxxxxxxxxxxxxxxxxxxxxxxxxxxxxxxxxxxxxxxxxxxxxxxxxxxxxxxxxxxxxxxxxxxxxxxxxxxxxxxxxxxxxxxxxxxxxxxxxxxxxx'),(379,77,'xxxxxxxxxxxxxxxxxxxxxxxxxxxxxxxxxxxxxxxxxxxxxxxxxxxxxxxxxxxxxxxxxxxxxxxxxxxxxxxxxxxxxxxxxxxxxxxxxxxxxxxxxxxxxxxxxxxxxxxxxxxxxxxxxxxxxxxxxxxxxxxxxxxxxxxxxxxxxxxxxxxxxxxxxxxxxxxxxxxxxxxxxxxxxxxxxxxxxxxx'),(380,78,'xxxxxxxxxxxxxxxxxxxxxxxxxxxxxxxxxxxxxxxxxxxxxxxxxxxxxxxxxxxxxxxxxxxxxxxxxxxxxxxxxxxxxxxxxxxxxxxxxxxxxxxxxxxxxxxxxxxxxxxxxxxxxxxxxxxxxxxxxxxxxxxxxxxxxxxxxxxxxxxxxxxxxxxxxxxxxxxxxxxxxxxxxxxxxxxxxxxxxxxx'),(381,79,'xxxxxxxxxxxxxxxxxxxxxxxxxxxxxxxxxxxxxxxxxxxxxxxxxxxxxxxxxxxxxxxxxxxxxxxxxxxxxxxxxxxxxxxxxxxxxxxxxxxxxxxxxxxxxxxxxxxxxxxxxxxxxxxxxxxxxxxxxxxxxxxxxxxxxxxxxxxxxxxxxxxxxxxxxxxxxxxxxxxxxxxxxxxxxxxxxxxxxxxx'),(382,80,'xxxxxxxxxxxxxxxxxxxxxxxxxxxxxxxxxxxxxxxxxxxxxxxxxxxxxxxxxxxxxxxxxxxxxxxxxxxxxxxxxxxxxxxxxxxxxxxxxxxxxxxxxxxxxxxxxxxxxxxxxxxxxxxxxxxxxxxxxxxxxxxxxxxxxxxxxxxxxxxxxxxxxxxxxxxxxxxxxxxxxxxxxxxxxxxxxxxxxxxx'),(383,81,'xxxxxxxxxxxxxxxxxxxxxxxxxxxxxxxxxxxxxxxxxxxxxxxxxxxxxxxxxxxxxxxxxxxxxxxxxxxxxxxxxxxxxxxxxxxxxxxxxxxxxxxxxxxxxxxxxxxxxxxxxxxxxxxxxxxxxxxxxxxxxxxxxxxxxxxxxxxxxxxxxxxxxxxxxxxxxxxxxxxxxxxxxxxxxxxxxxxxxxxx'),(384,82,'xxxxxxxxxxxxxxxxxxxxxxxxxxxxxxxxxxxxxxxxxxxxxxxxxxxxxxxxxxxxxxxxxxxxxxxxxxxxxxxxxxxxxxxxxxxxxxxxxxxxxxxxxxxxxxxxxxxxxxxxxxxxxxxxxxxxxxxxxxxxxxxxxxxxxxxxxxxxxxxxxxxxxxxxxxxxxxxxxxxxxxxxxxxxxxxxxxxxxxxx'),(385,83,'xxxxxxxxxxxxxxxxxxxxxxxxxxxxxxxxxxxxxxxxxxxxxxxxxxxxxxxxxxxxxxxxxxxxxxxxxxxxxxxxxxxxxxxxxxxxxxxxxxxxxxxxxxxxxxxxxxxxxxxxxxxxxxxxxxxxxxxxxxxxxxxxxxxxxxxxxxxxxxxxxxxxxxxxxxxxxxxxxxxxxxxxxxxxxxxxxxxxxxxx'),(386,84,'xxxxxxxxxxxxxxxxxxxxxxxxxxxxxxxxxxxxxxxxxxxxxxxxxxxxxxxxxxxxxxxxxxxxxxxxxxxxxxxxxxxxxxxxxxxxxxxxxxxxxxxxxxxxxxxxxxxxxxxxxxxxxxxxxxxxxxxxxxxxxxxxxxxxxxxxxxxxxxxxxxxxxxxxxxxxxxxxxxxxxxxxxxxxxxxxxxxxxxxx'),(387,85,'xxxxxxxxxxxxxxxxxxxxxxxxxxxxxxxxxxxxxxxxxxxxxxxxxxxxxxxxxxxxxxxxxxxxxxxxxxxxxxxxxxxxxxxxxxxxxxxxxxxxxxxxxxxxxxxxxxxxxxxxxxxxxxxxxxxxxxxxxxxxxxxxxxxxxxxxxxxxxxxxxxxxxxxxxxxxxxxxxxxxxxxxxxxxxxxxxxxxxxxx'),(388,86,'xxxxxxxxxxxxxxxxxxxxxxxxxxxxxxxxxxxxxxxxxxxxxxxxxxxxxxxxxxxxxxxxxxxxxxxxxxxxxxxxxxxxxxxxxxxxxxxxxxxxxxxxxxxxxxxxxxxxxxxxxxxxxxxxxxxxxxxxxxxxxxxxxxxxxxxxxxxxxxxxxxxxxxxxxxxxxxxxxxxxxxxxxxxxxxxxxxxxxxxx'),(389,87,'xxxxxxxxxxxxxxxxxxxxxxxxxxxxxxxxxxxxxxxxxxxxxxxxxxxxxxxxxxxxxxxxxxxxxxxxxxxxxxxxxxxxxxxxxxxxxxxxxxxxxxxxxxxxxxxxxxxxxxxxxxxxxxxxxxxxxxxxxxxxxxxxxxxxxxxxxxxxxxxxxxxxxxxxxxxxxxxxxxxxxxxxxxxxxxxxxxxxxxxx'),(390,88,'xxxxxxxxxxxxxxxxxxxxxxxxxxxxxxxxxxxxxxxxxxxxxxxxxxxxxxxxxxxxxxxxxxxxxxxxxxxxxxxxxxxxxxxxxxxxxxxxxxxxxxxxxxxxxxxxxxxxxxxxxxxxxxxxxxxxxxxxxxxxxxxxxxxxxxxxxxxxxxxxxxxxxxxxxxxxxxxxxxxxxxxxxxxxxxxxxxxxxxxx'),(391,89,'xxxxxxxxxxxxxxxxxxxxxxxxxxxxxxxxxxxxxxxxxxxxxxxxxxxxxxxxxxxxxxxxxxxxxxxxxxxxxxxxxxxxxxxxxxxxxxxxxxxxxxxxxxxxxxxxxxxxxxxxxxxxxxxxxxxxxxxxxxxxxxxxxxxxxxxxxxxxxxxxxxxxxxxxxxxxxxxxxxxxxxxxxxxxxxxxxxxxxxxx'),(392,90,'xxxxxxxxxxxxxxxxxxxxxxxxxxxxxxxxxxxxxxxxxxxxxxxxxxxxxxxxxxxxxxxxxxxxxxxxxxxxxxxxxxxxxxxxxxxxxxxxxxxxxxxxxxxxxxxxxxxxxxxxxxxxxxxxxxxxxxxxxxxxxxxxxxxxxxxxxxxxxxxxxxxxxxxxxxxxxxxxxxxxxxxxxxxxxxxxxxxxxxxx'),(393,91,'xxxxxxxxxxxxxxxxxxxxxxxxxxxxxxxxxxxxxxxxxxxxxxxxxxxxxxxxxxxxxxxxxxxxxxxxxxxxxxxxxxxxxxxxxxxxxxxxxxxxxxxxxxxxxxxxxxxxxxxxxxxxxxxxxxxxxxxxxxxxxxxxxxxxxxxxxxxxxxxxxxxxxxxxxxxxxxxxxxxxxxxxxxxxxxxxxxxxxxxx'),(394,92,'xxxxxxxxxxxxxxxxxxxxxxxxxxxxxxxxxxxxxxxxxxxxxxxxxxxxxxxxxxxxxxxxxxxxxxxxxxxxxxxxxxxxxxxxxxxxxxxxxxxxxxxxxxxxxxxxxxxxxxxxxxxxxxxxxxxxxxxxxxxxxxxxxxxxxxxxxxxxxxxxxxxxxxxxxxxxxxxxxxxxxxxxxxxxxxxxxxxxxxxx'),(395,93,'xxxxxxxxxxxxxxxxxxxxxxxxxxxxxxxxxxxxxxxxxxxxxxxxxxxxxxxxxxxxxxxxxxxxxxxxxxxxxxxxxxxxxxxxxxxxxxxxxxxxxxxxxxxxxxxxxxxxxxxxxxxxxxxxxxxxxxxxxxxxxxxxxxxxxxxxxxxxxxxxxxxxxxxxxxxxxxxxxxxxxxxxxxxxxxxxxxxxxxxx'),(396,94,'xxxxxxxxxxxxxxxxxxxxxxxxxxxxxxxxxxxxxxxxxxxxxxxxxxxxxxxxxxxxxxxxxxxxxxxxxxxxxxxxxxxxxxxxxxxxxxxxxxxxxxxxxxxxxxxxxxxxxxxxxxxxxxxxxxxxxxxxxxxxxxxxxxxxxxxxxxxxxxxxxxxxxxxxxxxxxxxxxxxxxxxxxxxxxxxxxxxxxxxx'),(397,95,'xxxxxxxxxxxxxxxxxxxxxxxxxxxxxxxxxxxxxxxxxxxxxxxxxxxxxxxxxxxxxxxxxxxxxxxxxxxxxxxxxxxxxxxxxxxxxxxxxxxxxxxxxxxxxxxxxxxxxxxxxxxxxxxxxxxxxxxxxxxxxxxxxxxxxxxxxxxxxxxxxxxxxxxxxxxxxxxxxxxxxxxxxxxxxxxxxxxxxxxx'),(398,96,'xxxxxxxxxxxxxxxxxxxxxxxxxxxxxxxxxxxxxxxxxxxxxxxxxxxxxxxxxxxxxxxxxxxxxxxxxxxxxxxxxxxxxxxxxxxxxxxxxxxxxxxxxxxxxxxxxxxxxxxxxxxxxxxxxxxxxxxxxxxxxxxxxxxxxxxxxxxxxxxxxxxxxxxxxxxxxxxxxxxxxxxxxxxxxxxxxxxxxxxx'),(399,97,'xxxxxxxxxxxxxxxxxxxxxxxxxxxxxxxxxxxxxxxxxxxxxxxxxxxxxxxxxxxxxxxxxxxxxxxxxxxxxxxxxxxxxxxxxxxxxxxxxxxxxxxxxxxxxxxxxxxxxxxxxxxxxxxxxxxxxxxxxxxxxxxxxxxxxxxxxxxxxxxxxxxxxxxxxxxxxxxxxxxxxxxxxxxxxxxxxxxxxxxx'),(400,98,'xxxxxxxxxxxxxxxxxxxxxxxxxxxxxxxxxxxxxxxxxxxxxxxxxxxxxxxxxxxxxxxxxxxxxxxxxxxxxxxxxxxxxxxxxxxxxxxxxxxxxxxxxxxxxxxxxxxxxxxxxxxxxxxxxxxxxxxxxxxxxxxxxxxxxxxxxxxxxxxxxxxxxxxxxxxxxxxxxxxxxxxxxxxxxxxxxxxxxxxx');
/*!40000 ALTER TABLE `b_perf_test` ENABLE KEYS */;
UNLOCK TABLES;

--
-- Table structure for table `b_posting`
--

DROP TABLE IF EXISTS `b_posting`;
/*!40101 SET @saved_cs_client     = @@character_set_client */;
/*!40101 SET character_set_client = utf8 */;
CREATE TABLE `b_posting` (
  `ID` int(11) NOT NULL AUTO_INCREMENT,
  `TIMESTAMP_X` timestamp NOT NULL DEFAULT CURRENT_TIMESTAMP ON UPDATE CURRENT_TIMESTAMP,
  `STATUS` char(1) COLLATE utf8_unicode_ci NOT NULL DEFAULT 'D',
  `VERSION` char(1) COLLATE utf8_unicode_ci DEFAULT NULL,
  `DATE_SENT` datetime DEFAULT NULL,
  `SENT_BCC` mediumtext COLLATE utf8_unicode_ci,
  `FROM_FIELD` varchar(255) COLLATE utf8_unicode_ci NOT NULL,
  `TO_FIELD` varchar(255) COLLATE utf8_unicode_ci DEFAULT NULL,
  `BCC_FIELD` mediumtext COLLATE utf8_unicode_ci,
  `EMAIL_FILTER` varchar(255) COLLATE utf8_unicode_ci DEFAULT NULL,
  `SUBJECT` varchar(255) COLLATE utf8_unicode_ci NOT NULL,
  `BODY_TYPE` varchar(4) COLLATE utf8_unicode_ci NOT NULL DEFAULT 'text',
  `BODY` mediumtext COLLATE utf8_unicode_ci NOT NULL,
  `DIRECT_SEND` char(1) COLLATE utf8_unicode_ci NOT NULL DEFAULT 'N',
  `CHARSET` varchar(50) COLLATE utf8_unicode_ci DEFAULT NULL,
  `MSG_CHARSET` varchar(255) COLLATE utf8_unicode_ci DEFAULT NULL,
  `SUBSCR_FORMAT` varchar(4) COLLATE utf8_unicode_ci DEFAULT NULL,
  `ERROR_EMAIL` mediumtext COLLATE utf8_unicode_ci,
  `AUTO_SEND_TIME` datetime DEFAULT NULL,
  `BCC_TO_SEND` mediumtext COLLATE utf8_unicode_ci,
  PRIMARY KEY (`ID`)
) ENGINE=InnoDB DEFAULT CHARSET=utf8 COLLATE=utf8_unicode_ci;
/*!40101 SET character_set_client = @saved_cs_client */;

--
-- Dumping data for table `b_posting`
--

LOCK TABLES `b_posting` WRITE;
/*!40000 ALTER TABLE `b_posting` DISABLE KEYS */;
/*!40000 ALTER TABLE `b_posting` ENABLE KEYS */;
UNLOCK TABLES;

--
-- Table structure for table `b_posting_email`
--

DROP TABLE IF EXISTS `b_posting_email`;
/*!40101 SET @saved_cs_client     = @@character_set_client */;
/*!40101 SET character_set_client = utf8 */;
CREATE TABLE `b_posting_email` (
  `ID` int(11) NOT NULL AUTO_INCREMENT,
  `POSTING_ID` int(11) NOT NULL,
  `STATUS` char(1) COLLATE utf8_unicode_ci NOT NULL,
  `EMAIL` varchar(255) COLLATE utf8_unicode_ci NOT NULL,
  `SUBSCRIPTION_ID` int(11) DEFAULT NULL,
  `USER_ID` int(11) DEFAULT NULL,
  PRIMARY KEY (`ID`),
  KEY `ix_posting_email_status` (`POSTING_ID`,`STATUS`),
  KEY `ix_posting_email_email` (`POSTING_ID`,`EMAIL`)
) ENGINE=InnoDB DEFAULT CHARSET=utf8 COLLATE=utf8_unicode_ci;
/*!40101 SET character_set_client = @saved_cs_client */;

--
-- Dumping data for table `b_posting_email`
--

LOCK TABLES `b_posting_email` WRITE;
/*!40000 ALTER TABLE `b_posting_email` DISABLE KEYS */;
/*!40000 ALTER TABLE `b_posting_email` ENABLE KEYS */;
UNLOCK TABLES;

--
-- Table structure for table `b_posting_file`
--

DROP TABLE IF EXISTS `b_posting_file`;
/*!40101 SET @saved_cs_client     = @@character_set_client */;
/*!40101 SET character_set_client = utf8 */;
CREATE TABLE `b_posting_file` (
  `POSTING_ID` int(11) NOT NULL,
  `FILE_ID` int(11) NOT NULL,
  UNIQUE KEY `UK_POSTING_POSTING_FILE` (`POSTING_ID`,`FILE_ID`)
) ENGINE=InnoDB DEFAULT CHARSET=utf8 COLLATE=utf8_unicode_ci;
/*!40101 SET character_set_client = @saved_cs_client */;

--
-- Dumping data for table `b_posting_file`
--

LOCK TABLES `b_posting_file` WRITE;
/*!40000 ALTER TABLE `b_posting_file` DISABLE KEYS */;
/*!40000 ALTER TABLE `b_posting_file` ENABLE KEYS */;
UNLOCK TABLES;

--
-- Table structure for table `b_posting_group`
--

DROP TABLE IF EXISTS `b_posting_group`;
/*!40101 SET @saved_cs_client     = @@character_set_client */;
/*!40101 SET character_set_client = utf8 */;
CREATE TABLE `b_posting_group` (
  `POSTING_ID` int(11) NOT NULL,
  `GROUP_ID` int(11) NOT NULL,
  UNIQUE KEY `UK_POSTING_POSTING_GROUP` (`POSTING_ID`,`GROUP_ID`)
) ENGINE=InnoDB DEFAULT CHARSET=utf8 COLLATE=utf8_unicode_ci;
/*!40101 SET character_set_client = @saved_cs_client */;

--
-- Dumping data for table `b_posting_group`
--

LOCK TABLES `b_posting_group` WRITE;
/*!40000 ALTER TABLE `b_posting_group` DISABLE KEYS */;
/*!40000 ALTER TABLE `b_posting_group` ENABLE KEYS */;
UNLOCK TABLES;

--
-- Table structure for table `b_posting_rubric`
--

DROP TABLE IF EXISTS `b_posting_rubric`;
/*!40101 SET @saved_cs_client     = @@character_set_client */;
/*!40101 SET character_set_client = utf8 */;
CREATE TABLE `b_posting_rubric` (
  `POSTING_ID` int(11) NOT NULL,
  `LIST_RUBRIC_ID` int(11) NOT NULL,
  UNIQUE KEY `UK_POSTING_POSTING_RUBRIC` (`POSTING_ID`,`LIST_RUBRIC_ID`)
) ENGINE=InnoDB DEFAULT CHARSET=utf8 COLLATE=utf8_unicode_ci;
/*!40101 SET character_set_client = @saved_cs_client */;

--
-- Dumping data for table `b_posting_rubric`
--

LOCK TABLES `b_posting_rubric` WRITE;
/*!40000 ALTER TABLE `b_posting_rubric` DISABLE KEYS */;
/*!40000 ALTER TABLE `b_posting_rubric` ENABLE KEYS */;
UNLOCK TABLES;

--
-- Table structure for table `b_pull_channel`
--

DROP TABLE IF EXISTS `b_pull_channel`;
/*!40101 SET @saved_cs_client     = @@character_set_client */;
/*!40101 SET character_set_client = utf8 */;
CREATE TABLE `b_pull_channel` (
  `ID` int(18) NOT NULL AUTO_INCREMENT,
  `USER_ID` int(18) NOT NULL,
  `CHANNEL_TYPE` varchar(50) COLLATE utf8_unicode_ci DEFAULT NULL,
  `CHANNEL_ID` varchar(50) COLLATE utf8_unicode_ci NOT NULL,
  `LAST_ID` int(18) DEFAULT NULL,
  `DATE_CREATE` datetime NOT NULL,
  PRIMARY KEY (`ID`),
  UNIQUE KEY `IX_PULL_CN_UID` (`USER_ID`,`CHANNEL_TYPE`),
  KEY `IX_PULL_CN_CID` (`CHANNEL_ID`),
  KEY `IX_PULL_CN_D` (`DATE_CREATE`)
) ENGINE=InnoDB AUTO_INCREMENT=4 DEFAULT CHARSET=utf8 COLLATE=utf8_unicode_ci;
/*!40101 SET character_set_client = @saved_cs_client */;

--
-- Dumping data for table `b_pull_channel`
--

LOCK TABLES `b_pull_channel` WRITE;
/*!40000 ALTER TABLE `b_pull_channel` DISABLE KEYS */;
INSERT INTO `b_pull_channel` VALUES (2,1,'private','7155e42da1254cb4367459e2b22136c6',0,'2017-06-03 16:52:08'),(3,3,'private','c3bee00a8de6d732fd631bb2e2d0b476',0,'2017-05-24 11:21:58');
/*!40000 ALTER TABLE `b_pull_channel` ENABLE KEYS */;
UNLOCK TABLES;

--
-- Table structure for table `b_pull_push`
--

DROP TABLE IF EXISTS `b_pull_push`;
/*!40101 SET @saved_cs_client     = @@character_set_client */;
/*!40101 SET character_set_client = utf8 */;
CREATE TABLE `b_pull_push` (
  `ID` int(18) NOT NULL AUTO_INCREMENT,
  `USER_ID` int(18) NOT NULL,
  `DEVICE_TYPE` varchar(50) COLLATE utf8_unicode_ci DEFAULT NULL,
  `APP_ID` varchar(50) COLLATE utf8_unicode_ci DEFAULT NULL,
  `UNIQUE_HASH` varchar(50) COLLATE utf8_unicode_ci DEFAULT NULL,
  `DEVICE_ID` varchar(255) COLLATE utf8_unicode_ci DEFAULT NULL,
  `DEVICE_NAME` varchar(50) COLLATE utf8_unicode_ci DEFAULT NULL,
  `DEVICE_TOKEN` varchar(255) COLLATE utf8_unicode_ci NOT NULL,
  `DATE_CREATE` datetime NOT NULL,
  `DATE_AUTH` datetime DEFAULT NULL,
  PRIMARY KEY (`ID`),
  KEY `IX_PULL_PSH_UID` (`USER_ID`),
  KEY `IX_PULL_PSH_UH` (`UNIQUE_HASH`)
) ENGINE=InnoDB DEFAULT CHARSET=utf8 COLLATE=utf8_unicode_ci;
/*!40101 SET character_set_client = @saved_cs_client */;

--
-- Dumping data for table `b_pull_push`
--

LOCK TABLES `b_pull_push` WRITE;
/*!40000 ALTER TABLE `b_pull_push` DISABLE KEYS */;
/*!40000 ALTER TABLE `b_pull_push` ENABLE KEYS */;
UNLOCK TABLES;

--
-- Table structure for table `b_pull_push_queue`
--

DROP TABLE IF EXISTS `b_pull_push_queue`;
/*!40101 SET @saved_cs_client     = @@character_set_client */;
/*!40101 SET character_set_client = utf8 */;
CREATE TABLE `b_pull_push_queue` (
  `ID` int(18) NOT NULL AUTO_INCREMENT,
  `USER_ID` int(18) NOT NULL,
  `TAG` varchar(255) COLLATE utf8_unicode_ci DEFAULT NULL,
  `SUB_TAG` varchar(255) COLLATE utf8_unicode_ci DEFAULT NULL,
  `PARAMS` text COLLATE utf8_unicode_ci,
  `BADGE` int(11) DEFAULT NULL,
  `DATE_CREATE` datetime DEFAULT NULL,
  `APP_ID` varchar(50) COLLATE utf8_unicode_ci DEFAULT NULL,
  `MESSAGE` text COLLATE utf8_unicode_ci,
  `ADVANCED_PARAMS` text COLLATE utf8_unicode_ci,
  PRIMARY KEY (`ID`),
  KEY `IX_PULL_PSHQ_UT` (`USER_ID`,`TAG`),
  KEY `IX_PULL_PSHQ_UST` (`USER_ID`,`SUB_TAG`),
  KEY `IX_PULL_PSHQ_UID` (`USER_ID`),
  KEY `IX_PULL_PSHQ_DC` (`DATE_CREATE`),
  KEY `IX_PULL_PSHQ_AID` (`APP_ID`)
) ENGINE=InnoDB DEFAULT CHARSET=utf8 COLLATE=utf8_unicode_ci;
/*!40101 SET character_set_client = @saved_cs_client */;

--
-- Dumping data for table `b_pull_push_queue`
--

LOCK TABLES `b_pull_push_queue` WRITE;
/*!40000 ALTER TABLE `b_pull_push_queue` DISABLE KEYS */;
/*!40000 ALTER TABLE `b_pull_push_queue` ENABLE KEYS */;
UNLOCK TABLES;

--
-- Table structure for table `b_pull_stack`
--

DROP TABLE IF EXISTS `b_pull_stack`;
/*!40101 SET @saved_cs_client     = @@character_set_client */;
/*!40101 SET character_set_client = utf8 */;
CREATE TABLE `b_pull_stack` (
  `ID` int(18) NOT NULL AUTO_INCREMENT,
  `CHANNEL_ID` varchar(50) COLLATE utf8_unicode_ci NOT NULL,
  `MESSAGE` text COLLATE utf8_unicode_ci NOT NULL,
  `DATE_CREATE` datetime NOT NULL,
  PRIMARY KEY (`ID`),
  KEY `IX_PULL_STACK_CID` (`CHANNEL_ID`),
  KEY `IX_PULL_STACK_D` (`DATE_CREATE`)
) ENGINE=InnoDB AUTO_INCREMENT=41 DEFAULT CHARSET=utf8 COLLATE=utf8_unicode_ci;
/*!40101 SET character_set_client = @saved_cs_client */;

--
-- Dumping data for table `b_pull_stack`
--

LOCK TABLES `b_pull_stack` WRITE;
/*!40000 ALTER TABLE `b_pull_stack` DISABLE KEYS */;
INSERT INTO `b_pull_stack` VALUES (40,'bdc2c60602f7275a2c0008ba516876d7','a:3:{s:9:\"module_id\";s:4:\"pull\";s:7:\"command\";s:11:\"channel_die\";s:6:\"params\";a:2:{s:7:\"replace\";s:0:\"\";s:4:\"from\";s:14:\"delete by user\";}}','2017-06-03 16:37:51');
/*!40000 ALTER TABLE `b_pull_stack` ENABLE KEYS */;
UNLOCK TABLES;

--
-- Table structure for table `b_pull_watch`
--

DROP TABLE IF EXISTS `b_pull_watch`;
/*!40101 SET @saved_cs_client     = @@character_set_client */;
/*!40101 SET character_set_client = utf8 */;
CREATE TABLE `b_pull_watch` (
  `ID` int(18) NOT NULL AUTO_INCREMENT,
  `USER_ID` int(18) NOT NULL,
  `CHANNEL_ID` varchar(50) COLLATE utf8_unicode_ci NOT NULL,
  `TAG` varchar(255) COLLATE utf8_unicode_ci NOT NULL,
  `DATE_CREATE` datetime NOT NULL,
  PRIMARY KEY (`ID`),
  KEY `IX_PULL_W_UT` (`USER_ID`,`TAG`),
  KEY `IX_PULL_W_D` (`DATE_CREATE`),
  KEY `IX_PULL_W_T` (`TAG`)
) ENGINE=InnoDB DEFAULT CHARSET=utf8 COLLATE=utf8_unicode_ci;
/*!40101 SET character_set_client = @saved_cs_client */;

--
-- Dumping data for table `b_pull_watch`
--

LOCK TABLES `b_pull_watch` WRITE;
/*!40000 ALTER TABLE `b_pull_watch` DISABLE KEYS */;
/*!40000 ALTER TABLE `b_pull_watch` ENABLE KEYS */;
UNLOCK TABLES;

--
-- Table structure for table `b_rating`
--

DROP TABLE IF EXISTS `b_rating`;
/*!40101 SET @saved_cs_client     = @@character_set_client */;
/*!40101 SET character_set_client = utf8 */;
CREATE TABLE `b_rating` (
  `ID` int(11) NOT NULL AUTO_INCREMENT,
  `ACTIVE` char(1) COLLATE utf8_unicode_ci NOT NULL,
  `NAME` varchar(512) COLLATE utf8_unicode_ci NOT NULL,
  `ENTITY_ID` varchar(50) COLLATE utf8_unicode_ci NOT NULL,
  `CALCULATION_METHOD` varchar(3) COLLATE utf8_unicode_ci NOT NULL DEFAULT 'SUM',
  `CREATED` datetime DEFAULT NULL,
  `LAST_MODIFIED` datetime DEFAULT NULL,
  `LAST_CALCULATED` datetime DEFAULT NULL,
  `POSITION` char(1) COLLATE utf8_unicode_ci DEFAULT 'N',
  `AUTHORITY` char(1) COLLATE utf8_unicode_ci DEFAULT 'N',
  `CALCULATED` char(1) COLLATE utf8_unicode_ci NOT NULL DEFAULT 'N',
  `CONFIGS` text COLLATE utf8_unicode_ci,
  PRIMARY KEY (`ID`)
) ENGINE=InnoDB AUTO_INCREMENT=3 DEFAULT CHARSET=utf8 COLLATE=utf8_unicode_ci;
/*!40101 SET character_set_client = @saved_cs_client */;

--
-- Dumping data for table `b_rating`
--

LOCK TABLES `b_rating` WRITE;
/*!40000 ALTER TABLE `b_rating` DISABLE KEYS */;
INSERT INTO `b_rating` VALUES (1,'N','Рейтинг','USER','SUM','2016-03-02 18:40:26',NULL,NULL,'Y','N','N','a:3:{s:4:\"MAIN\";a:2:{s:4:\"VOTE\";a:1:{s:4:\"USER\";a:2:{s:11:\"COEFFICIENT\";s:1:\"1\";s:5:\"LIMIT\";s:2:\"30\";}}s:6:\"RATING\";a:1:{s:5:\"BONUS\";a:2:{s:6:\"ACTIVE\";s:1:\"Y\";s:11:\"COEFFICIENT\";s:1:\"1\";}}}s:5:\"FORUM\";a:2:{s:4:\"VOTE\";a:2:{s:5:\"TOPIC\";a:3:{s:6:\"ACTIVE\";s:1:\"Y\";s:11:\"COEFFICIENT\";s:3:\"0.5\";s:5:\"LIMIT\";s:2:\"30\";}s:4:\"POST\";a:3:{s:6:\"ACTIVE\";s:1:\"Y\";s:11:\"COEFFICIENT\";s:3:\"0.1\";s:5:\"LIMIT\";s:2:\"30\";}}s:6:\"RATING\";a:1:{s:8:\"ACTIVITY\";a:9:{s:6:\"ACTIVE\";s:1:\"Y\";s:16:\"TODAY_TOPIC_COEF\";s:3:\"0.4\";s:15:\"WEEK_TOPIC_COEF\";s:3:\"0.2\";s:16:\"MONTH_TOPIC_COEF\";s:3:\"0.1\";s:14:\"ALL_TOPIC_COEF\";s:1:\"0\";s:15:\"TODAY_POST_COEF\";s:3:\"0.2\";s:14:\"WEEK_POST_COEF\";s:3:\"0.1\";s:15:\"MONTH_POST_COEF\";s:4:\"0.05\";s:13:\"ALL_POST_COEF\";s:1:\"0\";}}}s:4:\"BLOG\";a:2:{s:4:\"VOTE\";a:2:{s:4:\"POST\";a:3:{s:6:\"ACTIVE\";s:1:\"Y\";s:11:\"COEFFICIENT\";s:3:\"0.5\";s:5:\"LIMIT\";s:2:\"30\";}s:7:\"COMMENT\";a:3:{s:6:\"ACTIVE\";s:1:\"Y\";s:11:\"COEFFICIENT\";s:3:\"0.1\";s:5:\"LIMIT\";s:2:\"30\";}}s:6:\"RATING\";a:1:{s:8:\"ACTIVITY\";a:9:{s:6:\"ACTIVE\";s:1:\"Y\";s:15:\"TODAY_POST_COEF\";s:3:\"0.4\";s:14:\"WEEK_POST_COEF\";s:3:\"0.2\";s:15:\"MONTH_POST_COEF\";s:3:\"0.1\";s:13:\"ALL_POST_COEF\";s:1:\"0\";s:18:\"TODAY_COMMENT_COEF\";s:3:\"0.2\";s:17:\"WEEK_COMMENT_COEF\";s:3:\"0.1\";s:18:\"MONTH_COMMENT_COEF\";s:4:\"0.05\";s:16:\"ALL_COMMENT_COEF\";s:1:\"0\";}}}}'),(2,'N','Авторитет','USER','SUM','2016-03-02 18:40:26',NULL,NULL,'Y','Y','N','a:3:{s:4:\"MAIN\";a:2:{s:4:\"VOTE\";a:1:{s:4:\"USER\";a:3:{s:6:\"ACTIVE\";s:1:\"Y\";s:11:\"COEFFICIENT\";s:1:\"1\";s:5:\"LIMIT\";s:1:\"0\";}}s:6:\"RATING\";a:1:{s:5:\"BONUS\";a:2:{s:6:\"ACTIVE\";s:1:\"Y\";s:11:\"COEFFICIENT\";s:1:\"1\";}}}s:5:\"FORUM\";a:2:{s:4:\"VOTE\";a:2:{s:5:\"TOPIC\";a:2:{s:11:\"COEFFICIENT\";s:1:\"1\";s:5:\"LIMIT\";s:2:\"30\";}s:4:\"POST\";a:2:{s:11:\"COEFFICIENT\";s:1:\"1\";s:5:\"LIMIT\";s:2:\"30\";}}s:6:\"RATING\";a:1:{s:8:\"ACTIVITY\";a:8:{s:16:\"TODAY_TOPIC_COEF\";s:2:\"20\";s:15:\"WEEK_TOPIC_COEF\";s:2:\"10\";s:16:\"MONTH_TOPIC_COEF\";s:1:\"5\";s:14:\"ALL_TOPIC_COEF\";s:1:\"0\";s:15:\"TODAY_POST_COEF\";s:3:\"0.4\";s:14:\"WEEK_POST_COEF\";s:3:\"0.2\";s:15:\"MONTH_POST_COEF\";s:3:\"0.1\";s:13:\"ALL_POST_COEF\";s:1:\"0\";}}}s:4:\"BLOG\";a:2:{s:4:\"VOTE\";a:2:{s:4:\"POST\";a:2:{s:11:\"COEFFICIENT\";s:1:\"1\";s:5:\"LIMIT\";s:2:\"30\";}s:7:\"COMMENT\";a:2:{s:11:\"COEFFICIENT\";s:1:\"1\";s:5:\"LIMIT\";s:2:\"30\";}}s:6:\"RATING\";a:1:{s:8:\"ACTIVITY\";a:8:{s:15:\"TODAY_POST_COEF\";s:3:\"0.4\";s:14:\"WEEK_POST_COEF\";s:3:\"0.2\";s:15:\"MONTH_POST_COEF\";s:3:\"0.1\";s:13:\"ALL_POST_COEF\";s:1:\"0\";s:18:\"TODAY_COMMENT_COEF\";s:3:\"0.2\";s:17:\"WEEK_COMMENT_COEF\";s:3:\"0.1\";s:18:\"MONTH_COMMENT_COEF\";s:4:\"0.05\";s:16:\"ALL_COMMENT_COEF\";s:1:\"0\";}}}}');
/*!40000 ALTER TABLE `b_rating` ENABLE KEYS */;
UNLOCK TABLES;

--
-- Table structure for table `b_rating_component`
--

DROP TABLE IF EXISTS `b_rating_component`;
/*!40101 SET @saved_cs_client     = @@character_set_client */;
/*!40101 SET character_set_client = utf8 */;
CREATE TABLE `b_rating_component` (
  `ID` int(11) NOT NULL AUTO_INCREMENT,
  `RATING_ID` int(11) NOT NULL,
  `ACTIVE` char(1) COLLATE utf8_unicode_ci NOT NULL DEFAULT 'N',
  `ENTITY_ID` varchar(50) COLLATE utf8_unicode_ci NOT NULL,
  `MODULE_ID` varchar(50) COLLATE utf8_unicode_ci NOT NULL,
  `RATING_TYPE` varchar(50) COLLATE utf8_unicode_ci NOT NULL,
  `NAME` varchar(50) COLLATE utf8_unicode_ci NOT NULL,
  `COMPLEX_NAME` varchar(200) COLLATE utf8_unicode_ci NOT NULL,
  `CLASS` varchar(255) COLLATE utf8_unicode_ci NOT NULL,
  `CALC_METHOD` varchar(255) COLLATE utf8_unicode_ci NOT NULL,
  `EXCEPTION_METHOD` varchar(255) COLLATE utf8_unicode_ci DEFAULT NULL,
  `LAST_MODIFIED` datetime DEFAULT NULL,
  `LAST_CALCULATED` datetime DEFAULT NULL,
  `NEXT_CALCULATION` datetime DEFAULT NULL,
  `REFRESH_INTERVAL` int(11) NOT NULL,
  `CONFIG` text COLLATE utf8_unicode_ci,
  PRIMARY KEY (`ID`),
  KEY `IX_RATING_ID_1` (`RATING_ID`,`ACTIVE`,`NEXT_CALCULATION`)
) ENGINE=InnoDB DEFAULT CHARSET=utf8 COLLATE=utf8_unicode_ci;
/*!40101 SET character_set_client = @saved_cs_client */;

--
-- Dumping data for table `b_rating_component`
--

LOCK TABLES `b_rating_component` WRITE;
/*!40000 ALTER TABLE `b_rating_component` DISABLE KEYS */;
/*!40000 ALTER TABLE `b_rating_component` ENABLE KEYS */;
UNLOCK TABLES;

--
-- Table structure for table `b_rating_component_results`
--

DROP TABLE IF EXISTS `b_rating_component_results`;
/*!40101 SET @saved_cs_client     = @@character_set_client */;
/*!40101 SET character_set_client = utf8 */;
CREATE TABLE `b_rating_component_results` (
  `ID` int(11) NOT NULL AUTO_INCREMENT,
  `RATING_ID` int(11) NOT NULL,
  `ENTITY_TYPE_ID` varchar(50) COLLATE utf8_unicode_ci NOT NULL,
  `ENTITY_ID` int(11) NOT NULL,
  `MODULE_ID` varchar(50) COLLATE utf8_unicode_ci NOT NULL,
  `RATING_TYPE` varchar(50) COLLATE utf8_unicode_ci NOT NULL,
  `NAME` varchar(50) COLLATE utf8_unicode_ci NOT NULL,
  `COMPLEX_NAME` varchar(200) COLLATE utf8_unicode_ci NOT NULL,
  `CURRENT_VALUE` decimal(18,4) DEFAULT NULL,
  PRIMARY KEY (`ID`),
  KEY `IX_ENTITY_TYPE_ID` (`ENTITY_TYPE_ID`),
  KEY `IX_COMPLEX_NAME` (`COMPLEX_NAME`),
  KEY `IX_RATING_ID_2` (`RATING_ID`,`COMPLEX_NAME`)
) ENGINE=InnoDB DEFAULT CHARSET=utf8 COLLATE=utf8_unicode_ci;
/*!40101 SET character_set_client = @saved_cs_client */;

--
-- Dumping data for table `b_rating_component_results`
--

LOCK TABLES `b_rating_component_results` WRITE;
/*!40000 ALTER TABLE `b_rating_component_results` DISABLE KEYS */;
/*!40000 ALTER TABLE `b_rating_component_results` ENABLE KEYS */;
UNLOCK TABLES;

--
-- Table structure for table `b_rating_prepare`
--

DROP TABLE IF EXISTS `b_rating_prepare`;
/*!40101 SET @saved_cs_client     = @@character_set_client */;
/*!40101 SET character_set_client = utf8 */;
CREATE TABLE `b_rating_prepare` (
  `ID` int(11) DEFAULT NULL
) ENGINE=InnoDB DEFAULT CHARSET=utf8 COLLATE=utf8_unicode_ci;
/*!40101 SET character_set_client = @saved_cs_client */;

--
-- Dumping data for table `b_rating_prepare`
--

LOCK TABLES `b_rating_prepare` WRITE;
/*!40000 ALTER TABLE `b_rating_prepare` DISABLE KEYS */;
/*!40000 ALTER TABLE `b_rating_prepare` ENABLE KEYS */;
UNLOCK TABLES;

--
-- Table structure for table `b_rating_results`
--

DROP TABLE IF EXISTS `b_rating_results`;
/*!40101 SET @saved_cs_client     = @@character_set_client */;
/*!40101 SET character_set_client = utf8 */;
CREATE TABLE `b_rating_results` (
  `ID` int(11) NOT NULL AUTO_INCREMENT,
  `RATING_ID` int(11) NOT NULL,
  `ENTITY_TYPE_ID` varchar(50) COLLATE utf8_unicode_ci NOT NULL,
  `ENTITY_ID` int(11) NOT NULL,
  `CURRENT_VALUE` decimal(18,4) DEFAULT NULL,
  `PREVIOUS_VALUE` decimal(18,4) DEFAULT NULL,
  `CURRENT_POSITION` int(11) DEFAULT '0',
  `PREVIOUS_POSITION` int(11) DEFAULT '0',
  PRIMARY KEY (`ID`),
  KEY `IX_RATING_3` (`RATING_ID`,`ENTITY_TYPE_ID`,`ENTITY_ID`),
  KEY `IX_RATING_4` (`RATING_ID`,`ENTITY_ID`)
) ENGINE=InnoDB DEFAULT CHARSET=utf8 COLLATE=utf8_unicode_ci;
/*!40101 SET character_set_client = @saved_cs_client */;

--
-- Dumping data for table `b_rating_results`
--

LOCK TABLES `b_rating_results` WRITE;
/*!40000 ALTER TABLE `b_rating_results` DISABLE KEYS */;
/*!40000 ALTER TABLE `b_rating_results` ENABLE KEYS */;
UNLOCK TABLES;

--
-- Table structure for table `b_rating_rule`
--

DROP TABLE IF EXISTS `b_rating_rule`;
/*!40101 SET @saved_cs_client     = @@character_set_client */;
/*!40101 SET character_set_client = utf8 */;
CREATE TABLE `b_rating_rule` (
  `ID` int(11) NOT NULL AUTO_INCREMENT,
  `ACTIVE` char(1) COLLATE utf8_unicode_ci NOT NULL DEFAULT 'N',
  `NAME` varchar(256) COLLATE utf8_unicode_ci NOT NULL,
  `ENTITY_TYPE_ID` varchar(50) COLLATE utf8_unicode_ci NOT NULL,
  `CONDITION_NAME` varchar(200) COLLATE utf8_unicode_ci NOT NULL,
  `CONDITION_MODULE` varchar(50) COLLATE utf8_unicode_ci DEFAULT NULL,
  `CONDITION_CLASS` varchar(255) COLLATE utf8_unicode_ci NOT NULL,
  `CONDITION_METHOD` varchar(255) COLLATE utf8_unicode_ci NOT NULL,
  `CONDITION_CONFIG` text COLLATE utf8_unicode_ci,
  `ACTION_NAME` varchar(200) COLLATE utf8_unicode_ci NOT NULL,
  `ACTION_CONFIG` text COLLATE utf8_unicode_ci,
  `ACTIVATE` char(1) COLLATE utf8_unicode_ci NOT NULL DEFAULT 'N',
  `ACTIVATE_CLASS` varchar(255) COLLATE utf8_unicode_ci NOT NULL,
  `ACTIVATE_METHOD` varchar(255) COLLATE utf8_unicode_ci NOT NULL,
  `DEACTIVATE` char(1) COLLATE utf8_unicode_ci NOT NULL DEFAULT 'N',
  `DEACTIVATE_CLASS` varchar(255) COLLATE utf8_unicode_ci NOT NULL,
  `DEACTIVATE_METHOD` varchar(255) COLLATE utf8_unicode_ci NOT NULL,
  `CREATED` datetime DEFAULT NULL,
  `LAST_MODIFIED` datetime DEFAULT NULL,
  `LAST_APPLIED` datetime DEFAULT NULL,
  PRIMARY KEY (`ID`)
) ENGINE=InnoDB AUTO_INCREMENT=6 DEFAULT CHARSET=utf8 COLLATE=utf8_unicode_ci;
/*!40101 SET character_set_client = @saved_cs_client */;

--
-- Dumping data for table `b_rating_rule`
--

LOCK TABLES `b_rating_rule` WRITE;
/*!40000 ALTER TABLE `b_rating_rule` DISABLE KEYS */;
INSERT INTO `b_rating_rule` VALUES (1,'N','Добавление в группу пользователей, имеющих право голосовать за рейтинг','USER','AUTHORITY',NULL,'CRatingRulesMain','ratingCheck','a:1:{s:9:\"AUTHORITY\";a:2:{s:16:\"RATING_CONDITION\";i:1;s:12:\"RATING_VALUE\";i:1;}}','ADD_TO_GROUP','a:1:{s:12:\"ADD_TO_GROUP\";a:1:{s:8:\"GROUP_ID\";s:1:\"3\";}}','N','CRatingRulesMain','addToGroup','N','CRatingRulesMain ','addToGroup','2016-03-02 18:40:26','2016-03-02 18:40:26',NULL),(2,'N','Удаление из группы пользователей, не имеющих права голосовать за рейтинг','USER','AUTHORITY',NULL,'CRatingRulesMain','ratingCheck','a:1:{s:9:\"AUTHORITY\";a:2:{s:16:\"RATING_CONDITION\";i:2;s:12:\"RATING_VALUE\";i:1;}}','REMOVE_FROM_GROUP','a:1:{s:17:\"REMOVE_FROM_GROUP\";a:1:{s:8:\"GROUP_ID\";s:1:\"3\";}}','N','CRatingRulesMain','removeFromGroup','N','CRatingRulesMain ','removeFromGroup','2016-03-02 18:40:26','2016-03-02 18:40:26',NULL),(3,'N','Добавление в группу пользователей, имеющих право голосовать за авторитет','USER','AUTHORITY',NULL,'CRatingRulesMain','ratingCheck','a:1:{s:9:\"AUTHORITY\";a:2:{s:16:\"RATING_CONDITION\";i:1;s:12:\"RATING_VALUE\";i:2;}}','ADD_TO_GROUP','a:1:{s:12:\"ADD_TO_GROUP\";a:1:{s:8:\"GROUP_ID\";s:1:\"4\";}}','N','CRatingRulesMain','addToGroup','N','CRatingRulesMain ','addToGroup','2016-03-02 18:40:26','2016-03-02 18:40:26',NULL),(4,'N','Удаление из группы пользователей, не имеющих права голосовать за авторитет','USER','AUTHORITY',NULL,'CRatingRulesMain','ratingCheck','a:1:{s:9:\"AUTHORITY\";a:2:{s:16:\"RATING_CONDITION\";i:2;s:12:\"RATING_VALUE\";i:2;}}','REMOVE_FROM_GROUP','a:1:{s:17:\"REMOVE_FROM_GROUP\";a:1:{s:8:\"GROUP_ID\";s:1:\"4\";}}','N','CRatingRulesMain','removeFromGroup','N','CRatingRulesMain ','removeFromGroup','2016-03-02 18:40:26','2016-03-02 18:40:26',NULL),(5,'Y','Автоматическое голосование за авторитет пользователя','USER','VOTE',NULL,'CRatingRulesMain','voteCheck','a:1:{s:4:\"VOTE\";a:6:{s:10:\"VOTE_LIMIT\";i:90;s:11:\"VOTE_RESULT\";i:10;s:16:\"VOTE_FORUM_TOPIC\";d:0.5;s:15:\"VOTE_FORUM_POST\";d:0.10000000000000001;s:14:\"VOTE_BLOG_POST\";d:0.5;s:17:\"VOTE_BLOG_COMMENT\";d:0.10000000000000001;}}','empty','a:0:{}','N','empty','empty','N','empty ','empty','2016-03-02 18:40:26','2016-03-02 18:40:26',NULL);
/*!40000 ALTER TABLE `b_rating_rule` ENABLE KEYS */;
UNLOCK TABLES;

--
-- Table structure for table `b_rating_rule_vetting`
--

DROP TABLE IF EXISTS `b_rating_rule_vetting`;
/*!40101 SET @saved_cs_client     = @@character_set_client */;
/*!40101 SET character_set_client = utf8 */;
CREATE TABLE `b_rating_rule_vetting` (
  `ID` int(11) NOT NULL AUTO_INCREMENT,
  `RULE_ID` int(11) NOT NULL,
  `ENTITY_TYPE_ID` varchar(50) COLLATE utf8_unicode_ci NOT NULL,
  `ENTITY_ID` int(11) NOT NULL,
  `ACTIVATE` char(1) COLLATE utf8_unicode_ci NOT NULL DEFAULT 'N',
  `APPLIED` char(1) COLLATE utf8_unicode_ci NOT NULL DEFAULT 'N',
  PRIMARY KEY (`ID`),
  KEY `RULE_ID` (`RULE_ID`,`ENTITY_TYPE_ID`,`ENTITY_ID`)
) ENGINE=InnoDB DEFAULT CHARSET=utf8 COLLATE=utf8_unicode_ci;
/*!40101 SET character_set_client = @saved_cs_client */;

--
-- Dumping data for table `b_rating_rule_vetting`
--

LOCK TABLES `b_rating_rule_vetting` WRITE;
/*!40000 ALTER TABLE `b_rating_rule_vetting` DISABLE KEYS */;
/*!40000 ALTER TABLE `b_rating_rule_vetting` ENABLE KEYS */;
UNLOCK TABLES;

--
-- Table structure for table `b_rating_user`
--

DROP TABLE IF EXISTS `b_rating_user`;
/*!40101 SET @saved_cs_client     = @@character_set_client */;
/*!40101 SET character_set_client = utf8 */;
CREATE TABLE `b_rating_user` (
  `ID` int(11) NOT NULL AUTO_INCREMENT,
  `RATING_ID` int(11) NOT NULL,
  `ENTITY_ID` int(11) NOT NULL,
  `BONUS` decimal(18,4) DEFAULT '0.0000',
  `VOTE_WEIGHT` decimal(18,4) DEFAULT '0.0000',
  `VOTE_COUNT` int(11) DEFAULT '0',
  PRIMARY KEY (`ID`),
  KEY `RATING_ID` (`RATING_ID`,`ENTITY_ID`),
  KEY `IX_B_RAT_USER_2` (`ENTITY_ID`)
) ENGINE=InnoDB AUTO_INCREMENT=4 DEFAULT CHARSET=utf8 COLLATE=utf8_unicode_ci;
/*!40101 SET character_set_client = @saved_cs_client */;

--
-- Dumping data for table `b_rating_user`
--

LOCK TABLES `b_rating_user` WRITE;
/*!40000 ALTER TABLE `b_rating_user` DISABLE KEYS */;
INSERT INTO `b_rating_user` VALUES (1,2,1,3.0000,30.0000,13),(2,2,2,3.0000,30.0000,13),(3,2,3,3.0000,30.0000,13);
/*!40000 ALTER TABLE `b_rating_user` ENABLE KEYS */;
UNLOCK TABLES;

--
-- Table structure for table `b_rating_vote`
--

DROP TABLE IF EXISTS `b_rating_vote`;
/*!40101 SET @saved_cs_client     = @@character_set_client */;
/*!40101 SET character_set_client = utf8 */;
CREATE TABLE `b_rating_vote` (
  `ID` int(11) NOT NULL AUTO_INCREMENT,
  `RATING_VOTING_ID` int(11) NOT NULL,
  `ENTITY_TYPE_ID` varchar(50) COLLATE utf8_unicode_ci NOT NULL,
  `ENTITY_ID` int(11) NOT NULL,
  `OWNER_ID` int(11) NOT NULL,
  `VALUE` decimal(18,4) NOT NULL,
  `ACTIVE` char(1) COLLATE utf8_unicode_ci NOT NULL,
  `CREATED` datetime NOT NULL,
  `USER_ID` int(11) NOT NULL,
  `USER_IP` varchar(64) COLLATE utf8_unicode_ci NOT NULL,
  PRIMARY KEY (`ID`),
  KEY `IX_RAT_VOTE_ID` (`RATING_VOTING_ID`,`USER_ID`),
  KEY `IX_RAT_VOTE_ID_2` (`ENTITY_TYPE_ID`,`ENTITY_ID`,`USER_ID`),
  KEY `IX_RAT_VOTE_ID_3` (`OWNER_ID`,`CREATED`),
  KEY `IX_RAT_VOTE_ID_4` (`USER_ID`),
  KEY `IX_RAT_VOTE_ID_5` (`CREATED`,`VALUE`),
  KEY `IX_RAT_VOTE_ID_6` (`ACTIVE`),
  KEY `IX_RAT_VOTE_ID_7` (`RATING_VOTING_ID`,`CREATED`),
  KEY `IX_RAT_VOTE_ID_8` (`ENTITY_TYPE_ID`,`CREATED`),
  KEY `IX_RAT_VOTE_ID_9` (`CREATED`,`USER_ID`)
) ENGINE=InnoDB AUTO_INCREMENT=4 DEFAULT CHARSET=utf8 COLLATE=utf8_unicode_ci;
/*!40101 SET character_set_client = @saved_cs_client */;

--
-- Dumping data for table `b_rating_vote`
--

LOCK TABLES `b_rating_vote` WRITE;
/*!40000 ALTER TABLE `b_rating_vote` DISABLE KEYS */;
INSERT INTO `b_rating_vote` VALUES (2,1,'BLOG_COMMENT',1,1,-30.0000,'Y','2017-01-30 12:27:04',1,'192.168.56.1'),(3,2,'BLOG_COMMENT',2,1,30.0000,'Y','2017-01-30 12:42:46',1,'192.168.56.1');
/*!40000 ALTER TABLE `b_rating_vote` ENABLE KEYS */;
UNLOCK TABLES;

--
-- Table structure for table `b_rating_vote_group`
--

DROP TABLE IF EXISTS `b_rating_vote_group`;
/*!40101 SET @saved_cs_client     = @@character_set_client */;
/*!40101 SET character_set_client = utf8 */;
CREATE TABLE `b_rating_vote_group` (
  `ID` int(11) NOT NULL AUTO_INCREMENT,
  `GROUP_ID` int(11) NOT NULL,
  `TYPE` char(1) COLLATE utf8_unicode_ci NOT NULL,
  PRIMARY KEY (`ID`),
  KEY `RATING_ID` (`GROUP_ID`,`TYPE`)
) ENGINE=InnoDB AUTO_INCREMENT=7 DEFAULT CHARSET=utf8 COLLATE=utf8_unicode_ci;
/*!40101 SET character_set_client = @saved_cs_client */;

--
-- Dumping data for table `b_rating_vote_group`
--

LOCK TABLES `b_rating_vote_group` WRITE;
/*!40000 ALTER TABLE `b_rating_vote_group` DISABLE KEYS */;
INSERT INTO `b_rating_vote_group` VALUES (5,1,'A'),(1,1,'R'),(3,1,'R'),(2,3,'R'),(4,3,'R'),(6,4,'A');
/*!40000 ALTER TABLE `b_rating_vote_group` ENABLE KEYS */;
UNLOCK TABLES;

--
-- Table structure for table `b_rating_voting`
--

DROP TABLE IF EXISTS `b_rating_voting`;
/*!40101 SET @saved_cs_client     = @@character_set_client */;
/*!40101 SET character_set_client = utf8 */;
CREATE TABLE `b_rating_voting` (
  `ID` int(11) NOT NULL AUTO_INCREMENT,
  `ENTITY_TYPE_ID` varchar(50) COLLATE utf8_unicode_ci NOT NULL,
  `ENTITY_ID` int(11) NOT NULL,
  `OWNER_ID` int(11) NOT NULL,
  `ACTIVE` char(1) COLLATE utf8_unicode_ci NOT NULL,
  `CREATED` datetime DEFAULT NULL,
  `LAST_CALCULATED` datetime DEFAULT NULL,
  `TOTAL_VALUE` decimal(18,4) NOT NULL,
  `TOTAL_VOTES` int(11) NOT NULL,
  `TOTAL_POSITIVE_VOTES` int(11) NOT NULL,
  `TOTAL_NEGATIVE_VOTES` int(11) NOT NULL,
  PRIMARY KEY (`ID`),
  KEY `IX_ENTITY_TYPE_ID_2` (`ENTITY_TYPE_ID`,`ENTITY_ID`,`ACTIVE`),
  KEY `IX_ENTITY_TYPE_ID_4` (`TOTAL_VALUE`)
) ENGINE=InnoDB AUTO_INCREMENT=3 DEFAULT CHARSET=utf8 COLLATE=utf8_unicode_ci;
/*!40101 SET character_set_client = @saved_cs_client */;

--
-- Dumping data for table `b_rating_voting`
--

LOCK TABLES `b_rating_voting` WRITE;
/*!40000 ALTER TABLE `b_rating_voting` DISABLE KEYS */;
INSERT INTO `b_rating_voting` VALUES (1,'BLOG_COMMENT',1,1,'Y','2017-01-30 12:27:01','2017-01-30 12:27:04',-30.0000,1,0,1),(2,'BLOG_COMMENT',2,1,'Y','2017-01-30 12:42:46','2017-01-30 12:42:46',30.0000,1,1,0);
/*!40000 ALTER TABLE `b_rating_voting` ENABLE KEYS */;
UNLOCK TABLES;

--
-- Table structure for table `b_rating_voting_prepare`
--

DROP TABLE IF EXISTS `b_rating_voting_prepare`;
/*!40101 SET @saved_cs_client     = @@character_set_client */;
/*!40101 SET character_set_client = utf8 */;
CREATE TABLE `b_rating_voting_prepare` (
  `ID` int(11) NOT NULL AUTO_INCREMENT,
  `RATING_VOTING_ID` int(11) NOT NULL,
  `TOTAL_VALUE` decimal(18,4) NOT NULL,
  `TOTAL_VOTES` int(11) NOT NULL,
  `TOTAL_POSITIVE_VOTES` int(11) NOT NULL,
  `TOTAL_NEGATIVE_VOTES` int(11) NOT NULL,
  PRIMARY KEY (`ID`),
  KEY `IX_RATING_VOTING_ID` (`RATING_VOTING_ID`)
) ENGINE=InnoDB DEFAULT CHARSET=utf8 COLLATE=utf8_unicode_ci;
/*!40101 SET character_set_client = @saved_cs_client */;

--
-- Dumping data for table `b_rating_voting_prepare`
--

LOCK TABLES `b_rating_voting_prepare` WRITE;
/*!40000 ALTER TABLE `b_rating_voting_prepare` DISABLE KEYS */;
/*!40000 ALTER TABLE `b_rating_voting_prepare` ENABLE KEYS */;
UNLOCK TABLES;

--
-- Table structure for table `b_rating_weight`
--

DROP TABLE IF EXISTS `b_rating_weight`;
/*!40101 SET @saved_cs_client     = @@character_set_client */;
/*!40101 SET character_set_client = utf8 */;
CREATE TABLE `b_rating_weight` (
  `ID` int(11) NOT NULL AUTO_INCREMENT,
  `RATING_FROM` decimal(18,4) NOT NULL,
  `RATING_TO` decimal(18,4) NOT NULL,
  `WEIGHT` decimal(18,4) DEFAULT '0.0000',
  `COUNT` int(11) DEFAULT '0',
  PRIMARY KEY (`ID`)
) ENGINE=InnoDB AUTO_INCREMENT=2 DEFAULT CHARSET=utf8 COLLATE=utf8_unicode_ci;
/*!40101 SET character_set_client = @saved_cs_client */;

--
-- Dumping data for table `b_rating_weight`
--

LOCK TABLES `b_rating_weight` WRITE;
/*!40000 ALTER TABLE `b_rating_weight` DISABLE KEYS */;
INSERT INTO `b_rating_weight` VALUES (1,-1000000.0000,1000000.0000,1.0000,10);
/*!40000 ALTER TABLE `b_rating_weight` ENABLE KEYS */;
UNLOCK TABLES;

--
-- Table structure for table `b_report`
--

DROP TABLE IF EXISTS `b_report`;
/*!40101 SET @saved_cs_client     = @@character_set_client */;
/*!40101 SET character_set_client = utf8 */;
CREATE TABLE `b_report` (
  `ID` int(11) unsigned NOT NULL AUTO_INCREMENT,
  `OWNER_ID` varchar(20) COLLATE utf8_unicode_ci DEFAULT NULL,
  `TITLE` varchar(255) COLLATE utf8_unicode_ci NOT NULL,
  `DESCRIPTION` text COLLATE utf8_unicode_ci,
  `CREATED_DATE` datetime NOT NULL,
  `CREATED_BY` int(11) unsigned NOT NULL,
  `SETTINGS` text COLLATE utf8_unicode_ci,
  `MARK_DEFAULT` smallint(5) unsigned DEFAULT NULL,
  PRIMARY KEY (`ID`),
  KEY `OWNER_ID` (`OWNER_ID`)
) ENGINE=InnoDB DEFAULT CHARSET=utf8 COLLATE=utf8_unicode_ci;
/*!40101 SET character_set_client = @saved_cs_client */;

--
-- Dumping data for table `b_report`
--

LOCK TABLES `b_report` WRITE;
/*!40000 ALTER TABLE `b_report` DISABLE KEYS */;
/*!40000 ALTER TABLE `b_report` ENABLE KEYS */;
UNLOCK TABLES;

--
-- Table structure for table `b_report_sharing`
--

DROP TABLE IF EXISTS `b_report_sharing`;
/*!40101 SET @saved_cs_client     = @@character_set_client */;
/*!40101 SET character_set_client = utf8 */;
CREATE TABLE `b_report_sharing` (
  `ID` int(11) NOT NULL AUTO_INCREMENT,
  `REPORT_ID` int(11) NOT NULL DEFAULT '0',
  `ENTITY` varchar(50) COLLATE utf8_unicode_ci NOT NULL,
  `RIGHTS` varchar(50) COLLATE utf8_unicode_ci NOT NULL,
  PRIMARY KEY (`ID`),
  KEY `IX_ENTITY` (`ENTITY`),
  KEY `IX_REPORT_ID` (`REPORT_ID`)
) ENGINE=MyISAM DEFAULT CHARSET=utf8 COLLATE=utf8_unicode_ci;
/*!40101 SET character_set_client = @saved_cs_client */;

--
-- Dumping data for table `b_report_sharing`
--

LOCK TABLES `b_report_sharing` WRITE;
/*!40000 ALTER TABLE `b_report_sharing` DISABLE KEYS */;
/*!40000 ALTER TABLE `b_report_sharing` ENABLE KEYS */;
UNLOCK TABLES;

--
-- Table structure for table `b_sale_affiliate`
--

DROP TABLE IF EXISTS `b_sale_affiliate`;
/*!40101 SET @saved_cs_client     = @@character_set_client */;
/*!40101 SET character_set_client = utf8 */;
CREATE TABLE `b_sale_affiliate` (
  `ID` int(11) NOT NULL AUTO_INCREMENT,
  `SITE_ID` char(2) COLLATE utf8_unicode_ci NOT NULL,
  `USER_ID` int(11) NOT NULL,
  `AFFILIATE_ID` int(11) DEFAULT NULL,
  `PLAN_ID` int(11) NOT NULL,
  `ACTIVE` char(1) COLLATE utf8_unicode_ci NOT NULL DEFAULT 'Y',
  `TIMESTAMP_X` timestamp NOT NULL DEFAULT CURRENT_TIMESTAMP ON UPDATE CURRENT_TIMESTAMP,
  `DATE_CREATE` datetime NOT NULL,
  `PAID_SUM` decimal(18,4) NOT NULL DEFAULT '0.0000',
  `APPROVED_SUM` decimal(18,4) NOT NULL DEFAULT '0.0000',
  `PENDING_SUM` decimal(18,4) NOT NULL DEFAULT '0.0000',
  `ITEMS_NUMBER` int(11) NOT NULL DEFAULT '0',
  `ITEMS_SUM` decimal(18,4) NOT NULL DEFAULT '0.0000',
  `LAST_CALCULATE` datetime DEFAULT NULL,
  `AFF_SITE` varchar(200) COLLATE utf8_unicode_ci DEFAULT NULL,
  `AFF_DESCRIPTION` text COLLATE utf8_unicode_ci,
  `FIX_PLAN` char(1) COLLATE utf8_unicode_ci NOT NULL DEFAULT 'N',
  PRIMARY KEY (`ID`),
  UNIQUE KEY `IX_SAA_USER_ID` (`USER_ID`,`SITE_ID`),
  KEY `IX_SAA_AFFILIATE_ID` (`AFFILIATE_ID`)
) ENGINE=InnoDB DEFAULT CHARSET=utf8 COLLATE=utf8_unicode_ci;
/*!40101 SET character_set_client = @saved_cs_client */;

--
-- Dumping data for table `b_sale_affiliate`
--

LOCK TABLES `b_sale_affiliate` WRITE;
/*!40000 ALTER TABLE `b_sale_affiliate` DISABLE KEYS */;
/*!40000 ALTER TABLE `b_sale_affiliate` ENABLE KEYS */;
UNLOCK TABLES;

--
-- Table structure for table `b_sale_affiliate_plan`
--

DROP TABLE IF EXISTS `b_sale_affiliate_plan`;
/*!40101 SET @saved_cs_client     = @@character_set_client */;
/*!40101 SET character_set_client = utf8 */;
CREATE TABLE `b_sale_affiliate_plan` (
  `ID` int(11) NOT NULL AUTO_INCREMENT,
  `SITE_ID` char(2) COLLATE utf8_unicode_ci NOT NULL,
  `NAME` varchar(250) COLLATE utf8_unicode_ci NOT NULL,
  `DESCRIPTION` text COLLATE utf8_unicode_ci,
  `TIMESTAMP_X` timestamp NOT NULL DEFAULT CURRENT_TIMESTAMP ON UPDATE CURRENT_TIMESTAMP,
  `ACTIVE` char(1) COLLATE utf8_unicode_ci NOT NULL DEFAULT 'Y',
  `BASE_RATE` decimal(18,4) NOT NULL DEFAULT '0.0000',
  `BASE_RATE_TYPE` char(1) COLLATE utf8_unicode_ci NOT NULL DEFAULT 'P',
  `BASE_RATE_CURRENCY` char(3) COLLATE utf8_unicode_ci DEFAULT NULL,
  `MIN_PAY` decimal(18,4) NOT NULL DEFAULT '0.0000',
  `MIN_PLAN_VALUE` decimal(18,4) DEFAULT NULL,
  `VALUE_CURRENCY` char(3) COLLATE utf8_unicode_ci DEFAULT NULL,
  PRIMARY KEY (`ID`)
) ENGINE=InnoDB DEFAULT CHARSET=utf8 COLLATE=utf8_unicode_ci;
/*!40101 SET character_set_client = @saved_cs_client */;

--
-- Dumping data for table `b_sale_affiliate_plan`
--

LOCK TABLES `b_sale_affiliate_plan` WRITE;
/*!40000 ALTER TABLE `b_sale_affiliate_plan` DISABLE KEYS */;
/*!40000 ALTER TABLE `b_sale_affiliate_plan` ENABLE KEYS */;
UNLOCK TABLES;

--
-- Table structure for table `b_sale_affiliate_plan_section`
--

DROP TABLE IF EXISTS `b_sale_affiliate_plan_section`;
/*!40101 SET @saved_cs_client     = @@character_set_client */;
/*!40101 SET character_set_client = utf8 */;
CREATE TABLE `b_sale_affiliate_plan_section` (
  `ID` int(11) NOT NULL AUTO_INCREMENT,
  `PLAN_ID` int(11) NOT NULL,
  `MODULE_ID` varchar(50) COLLATE utf8_unicode_ci NOT NULL DEFAULT 'catalog',
  `SECTION_ID` varchar(255) COLLATE utf8_unicode_ci NOT NULL,
  `RATE` decimal(18,4) NOT NULL DEFAULT '0.0000',
  `RATE_TYPE` char(1) COLLATE utf8_unicode_ci NOT NULL DEFAULT 'P',
  `RATE_CURRENCY` char(3) COLLATE utf8_unicode_ci DEFAULT NULL,
  PRIMARY KEY (`ID`),
  UNIQUE KEY `IX_SAP_PLAN_ID` (`PLAN_ID`,`MODULE_ID`,`SECTION_ID`)
) ENGINE=InnoDB DEFAULT CHARSET=utf8 COLLATE=utf8_unicode_ci;
/*!40101 SET character_set_client = @saved_cs_client */;

--
-- Dumping data for table `b_sale_affiliate_plan_section`
--

LOCK TABLES `b_sale_affiliate_plan_section` WRITE;
/*!40000 ALTER TABLE `b_sale_affiliate_plan_section` DISABLE KEYS */;
/*!40000 ALTER TABLE `b_sale_affiliate_plan_section` ENABLE KEYS */;
UNLOCK TABLES;

--
-- Table structure for table `b_sale_affiliate_tier`
--

DROP TABLE IF EXISTS `b_sale_affiliate_tier`;
/*!40101 SET @saved_cs_client     = @@character_set_client */;
/*!40101 SET character_set_client = utf8 */;
CREATE TABLE `b_sale_affiliate_tier` (
  `ID` int(11) NOT NULL AUTO_INCREMENT,
  `SITE_ID` char(2) COLLATE utf8_unicode_ci NOT NULL,
  `RATE1` decimal(18,4) NOT NULL DEFAULT '0.0000',
  `RATE2` decimal(18,4) NOT NULL DEFAULT '0.0000',
  `RATE3` decimal(18,4) NOT NULL DEFAULT '0.0000',
  `RATE4` decimal(18,4) NOT NULL DEFAULT '0.0000',
  `RATE5` decimal(18,4) NOT NULL DEFAULT '0.0000',
  PRIMARY KEY (`ID`),
  UNIQUE KEY `IX_SAT_SITE_ID` (`SITE_ID`)
) ENGINE=InnoDB DEFAULT CHARSET=utf8 COLLATE=utf8_unicode_ci;
/*!40101 SET character_set_client = @saved_cs_client */;

--
-- Dumping data for table `b_sale_affiliate_tier`
--

LOCK TABLES `b_sale_affiliate_tier` WRITE;
/*!40000 ALTER TABLE `b_sale_affiliate_tier` DISABLE KEYS */;
/*!40000 ALTER TABLE `b_sale_affiliate_tier` ENABLE KEYS */;
UNLOCK TABLES;

--
-- Table structure for table `b_sale_affiliate_transact`
--

DROP TABLE IF EXISTS `b_sale_affiliate_transact`;
/*!40101 SET @saved_cs_client     = @@character_set_client */;
/*!40101 SET character_set_client = utf8 */;
CREATE TABLE `b_sale_affiliate_transact` (
  `ID` int(11) NOT NULL AUTO_INCREMENT,
  `AFFILIATE_ID` int(11) NOT NULL,
  `TIMESTAMP_X` timestamp NOT NULL DEFAULT CURRENT_TIMESTAMP ON UPDATE CURRENT_TIMESTAMP,
  `TRANSACT_DATE` datetime NOT NULL,
  `AMOUNT` decimal(18,4) NOT NULL,
  `CURRENCY` char(3) COLLATE utf8_unicode_ci NOT NULL,
  `DEBIT` char(1) COLLATE utf8_unicode_ci NOT NULL DEFAULT 'N',
  `DESCRIPTION` varchar(100) COLLATE utf8_unicode_ci NOT NULL,
  `EMPLOYEE_ID` int(11) DEFAULT NULL,
  PRIMARY KEY (`ID`),
  KEY `IX_SAT_AFFILIATE_ID` (`AFFILIATE_ID`)
) ENGINE=InnoDB DEFAULT CHARSET=utf8 COLLATE=utf8_unicode_ci;
/*!40101 SET character_set_client = @saved_cs_client */;

--
-- Dumping data for table `b_sale_affiliate_transact`
--

LOCK TABLES `b_sale_affiliate_transact` WRITE;
/*!40000 ALTER TABLE `b_sale_affiliate_transact` DISABLE KEYS */;
/*!40000 ALTER TABLE `b_sale_affiliate_transact` ENABLE KEYS */;
UNLOCK TABLES;

--
-- Table structure for table `b_sale_auxiliary`
--

DROP TABLE IF EXISTS `b_sale_auxiliary`;
/*!40101 SET @saved_cs_client     = @@character_set_client */;
/*!40101 SET character_set_client = utf8 */;
CREATE TABLE `b_sale_auxiliary` (
  `ID` int(11) NOT NULL AUTO_INCREMENT,
  `TIMESTAMP_X` timestamp NOT NULL DEFAULT CURRENT_TIMESTAMP ON UPDATE CURRENT_TIMESTAMP,
  `ITEM` varchar(255) COLLATE utf8_unicode_ci NOT NULL,
  `ITEM_MD5` varchar(32) COLLATE utf8_unicode_ci NOT NULL,
  `USER_ID` int(11) NOT NULL,
  `DATE_INSERT` datetime NOT NULL,
  PRIMARY KEY (`ID`),
  UNIQUE KEY `IX_STT_USER_ITEM` (`USER_ID`,`ITEM_MD5`)
) ENGINE=InnoDB DEFAULT CHARSET=utf8 COLLATE=utf8_unicode_ci;
/*!40101 SET character_set_client = @saved_cs_client */;

--
-- Dumping data for table `b_sale_auxiliary`
--

LOCK TABLES `b_sale_auxiliary` WRITE;
/*!40000 ALTER TABLE `b_sale_auxiliary` DISABLE KEYS */;
/*!40000 ALTER TABLE `b_sale_auxiliary` ENABLE KEYS */;
UNLOCK TABLES;

--
-- Table structure for table `b_sale_basket`
--

DROP TABLE IF EXISTS `b_sale_basket`;
/*!40101 SET @saved_cs_client     = @@character_set_client */;
/*!40101 SET character_set_client = utf8 */;
CREATE TABLE `b_sale_basket` (
  `ID` int(11) NOT NULL AUTO_INCREMENT,
  `FUSER_ID` int(11) NOT NULL,
  `ORDER_ID` int(11) DEFAULT NULL,
  `PRODUCT_ID` int(11) NOT NULL,
  `PRODUCT_PRICE_ID` int(11) DEFAULT NULL,
  `PRICE` decimal(18,4) NOT NULL,
  `CURRENCY` char(3) COLLATE utf8_unicode_ci NOT NULL,
  `BASE_PRICE` decimal(18,4) DEFAULT NULL,
  `VAT_INCLUDED` char(1) COLLATE utf8_unicode_ci NOT NULL DEFAULT 'Y',
  `DATE_INSERT` datetime NOT NULL,
  `DATE_UPDATE` datetime NOT NULL,
  `WEIGHT` double(18,2) DEFAULT NULL,
  `QUANTITY` double(18,4) NOT NULL DEFAULT '0.0000',
  `LID` char(2) COLLATE utf8_unicode_ci NOT NULL,
  `DELAY` char(1) COLLATE utf8_unicode_ci NOT NULL DEFAULT 'N',
  `NAME` varchar(255) COLLATE utf8_unicode_ci NOT NULL,
  `CAN_BUY` char(1) COLLATE utf8_unicode_ci NOT NULL DEFAULT 'Y',
  `MODULE` varchar(100) COLLATE utf8_unicode_ci DEFAULT NULL,
  `CALLBACK_FUNC` varchar(100) COLLATE utf8_unicode_ci DEFAULT NULL,
  `NOTES` varchar(250) COLLATE utf8_unicode_ci DEFAULT NULL,
  `ORDER_CALLBACK_FUNC` varchar(100) COLLATE utf8_unicode_ci DEFAULT NULL,
  `DETAIL_PAGE_URL` varchar(250) COLLATE utf8_unicode_ci DEFAULT NULL,
  `DISCOUNT_PRICE` decimal(18,4) NOT NULL,
  `CANCEL_CALLBACK_FUNC` varchar(100) COLLATE utf8_unicode_ci DEFAULT NULL,
  `PAY_CALLBACK_FUNC` varchar(100) COLLATE utf8_unicode_ci DEFAULT NULL,
  `PRODUCT_PROVIDER_CLASS` varchar(100) COLLATE utf8_unicode_ci DEFAULT NULL,
  `CATALOG_XML_ID` varchar(100) COLLATE utf8_unicode_ci DEFAULT NULL,
  `PRODUCT_XML_ID` varchar(100) COLLATE utf8_unicode_ci DEFAULT NULL,
  `DISCOUNT_NAME` varchar(255) COLLATE utf8_unicode_ci DEFAULT NULL,
  `DISCOUNT_VALUE` char(32) COLLATE utf8_unicode_ci DEFAULT NULL,
  `DISCOUNT_COUPON` char(32) COLLATE utf8_unicode_ci DEFAULT NULL,
  `VAT_RATE` decimal(18,4) DEFAULT '0.0000',
  `SUBSCRIBE` char(1) COLLATE utf8_unicode_ci NOT NULL DEFAULT 'N',
  `DEDUCTED` char(1) COLLATE utf8_unicode_ci NOT NULL DEFAULT 'N',
  `RESERVED` char(1) COLLATE utf8_unicode_ci NOT NULL DEFAULT 'N',
  `BARCODE_MULTI` char(1) COLLATE utf8_unicode_ci NOT NULL DEFAULT 'N',
  `RESERVE_QUANTITY` double DEFAULT NULL,
  `CUSTOM_PRICE` char(1) COLLATE utf8_unicode_ci NOT NULL DEFAULT 'N',
  `DIMENSIONS` varchar(255) COLLATE utf8_unicode_ci DEFAULT NULL,
  `TYPE` int(11) DEFAULT NULL,
  `SET_PARENT_ID` int(11) DEFAULT NULL,
  `MEASURE_CODE` int(11) DEFAULT NULL,
  `MEASURE_NAME` varchar(50) COLLATE utf8_unicode_ci DEFAULT NULL,
  `RECOMMENDATION` varchar(40) COLLATE utf8_unicode_ci DEFAULT NULL,
  `SORT` int(11) NOT NULL DEFAULT '100',
  PRIMARY KEY (`ID`),
  KEY `IXS_BASKET_LID` (`LID`),
  KEY `IXS_BASKET_USER_ID` (`FUSER_ID`),
  KEY `IXS_BASKET_ORDER_ID` (`ORDER_ID`),
  KEY `IXS_BASKET_PRODUCT_ID` (`PRODUCT_ID`),
  KEY `IXS_BASKET_PRODUCT_PRICE_ID` (`PRODUCT_PRICE_ID`),
  KEY `IXS_SBAS_XML_ID` (`PRODUCT_XML_ID`,`CATALOG_XML_ID`),
  KEY `IXS_BASKET_DATE_INSERT` (`DATE_INSERT`)
) ENGINE=InnoDB DEFAULT CHARSET=utf8 COLLATE=utf8_unicode_ci;
/*!40101 SET character_set_client = @saved_cs_client */;

--
-- Dumping data for table `b_sale_basket`
--

LOCK TABLES `b_sale_basket` WRITE;
/*!40000 ALTER TABLE `b_sale_basket` DISABLE KEYS */;
/*!40000 ALTER TABLE `b_sale_basket` ENABLE KEYS */;
UNLOCK TABLES;

--
-- Table structure for table `b_sale_basket_props`
--

DROP TABLE IF EXISTS `b_sale_basket_props`;
/*!40101 SET @saved_cs_client     = @@character_set_client */;
/*!40101 SET character_set_client = utf8 */;
CREATE TABLE `b_sale_basket_props` (
  `ID` int(11) NOT NULL AUTO_INCREMENT,
  `BASKET_ID` int(11) NOT NULL,
  `NAME` varchar(255) COLLATE utf8_unicode_ci NOT NULL,
  `VALUE` varchar(255) COLLATE utf8_unicode_ci DEFAULT NULL,
  `CODE` varchar(255) COLLATE utf8_unicode_ci DEFAULT NULL,
  `SORT` int(11) NOT NULL DEFAULT '100',
  PRIMARY KEY (`ID`),
  KEY `IXS_BASKET_PROPS_BASKET` (`BASKET_ID`),
  KEY `IXS_BASKET_PROPS_CODE` (`CODE`)
) ENGINE=InnoDB DEFAULT CHARSET=utf8 COLLATE=utf8_unicode_ci;
/*!40101 SET character_set_client = @saved_cs_client */;

--
-- Dumping data for table `b_sale_basket_props`
--

LOCK TABLES `b_sale_basket_props` WRITE;
/*!40000 ALTER TABLE `b_sale_basket_props` DISABLE KEYS */;
/*!40000 ALTER TABLE `b_sale_basket_props` ENABLE KEYS */;
UNLOCK TABLES;

--
-- Table structure for table `b_sale_bizval`
--

DROP TABLE IF EXISTS `b_sale_bizval`;
/*!40101 SET @saved_cs_client     = @@character_set_client */;
/*!40101 SET character_set_client = utf8 */;
CREATE TABLE `b_sale_bizval` (
  `CODE_KEY` varchar(50) COLLATE utf8_unicode_ci NOT NULL,
  `CONSUMER_KEY` varchar(50) COLLATE utf8_unicode_ci NOT NULL,
  `PERSON_TYPE_ID` int(11) NOT NULL,
  `PROVIDER_KEY` varchar(50) COLLATE utf8_unicode_ci NOT NULL,
  `PROVIDER_VALUE` varchar(2000) COLLATE utf8_unicode_ci DEFAULT NULL,
  PRIMARY KEY (`CODE_KEY`,`CONSUMER_KEY`,`PERSON_TYPE_ID`)
) ENGINE=MyISAM DEFAULT CHARSET=utf8 COLLATE=utf8_unicode_ci;
/*!40101 SET character_set_client = @saved_cs_client */;

--
-- Dumping data for table `b_sale_bizval`
--

LOCK TABLES `b_sale_bizval` WRITE;
/*!40000 ALTER TABLE `b_sale_bizval` DISABLE KEYS */;
/*!40000 ALTER TABLE `b_sale_bizval` ENABLE KEYS */;
UNLOCK TABLES;

--
-- Table structure for table `b_sale_bizval_code_1C`
--

DROP TABLE IF EXISTS `b_sale_bizval_code_1C`;
/*!40101 SET @saved_cs_client     = @@character_set_client */;
/*!40101 SET character_set_client = utf8 */;
CREATE TABLE `b_sale_bizval_code_1C` (
  `PERSON_TYPE_ID` int(11) NOT NULL,
  `CODE_INDEX` int(11) NOT NULL,
  `NAME` varchar(255) COLLATE utf8_unicode_ci NOT NULL,
  PRIMARY KEY (`PERSON_TYPE_ID`,`CODE_INDEX`)
) ENGINE=MyISAM DEFAULT CHARSET=utf8 COLLATE=utf8_unicode_ci;
/*!40101 SET character_set_client = @saved_cs_client */;

--
-- Dumping data for table `b_sale_bizval_code_1C`
--

LOCK TABLES `b_sale_bizval_code_1C` WRITE;
/*!40000 ALTER TABLE `b_sale_bizval_code_1C` DISABLE KEYS */;
/*!40000 ALTER TABLE `b_sale_bizval_code_1C` ENABLE KEYS */;
UNLOCK TABLES;

--
-- Table structure for table `b_sale_bizval_old`
--

DROP TABLE IF EXISTS `b_sale_bizval_old`;
/*!40101 SET @saved_cs_client     = @@character_set_client */;
/*!40101 SET character_set_client = utf8 */;
CREATE TABLE `b_sale_bizval_old` (
  `ID` int(11) NOT NULL AUTO_INCREMENT,
  `CODE_ID` int(11) NOT NULL,
  `PERSON_TYPE_ID` int(11) NOT NULL,
  `ENTITY` varchar(50) COLLATE utf8_unicode_ci NOT NULL,
  `ITEM` varchar(255) COLLATE utf8_unicode_ci NOT NULL,
  PRIMARY KEY (`ID`),
  UNIQUE KEY `IX_BSB_SECONDARY` (`CODE_ID`,`PERSON_TYPE_ID`)
) ENGINE=InnoDB DEFAULT CHARSET=utf8 COLLATE=utf8_unicode_ci;
/*!40101 SET character_set_client = @saved_cs_client */;

--
-- Dumping data for table `b_sale_bizval_old`
--

LOCK TABLES `b_sale_bizval_old` WRITE;
/*!40000 ALTER TABLE `b_sale_bizval_old` DISABLE KEYS */;
/*!40000 ALTER TABLE `b_sale_bizval_old` ENABLE KEYS */;
UNLOCK TABLES;

--
-- Table structure for table `b_sale_bizval_persondomain`
--

DROP TABLE IF EXISTS `b_sale_bizval_persondomain`;
/*!40101 SET @saved_cs_client     = @@character_set_client */;
/*!40101 SET character_set_client = utf8 */;
CREATE TABLE `b_sale_bizval_persondomain` (
  `PERSON_TYPE_ID` int(11) NOT NULL,
  `DOMAIN` char(1) COLLATE utf8_unicode_ci NOT NULL,
  PRIMARY KEY (`PERSON_TYPE_ID`,`DOMAIN`)
) ENGINE=InnoDB DEFAULT CHARSET=utf8 COLLATE=utf8_unicode_ci;
/*!40101 SET character_set_client = @saved_cs_client */;

--
-- Dumping data for table `b_sale_bizval_persondomain`
--

LOCK TABLES `b_sale_bizval_persondomain` WRITE;
/*!40000 ALTER TABLE `b_sale_bizval_persondomain` DISABLE KEYS */;
/*!40000 ALTER TABLE `b_sale_bizval_persondomain` ENABLE KEYS */;
UNLOCK TABLES;

--
-- Table structure for table `b_sale_company`
--

DROP TABLE IF EXISTS `b_sale_company`;
/*!40101 SET @saved_cs_client     = @@character_set_client */;
/*!40101 SET character_set_client = utf8 */;
CREATE TABLE `b_sale_company` (
  `ID` int(11) NOT NULL AUTO_INCREMENT,
  `NAME` varchar(128) COLLATE utf8_unicode_ci NOT NULL,
  `LOCATION_ID` varchar(128) COLLATE utf8_unicode_ci DEFAULT NULL,
  `CODE` varchar(45) COLLATE utf8_unicode_ci DEFAULT NULL,
  `XML_ID` varchar(45) COLLATE utf8_unicode_ci DEFAULT NULL,
  `ACTIVE` char(1) COLLATE utf8_unicode_ci NOT NULL DEFAULT 'Y',
  `DATE_CREATE` datetime DEFAULT NULL,
  `DATE_MODIFY` datetime DEFAULT NULL,
  `CREATED_BY` int(11) DEFAULT NULL,
  `MODIFIED_BY` int(11) DEFAULT NULL,
  `ADDRESS` varchar(255) COLLATE utf8_unicode_ci DEFAULT NULL,
  `SORT` int(11) DEFAULT '100',
  PRIMARY KEY (`ID`)
) ENGINE=InnoDB DEFAULT CHARSET=utf8 COLLATE=utf8_unicode_ci;
/*!40101 SET character_set_client = @saved_cs_client */;

--
-- Dumping data for table `b_sale_company`
--

LOCK TABLES `b_sale_company` WRITE;
/*!40000 ALTER TABLE `b_sale_company` DISABLE KEYS */;
/*!40000 ALTER TABLE `b_sale_company` ENABLE KEYS */;
UNLOCK TABLES;

--
-- Table structure for table `b_sale_company2location`
--

DROP TABLE IF EXISTS `b_sale_company2location`;
/*!40101 SET @saved_cs_client     = @@character_set_client */;
/*!40101 SET character_set_client = utf8 */;
CREATE TABLE `b_sale_company2location` (
  `COMPANY_ID` int(11) NOT NULL,
  `LOCATION_CODE` varchar(100) COLLATE utf8_unicode_ci NOT NULL,
  `LOCATION_TYPE` char(1) COLLATE utf8_unicode_ci NOT NULL DEFAULT 'L',
  PRIMARY KEY (`COMPANY_ID`,`LOCATION_CODE`,`LOCATION_TYPE`)
) ENGINE=InnoDB DEFAULT CHARSET=utf8 COLLATE=utf8_unicode_ci;
/*!40101 SET character_set_client = @saved_cs_client */;

--
-- Dumping data for table `b_sale_company2location`
--

LOCK TABLES `b_sale_company2location` WRITE;
/*!40000 ALTER TABLE `b_sale_company2location` DISABLE KEYS */;
/*!40000 ALTER TABLE `b_sale_company2location` ENABLE KEYS */;
UNLOCK TABLES;

--
-- Table structure for table `b_sale_company2service`
--

DROP TABLE IF EXISTS `b_sale_company2service`;
/*!40101 SET @saved_cs_client     = @@character_set_client */;
/*!40101 SET character_set_client = utf8 */;
CREATE TABLE `b_sale_company2service` (
  `COMPANY_ID` int(11) NOT NULL,
  `SERVICE_ID` int(11) NOT NULL,
  `SERVICE_TYPE` int(11) NOT NULL,
  PRIMARY KEY (`COMPANY_ID`,`SERVICE_ID`,`SERVICE_TYPE`)
) ENGINE=InnoDB DEFAULT CHARSET=utf8 COLLATE=utf8_unicode_ci;
/*!40101 SET character_set_client = @saved_cs_client */;

--
-- Dumping data for table `b_sale_company2service`
--

LOCK TABLES `b_sale_company2service` WRITE;
/*!40000 ALTER TABLE `b_sale_company2service` DISABLE KEYS */;
/*!40000 ALTER TABLE `b_sale_company2service` ENABLE KEYS */;
UNLOCK TABLES;

--
-- Table structure for table `b_sale_delivery2location`
--

DROP TABLE IF EXISTS `b_sale_delivery2location`;
/*!40101 SET @saved_cs_client     = @@character_set_client */;
/*!40101 SET character_set_client = utf8 */;
CREATE TABLE `b_sale_delivery2location` (
  `DELIVERY_ID` int(11) NOT NULL,
  `LOCATION_CODE` varchar(100) COLLATE utf8_unicode_ci NOT NULL,
  `LOCATION_TYPE` char(1) COLLATE utf8_unicode_ci NOT NULL DEFAULT 'L',
  PRIMARY KEY (`DELIVERY_ID`,`LOCATION_CODE`,`LOCATION_TYPE`)
) ENGINE=InnoDB DEFAULT CHARSET=utf8 COLLATE=utf8_unicode_ci;
/*!40101 SET character_set_client = @saved_cs_client */;

--
-- Dumping data for table `b_sale_delivery2location`
--

LOCK TABLES `b_sale_delivery2location` WRITE;
/*!40000 ALTER TABLE `b_sale_delivery2location` DISABLE KEYS */;
/*!40000 ALTER TABLE `b_sale_delivery2location` ENABLE KEYS */;
UNLOCK TABLES;

--
-- Table structure for table `b_sale_delivery2paysystem`
--

DROP TABLE IF EXISTS `b_sale_delivery2paysystem`;
/*!40101 SET @saved_cs_client     = @@character_set_client */;
/*!40101 SET character_set_client = utf8 */;
CREATE TABLE `b_sale_delivery2paysystem` (
  `DELIVERY_ID` int(11) NOT NULL,
  `LINK_DIRECTION` char(1) COLLATE utf8_unicode_ci NOT NULL,
  `PAYSYSTEM_ID` int(11) NOT NULL,
  KEY `IX_DELIVERY` (`DELIVERY_ID`),
  KEY `IX_PAYSYSTEM` (`PAYSYSTEM_ID`),
  KEY `LINK_DIRECTION` (`LINK_DIRECTION`)
) ENGINE=InnoDB DEFAULT CHARSET=utf8 COLLATE=utf8_unicode_ci;
/*!40101 SET character_set_client = @saved_cs_client */;

--
-- Dumping data for table `b_sale_delivery2paysystem`
--

LOCK TABLES `b_sale_delivery2paysystem` WRITE;
/*!40000 ALTER TABLE `b_sale_delivery2paysystem` DISABLE KEYS */;
/*!40000 ALTER TABLE `b_sale_delivery2paysystem` ENABLE KEYS */;
UNLOCK TABLES;

--
-- Table structure for table `b_sale_delivery_es`
--

DROP TABLE IF EXISTS `b_sale_delivery_es`;
/*!40101 SET @saved_cs_client     = @@character_set_client */;
/*!40101 SET character_set_client = utf8 */;
CREATE TABLE `b_sale_delivery_es` (
  `ID` int(11) NOT NULL AUTO_INCREMENT,
  `CODE` varchar(50) COLLATE utf8_unicode_ci DEFAULT NULL,
  `NAME` varchar(255) COLLATE utf8_unicode_ci NOT NULL,
  `DESCRIPTION` varchar(255) COLLATE utf8_unicode_ci DEFAULT NULL,
  `CLASS_NAME` varchar(255) COLLATE utf8_unicode_ci NOT NULL,
  `PARAMS` text COLLATE utf8_unicode_ci,
  `RIGHTS` char(3) COLLATE utf8_unicode_ci NOT NULL,
  `DELIVERY_ID` int(11) NOT NULL,
  `INIT_VALUE` varchar(255) COLLATE utf8_unicode_ci DEFAULT NULL,
  `ACTIVE` char(1) COLLATE utf8_unicode_ci NOT NULL,
  `SORT` int(11) DEFAULT '100',
  PRIMARY KEY (`ID`),
  KEY `IX_BSD_ES_DELIVERY_ID` (`DELIVERY_ID`)
) ENGINE=InnoDB DEFAULT CHARSET=utf8 COLLATE=utf8_unicode_ci;
/*!40101 SET character_set_client = @saved_cs_client */;

--
-- Dumping data for table `b_sale_delivery_es`
--

LOCK TABLES `b_sale_delivery_es` WRITE;
/*!40000 ALTER TABLE `b_sale_delivery_es` DISABLE KEYS */;
/*!40000 ALTER TABLE `b_sale_delivery_es` ENABLE KEYS */;
UNLOCK TABLES;

--
-- Table structure for table `b_sale_delivery_srv`
--

DROP TABLE IF EXISTS `b_sale_delivery_srv`;
/*!40101 SET @saved_cs_client     = @@character_set_client */;
/*!40101 SET character_set_client = utf8 */;
CREATE TABLE `b_sale_delivery_srv` (
  `ID` int(11) NOT NULL AUTO_INCREMENT,
  `CODE` varchar(50) COLLATE utf8_unicode_ci DEFAULT NULL,
  `PARENT_ID` int(11) DEFAULT NULL,
  `NAME` varchar(255) COLLATE utf8_unicode_ci NOT NULL,
  `ACTIVE` char(1) COLLATE utf8_unicode_ci NOT NULL,
  `DESCRIPTION` text COLLATE utf8_unicode_ci,
  `SORT` int(11) NOT NULL,
  `LOGOTIP` int(11) DEFAULT NULL,
  `CONFIG` longtext COLLATE utf8_unicode_ci,
  `CLASS_NAME` varchar(255) COLLATE utf8_unicode_ci NOT NULL,
  `CURRENCY` char(3) COLLATE utf8_unicode_ci NOT NULL,
  `TRACKING_PARAMS` varchar(255) COLLATE utf8_unicode_ci DEFAULT NULL,
  `ALLOW_EDIT_SHIPMENT` char(1) COLLATE utf8_unicode_ci NOT NULL DEFAULT 'Y',
  PRIMARY KEY (`ID`),
  KEY `IX_BSD_SRV_CODE` (`CODE`),
  KEY `IX_BSD_SRV_PARENT_ID` (`PARENT_ID`)
) ENGINE=InnoDB DEFAULT CHARSET=utf8 COLLATE=utf8_unicode_ci;
/*!40101 SET character_set_client = @saved_cs_client */;

--
-- Dumping data for table `b_sale_delivery_srv`
--

LOCK TABLES `b_sale_delivery_srv` WRITE;
/*!40000 ALTER TABLE `b_sale_delivery_srv` DISABLE KEYS */;
/*!40000 ALTER TABLE `b_sale_delivery_srv` ENABLE KEYS */;
UNLOCK TABLES;

--
-- Table structure for table `b_sale_discount`
--

DROP TABLE IF EXISTS `b_sale_discount`;
/*!40101 SET @saved_cs_client     = @@character_set_client */;
/*!40101 SET character_set_client = utf8 */;
CREATE TABLE `b_sale_discount` (
  `ID` int(11) NOT NULL AUTO_INCREMENT,
  `XML_ID` varchar(255) COLLATE utf8_unicode_ci DEFAULT NULL,
  `LID` char(2) COLLATE utf8_unicode_ci NOT NULL,
  `NAME` varchar(255) COLLATE utf8_unicode_ci DEFAULT NULL,
  `PRICE_FROM` decimal(18,2) DEFAULT NULL,
  `PRICE_TO` decimal(18,2) DEFAULT NULL,
  `CURRENCY` char(3) COLLATE utf8_unicode_ci DEFAULT NULL,
  `DISCOUNT_VALUE` decimal(18,2) NOT NULL,
  `DISCOUNT_TYPE` char(1) COLLATE utf8_unicode_ci NOT NULL DEFAULT 'P',
  `ACTIVE` char(1) COLLATE utf8_unicode_ci NOT NULL DEFAULT 'Y',
  `SORT` int(11) NOT NULL DEFAULT '100',
  `ACTIVE_FROM` datetime DEFAULT NULL,
  `ACTIVE_TO` datetime DEFAULT NULL,
  `TIMESTAMP_X` datetime DEFAULT NULL,
  `MODIFIED_BY` int(18) DEFAULT NULL,
  `DATE_CREATE` datetime DEFAULT NULL,
  `CREATED_BY` int(18) DEFAULT NULL,
  `PRIORITY` int(18) NOT NULL DEFAULT '1',
  `LAST_DISCOUNT` char(1) COLLATE utf8_unicode_ci NOT NULL DEFAULT 'Y',
  `VERSION` int(11) NOT NULL DEFAULT '1',
  `CONDITIONS` mediumtext COLLATE utf8_unicode_ci,
  `UNPACK` mediumtext COLLATE utf8_unicode_ci,
  `ACTIONS` mediumtext COLLATE utf8_unicode_ci,
  `APPLICATION` mediumtext COLLATE utf8_unicode_ci,
  `USE_COUPONS` char(1) COLLATE utf8_unicode_ci NOT NULL DEFAULT 'N',
  `EXECUTE_MODULE` varchar(50) COLLATE utf8_unicode_ci NOT NULL DEFAULT 'all',
  PRIMARY KEY (`ID`),
  KEY `IXS_DISCOUNT_LID` (`LID`),
  KEY `IX_SSD_ACTIVE_DATE` (`ACTIVE_FROM`,`ACTIVE_TO`)
) ENGINE=InnoDB DEFAULT CHARSET=utf8 COLLATE=utf8_unicode_ci;
/*!40101 SET character_set_client = @saved_cs_client */;

--
-- Dumping data for table `b_sale_discount`
--

LOCK TABLES `b_sale_discount` WRITE;
/*!40000 ALTER TABLE `b_sale_discount` DISABLE KEYS */;
/*!40000 ALTER TABLE `b_sale_discount` ENABLE KEYS */;
UNLOCK TABLES;

--
-- Table structure for table `b_sale_discount_coupon`
--

DROP TABLE IF EXISTS `b_sale_discount_coupon`;
/*!40101 SET @saved_cs_client     = @@character_set_client */;
/*!40101 SET character_set_client = utf8 */;
CREATE TABLE `b_sale_discount_coupon` (
  `ID` int(11) NOT NULL AUTO_INCREMENT,
  `DISCOUNT_ID` int(11) NOT NULL,
  `ACTIVE` char(1) COLLATE utf8_unicode_ci NOT NULL DEFAULT 'Y',
  `ACTIVE_FROM` datetime DEFAULT NULL,
  `ACTIVE_TO` datetime DEFAULT NULL,
  `COUPON` varchar(32) COLLATE utf8_unicode_ci NOT NULL,
  `TYPE` int(11) NOT NULL DEFAULT '0',
  `MAX_USE` int(11) NOT NULL DEFAULT '0',
  `USE_COUNT` int(11) NOT NULL DEFAULT '0',
  `USER_ID` int(11) NOT NULL DEFAULT '0',
  `DATE_APPLY` datetime DEFAULT NULL,
  `TIMESTAMP_X` datetime DEFAULT NULL,
  `MODIFIED_BY` int(18) DEFAULT NULL,
  `DATE_CREATE` datetime DEFAULT NULL,
  `CREATED_BY` int(18) DEFAULT NULL,
  `DESCRIPTION` text COLLATE utf8_unicode_ci,
  PRIMARY KEY (`ID`)
) ENGINE=InnoDB DEFAULT CHARSET=utf8 COLLATE=utf8_unicode_ci;
/*!40101 SET character_set_client = @saved_cs_client */;

--
-- Dumping data for table `b_sale_discount_coupon`
--

LOCK TABLES `b_sale_discount_coupon` WRITE;
/*!40000 ALTER TABLE `b_sale_discount_coupon` DISABLE KEYS */;
/*!40000 ALTER TABLE `b_sale_discount_coupon` ENABLE KEYS */;
UNLOCK TABLES;

--
-- Table structure for table `b_sale_discount_entities`
--

DROP TABLE IF EXISTS `b_sale_discount_entities`;
/*!40101 SET @saved_cs_client     = @@character_set_client */;
/*!40101 SET character_set_client = utf8 */;
CREATE TABLE `b_sale_discount_entities` (
  `ID` int(11) NOT NULL AUTO_INCREMENT,
  `DISCOUNT_ID` int(11) NOT NULL,
  `MODULE_ID` varchar(50) COLLATE utf8_unicode_ci NOT NULL,
  `ENTITY` varchar(255) COLLATE utf8_unicode_ci NOT NULL,
  `FIELD_ENTITY` varchar(255) COLLATE utf8_unicode_ci NOT NULL,
  `FIELD_TABLE` varchar(255) COLLATE utf8_unicode_ci NOT NULL,
  PRIMARY KEY (`ID`),
  KEY `IX_SALE_DSC_ENT_DISCOUNT_ID` (`DISCOUNT_ID`)
) ENGINE=InnoDB DEFAULT CHARSET=utf8 COLLATE=utf8_unicode_ci;
/*!40101 SET character_set_client = @saved_cs_client */;

--
-- Dumping data for table `b_sale_discount_entities`
--

LOCK TABLES `b_sale_discount_entities` WRITE;
/*!40000 ALTER TABLE `b_sale_discount_entities` DISABLE KEYS */;
/*!40000 ALTER TABLE `b_sale_discount_entities` ENABLE KEYS */;
UNLOCK TABLES;

--
-- Table structure for table `b_sale_discount_group`
--

DROP TABLE IF EXISTS `b_sale_discount_group`;
/*!40101 SET @saved_cs_client     = @@character_set_client */;
/*!40101 SET character_set_client = utf8 */;
CREATE TABLE `b_sale_discount_group` (
  `ID` int(11) NOT NULL AUTO_INCREMENT,
  `DISCOUNT_ID` int(11) NOT NULL,
  `ACTIVE` char(1) COLLATE utf8_unicode_ci DEFAULT NULL,
  `GROUP_ID` int(11) NOT NULL,
  PRIMARY KEY (`ID`),
  UNIQUE KEY `IX_S_DISGRP` (`DISCOUNT_ID`,`GROUP_ID`),
  UNIQUE KEY `IX_S_DISGRP_G` (`GROUP_ID`,`DISCOUNT_ID`),
  KEY `IX_S_DISGRP_D` (`DISCOUNT_ID`)
) ENGINE=InnoDB DEFAULT CHARSET=utf8 COLLATE=utf8_unicode_ci;
/*!40101 SET character_set_client = @saved_cs_client */;

--
-- Dumping data for table `b_sale_discount_group`
--

LOCK TABLES `b_sale_discount_group` WRITE;
/*!40000 ALTER TABLE `b_sale_discount_group` DISABLE KEYS */;
/*!40000 ALTER TABLE `b_sale_discount_group` ENABLE KEYS */;
UNLOCK TABLES;

--
-- Table structure for table `b_sale_discount_module`
--

DROP TABLE IF EXISTS `b_sale_discount_module`;
/*!40101 SET @saved_cs_client     = @@character_set_client */;
/*!40101 SET character_set_client = utf8 */;
CREATE TABLE `b_sale_discount_module` (
  `ID` int(11) NOT NULL AUTO_INCREMENT,
  `DISCOUNT_ID` int(11) NOT NULL,
  `MODULE_ID` varchar(50) COLLATE utf8_unicode_ci NOT NULL,
  PRIMARY KEY (`ID`),
  KEY `IX_SALE_DSC_MOD` (`DISCOUNT_ID`)
) ENGINE=InnoDB DEFAULT CHARSET=utf8 COLLATE=utf8_unicode_ci;
/*!40101 SET character_set_client = @saved_cs_client */;

--
-- Dumping data for table `b_sale_discount_module`
--

LOCK TABLES `b_sale_discount_module` WRITE;
/*!40000 ALTER TABLE `b_sale_discount_module` DISABLE KEYS */;
/*!40000 ALTER TABLE `b_sale_discount_module` ENABLE KEYS */;
UNLOCK TABLES;

--
-- Table structure for table `b_sale_export`
--

DROP TABLE IF EXISTS `b_sale_export`;
/*!40101 SET @saved_cs_client     = @@character_set_client */;
/*!40101 SET character_set_client = utf8 */;
CREATE TABLE `b_sale_export` (
  `ID` int(11) NOT NULL AUTO_INCREMENT,
  `PERSON_TYPE_ID` int(11) NOT NULL,
  `VARS` text COLLATE utf8_unicode_ci,
  PRIMARY KEY (`ID`)
) ENGINE=InnoDB DEFAULT CHARSET=utf8 COLLATE=utf8_unicode_ci;
/*!40101 SET character_set_client = @saved_cs_client */;

--
-- Dumping data for table `b_sale_export`
--

LOCK TABLES `b_sale_export` WRITE;
/*!40000 ALTER TABLE `b_sale_export` DISABLE KEYS */;
/*!40000 ALTER TABLE `b_sale_export` ENABLE KEYS */;
UNLOCK TABLES;

--
-- Table structure for table `b_sale_fuser`
--

DROP TABLE IF EXISTS `b_sale_fuser`;
/*!40101 SET @saved_cs_client     = @@character_set_client */;
/*!40101 SET character_set_client = utf8 */;
CREATE TABLE `b_sale_fuser` (
  `ID` int(11) NOT NULL AUTO_INCREMENT,
  `DATE_INSERT` datetime NOT NULL,
  `DATE_UPDATE` datetime NOT NULL,
  `USER_ID` int(11) DEFAULT NULL,
  `CODE` varchar(32) COLLATE utf8_unicode_ci DEFAULT NULL,
  PRIMARY KEY (`ID`),
  KEY `IX_USER_ID` (`USER_ID`),
  KEY `IX_CODE` (`CODE`)
) ENGINE=InnoDB AUTO_INCREMENT=2 DEFAULT CHARSET=utf8 COLLATE=utf8_unicode_ci;
/*!40101 SET character_set_client = @saved_cs_client */;

--
-- Dumping data for table `b_sale_fuser`
--

LOCK TABLES `b_sale_fuser` WRITE;
/*!40000 ALTER TABLE `b_sale_fuser` DISABLE KEYS */;
INSERT INTO `b_sale_fuser` VALUES (1,'2017-02-08 02:18:03','2017-06-03 16:52:06',1,'2f3bea53c4ab3676ab3c0fc38a5382c6');
/*!40000 ALTER TABLE `b_sale_fuser` ENABLE KEYS */;
UNLOCK TABLES;

--
-- Table structure for table `b_sale_gift_related_data`
--

DROP TABLE IF EXISTS `b_sale_gift_related_data`;
/*!40101 SET @saved_cs_client     = @@character_set_client */;
/*!40101 SET character_set_client = utf8 */;
CREATE TABLE `b_sale_gift_related_data` (
  `ID` int(11) NOT NULL AUTO_INCREMENT,
  `DISCOUNT_ID` int(11) NOT NULL,
  `ELEMENT_ID` int(11) DEFAULT NULL,
  `SECTION_ID` int(11) DEFAULT NULL,
  `MAIN_PRODUCT_SECTION_ID` int(11) DEFAULT NULL,
  PRIMARY KEY (`ID`),
  KEY `IX_S_GRD_O_1` (`DISCOUNT_ID`),
  KEY `IX_S_GRD_O_2` (`MAIN_PRODUCT_SECTION_ID`)
) ENGINE=MyISAM DEFAULT CHARSET=utf8 COLLATE=utf8_unicode_ci;
/*!40101 SET character_set_client = @saved_cs_client */;

--
-- Dumping data for table `b_sale_gift_related_data`
--

LOCK TABLES `b_sale_gift_related_data` WRITE;
/*!40000 ALTER TABLE `b_sale_gift_related_data` DISABLE KEYS */;
/*!40000 ALTER TABLE `b_sale_gift_related_data` ENABLE KEYS */;
UNLOCK TABLES;

--
-- Table structure for table `b_sale_hdaln`
--

DROP TABLE IF EXISTS `b_sale_hdaln`;
/*!40101 SET @saved_cs_client     = @@character_set_client */;
/*!40101 SET character_set_client = utf8 */;
CREATE TABLE `b_sale_hdaln` (
  `LOCATION_ID` int(11) NOT NULL,
  `LEFT_MARGIN` int(11) NOT NULL,
  `RIGHT_MARGIN` int(11) NOT NULL,
  `NAME` varchar(100) COLLATE utf8_unicode_ci NOT NULL,
  PRIMARY KEY (`LOCATION_ID`),
  KEY `IX_BSHDALN_NAME` (`NAME`)
) ENGINE=MyISAM DEFAULT CHARSET=utf8 COLLATE=utf8_unicode_ci;
/*!40101 SET character_set_client = @saved_cs_client */;

--
-- Dumping data for table `b_sale_hdaln`
--

LOCK TABLES `b_sale_hdaln` WRITE;
/*!40000 ALTER TABLE `b_sale_hdaln` DISABLE KEYS */;
/*!40000 ALTER TABLE `b_sale_hdaln` ENABLE KEYS */;
UNLOCK TABLES;

--
-- Table structure for table `b_sale_lang`
--

DROP TABLE IF EXISTS `b_sale_lang`;
/*!40101 SET @saved_cs_client     = @@character_set_client */;
/*!40101 SET character_set_client = utf8 */;
CREATE TABLE `b_sale_lang` (
  `LID` char(2) COLLATE utf8_unicode_ci NOT NULL,
  `CURRENCY` char(3) COLLATE utf8_unicode_ci NOT NULL,
  PRIMARY KEY (`LID`)
) ENGINE=InnoDB DEFAULT CHARSET=utf8 COLLATE=utf8_unicode_ci;
/*!40101 SET character_set_client = @saved_cs_client */;

--
-- Dumping data for table `b_sale_lang`
--

LOCK TABLES `b_sale_lang` WRITE;
/*!40000 ALTER TABLE `b_sale_lang` DISABLE KEYS */;
/*!40000 ALTER TABLE `b_sale_lang` ENABLE KEYS */;
UNLOCK TABLES;

--
-- Table structure for table `b_sale_loc_2site`
--

DROP TABLE IF EXISTS `b_sale_loc_2site`;
/*!40101 SET @saved_cs_client     = @@character_set_client */;
/*!40101 SET character_set_client = utf8 */;
CREATE TABLE `b_sale_loc_2site` (
  `LOCATION_ID` int(11) NOT NULL,
  `SITE_ID` char(2) COLLATE utf8_unicode_ci NOT NULL,
  `LOCATION_TYPE` char(1) COLLATE utf8_unicode_ci NOT NULL DEFAULT 'L',
  PRIMARY KEY (`SITE_ID`,`LOCATION_ID`,`LOCATION_TYPE`)
) ENGINE=InnoDB DEFAULT CHARSET=utf8 COLLATE=utf8_unicode_ci;
/*!40101 SET character_set_client = @saved_cs_client */;

--
-- Dumping data for table `b_sale_loc_2site`
--

LOCK TABLES `b_sale_loc_2site` WRITE;
/*!40000 ALTER TABLE `b_sale_loc_2site` DISABLE KEYS */;
/*!40000 ALTER TABLE `b_sale_loc_2site` ENABLE KEYS */;
UNLOCK TABLES;

--
-- Table structure for table `b_sale_loc_def2site`
--

DROP TABLE IF EXISTS `b_sale_loc_def2site`;
/*!40101 SET @saved_cs_client     = @@character_set_client */;
/*!40101 SET character_set_client = utf8 */;
CREATE TABLE `b_sale_loc_def2site` (
  `LOCATION_CODE` varchar(100) COLLATE utf8_unicode_ci NOT NULL,
  `SITE_ID` char(2) COLLATE utf8_unicode_ci NOT NULL,
  `SORT` int(11) DEFAULT '100',
  PRIMARY KEY (`LOCATION_CODE`,`SITE_ID`)
) ENGINE=InnoDB DEFAULT CHARSET=utf8 COLLATE=utf8_unicode_ci;
/*!40101 SET character_set_client = @saved_cs_client */;

--
-- Dumping data for table `b_sale_loc_def2site`
--

LOCK TABLES `b_sale_loc_def2site` WRITE;
/*!40000 ALTER TABLE `b_sale_loc_def2site` DISABLE KEYS */;
/*!40000 ALTER TABLE `b_sale_loc_def2site` ENABLE KEYS */;
UNLOCK TABLES;

--
-- Table structure for table `b_sale_loc_ext`
--

DROP TABLE IF EXISTS `b_sale_loc_ext`;
/*!40101 SET @saved_cs_client     = @@character_set_client */;
/*!40101 SET character_set_client = utf8 */;
CREATE TABLE `b_sale_loc_ext` (
  `ID` int(11) NOT NULL AUTO_INCREMENT,
  `SERVICE_ID` int(11) NOT NULL,
  `LOCATION_ID` int(11) NOT NULL,
  `XML_ID` varchar(100) COLLATE utf8_unicode_ci NOT NULL,
  PRIMARY KEY (`ID`),
  KEY `IX_B_SALE_LOC_EXT_LID_SID` (`LOCATION_ID`,`SERVICE_ID`)
) ENGINE=InnoDB DEFAULT CHARSET=utf8 COLLATE=utf8_unicode_ci;
/*!40101 SET character_set_client = @saved_cs_client */;

--
-- Dumping data for table `b_sale_loc_ext`
--

LOCK TABLES `b_sale_loc_ext` WRITE;
/*!40000 ALTER TABLE `b_sale_loc_ext` DISABLE KEYS */;
/*!40000 ALTER TABLE `b_sale_loc_ext` ENABLE KEYS */;
UNLOCK TABLES;

--
-- Table structure for table `b_sale_loc_ext_srv`
--

DROP TABLE IF EXISTS `b_sale_loc_ext_srv`;
/*!40101 SET @saved_cs_client     = @@character_set_client */;
/*!40101 SET character_set_client = utf8 */;
CREATE TABLE `b_sale_loc_ext_srv` (
  `ID` int(11) NOT NULL AUTO_INCREMENT,
  `CODE` varchar(100) COLLATE utf8_unicode_ci NOT NULL,
  PRIMARY KEY (`ID`)
) ENGINE=InnoDB DEFAULT CHARSET=utf8 COLLATE=utf8_unicode_ci;
/*!40101 SET character_set_client = @saved_cs_client */;

--
-- Dumping data for table `b_sale_loc_ext_srv`
--

LOCK TABLES `b_sale_loc_ext_srv` WRITE;
/*!40000 ALTER TABLE `b_sale_loc_ext_srv` DISABLE KEYS */;
/*!40000 ALTER TABLE `b_sale_loc_ext_srv` ENABLE KEYS */;
UNLOCK TABLES;

--
-- Table structure for table `b_sale_loc_name`
--

DROP TABLE IF EXISTS `b_sale_loc_name`;
/*!40101 SET @saved_cs_client     = @@character_set_client */;
/*!40101 SET character_set_client = utf8 */;
CREATE TABLE `b_sale_loc_name` (
  `ID` int(11) NOT NULL AUTO_INCREMENT,
  `LANGUAGE_ID` char(2) COLLATE utf8_unicode_ci NOT NULL,
  `LOCATION_ID` int(11) NOT NULL,
  `NAME` varchar(100) COLLATE utf8_unicode_ci NOT NULL,
  `NAME_UPPER` varchar(100) COLLATE utf8_unicode_ci NOT NULL,
  `SHORT_NAME` varchar(100) COLLATE utf8_unicode_ci DEFAULT NULL,
  PRIMARY KEY (`ID`),
  KEY `IX_SALE_L_NAME_NAME_UPPER` (`NAME_UPPER`),
  KEY `IX_SALE_L_NAME_LID_LID` (`LOCATION_ID`,`LANGUAGE_ID`)
) ENGINE=InnoDB DEFAULT CHARSET=utf8 COLLATE=utf8_unicode_ci;
/*!40101 SET character_set_client = @saved_cs_client */;

--
-- Dumping data for table `b_sale_loc_name`
--

LOCK TABLES `b_sale_loc_name` WRITE;
/*!40000 ALTER TABLE `b_sale_loc_name` DISABLE KEYS */;
/*!40000 ALTER TABLE `b_sale_loc_name` ENABLE KEYS */;
UNLOCK TABLES;

--
-- Table structure for table `b_sale_loc_type`
--

DROP TABLE IF EXISTS `b_sale_loc_type`;
/*!40101 SET @saved_cs_client     = @@character_set_client */;
/*!40101 SET character_set_client = utf8 */;
CREATE TABLE `b_sale_loc_type` (
  `ID` int(11) NOT NULL AUTO_INCREMENT,
  `CODE` varchar(30) COLLATE utf8_unicode_ci NOT NULL,
  `SORT` int(11) DEFAULT '100',
  `DISPLAY_SORT` int(11) DEFAULT '100',
  PRIMARY KEY (`ID`)
) ENGINE=InnoDB DEFAULT CHARSET=utf8 COLLATE=utf8_unicode_ci;
/*!40101 SET character_set_client = @saved_cs_client */;

--
-- Dumping data for table `b_sale_loc_type`
--

LOCK TABLES `b_sale_loc_type` WRITE;
/*!40000 ALTER TABLE `b_sale_loc_type` DISABLE KEYS */;
/*!40000 ALTER TABLE `b_sale_loc_type` ENABLE KEYS */;
UNLOCK TABLES;

--
-- Table structure for table `b_sale_loc_type_name`
--

DROP TABLE IF EXISTS `b_sale_loc_type_name`;
/*!40101 SET @saved_cs_client     = @@character_set_client */;
/*!40101 SET character_set_client = utf8 */;
CREATE TABLE `b_sale_loc_type_name` (
  `ID` int(11) NOT NULL AUTO_INCREMENT,
  `LANGUAGE_ID` char(2) COLLATE utf8_unicode_ci NOT NULL,
  `NAME` varchar(100) COLLATE utf8_unicode_ci NOT NULL,
  `TYPE_ID` int(11) NOT NULL,
  PRIMARY KEY (`ID`),
  KEY `IX_SALE_L_TYPE_NAME_TID_LID` (`TYPE_ID`,`LANGUAGE_ID`)
) ENGINE=InnoDB DEFAULT CHARSET=utf8 COLLATE=utf8_unicode_ci;
/*!40101 SET character_set_client = @saved_cs_client */;

--
-- Dumping data for table `b_sale_loc_type_name`
--

LOCK TABLES `b_sale_loc_type_name` WRITE;
/*!40000 ALTER TABLE `b_sale_loc_type_name` DISABLE KEYS */;
/*!40000 ALTER TABLE `b_sale_loc_type_name` ENABLE KEYS */;
UNLOCK TABLES;

--
-- Table structure for table `b_sale_location`
--

DROP TABLE IF EXISTS `b_sale_location`;
/*!40101 SET @saved_cs_client     = @@character_set_client */;
/*!40101 SET character_set_client = utf8 */;
CREATE TABLE `b_sale_location` (
  `ID` int(11) NOT NULL AUTO_INCREMENT,
  `SORT` int(11) NOT NULL DEFAULT '100',
  `CODE` varchar(100) COLLATE utf8_unicode_ci NOT NULL,
  `LEFT_MARGIN` int(11) DEFAULT NULL,
  `RIGHT_MARGIN` int(11) DEFAULT NULL,
  `PARENT_ID` int(11) DEFAULT '0',
  `DEPTH_LEVEL` int(11) DEFAULT '1',
  `TYPE_ID` int(11) DEFAULT NULL,
  `LATITUDE` decimal(8,6) DEFAULT NULL,
  `LONGITUDE` decimal(9,6) DEFAULT NULL,
  `COUNTRY_ID` int(11) DEFAULT NULL,
  `REGION_ID` int(11) DEFAULT NULL,
  `CITY_ID` int(11) DEFAULT NULL,
  `LOC_DEFAULT` char(1) COLLATE utf8_unicode_ci NOT NULL DEFAULT 'N',
  PRIMARY KEY (`ID`),
  UNIQUE KEY `IX_SALE_LOCATION_CODE` (`CODE`),
  KEY `IX_SALE_LOCATION_MARGINS` (`LEFT_MARGIN`,`RIGHT_MARGIN`),
  KEY `IX_SALE_LOCATION_MARGINS_REV` (`RIGHT_MARGIN`,`LEFT_MARGIN`),
  KEY `IX_SALE_LOCATION_PARENT` (`PARENT_ID`),
  KEY `IX_SALE_LOCATION_DL` (`DEPTH_LEVEL`),
  KEY `IX_SALE_LOCATION_TYPE` (`TYPE_ID`),
  KEY `IXS_LOCATION_COUNTRY_ID` (`COUNTRY_ID`),
  KEY `IXS_LOCATION_REGION_ID` (`REGION_ID`),
  KEY `IXS_LOCATION_CITY_ID` (`CITY_ID`)
) ENGINE=InnoDB DEFAULT CHARSET=utf8 COLLATE=utf8_unicode_ci;
/*!40101 SET character_set_client = @saved_cs_client */;

--
-- Dumping data for table `b_sale_location`
--

LOCK TABLES `b_sale_location` WRITE;
/*!40000 ALTER TABLE `b_sale_location` DISABLE KEYS */;
/*!40000 ALTER TABLE `b_sale_location` ENABLE KEYS */;
UNLOCK TABLES;

--
-- Table structure for table `b_sale_location2location_group`
--

DROP TABLE IF EXISTS `b_sale_location2location_group`;
/*!40101 SET @saved_cs_client     = @@character_set_client */;
/*!40101 SET character_set_client = utf8 */;
CREATE TABLE `b_sale_location2location_group` (
  `LOCATION_ID` int(11) NOT NULL,
  `LOCATION_GROUP_ID` int(11) NOT NULL,
  PRIMARY KEY (`LOCATION_ID`,`LOCATION_GROUP_ID`)
) ENGINE=InnoDB DEFAULT CHARSET=utf8 COLLATE=utf8_unicode_ci;
/*!40101 SET character_set_client = @saved_cs_client */;

--
-- Dumping data for table `b_sale_location2location_group`
--

LOCK TABLES `b_sale_location2location_group` WRITE;
/*!40000 ALTER TABLE `b_sale_location2location_group` DISABLE KEYS */;
/*!40000 ALTER TABLE `b_sale_location2location_group` ENABLE KEYS */;
UNLOCK TABLES;

--
-- Table structure for table `b_sale_location_city`
--

DROP TABLE IF EXISTS `b_sale_location_city`;
/*!40101 SET @saved_cs_client     = @@character_set_client */;
/*!40101 SET character_set_client = utf8 */;
CREATE TABLE `b_sale_location_city` (
  `ID` int(11) NOT NULL AUTO_INCREMENT,
  `NAME` varchar(100) COLLATE utf8_unicode_ci NOT NULL,
  `SHORT_NAME` varchar(100) COLLATE utf8_unicode_ci DEFAULT NULL,
  `REGION_ID` int(11) DEFAULT NULL,
  PRIMARY KEY (`ID`),
  KEY `IXS_LOCAT_REGION_ID` (`REGION_ID`)
) ENGINE=InnoDB DEFAULT CHARSET=utf8 COLLATE=utf8_unicode_ci;
/*!40101 SET character_set_client = @saved_cs_client */;

--
-- Dumping data for table `b_sale_location_city`
--

LOCK TABLES `b_sale_location_city` WRITE;
/*!40000 ALTER TABLE `b_sale_location_city` DISABLE KEYS */;
/*!40000 ALTER TABLE `b_sale_location_city` ENABLE KEYS */;
UNLOCK TABLES;

--
-- Table structure for table `b_sale_location_city_lang`
--

DROP TABLE IF EXISTS `b_sale_location_city_lang`;
/*!40101 SET @saved_cs_client     = @@character_set_client */;
/*!40101 SET character_set_client = utf8 */;
CREATE TABLE `b_sale_location_city_lang` (
  `ID` int(11) NOT NULL AUTO_INCREMENT,
  `CITY_ID` int(11) NOT NULL,
  `LID` char(2) COLLATE utf8_unicode_ci NOT NULL,
  `NAME` varchar(100) COLLATE utf8_unicode_ci NOT NULL,
  `SHORT_NAME` varchar(100) COLLATE utf8_unicode_ci DEFAULT NULL,
  PRIMARY KEY (`ID`),
  UNIQUE KEY `IXS_LOCAT_CITY_LID` (`CITY_ID`,`LID`),
  KEY `IX_NAME` (`NAME`)
) ENGINE=InnoDB DEFAULT CHARSET=utf8 COLLATE=utf8_unicode_ci;
/*!40101 SET character_set_client = @saved_cs_client */;

--
-- Dumping data for table `b_sale_location_city_lang`
--

LOCK TABLES `b_sale_location_city_lang` WRITE;
/*!40000 ALTER TABLE `b_sale_location_city_lang` DISABLE KEYS */;
/*!40000 ALTER TABLE `b_sale_location_city_lang` ENABLE KEYS */;
UNLOCK TABLES;

--
-- Table structure for table `b_sale_location_country`
--

DROP TABLE IF EXISTS `b_sale_location_country`;
/*!40101 SET @saved_cs_client     = @@character_set_client */;
/*!40101 SET character_set_client = utf8 */;
CREATE TABLE `b_sale_location_country` (
  `ID` int(11) NOT NULL AUTO_INCREMENT,
  `NAME` varchar(100) COLLATE utf8_unicode_ci NOT NULL,
  `SHORT_NAME` varchar(100) COLLATE utf8_unicode_ci DEFAULT NULL,
  PRIMARY KEY (`ID`),
  KEY `IX_NAME` (`NAME`)
) ENGINE=InnoDB DEFAULT CHARSET=utf8 COLLATE=utf8_unicode_ci;
/*!40101 SET character_set_client = @saved_cs_client */;

--
-- Dumping data for table `b_sale_location_country`
--

LOCK TABLES `b_sale_location_country` WRITE;
/*!40000 ALTER TABLE `b_sale_location_country` DISABLE KEYS */;
/*!40000 ALTER TABLE `b_sale_location_country` ENABLE KEYS */;
UNLOCK TABLES;

--
-- Table structure for table `b_sale_location_country_lang`
--

DROP TABLE IF EXISTS `b_sale_location_country_lang`;
/*!40101 SET @saved_cs_client     = @@character_set_client */;
/*!40101 SET character_set_client = utf8 */;
CREATE TABLE `b_sale_location_country_lang` (
  `ID` int(11) NOT NULL AUTO_INCREMENT,
  `COUNTRY_ID` int(11) NOT NULL,
  `LID` char(2) COLLATE utf8_unicode_ci NOT NULL,
  `NAME` varchar(100) COLLATE utf8_unicode_ci NOT NULL,
  `SHORT_NAME` varchar(100) COLLATE utf8_unicode_ci DEFAULT NULL,
  PRIMARY KEY (`ID`),
  UNIQUE KEY `IXS_LOCAT_CNTR_LID` (`COUNTRY_ID`,`LID`)
) ENGINE=InnoDB DEFAULT CHARSET=utf8 COLLATE=utf8_unicode_ci;
/*!40101 SET character_set_client = @saved_cs_client */;

--
-- Dumping data for table `b_sale_location_country_lang`
--

LOCK TABLES `b_sale_location_country_lang` WRITE;
/*!40000 ALTER TABLE `b_sale_location_country_lang` DISABLE KEYS */;
/*!40000 ALTER TABLE `b_sale_location_country_lang` ENABLE KEYS */;
UNLOCK TABLES;

--
-- Table structure for table `b_sale_location_group`
--

DROP TABLE IF EXISTS `b_sale_location_group`;
/*!40101 SET @saved_cs_client     = @@character_set_client */;
/*!40101 SET character_set_client = utf8 */;
CREATE TABLE `b_sale_location_group` (
  `ID` int(11) NOT NULL AUTO_INCREMENT,
  `CODE` varchar(100) COLLATE utf8_unicode_ci NOT NULL,
  `SORT` int(11) NOT NULL DEFAULT '100',
  PRIMARY KEY (`ID`),
  UNIQUE KEY `IX_SALE_LOCATION_GROUP_CODE` (`CODE`)
) ENGINE=InnoDB DEFAULT CHARSET=utf8 COLLATE=utf8_unicode_ci;
/*!40101 SET character_set_client = @saved_cs_client */;

--
-- Dumping data for table `b_sale_location_group`
--

LOCK TABLES `b_sale_location_group` WRITE;
/*!40000 ALTER TABLE `b_sale_location_group` DISABLE KEYS */;
/*!40000 ALTER TABLE `b_sale_location_group` ENABLE KEYS */;
UNLOCK TABLES;

--
-- Table structure for table `b_sale_location_group_lang`
--

DROP TABLE IF EXISTS `b_sale_location_group_lang`;
/*!40101 SET @saved_cs_client     = @@character_set_client */;
/*!40101 SET character_set_client = utf8 */;
CREATE TABLE `b_sale_location_group_lang` (
  `ID` int(11) NOT NULL AUTO_INCREMENT,
  `LOCATION_GROUP_ID` int(11) NOT NULL,
  `LID` char(2) COLLATE utf8_unicode_ci NOT NULL,
  `NAME` varchar(250) COLLATE utf8_unicode_ci NOT NULL,
  PRIMARY KEY (`ID`),
  UNIQUE KEY `IX_LOCATION_GROUP_LID` (`LOCATION_GROUP_ID`,`LID`)
) ENGINE=InnoDB DEFAULT CHARSET=utf8 COLLATE=utf8_unicode_ci;
/*!40101 SET character_set_client = @saved_cs_client */;

--
-- Dumping data for table `b_sale_location_group_lang`
--

LOCK TABLES `b_sale_location_group_lang` WRITE;
/*!40000 ALTER TABLE `b_sale_location_group_lang` DISABLE KEYS */;
/*!40000 ALTER TABLE `b_sale_location_group_lang` ENABLE KEYS */;
UNLOCK TABLES;

--
-- Table structure for table `b_sale_location_region`
--

DROP TABLE IF EXISTS `b_sale_location_region`;
/*!40101 SET @saved_cs_client     = @@character_set_client */;
/*!40101 SET character_set_client = utf8 */;
CREATE TABLE `b_sale_location_region` (
  `ID` int(11) NOT NULL AUTO_INCREMENT,
  `NAME` varchar(255) COLLATE utf8_unicode_ci NOT NULL,
  `SHORT_NAME` varchar(100) COLLATE utf8_unicode_ci DEFAULT NULL,
  PRIMARY KEY (`ID`)
) ENGINE=InnoDB DEFAULT CHARSET=utf8 COLLATE=utf8_unicode_ci;
/*!40101 SET character_set_client = @saved_cs_client */;

--
-- Dumping data for table `b_sale_location_region`
--

LOCK TABLES `b_sale_location_region` WRITE;
/*!40000 ALTER TABLE `b_sale_location_region` DISABLE KEYS */;
/*!40000 ALTER TABLE `b_sale_location_region` ENABLE KEYS */;
UNLOCK TABLES;

--
-- Table structure for table `b_sale_location_region_lang`
--

DROP TABLE IF EXISTS `b_sale_location_region_lang`;
/*!40101 SET @saved_cs_client     = @@character_set_client */;
/*!40101 SET character_set_client = utf8 */;
CREATE TABLE `b_sale_location_region_lang` (
  `ID` int(11) NOT NULL AUTO_INCREMENT,
  `REGION_ID` int(11) NOT NULL,
  `LID` char(2) COLLATE utf8_unicode_ci NOT NULL,
  `NAME` varchar(100) COLLATE utf8_unicode_ci NOT NULL,
  `SHORT_NAME` varchar(100) COLLATE utf8_unicode_ci DEFAULT NULL,
  PRIMARY KEY (`ID`),
  UNIQUE KEY `IXS_LOCAT_REGION_LID` (`REGION_ID`,`LID`),
  KEY `IXS_NAME` (`NAME`)
) ENGINE=InnoDB DEFAULT CHARSET=utf8 COLLATE=utf8_unicode_ci;
/*!40101 SET character_set_client = @saved_cs_client */;

--
-- Dumping data for table `b_sale_location_region_lang`
--

LOCK TABLES `b_sale_location_region_lang` WRITE;
/*!40000 ALTER TABLE `b_sale_location_region_lang` DISABLE KEYS */;
/*!40000 ALTER TABLE `b_sale_location_region_lang` ENABLE KEYS */;
UNLOCK TABLES;

--
-- Table structure for table `b_sale_location_zip`
--

DROP TABLE IF EXISTS `b_sale_location_zip`;
/*!40101 SET @saved_cs_client     = @@character_set_client */;
/*!40101 SET character_set_client = utf8 */;
CREATE TABLE `b_sale_location_zip` (
  `ID` int(11) NOT NULL AUTO_INCREMENT,
  `LOCATION_ID` int(11) NOT NULL DEFAULT '0',
  `ZIP` varchar(10) COLLATE utf8_unicode_ci NOT NULL DEFAULT '',
  PRIMARY KEY (`ID`),
  KEY `IX_LOCATION_ID` (`LOCATION_ID`),
  KEY `IX_ZIP` (`ZIP`)
) ENGINE=InnoDB DEFAULT CHARSET=utf8 COLLATE=utf8_unicode_ci;
/*!40101 SET character_set_client = @saved_cs_client */;

--
-- Dumping data for table `b_sale_location_zip`
--

LOCK TABLES `b_sale_location_zip` WRITE;
/*!40000 ALTER TABLE `b_sale_location_zip` DISABLE KEYS */;
/*!40000 ALTER TABLE `b_sale_location_zip` ENABLE KEYS */;
UNLOCK TABLES;

--
-- Table structure for table `b_sale_order`
--

DROP TABLE IF EXISTS `b_sale_order`;
/*!40101 SET @saved_cs_client     = @@character_set_client */;
/*!40101 SET character_set_client = utf8 */;
CREATE TABLE `b_sale_order` (
  `ID` int(11) NOT NULL AUTO_INCREMENT,
  `LID` char(2) COLLATE utf8_unicode_ci NOT NULL,
  `PERSON_TYPE_ID` int(11) NOT NULL,
  `PAYED` char(1) COLLATE utf8_unicode_ci NOT NULL DEFAULT 'N',
  `DATE_PAYED` datetime DEFAULT NULL,
  `EMP_PAYED_ID` int(11) DEFAULT NULL,
  `CANCELED` char(1) COLLATE utf8_unicode_ci NOT NULL DEFAULT 'N',
  `DATE_CANCELED` datetime DEFAULT NULL,
  `EMP_CANCELED_ID` int(11) DEFAULT NULL,
  `REASON_CANCELED` varchar(255) COLLATE utf8_unicode_ci DEFAULT NULL,
  `STATUS_ID` varchar(2) COLLATE utf8_unicode_ci NOT NULL,
  `DATE_STATUS` datetime NOT NULL,
  `EMP_STATUS_ID` int(11) DEFAULT NULL,
  `PRICE_DELIVERY` decimal(18,4) NOT NULL DEFAULT '0.0000',
  `PRICE_PAYMENT` decimal(18,4) NOT NULL DEFAULT '0.0000',
  `ALLOW_DELIVERY` char(1) COLLATE utf8_unicode_ci NOT NULL DEFAULT 'N',
  `DATE_ALLOW_DELIVERY` datetime DEFAULT NULL,
  `EMP_ALLOW_DELIVERY_ID` int(11) DEFAULT NULL,
  `DEDUCTED` char(1) COLLATE utf8_unicode_ci NOT NULL DEFAULT 'N',
  `DATE_DEDUCTED` datetime DEFAULT NULL,
  `EMP_DEDUCTED_ID` int(11) DEFAULT NULL,
  `REASON_UNDO_DEDUCTED` varchar(255) COLLATE utf8_unicode_ci DEFAULT NULL,
  `MARKED` char(1) COLLATE utf8_unicode_ci NOT NULL DEFAULT 'N',
  `DATE_MARKED` datetime DEFAULT NULL,
  `EMP_MARKED_ID` int(11) DEFAULT NULL,
  `REASON_MARKED` varchar(255) COLLATE utf8_unicode_ci DEFAULT NULL,
  `RESERVED` char(1) COLLATE utf8_unicode_ci NOT NULL DEFAULT 'N',
  `PRICE` decimal(18,4) NOT NULL,
  `CURRENCY` char(3) COLLATE utf8_unicode_ci NOT NULL,
  `DISCOUNT_VALUE` decimal(18,4) NOT NULL DEFAULT '0.0000',
  `USER_ID` int(11) NOT NULL,
  `PAY_SYSTEM_ID` int(11) DEFAULT NULL,
  `DELIVERY_ID` varchar(50) COLLATE utf8_unicode_ci DEFAULT NULL,
  `DATE_INSERT` datetime NOT NULL,
  `DATE_UPDATE` datetime NOT NULL,
  `USER_DESCRIPTION` varchar(2000) COLLATE utf8_unicode_ci DEFAULT NULL,
  `ADDITIONAL_INFO` varchar(255) COLLATE utf8_unicode_ci DEFAULT NULL,
  `PS_STATUS` char(1) COLLATE utf8_unicode_ci DEFAULT NULL,
  `PS_STATUS_CODE` char(5) COLLATE utf8_unicode_ci DEFAULT NULL,
  `PS_STATUS_DESCRIPTION` varchar(250) COLLATE utf8_unicode_ci DEFAULT NULL,
  `PS_STATUS_MESSAGE` varchar(250) COLLATE utf8_unicode_ci DEFAULT NULL,
  `PS_SUM` decimal(18,2) DEFAULT NULL,
  `PS_CURRENCY` char(3) COLLATE utf8_unicode_ci DEFAULT NULL,
  `PS_RESPONSE_DATE` datetime DEFAULT NULL,
  `COMMENTS` text COLLATE utf8_unicode_ci,
  `TAX_VALUE` decimal(18,2) NOT NULL DEFAULT '0.00',
  `STAT_GID` varchar(255) COLLATE utf8_unicode_ci DEFAULT NULL,
  `SUM_PAID` decimal(18,2) NOT NULL DEFAULT '0.00',
  `RECURRING_ID` int(11) DEFAULT NULL,
  `PAY_VOUCHER_NUM` varchar(20) COLLATE utf8_unicode_ci DEFAULT NULL,
  `PAY_VOUCHER_DATE` date DEFAULT NULL,
  `LOCKED_BY` int(11) DEFAULT NULL,
  `DATE_LOCK` datetime DEFAULT NULL,
  `RECOUNT_FLAG` char(1) COLLATE utf8_unicode_ci NOT NULL DEFAULT 'Y',
  `AFFILIATE_ID` int(11) DEFAULT NULL,
  `DELIVERY_DOC_NUM` varchar(20) COLLATE utf8_unicode_ci DEFAULT NULL,
  `DELIVERY_DOC_DATE` date DEFAULT NULL,
  `UPDATED_1C` char(1) COLLATE utf8_unicode_ci NOT NULL DEFAULT 'N',
  `STORE_ID` int(11) DEFAULT NULL,
  `ORDER_TOPIC` varchar(255) COLLATE utf8_unicode_ci DEFAULT NULL,
  `CREATED_BY` int(11) DEFAULT NULL,
  `RESPONSIBLE_ID` int(11) DEFAULT NULL,
  `DATE_PAY_BEFORE` datetime DEFAULT NULL,
  `DATE_BILL` datetime DEFAULT NULL,
  `ACCOUNT_NUMBER` varchar(100) COLLATE utf8_unicode_ci DEFAULT NULL,
  `TRACKING_NUMBER` varchar(255) COLLATE utf8_unicode_ci DEFAULT NULL,
  `XML_ID` varchar(255) COLLATE utf8_unicode_ci DEFAULT NULL,
  `ID_1C` varchar(36) COLLATE utf8_unicode_ci DEFAULT NULL,
  `VERSION_1C` varchar(15) COLLATE utf8_unicode_ci DEFAULT NULL,
  `VERSION` int(11) NOT NULL DEFAULT '0',
  `EXTERNAL_ORDER` char(1) COLLATE utf8_unicode_ci NOT NULL DEFAULT 'N',
  `BX_USER_ID` varchar(32) COLLATE utf8_unicode_ci DEFAULT NULL,
  PRIMARY KEY (`ID`),
  UNIQUE KEY `IXS_ACCOUNT_NUMBER` (`ACCOUNT_NUMBER`),
  KEY `IXS_ORDER_USER_ID` (`USER_ID`),
  KEY `IXS_ORDER_PERSON_TYPE_ID` (`PERSON_TYPE_ID`),
  KEY `IXS_ORDER_STATUS_ID` (`STATUS_ID`),
  KEY `IXS_ORDER_REC_ID` (`RECURRING_ID`),
  KEY `IX_SOO_AFFILIATE_ID` (`AFFILIATE_ID`),
  KEY `IXS_ORDER_UPDATED_1C` (`UPDATED_1C`),
  KEY `IXS_SALE_COUNT` (`USER_ID`,`LID`,`PAYED`,`CANCELED`),
  KEY `IXS_DATE_UPDATE` (`DATE_UPDATE`),
  KEY `IXS_XML_ID` (`XML_ID`),
  KEY `IXS_ID_1C` (`ID_1C`),
  KEY `IX_BSO_DATE_ALLOW_DELIVERY` (`DATE_ALLOW_DELIVERY`),
  KEY `IX_BSO_ALLOW_DELIVERY` (`ALLOW_DELIVERY`),
  KEY `IX_BSO_DATE_CANCELED` (`DATE_CANCELED`),
  KEY `IX_BSO_CANCELED` (`CANCELED`),
  KEY `IX_BSO_DATE_PAYED` (`DATE_PAYED`),
  KEY `IX_BSO_DATE_INSERT` (`DATE_INSERT`),
  KEY `IX_BSO_DATE_PAY_BEFORE` (`DATE_PAY_BEFORE`)
) ENGINE=InnoDB DEFAULT CHARSET=utf8 COLLATE=utf8_unicode_ci;
/*!40101 SET character_set_client = @saved_cs_client */;

--
-- Dumping data for table `b_sale_order`
--

LOCK TABLES `b_sale_order` WRITE;
/*!40000 ALTER TABLE `b_sale_order` DISABLE KEYS */;
/*!40000 ALTER TABLE `b_sale_order` ENABLE KEYS */;
UNLOCK TABLES;

--
-- Table structure for table `b_sale_order_change`
--

DROP TABLE IF EXISTS `b_sale_order_change`;
/*!40101 SET @saved_cs_client     = @@character_set_client */;
/*!40101 SET character_set_client = utf8 */;
CREATE TABLE `b_sale_order_change` (
  `ID` int(11) NOT NULL AUTO_INCREMENT,
  `ORDER_ID` int(11) NOT NULL,
  `TYPE` varchar(255) COLLATE utf8_unicode_ci NOT NULL,
  `DATA` varchar(512) COLLATE utf8_unicode_ci DEFAULT NULL,
  `DATE_CREATE` datetime NOT NULL,
  `DATE_MODIFY` datetime NOT NULL,
  `USER_ID` int(11) NOT NULL,
  `ENTITY` varchar(50) COLLATE utf8_unicode_ci DEFAULT NULL,
  `ENTITY_ID` int(11) DEFAULT NULL,
  PRIMARY KEY (`ID`),
  KEY `IXS_ORDER_ID_CHANGE` (`ORDER_ID`),
  KEY `IXS_TYPE_CHANGE` (`TYPE`)
) ENGINE=InnoDB DEFAULT CHARSET=utf8 COLLATE=utf8_unicode_ci;
/*!40101 SET character_set_client = @saved_cs_client */;

--
-- Dumping data for table `b_sale_order_change`
--

LOCK TABLES `b_sale_order_change` WRITE;
/*!40000 ALTER TABLE `b_sale_order_change` DISABLE KEYS */;
/*!40000 ALTER TABLE `b_sale_order_change` ENABLE KEYS */;
UNLOCK TABLES;

--
-- Table structure for table `b_sale_order_coupons`
--

DROP TABLE IF EXISTS `b_sale_order_coupons`;
/*!40101 SET @saved_cs_client     = @@character_set_client */;
/*!40101 SET character_set_client = utf8 */;
CREATE TABLE `b_sale_order_coupons` (
  `ID` int(11) NOT NULL AUTO_INCREMENT,
  `ORDER_ID` int(11) NOT NULL,
  `ORDER_DISCOUNT_ID` int(11) NOT NULL,
  `COUPON` varchar(32) COLLATE utf8_unicode_ci NOT NULL,
  `TYPE` int(11) NOT NULL,
  `COUPON_ID` int(11) NOT NULL,
  `DATA` text COLLATE utf8_unicode_ci,
  PRIMARY KEY (`ID`),
  KEY `IX_SALE_ORDER_CPN_ORDER` (`ORDER_ID`)
) ENGINE=InnoDB DEFAULT CHARSET=utf8 COLLATE=utf8_unicode_ci;
/*!40101 SET character_set_client = @saved_cs_client */;

--
-- Dumping data for table `b_sale_order_coupons`
--

LOCK TABLES `b_sale_order_coupons` WRITE;
/*!40000 ALTER TABLE `b_sale_order_coupons` DISABLE KEYS */;
/*!40000 ALTER TABLE `b_sale_order_coupons` ENABLE KEYS */;
UNLOCK TABLES;

--
-- Table structure for table `b_sale_order_delivery`
--

DROP TABLE IF EXISTS `b_sale_order_delivery`;
/*!40101 SET @saved_cs_client     = @@character_set_client */;
/*!40101 SET character_set_client = utf8 */;
CREATE TABLE `b_sale_order_delivery` (
  `ID` int(11) NOT NULL AUTO_INCREMENT,
  `ORDER_ID` int(11) NOT NULL,
  `DATE_INSERT` datetime NOT NULL,
  `DATE_REQUEST` datetime DEFAULT NULL,
  `DATE_UPDATE` datetime DEFAULT NULL,
  `DELIVERY_LOCATION` varchar(50) COLLATE utf8_unicode_ci DEFAULT NULL,
  `PARAMS` text COLLATE utf8_unicode_ci,
  `STATUS_ID` varchar(2) COLLATE utf8_unicode_ci NOT NULL,
  `PRICE_DELIVERY` decimal(18,4) DEFAULT NULL,
  `DISCOUNT_PRICE` decimal(18,4) DEFAULT NULL,
  `BASE_PRICE_DELIVERY` decimal(18,4) DEFAULT NULL,
  `CUSTOM_PRICE_DELIVERY` char(1) COLLATE utf8_unicode_ci DEFAULT NULL,
  `ALLOW_DELIVERY` char(1) COLLATE utf8_unicode_ci DEFAULT 'N',
  `DATE_ALLOW_DELIVERY` datetime DEFAULT NULL,
  `EMP_ALLOW_DELIVERY_ID` int(11) DEFAULT NULL,
  `DEDUCTED` char(1) COLLATE utf8_unicode_ci DEFAULT 'N',
  `DATE_DEDUCTED` datetime DEFAULT NULL,
  `EMP_DEDUCTED_ID` int(11) DEFAULT NULL,
  `REASON_UNDO_DEDUCTED` varchar(255) COLLATE utf8_unicode_ci DEFAULT NULL,
  `RESERVED` char(1) COLLATE utf8_unicode_ci DEFAULT NULL,
  `DELIVERY_ID` int(11) NOT NULL,
  `DELIVERY_DOC_NUM` varchar(20) COLLATE utf8_unicode_ci DEFAULT NULL,
  `DELIVERY_DOC_DATE` datetime DEFAULT NULL,
  `TRACKING_NUMBER` varchar(255) COLLATE utf8_unicode_ci DEFAULT NULL,
  `XML_ID` varchar(255) COLLATE utf8_unicode_ci DEFAULT NULL,
  `DELIVERY_NAME` varchar(128) COLLATE utf8_unicode_ci DEFAULT NULL,
  `CANCELED` char(1) COLLATE utf8_unicode_ci DEFAULT 'N',
  `DATE_CANCELED` datetime DEFAULT NULL,
  `EMP_CANCELED_ID` int(11) DEFAULT NULL,
  `REASON_CANCELED` varchar(255) COLLATE utf8_unicode_ci DEFAULT '',
  `MARKED` char(1) COLLATE utf8_unicode_ci DEFAULT NULL,
  `DATE_MARKED` datetime DEFAULT NULL,
  `EMP_MARKED_ID` int(11) DEFAULT NULL,
  `REASON_MARKED` varchar(255) COLLATE utf8_unicode_ci DEFAULT NULL,
  `CURRENCY` varchar(3) COLLATE utf8_unicode_ci DEFAULT NULL,
  `SYSTEM` char(1) COLLATE utf8_unicode_ci NOT NULL DEFAULT 'N',
  `RESPONSIBLE_ID` int(11) DEFAULT NULL,
  `EMP_RESPONSIBLE_ID` int(11) DEFAULT NULL,
  `DATE_RESPONSIBLE_ID` datetime DEFAULT NULL,
  `COMMENTS` text COLLATE utf8_unicode_ci,
  `COMPANY_ID` int(11) DEFAULT NULL,
  `TRACKING_STATUS` int(11) DEFAULT NULL,
  `TRACKING_DESCRIPTION` varchar(255) COLLATE utf8_unicode_ci DEFAULT NULL,
  `TRACKING_LAST_CHECK` datetime DEFAULT NULL,
  `TRACKING_LAST_CHANGE` datetime DEFAULT NULL,
  `ACCOUNT_NUMBER` varchar(100) COLLATE utf8_unicode_ci DEFAULT NULL,
  `ID_1C` varchar(36) COLLATE utf8_unicode_ci DEFAULT NULL,
  `VERSION_1C` varchar(15) COLLATE utf8_unicode_ci DEFAULT NULL,
  `EXTERNAL_DELIVERY` char(1) COLLATE utf8_unicode_ci NOT NULL DEFAULT 'N',
  `UPDATED_1C` char(1) COLLATE utf8_unicode_ci NOT NULL DEFAULT 'N',
  PRIMARY KEY (`ID`),
  UNIQUE KEY `IXS_DLV_ACCOUNT_NUMBER` (`ACCOUNT_NUMBER`),
  KEY `IX_BSOD_ORDER_ID` (`ORDER_ID`),
  KEY `IX_BSOD_DATE_ALLOW_DELIVERY` (`DATE_ALLOW_DELIVERY`),
  KEY `IX_BSOD_ALLOW_DELIVERY` (`ALLOW_DELIVERY`),
  KEY `IX_BSOD_DATE_CANCELED` (`DATE_CANCELED`),
  KEY `IX_BSOD_CANCELED` (`CANCELED`)
) ENGINE=InnoDB DEFAULT CHARSET=utf8 COLLATE=utf8_unicode_ci;
/*!40101 SET character_set_client = @saved_cs_client */;

--
-- Dumping data for table `b_sale_order_delivery`
--

LOCK TABLES `b_sale_order_delivery` WRITE;
/*!40000 ALTER TABLE `b_sale_order_delivery` DISABLE KEYS */;
/*!40000 ALTER TABLE `b_sale_order_delivery` ENABLE KEYS */;
UNLOCK TABLES;

--
-- Table structure for table `b_sale_order_delivery_es`
--

DROP TABLE IF EXISTS `b_sale_order_delivery_es`;
/*!40101 SET @saved_cs_client     = @@character_set_client */;
/*!40101 SET character_set_client = utf8 */;
CREATE TABLE `b_sale_order_delivery_es` (
  `ID` int(11) NOT NULL AUTO_INCREMENT,
  `SHIPMENT_ID` int(11) NOT NULL,
  `EXTRA_SERVICE_ID` int(11) NOT NULL,
  `VALUE` varchar(255) COLLATE utf8_unicode_ci DEFAULT NULL,
  PRIMARY KEY (`ID`),
  KEY `IX_BSOD_ES_SHIPMENT_ID` (`SHIPMENT_ID`),
  KEY `IX_BSOD_ES_EXTRA_SERVICE_ID` (`EXTRA_SERVICE_ID`)
) ENGINE=InnoDB DEFAULT CHARSET=utf8 COLLATE=utf8_unicode_ci;
/*!40101 SET character_set_client = @saved_cs_client */;

--
-- Dumping data for table `b_sale_order_delivery_es`
--

LOCK TABLES `b_sale_order_delivery_es` WRITE;
/*!40000 ALTER TABLE `b_sale_order_delivery_es` DISABLE KEYS */;
/*!40000 ALTER TABLE `b_sale_order_delivery_es` ENABLE KEYS */;
UNLOCK TABLES;

--
-- Table structure for table `b_sale_order_delivery_req`
--

DROP TABLE IF EXISTS `b_sale_order_delivery_req`;
/*!40101 SET @saved_cs_client     = @@character_set_client */;
/*!40101 SET character_set_client = utf8 */;
CREATE TABLE `b_sale_order_delivery_req` (
  `ID` int(11) NOT NULL AUTO_INCREMENT,
  `ORDER_ID` int(11) NOT NULL,
  `DATE_REQUEST` datetime DEFAULT NULL,
  `DELIVERY_LOCATION` varchar(50) COLLATE utf8_unicode_ci DEFAULT NULL,
  `PARAMS` text COLLATE utf8_unicode_ci,
  `SHIPMENT_ID` int(11) DEFAULT NULL,
  PRIMARY KEY (`ID`),
  KEY `IX_ORDER_ID` (`ORDER_ID`),
  KEY `IX_SHIPMENT_ID` (`SHIPMENT_ID`)
) ENGINE=MyISAM DEFAULT CHARSET=utf8 COLLATE=utf8_unicode_ci;
/*!40101 SET character_set_client = @saved_cs_client */;

--
-- Dumping data for table `b_sale_order_delivery_req`
--

LOCK TABLES `b_sale_order_delivery_req` WRITE;
/*!40000 ALTER TABLE `b_sale_order_delivery_req` DISABLE KEYS */;
/*!40000 ALTER TABLE `b_sale_order_delivery_req` ENABLE KEYS */;
UNLOCK TABLES;

--
-- Table structure for table `b_sale_order_discount`
--

DROP TABLE IF EXISTS `b_sale_order_discount`;
/*!40101 SET @saved_cs_client     = @@character_set_client */;
/*!40101 SET character_set_client = utf8 */;
CREATE TABLE `b_sale_order_discount` (
  `ID` int(11) NOT NULL AUTO_INCREMENT,
  `MODULE_ID` varchar(50) COLLATE utf8_unicode_ci NOT NULL,
  `DISCOUNT_ID` int(11) NOT NULL,
  `NAME` varchar(255) COLLATE utf8_unicode_ci NOT NULL,
  `DISCOUNT_HASH` varchar(32) COLLATE utf8_unicode_ci NOT NULL,
  `CONDITIONS` mediumtext COLLATE utf8_unicode_ci,
  `UNPACK` mediumtext COLLATE utf8_unicode_ci,
  `ACTIONS` mediumtext COLLATE utf8_unicode_ci,
  `APPLICATION` mediumtext COLLATE utf8_unicode_ci,
  `USE_COUPONS` char(1) COLLATE utf8_unicode_ci NOT NULL,
  `SORT` int(11) NOT NULL,
  `PRIORITY` int(11) NOT NULL,
  `LAST_DISCOUNT` char(1) COLLATE utf8_unicode_ci NOT NULL,
  `ACTIONS_DESCR` mediumtext COLLATE utf8_unicode_ci,
  PRIMARY KEY (`ID`),
  KEY `IX_SALE_ORDER_DSC_HASH` (`DISCOUNT_HASH`)
) ENGINE=InnoDB DEFAULT CHARSET=utf8 COLLATE=utf8_unicode_ci;
/*!40101 SET character_set_client = @saved_cs_client */;

--
-- Dumping data for table `b_sale_order_discount`
--

LOCK TABLES `b_sale_order_discount` WRITE;
/*!40000 ALTER TABLE `b_sale_order_discount` DISABLE KEYS */;
/*!40000 ALTER TABLE `b_sale_order_discount` ENABLE KEYS */;
UNLOCK TABLES;

--
-- Table structure for table `b_sale_order_discount_data`
--

DROP TABLE IF EXISTS `b_sale_order_discount_data`;
/*!40101 SET @saved_cs_client     = @@character_set_client */;
/*!40101 SET character_set_client = utf8 */;
CREATE TABLE `b_sale_order_discount_data` (
  `ID` int(11) NOT NULL AUTO_INCREMENT,
  `ORDER_ID` int(11) NOT NULL,
  `ENTITY_TYPE` int(11) NOT NULL,
  `ENTITY_ID` int(11) NOT NULL,
  `ENTITY_VALUE` varchar(255) COLLATE utf8_unicode_ci DEFAULT NULL,
  `ENTITY_DATA` mediumtext COLLATE utf8_unicode_ci NOT NULL,
  PRIMARY KEY (`ID`),
  KEY `IX_SALE_DSC_DATA_CMX` (`ORDER_ID`,`ENTITY_TYPE`)
) ENGINE=InnoDB DEFAULT CHARSET=utf8 COLLATE=utf8_unicode_ci;
/*!40101 SET character_set_client = @saved_cs_client */;

--
-- Dumping data for table `b_sale_order_discount_data`
--

LOCK TABLES `b_sale_order_discount_data` WRITE;
/*!40000 ALTER TABLE `b_sale_order_discount_data` DISABLE KEYS */;
/*!40000 ALTER TABLE `b_sale_order_discount_data` ENABLE KEYS */;
UNLOCK TABLES;

--
-- Table structure for table `b_sale_order_dlv_basket`
--

DROP TABLE IF EXISTS `b_sale_order_dlv_basket`;
/*!40101 SET @saved_cs_client     = @@character_set_client */;
/*!40101 SET character_set_client = utf8 */;
CREATE TABLE `b_sale_order_dlv_basket` (
  `ID` int(11) NOT NULL AUTO_INCREMENT,
  `ORDER_DELIVERY_ID` int(11) NOT NULL,
  `BASKET_ID` int(11) NOT NULL,
  `DATE_INSERT` datetime NOT NULL,
  `QUANTITY` decimal(18,4) NOT NULL,
  `RESERVED_QUANTITY` decimal(18,4) NOT NULL,
  PRIMARY KEY (`ID`),
  KEY `IX_BSODB_ORDER_DELIVERY_ID` (`ORDER_DELIVERY_ID`),
  KEY `IX_S_O_DB_BASKET_ID` (`BASKET_ID`)
) ENGINE=InnoDB DEFAULT CHARSET=utf8 COLLATE=utf8_unicode_ci;
/*!40101 SET character_set_client = @saved_cs_client */;

--
-- Dumping data for table `b_sale_order_dlv_basket`
--

LOCK TABLES `b_sale_order_dlv_basket` WRITE;
/*!40000 ALTER TABLE `b_sale_order_dlv_basket` DISABLE KEYS */;
/*!40000 ALTER TABLE `b_sale_order_dlv_basket` ENABLE KEYS */;
UNLOCK TABLES;

--
-- Table structure for table `b_sale_order_flags2group`
--

DROP TABLE IF EXISTS `b_sale_order_flags2group`;
/*!40101 SET @saved_cs_client     = @@character_set_client */;
/*!40101 SET character_set_client = utf8 */;
CREATE TABLE `b_sale_order_flags2group` (
  `ID` int(11) NOT NULL AUTO_INCREMENT,
  `GROUP_ID` int(11) NOT NULL,
  `ORDER_FLAG` char(1) COLLATE utf8_unicode_ci NOT NULL,
  PRIMARY KEY (`ID`),
  UNIQUE KEY `ix_sale_ordfla2group` (`GROUP_ID`,`ORDER_FLAG`)
) ENGINE=InnoDB DEFAULT CHARSET=utf8 COLLATE=utf8_unicode_ci;
/*!40101 SET character_set_client = @saved_cs_client */;

--
-- Dumping data for table `b_sale_order_flags2group`
--

LOCK TABLES `b_sale_order_flags2group` WRITE;
/*!40000 ALTER TABLE `b_sale_order_flags2group` DISABLE KEYS */;
/*!40000 ALTER TABLE `b_sale_order_flags2group` ENABLE KEYS */;
UNLOCK TABLES;

--
-- Table structure for table `b_sale_order_history`
--

DROP TABLE IF EXISTS `b_sale_order_history`;
/*!40101 SET @saved_cs_client     = @@character_set_client */;
/*!40101 SET character_set_client = utf8 */;
CREATE TABLE `b_sale_order_history` (
  `ID` int(11) unsigned NOT NULL AUTO_INCREMENT,
  `H_USER_ID` int(11) unsigned NOT NULL,
  `H_DATE_INSERT` datetime NOT NULL,
  `H_ORDER_ID` int(11) unsigned NOT NULL,
  `H_CURRENCY` char(3) COLLATE utf8_unicode_ci NOT NULL,
  `PERSON_TYPE_ID` int(11) unsigned DEFAULT NULL,
  `PAYED` char(1) COLLATE utf8_unicode_ci DEFAULT NULL,
  `DATE_PAYED` datetime DEFAULT NULL,
  `EMP_PAYED_ID` int(11) unsigned DEFAULT NULL,
  `CANCELED` char(1) COLLATE utf8_unicode_ci DEFAULT NULL,
  `DATE_CANCELED` datetime DEFAULT NULL,
  `REASON_CANCELED` varchar(255) COLLATE utf8_unicode_ci DEFAULT NULL,
  `STATUS_ID` varchar(2) COLLATE utf8_unicode_ci NOT NULL,
  `DATE_STATUS` datetime DEFAULT NULL,
  `PRICE_DELIVERY` decimal(18,2) DEFAULT NULL,
  `ALLOW_DELIVERY` char(1) COLLATE utf8_unicode_ci DEFAULT NULL,
  `DATE_ALLOW_DELIVERY` datetime DEFAULT NULL,
  `RESERVED` char(1) COLLATE utf8_unicode_ci DEFAULT NULL,
  `DEDUCTED` char(1) COLLATE utf8_unicode_ci DEFAULT NULL,
  `DATE_DEDUCTED` datetime DEFAULT NULL,
  `REASON_UNDO_DEDUCTED` varchar(255) COLLATE utf8_unicode_ci DEFAULT NULL,
  `MARKED` char(1) COLLATE utf8_unicode_ci DEFAULT NULL,
  `DATE_MARKED` datetime DEFAULT NULL,
  `REASON_MARKED` varchar(255) COLLATE utf8_unicode_ci DEFAULT NULL,
  `PRICE` decimal(18,2) DEFAULT NULL,
  `CURRENCY` char(3) COLLATE utf8_unicode_ci DEFAULT NULL,
  `DISCOUNT_VALUE` decimal(18,2) DEFAULT NULL,
  `USER_ID` int(11) unsigned DEFAULT NULL,
  `PAY_SYSTEM_ID` int(11) unsigned DEFAULT NULL,
  `DELIVERY_ID` varchar(50) COLLATE utf8_unicode_ci DEFAULT NULL,
  `PS_STATUS` char(1) COLLATE utf8_unicode_ci DEFAULT NULL,
  `PS_STATUS_CODE` char(5) COLLATE utf8_unicode_ci DEFAULT NULL,
  `PS_STATUS_DESCRIPTION` varchar(250) COLLATE utf8_unicode_ci DEFAULT NULL,
  `PS_STATUS_MESSAGE` varchar(250) COLLATE utf8_unicode_ci DEFAULT NULL,
  `PS_SUM` decimal(18,2) DEFAULT NULL,
  `PS_CURRENCY` char(3) COLLATE utf8_unicode_ci DEFAULT NULL,
  `PS_RESPONSE_DATE` datetime DEFAULT NULL,
  `TAX_VALUE` decimal(18,2) DEFAULT NULL,
  `STAT_GID` varchar(255) COLLATE utf8_unicode_ci DEFAULT NULL,
  `SUM_PAID` decimal(18,2) DEFAULT NULL,
  `PAY_VOUCHER_NUM` varchar(20) COLLATE utf8_unicode_ci DEFAULT NULL,
  `PAY_VOUCHER_DATE` date DEFAULT NULL,
  `AFFILIATE_ID` int(11) unsigned DEFAULT NULL,
  `DELIVERY_DOC_NUM` varchar(20) COLLATE utf8_unicode_ci DEFAULT NULL,
  `DELIVERY_DOC_DATE` date DEFAULT NULL,
  PRIMARY KEY (`ID`),
  KEY `ixH_ORDER_ID` (`H_ORDER_ID`)
) ENGINE=InnoDB DEFAULT CHARSET=utf8 COLLATE=utf8_unicode_ci;
/*!40101 SET character_set_client = @saved_cs_client */;

--
-- Dumping data for table `b_sale_order_history`
--

LOCK TABLES `b_sale_order_history` WRITE;
/*!40000 ALTER TABLE `b_sale_order_history` DISABLE KEYS */;
/*!40000 ALTER TABLE `b_sale_order_history` ENABLE KEYS */;
UNLOCK TABLES;

--
-- Table structure for table `b_sale_order_modules`
--

DROP TABLE IF EXISTS `b_sale_order_modules`;
/*!40101 SET @saved_cs_client     = @@character_set_client */;
/*!40101 SET character_set_client = utf8 */;
CREATE TABLE `b_sale_order_modules` (
  `ID` int(11) NOT NULL AUTO_INCREMENT,
  `ORDER_DISCOUNT_ID` int(11) NOT NULL,
  `MODULE_ID` varchar(50) COLLATE utf8_unicode_ci NOT NULL,
  PRIMARY KEY (`ID`),
  KEY `IX_SALE_ORDER_MDL_DSC` (`ORDER_DISCOUNT_ID`)
) ENGINE=InnoDB DEFAULT CHARSET=utf8 COLLATE=utf8_unicode_ci;
/*!40101 SET character_set_client = @saved_cs_client */;

--
-- Dumping data for table `b_sale_order_modules`
--

LOCK TABLES `b_sale_order_modules` WRITE;
/*!40000 ALTER TABLE `b_sale_order_modules` DISABLE KEYS */;
/*!40000 ALTER TABLE `b_sale_order_modules` ENABLE KEYS */;
UNLOCK TABLES;

--
-- Table structure for table `b_sale_order_payment`
--

DROP TABLE IF EXISTS `b_sale_order_payment`;
/*!40101 SET @saved_cs_client     = @@character_set_client */;
/*!40101 SET character_set_client = utf8 */;
CREATE TABLE `b_sale_order_payment` (
  `ID` int(11) NOT NULL AUTO_INCREMENT,
  `ORDER_ID` int(11) NOT NULL,
  `PAID` char(1) COLLATE utf8_unicode_ci NOT NULL DEFAULT 'N',
  `DATE_PAID` datetime DEFAULT NULL,
  `EMP_PAID_ID` int(11) DEFAULT NULL,
  `PAY_SYSTEM_ID` int(11) NOT NULL,
  `PS_STATUS` char(1) COLLATE utf8_unicode_ci DEFAULT NULL,
  `PS_STATUS_CODE` varchar(255) COLLATE utf8_unicode_ci DEFAULT NULL,
  `PS_STATUS_DESCRIPTION` varchar(250) COLLATE utf8_unicode_ci DEFAULT NULL,
  `PS_STATUS_MESSAGE` varchar(250) COLLATE utf8_unicode_ci DEFAULT NULL,
  `PS_SUM` decimal(18,4) DEFAULT NULL,
  `PS_CURRENCY` char(3) COLLATE utf8_unicode_ci DEFAULT NULL,
  `PS_RESPONSE_DATE` datetime DEFAULT NULL,
  `PAY_VOUCHER_NUM` varchar(20) COLLATE utf8_unicode_ci DEFAULT NULL,
  `PAY_VOUCHER_DATE` date DEFAULT NULL,
  `DATE_PAY_BEFORE` datetime DEFAULT NULL,
  `DATE_BILL` datetime DEFAULT NULL,
  `XML_ID` varchar(255) COLLATE utf8_unicode_ci DEFAULT NULL,
  `SUM` decimal(18,4) NOT NULL,
  `CURRENCY` char(3) COLLATE utf8_unicode_ci NOT NULL,
  `PAY_SYSTEM_NAME` varchar(128) COLLATE utf8_unicode_ci NOT NULL,
  `RESPONSIBLE_ID` int(11) DEFAULT NULL,
  `DATE_RESPONSIBLE_ID` datetime DEFAULT NULL,
  `EMP_RESPONSIBLE_ID` int(11) DEFAULT NULL,
  `COMMENTS` text COLLATE utf8_unicode_ci,
  `COMPANY_ID` int(11) DEFAULT NULL,
  `PAY_RETURN_DATE` date DEFAULT NULL,
  `EMP_RETURN_ID` int(11) DEFAULT NULL,
  `PAY_RETURN_NUM` varchar(20) COLLATE utf8_unicode_ci DEFAULT NULL,
  `PAY_RETURN_COMMENT` text COLLATE utf8_unicode_ci,
  `IS_RETURN` char(1) COLLATE utf8_unicode_ci NOT NULL DEFAULT 'N',
  `ACCOUNT_NUMBER` varchar(100) COLLATE utf8_unicode_ci DEFAULT NULL,
  `PS_INVOICE_ID` varchar(250) COLLATE utf8_unicode_ci DEFAULT NULL,
  `PRICE_COD` decimal(18,4) NOT NULL DEFAULT '0.0000',
  `ID_1C` varchar(36) COLLATE utf8_unicode_ci DEFAULT NULL,
  `VERSION_1C` varchar(15) COLLATE utf8_unicode_ci DEFAULT NULL,
  `EXTERNAL_PAYMENT` char(1) COLLATE utf8_unicode_ci NOT NULL DEFAULT 'N',
  `UPDATED_1C` char(1) COLLATE utf8_unicode_ci NOT NULL DEFAULT 'N',
  PRIMARY KEY (`ID`),
  UNIQUE KEY `IXS_PAY_ACCOUNT_NUMBER` (`ACCOUNT_NUMBER`),
  KEY `IX_BSOP_ORDER_ID` (`ORDER_ID`),
  KEY `IX_BSOP_DATE_PAID` (`DATE_PAID`),
  KEY `IX_BSOP_PAID` (`PAID`)
) ENGINE=InnoDB DEFAULT CHARSET=utf8 COLLATE=utf8_unicode_ci;
/*!40101 SET character_set_client = @saved_cs_client */;

--
-- Dumping data for table `b_sale_order_payment`
--

LOCK TABLES `b_sale_order_payment` WRITE;
/*!40000 ALTER TABLE `b_sale_order_payment` DISABLE KEYS */;
/*!40000 ALTER TABLE `b_sale_order_payment` ENABLE KEYS */;
UNLOCK TABLES;

--
-- Table structure for table `b_sale_order_payment_es`
--

DROP TABLE IF EXISTS `b_sale_order_payment_es`;
/*!40101 SET @saved_cs_client     = @@character_set_client */;
/*!40101 SET character_set_client = utf8 */;
CREATE TABLE `b_sale_order_payment_es` (
  `ID` int(11) NOT NULL AUTO_INCREMENT,
  `PAYMENT_ID` int(11) NOT NULL,
  `EXTRA_SERVICE_ID` int(11) NOT NULL,
  `VALUE` varchar(255) COLLATE utf8_unicode_ci DEFAULT NULL,
  PRIMARY KEY (`ID`),
  KEY `IX_BSOP_ES_PAYMENT_ID` (`PAYMENT_ID`),
  KEY `IX_BSOP_ES_EXTRA_SERVICE_ID` (`EXTRA_SERVICE_ID`)
) ENGINE=MyISAM DEFAULT CHARSET=utf8 COLLATE=utf8_unicode_ci;
/*!40101 SET character_set_client = @saved_cs_client */;

--
-- Dumping data for table `b_sale_order_payment_es`
--

LOCK TABLES `b_sale_order_payment_es` WRITE;
/*!40000 ALTER TABLE `b_sale_order_payment_es` DISABLE KEYS */;
/*!40000 ALTER TABLE `b_sale_order_payment_es` ENABLE KEYS */;
UNLOCK TABLES;

--
-- Table structure for table `b_sale_order_processing`
--

DROP TABLE IF EXISTS `b_sale_order_processing`;
/*!40101 SET @saved_cs_client     = @@character_set_client */;
/*!40101 SET character_set_client = utf8 */;
CREATE TABLE `b_sale_order_processing` (
  `ORDER_ID` int(11) DEFAULT '0',
  `PRODUCTS_ADDED` char(1) COLLATE utf8_unicode_ci DEFAULT 'N',
  `PRODUCTS_REMOVED` char(1) COLLATE utf8_unicode_ci DEFAULT 'N',
  KEY `IX_ORDER_ID` (`ORDER_ID`)
) ENGINE=InnoDB DEFAULT CHARSET=utf8 COLLATE=utf8_unicode_ci;
/*!40101 SET character_set_client = @saved_cs_client */;

--
-- Dumping data for table `b_sale_order_processing`
--

LOCK TABLES `b_sale_order_processing` WRITE;
/*!40000 ALTER TABLE `b_sale_order_processing` DISABLE KEYS */;
/*!40000 ALTER TABLE `b_sale_order_processing` ENABLE KEYS */;
UNLOCK TABLES;

--
-- Table structure for table `b_sale_order_props`
--

DROP TABLE IF EXISTS `b_sale_order_props`;
/*!40101 SET @saved_cs_client     = @@character_set_client */;
/*!40101 SET character_set_client = utf8 */;
CREATE TABLE `b_sale_order_props` (
  `ID` int(11) NOT NULL AUTO_INCREMENT,
  `PERSON_TYPE_ID` int(11) NOT NULL,
  `NAME` varchar(255) COLLATE utf8_unicode_ci NOT NULL,
  `TYPE` varchar(20) COLLATE utf8_unicode_ci NOT NULL,
  `REQUIRED` char(1) COLLATE utf8_unicode_ci NOT NULL DEFAULT 'N',
  `DEFAULT_VALUE` varchar(500) COLLATE utf8_unicode_ci DEFAULT NULL,
  `SORT` int(11) NOT NULL DEFAULT '100',
  `USER_PROPS` char(1) COLLATE utf8_unicode_ci NOT NULL DEFAULT 'N',
  `IS_LOCATION` char(1) COLLATE utf8_unicode_ci NOT NULL DEFAULT 'N',
  `PROPS_GROUP_ID` int(11) NOT NULL,
  `DESCRIPTION` varchar(255) COLLATE utf8_unicode_ci DEFAULT NULL,
  `IS_EMAIL` char(1) COLLATE utf8_unicode_ci NOT NULL DEFAULT 'N',
  `IS_PROFILE_NAME` char(1) COLLATE utf8_unicode_ci NOT NULL DEFAULT 'N',
  `IS_PAYER` char(1) COLLATE utf8_unicode_ci NOT NULL DEFAULT 'N',
  `IS_LOCATION4TAX` char(1) COLLATE utf8_unicode_ci NOT NULL DEFAULT 'N',
  `IS_FILTERED` char(1) COLLATE utf8_unicode_ci NOT NULL DEFAULT 'N',
  `CODE` varchar(50) COLLATE utf8_unicode_ci DEFAULT NULL,
  `IS_ZIP` char(1) COLLATE utf8_unicode_ci NOT NULL DEFAULT 'N',
  `IS_PHONE` char(1) COLLATE utf8_unicode_ci NOT NULL DEFAULT 'N',
  `ACTIVE` varchar(1) COLLATE utf8_unicode_ci NOT NULL DEFAULT 'Y',
  `UTIL` varchar(1) COLLATE utf8_unicode_ci NOT NULL DEFAULT 'N',
  `INPUT_FIELD_LOCATION` int(11) NOT NULL DEFAULT '0',
  `MULTIPLE` char(1) COLLATE utf8_unicode_ci NOT NULL DEFAULT 'N',
  `IS_ADDRESS` char(1) COLLATE utf8_unicode_ci NOT NULL DEFAULT 'N',
  `SETTINGS` varchar(500) COLLATE utf8_unicode_ci DEFAULT NULL,
  PRIMARY KEY (`ID`),
  KEY `IXS_ORDER_PROPS_PERSON_TYPE_ID` (`PERSON_TYPE_ID`),
  KEY `IXS_CODE_OPP` (`CODE`)
) ENGINE=InnoDB DEFAULT CHARSET=utf8 COLLATE=utf8_unicode_ci;
/*!40101 SET character_set_client = @saved_cs_client */;

--
-- Dumping data for table `b_sale_order_props`
--

LOCK TABLES `b_sale_order_props` WRITE;
/*!40000 ALTER TABLE `b_sale_order_props` DISABLE KEYS */;
/*!40000 ALTER TABLE `b_sale_order_props` ENABLE KEYS */;
UNLOCK TABLES;

--
-- Table structure for table `b_sale_order_props_group`
--

DROP TABLE IF EXISTS `b_sale_order_props_group`;
/*!40101 SET @saved_cs_client     = @@character_set_client */;
/*!40101 SET character_set_client = utf8 */;
CREATE TABLE `b_sale_order_props_group` (
  `ID` int(11) NOT NULL AUTO_INCREMENT,
  `PERSON_TYPE_ID` int(11) NOT NULL,
  `NAME` varchar(255) COLLATE utf8_unicode_ci NOT NULL,
  `SORT` int(11) NOT NULL DEFAULT '100',
  PRIMARY KEY (`ID`),
  KEY `IXS_ORDER_PROPS_GROUP_PERSON_TYPE_ID` (`PERSON_TYPE_ID`)
) ENGINE=InnoDB DEFAULT CHARSET=utf8 COLLATE=utf8_unicode_ci;
/*!40101 SET character_set_client = @saved_cs_client */;

--
-- Dumping data for table `b_sale_order_props_group`
--

LOCK TABLES `b_sale_order_props_group` WRITE;
/*!40000 ALTER TABLE `b_sale_order_props_group` DISABLE KEYS */;
/*!40000 ALTER TABLE `b_sale_order_props_group` ENABLE KEYS */;
UNLOCK TABLES;

--
-- Table structure for table `b_sale_order_props_rel_old`
--

DROP TABLE IF EXISTS `b_sale_order_props_rel_old`;
/*!40101 SET @saved_cs_client     = @@character_set_client */;
/*!40101 SET character_set_client = utf8 */;
CREATE TABLE `b_sale_order_props_rel_old` (
  `PROPERTY_ID` int(11) NOT NULL,
  `ENTITY_ID` varchar(35) COLLATE utf8_unicode_ci NOT NULL,
  `ENTITY_TYPE` char(1) COLLATE utf8_unicode_ci NOT NULL,
  PRIMARY KEY (`PROPERTY_ID`,`ENTITY_ID`,`ENTITY_TYPE`),
  KEY `IX_PROPERTY` (`PROPERTY_ID`),
  KEY `IX_ENTITY_ID` (`ENTITY_ID`)
) ENGINE=InnoDB DEFAULT CHARSET=utf8 COLLATE=utf8_unicode_ci;
/*!40101 SET character_set_client = @saved_cs_client */;

--
-- Dumping data for table `b_sale_order_props_rel_old`
--

LOCK TABLES `b_sale_order_props_rel_old` WRITE;
/*!40000 ALTER TABLE `b_sale_order_props_rel_old` DISABLE KEYS */;
/*!40000 ALTER TABLE `b_sale_order_props_rel_old` ENABLE KEYS */;
UNLOCK TABLES;

--
-- Table structure for table `b_sale_order_props_relation`
--

DROP TABLE IF EXISTS `b_sale_order_props_relation`;
/*!40101 SET @saved_cs_client     = @@character_set_client */;
/*!40101 SET character_set_client = utf8 */;
CREATE TABLE `b_sale_order_props_relation` (
  `PROPERTY_ID` int(11) NOT NULL,
  `ENTITY_ID` varchar(35) COLLATE utf8_unicode_ci NOT NULL,
  `ENTITY_TYPE` char(1) COLLATE utf8_unicode_ci NOT NULL,
  PRIMARY KEY (`PROPERTY_ID`,`ENTITY_ID`,`ENTITY_TYPE`),
  KEY `IX_PROPERTY` (`PROPERTY_ID`),
  KEY `IX_ENTITY_ID` (`ENTITY_ID`)
) ENGINE=MyISAM DEFAULT CHARSET=utf8 COLLATE=utf8_unicode_ci;
/*!40101 SET character_set_client = @saved_cs_client */;

--
-- Dumping data for table `b_sale_order_props_relation`
--

LOCK TABLES `b_sale_order_props_relation` WRITE;
/*!40000 ALTER TABLE `b_sale_order_props_relation` DISABLE KEYS */;
/*!40000 ALTER TABLE `b_sale_order_props_relation` ENABLE KEYS */;
UNLOCK TABLES;

--
-- Table structure for table `b_sale_order_props_value`
--

DROP TABLE IF EXISTS `b_sale_order_props_value`;
/*!40101 SET @saved_cs_client     = @@character_set_client */;
/*!40101 SET character_set_client = utf8 */;
CREATE TABLE `b_sale_order_props_value` (
  `ID` int(11) NOT NULL AUTO_INCREMENT,
  `ORDER_ID` int(11) NOT NULL,
  `ORDER_PROPS_ID` int(11) DEFAULT NULL,
  `NAME` varchar(255) COLLATE utf8_unicode_ci NOT NULL,
  `VALUE` varchar(500) COLLATE utf8_unicode_ci DEFAULT NULL,
  `CODE` varchar(50) COLLATE utf8_unicode_ci DEFAULT NULL,
  PRIMARY KEY (`ID`),
  UNIQUE KEY `IX_SOPV_ORD_PROP_UNI` (`ORDER_ID`,`ORDER_PROPS_ID`)
) ENGINE=InnoDB DEFAULT CHARSET=utf8 COLLATE=utf8_unicode_ci;
/*!40101 SET character_set_client = @saved_cs_client */;

--
-- Dumping data for table `b_sale_order_props_value`
--

LOCK TABLES `b_sale_order_props_value` WRITE;
/*!40000 ALTER TABLE `b_sale_order_props_value` DISABLE KEYS */;
/*!40000 ALTER TABLE `b_sale_order_props_value` ENABLE KEYS */;
UNLOCK TABLES;

--
-- Table structure for table `b_sale_order_props_variant`
--

DROP TABLE IF EXISTS `b_sale_order_props_variant`;
/*!40101 SET @saved_cs_client     = @@character_set_client */;
/*!40101 SET character_set_client = utf8 */;
CREATE TABLE `b_sale_order_props_variant` (
  `ID` int(11) NOT NULL AUTO_INCREMENT,
  `ORDER_PROPS_ID` int(11) NOT NULL,
  `NAME` varchar(255) COLLATE utf8_unicode_ci NOT NULL,
  `VALUE` varchar(255) COLLATE utf8_unicode_ci DEFAULT NULL,
  `SORT` int(11) NOT NULL DEFAULT '100',
  `DESCRIPTION` varchar(255) COLLATE utf8_unicode_ci DEFAULT NULL,
  PRIMARY KEY (`ID`),
  KEY `IXS_ORDER_PROPS_VARIANT_ORDER_PROPS_ID` (`ORDER_PROPS_ID`)
) ENGINE=InnoDB DEFAULT CHARSET=utf8 COLLATE=utf8_unicode_ci;
/*!40101 SET character_set_client = @saved_cs_client */;

--
-- Dumping data for table `b_sale_order_props_variant`
--

LOCK TABLES `b_sale_order_props_variant` WRITE;
/*!40000 ALTER TABLE `b_sale_order_props_variant` DISABLE KEYS */;
/*!40000 ALTER TABLE `b_sale_order_props_variant` ENABLE KEYS */;
UNLOCK TABLES;

--
-- Table structure for table `b_sale_order_round`
--

DROP TABLE IF EXISTS `b_sale_order_round`;
/*!40101 SET @saved_cs_client     = @@character_set_client */;
/*!40101 SET character_set_client = utf8 */;
CREATE TABLE `b_sale_order_round` (
  `ID` int(11) NOT NULL AUTO_INCREMENT,
  `ORDER_ID` int(11) NOT NULL,
  `APPLY_BLOCK_COUNTER` int(11) NOT NULL DEFAULT '0',
  `ORDER_ROUND` char(1) COLLATE utf8_unicode_ci NOT NULL,
  `ENTITY_TYPE` int(11) NOT NULL,
  `ENTITY_ID` int(11) NOT NULL,
  `ENTITY_VALUE` varchar(255) COLLATE utf8_unicode_ci DEFAULT NULL,
  `APPLY` char(1) COLLATE utf8_unicode_ci NOT NULL,
  `ROUND_RULE` mediumtext COLLATE utf8_unicode_ci NOT NULL,
  PRIMARY KEY (`ID`),
  KEY `IX_SALE_ORDER_ROUND_ORD` (`ORDER_ID`)
) ENGINE=InnoDB DEFAULT CHARSET=utf8 COLLATE=utf8_unicode_ci;
/*!40101 SET character_set_client = @saved_cs_client */;

--
-- Dumping data for table `b_sale_order_round`
--

LOCK TABLES `b_sale_order_round` WRITE;
/*!40000 ALTER TABLE `b_sale_order_round` DISABLE KEYS */;
/*!40000 ALTER TABLE `b_sale_order_round` ENABLE KEYS */;
UNLOCK TABLES;

--
-- Table structure for table `b_sale_order_rules`
--

DROP TABLE IF EXISTS `b_sale_order_rules`;
/*!40101 SET @saved_cs_client     = @@character_set_client */;
/*!40101 SET character_set_client = utf8 */;
CREATE TABLE `b_sale_order_rules` (
  `ID` int(11) NOT NULL AUTO_INCREMENT,
  `MODULE_ID` varchar(50) COLLATE utf8_unicode_ci NOT NULL,
  `ORDER_DISCOUNT_ID` int(11) NOT NULL,
  `ORDER_ID` int(11) NOT NULL,
  `ENTITY_TYPE` int(11) NOT NULL,
  `ENTITY_ID` int(11) NOT NULL,
  `ENTITY_VALUE` varchar(255) COLLATE utf8_unicode_ci DEFAULT NULL,
  `COUPON_ID` int(11) NOT NULL,
  `APPLY` char(1) COLLATE utf8_unicode_ci NOT NULL,
  `ACTION_BLOCK_LIST` text COLLATE utf8_unicode_ci,
  `APPLY_BLOCK_COUNTER` int(11) NOT NULL DEFAULT '0',
  PRIMARY KEY (`ID`),
  KEY `IX_SALE_ORDER_RULES_ORD` (`ORDER_ID`)
) ENGINE=InnoDB DEFAULT CHARSET=utf8 COLLATE=utf8_unicode_ci;
/*!40101 SET character_set_client = @saved_cs_client */;

--
-- Dumping data for table `b_sale_order_rules`
--

LOCK TABLES `b_sale_order_rules` WRITE;
/*!40000 ALTER TABLE `b_sale_order_rules` DISABLE KEYS */;
/*!40000 ALTER TABLE `b_sale_order_rules` ENABLE KEYS */;
UNLOCK TABLES;

--
-- Table structure for table `b_sale_order_rules_descr`
--

DROP TABLE IF EXISTS `b_sale_order_rules_descr`;
/*!40101 SET @saved_cs_client     = @@character_set_client */;
/*!40101 SET character_set_client = utf8 */;
CREATE TABLE `b_sale_order_rules_descr` (
  `ID` int(11) NOT NULL AUTO_INCREMENT,
  `MODULE_ID` varchar(50) COLLATE utf8_unicode_ci NOT NULL,
  `ORDER_DISCOUNT_ID` int(11) NOT NULL,
  `ORDER_ID` int(11) NOT NULL,
  `RULE_ID` int(11) NOT NULL,
  `DESCR` text COLLATE utf8_unicode_ci NOT NULL,
  PRIMARY KEY (`ID`),
  KEY `IX_SALE_ORDER_RULES_DS_ORD` (`ORDER_ID`)
) ENGINE=InnoDB DEFAULT CHARSET=utf8 COLLATE=utf8_unicode_ci;
/*!40101 SET character_set_client = @saved_cs_client */;

--
-- Dumping data for table `b_sale_order_rules_descr`
--

LOCK TABLES `b_sale_order_rules_descr` WRITE;
/*!40000 ALTER TABLE `b_sale_order_rules_descr` DISABLE KEYS */;
/*!40000 ALTER TABLE `b_sale_order_rules_descr` ENABLE KEYS */;
UNLOCK TABLES;

--
-- Table structure for table `b_sale_order_tax`
--

DROP TABLE IF EXISTS `b_sale_order_tax`;
/*!40101 SET @saved_cs_client     = @@character_set_client */;
/*!40101 SET character_set_client = utf8 */;
CREATE TABLE `b_sale_order_tax` (
  `ID` int(11) NOT NULL AUTO_INCREMENT,
  `ORDER_ID` int(11) NOT NULL,
  `TAX_NAME` varchar(255) COLLATE utf8_unicode_ci NOT NULL,
  `VALUE` decimal(18,4) DEFAULT NULL,
  `VALUE_MONEY` decimal(18,4) NOT NULL,
  `APPLY_ORDER` int(11) NOT NULL,
  `CODE` varchar(50) COLLATE utf8_unicode_ci DEFAULT NULL,
  `IS_PERCENT` char(1) COLLATE utf8_unicode_ci NOT NULL DEFAULT 'Y',
  `IS_IN_PRICE` char(1) COLLATE utf8_unicode_ci NOT NULL DEFAULT 'N',
  PRIMARY KEY (`ID`),
  KEY `ixs_sot_order_id` (`ORDER_ID`)
) ENGINE=InnoDB DEFAULT CHARSET=utf8 COLLATE=utf8_unicode_ci;
/*!40101 SET character_set_client = @saved_cs_client */;

--
-- Dumping data for table `b_sale_order_tax`
--

LOCK TABLES `b_sale_order_tax` WRITE;
/*!40000 ALTER TABLE `b_sale_order_tax` DISABLE KEYS */;
/*!40000 ALTER TABLE `b_sale_order_tax` ENABLE KEYS */;
UNLOCK TABLES;

--
-- Table structure for table `b_sale_pay_system`
--

DROP TABLE IF EXISTS `b_sale_pay_system`;
/*!40101 SET @saved_cs_client     = @@character_set_client */;
/*!40101 SET character_set_client = utf8 */;
CREATE TABLE `b_sale_pay_system` (
  `ID` int(11) NOT NULL AUTO_INCREMENT,
  `LID` char(2) COLLATE utf8_unicode_ci DEFAULT NULL,
  `CURRENCY` char(3) COLLATE utf8_unicode_ci DEFAULT NULL,
  `NAME` varchar(255) COLLATE utf8_unicode_ci NOT NULL,
  `ACTIVE` char(1) COLLATE utf8_unicode_ci NOT NULL DEFAULT 'Y',
  `SORT` int(11) NOT NULL DEFAULT '100',
  `DESCRIPTION` varchar(2000) COLLATE utf8_unicode_ci DEFAULT NULL,
  `ALLOW_EDIT_PAYMENT` char(1) COLLATE utf8_unicode_ci NOT NULL DEFAULT 'Y',
  PRIMARY KEY (`ID`),
  KEY `IXS_PAY_SYSTEM_LID` (`LID`)
) ENGINE=InnoDB DEFAULT CHARSET=utf8 COLLATE=utf8_unicode_ci;
/*!40101 SET character_set_client = @saved_cs_client */;

--
-- Dumping data for table `b_sale_pay_system`
--

LOCK TABLES `b_sale_pay_system` WRITE;
/*!40000 ALTER TABLE `b_sale_pay_system` DISABLE KEYS */;
/*!40000 ALTER TABLE `b_sale_pay_system` ENABLE KEYS */;
UNLOCK TABLES;

--
-- Table structure for table `b_sale_pay_system_action`
--

DROP TABLE IF EXISTS `b_sale_pay_system_action`;
/*!40101 SET @saved_cs_client     = @@character_set_client */;
/*!40101 SET character_set_client = utf8 */;
CREATE TABLE `b_sale_pay_system_action` (
  `ID` int(11) NOT NULL AUTO_INCREMENT,
  `PAY_SYSTEM_ID` int(11) DEFAULT NULL,
  `PERSON_TYPE_ID` int(11) DEFAULT NULL,
  `NAME` varchar(255) COLLATE utf8_unicode_ci NOT NULL,
  `ACTION_FILE` varchar(255) COLLATE utf8_unicode_ci DEFAULT NULL,
  `RESULT_FILE` varchar(255) COLLATE utf8_unicode_ci DEFAULT NULL,
  `NEW_WINDOW` char(1) COLLATE utf8_unicode_ci NOT NULL DEFAULT 'Y',
  `PARAMS` text COLLATE utf8_unicode_ci,
  `TARIF` text COLLATE utf8_unicode_ci,
  `HAVE_PAYMENT` char(1) COLLATE utf8_unicode_ci NOT NULL DEFAULT 'N',
  `HAVE_ACTION` char(1) COLLATE utf8_unicode_ci NOT NULL DEFAULT 'N',
  `HAVE_RESULT` char(1) COLLATE utf8_unicode_ci NOT NULL DEFAULT 'N',
  `HAVE_PREPAY` char(1) COLLATE utf8_unicode_ci NOT NULL DEFAULT 'N',
  `HAVE_RESULT_RECEIVE` char(1) COLLATE utf8_unicode_ci NOT NULL DEFAULT 'N',
  `ENCODING` varchar(45) COLLATE utf8_unicode_ci DEFAULT NULL,
  `LOGOTIP` int(11) DEFAULT NULL,
  `CODE` varchar(50) COLLATE utf8_unicode_ci DEFAULT NULL,
  `PSA_NAME` varchar(255) COLLATE utf8_unicode_ci NOT NULL,
  `SORT` int(11) NOT NULL DEFAULT '100',
  `DESCRIPTION` varchar(2000) COLLATE utf8_unicode_ci DEFAULT NULL,
  `HAVE_PRICE` char(1) COLLATE utf8_unicode_ci NOT NULL DEFAULT 'N',
  `ALLOW_EDIT_PAYMENT` char(1) COLLATE utf8_unicode_ci NOT NULL DEFAULT 'Y',
  `ACTIVE` char(1) COLLATE utf8_unicode_ci NOT NULL DEFAULT 'Y',
  `IS_CASH` char(1) COLLATE utf8_unicode_ci NOT NULL DEFAULT 'N',
  `PS_MODE` varchar(20) COLLATE utf8_unicode_ci DEFAULT NULL,
  `AUTO_CHANGE_1C` char(1) COLLATE utf8_unicode_ci NOT NULL DEFAULT 'N',
  PRIMARY KEY (`ID`)
) ENGINE=InnoDB DEFAULT CHARSET=utf8 COLLATE=utf8_unicode_ci;
/*!40101 SET character_set_client = @saved_cs_client */;

--
-- Dumping data for table `b_sale_pay_system_action`
--

LOCK TABLES `b_sale_pay_system_action` WRITE;
/*!40000 ALTER TABLE `b_sale_pay_system_action` DISABLE KEYS */;
/*!40000 ALTER TABLE `b_sale_pay_system_action` ENABLE KEYS */;
UNLOCK TABLES;

--
-- Table structure for table `b_sale_pay_system_err_log`
--

DROP TABLE IF EXISTS `b_sale_pay_system_err_log`;
/*!40101 SET @saved_cs_client     = @@character_set_client */;
/*!40101 SET character_set_client = utf8 */;
CREATE TABLE `b_sale_pay_system_err_log` (
  `ID` int(11) NOT NULL AUTO_INCREMENT,
  `MESSAGE` text COLLATE utf8_unicode_ci NOT NULL,
  `ACTION` varchar(255) COLLATE utf8_unicode_ci NOT NULL,
  `DATE_INSERT` datetime NOT NULL,
  PRIMARY KEY (`ID`)
) ENGINE=MyISAM DEFAULT CHARSET=utf8 COLLATE=utf8_unicode_ci;
/*!40101 SET character_set_client = @saved_cs_client */;

--
-- Dumping data for table `b_sale_pay_system_err_log`
--

LOCK TABLES `b_sale_pay_system_err_log` WRITE;
/*!40000 ALTER TABLE `b_sale_pay_system_err_log` DISABLE KEYS */;
/*!40000 ALTER TABLE `b_sale_pay_system_err_log` ENABLE KEYS */;
UNLOCK TABLES;

--
-- Table structure for table `b_sale_pay_system_es`
--

DROP TABLE IF EXISTS `b_sale_pay_system_es`;
/*!40101 SET @saved_cs_client     = @@character_set_client */;
/*!40101 SET character_set_client = utf8 */;
CREATE TABLE `b_sale_pay_system_es` (
  `ID` int(11) NOT NULL AUTO_INCREMENT,
  `CODE` varchar(50) COLLATE utf8_unicode_ci DEFAULT NULL,
  `NAME` varchar(255) COLLATE utf8_unicode_ci NOT NULL,
  `DESCRIPTION` varchar(255) COLLATE utf8_unicode_ci DEFAULT NULL,
  `CLASS_NAME` varchar(255) COLLATE utf8_unicode_ci NOT NULL,
  `PARAMS` text COLLATE utf8_unicode_ci,
  `SHOW_MODE` char(1) COLLATE utf8_unicode_ci DEFAULT NULL,
  `PAY_SYSTEM_ID` int(11) NOT NULL,
  `DEFAULT_VALUE` varchar(255) COLLATE utf8_unicode_ci DEFAULT NULL,
  `ACTIVE` char(1) COLLATE utf8_unicode_ci NOT NULL,
  `SORT` int(11) DEFAULT '100',
  PRIMARY KEY (`ID`),
  KEY `IX_BSPS_ES_PAY_SYSTEM_ID` (`PAY_SYSTEM_ID`)
) ENGINE=MyISAM DEFAULT CHARSET=utf8 COLLATE=utf8_unicode_ci;
/*!40101 SET character_set_client = @saved_cs_client */;

--
-- Dumping data for table `b_sale_pay_system_es`
--

LOCK TABLES `b_sale_pay_system_es` WRITE;
/*!40000 ALTER TABLE `b_sale_pay_system_es` DISABLE KEYS */;
/*!40000 ALTER TABLE `b_sale_pay_system_es` ENABLE KEYS */;
UNLOCK TABLES;

--
-- Table structure for table `b_sale_pay_system_map`
--

DROP TABLE IF EXISTS `b_sale_pay_system_map`;
/*!40101 SET @saved_cs_client     = @@character_set_client */;
/*!40101 SET character_set_client = utf8 */;
CREATE TABLE `b_sale_pay_system_map` (
  `PS_ID_OLD` int(11) DEFAULT NULL,
  `PS_ID` int(11) DEFAULT NULL,
  `PT_ID` int(11) DEFAULT NULL,
  `NEW_PS` char(1) COLLATE utf8_unicode_ci NOT NULL DEFAULT 'N'
) ENGINE=MyISAM DEFAULT CHARSET=utf8 COLLATE=utf8_unicode_ci;
/*!40101 SET character_set_client = @saved_cs_client */;

--
-- Dumping data for table `b_sale_pay_system_map`
--

LOCK TABLES `b_sale_pay_system_map` WRITE;
/*!40000 ALTER TABLE `b_sale_pay_system_map` DISABLE KEYS */;
/*!40000 ALTER TABLE `b_sale_pay_system_map` ENABLE KEYS */;
UNLOCK TABLES;

--
-- Table structure for table `b_sale_person_type`
--

DROP TABLE IF EXISTS `b_sale_person_type`;
/*!40101 SET @saved_cs_client     = @@character_set_client */;
/*!40101 SET character_set_client = utf8 */;
CREATE TABLE `b_sale_person_type` (
  `ID` int(11) NOT NULL AUTO_INCREMENT,
  `LID` char(2) COLLATE utf8_unicode_ci NOT NULL,
  `NAME` varchar(255) COLLATE utf8_unicode_ci NOT NULL,
  `SORT` int(11) NOT NULL DEFAULT '150',
  `ACTIVE` varchar(1) COLLATE utf8_unicode_ci NOT NULL DEFAULT 'Y',
  PRIMARY KEY (`ID`),
  KEY `IXS_PERSON_TYPE_LID` (`LID`)
) ENGINE=InnoDB DEFAULT CHARSET=utf8 COLLATE=utf8_unicode_ci;
/*!40101 SET character_set_client = @saved_cs_client */;

--
-- Dumping data for table `b_sale_person_type`
--

LOCK TABLES `b_sale_person_type` WRITE;
/*!40000 ALTER TABLE `b_sale_person_type` DISABLE KEYS */;
/*!40000 ALTER TABLE `b_sale_person_type` ENABLE KEYS */;
UNLOCK TABLES;

--
-- Table structure for table `b_sale_person_type_site`
--

DROP TABLE IF EXISTS `b_sale_person_type_site`;
/*!40101 SET @saved_cs_client     = @@character_set_client */;
/*!40101 SET character_set_client = utf8 */;
CREATE TABLE `b_sale_person_type_site` (
  `PERSON_TYPE_ID` int(18) NOT NULL DEFAULT '0',
  `SITE_ID` char(2) COLLATE utf8_unicode_ci NOT NULL DEFAULT '',
  PRIMARY KEY (`PERSON_TYPE_ID`,`SITE_ID`)
) ENGINE=InnoDB DEFAULT CHARSET=utf8 COLLATE=utf8_unicode_ci;
/*!40101 SET character_set_client = @saved_cs_client */;

--
-- Dumping data for table `b_sale_person_type_site`
--

LOCK TABLES `b_sale_person_type_site` WRITE;
/*!40000 ALTER TABLE `b_sale_person_type_site` DISABLE KEYS */;
/*!40000 ALTER TABLE `b_sale_person_type_site` ENABLE KEYS */;
UNLOCK TABLES;

--
-- Table structure for table `b_sale_product2product`
--

DROP TABLE IF EXISTS `b_sale_product2product`;
/*!40101 SET @saved_cs_client     = @@character_set_client */;
/*!40101 SET character_set_client = utf8 */;
CREATE TABLE `b_sale_product2product` (
  `ID` int(11) NOT NULL AUTO_INCREMENT,
  `PRODUCT_ID` int(11) NOT NULL,
  `PARENT_PRODUCT_ID` int(11) NOT NULL,
  `CNT` int(11) NOT NULL,
  PRIMARY KEY (`ID`),
  KEY `IXS_PRODUCT2PRODUCT_PRODUCT_ID` (`PRODUCT_ID`)
) ENGINE=InnoDB DEFAULT CHARSET=utf8 COLLATE=utf8_unicode_ci;
/*!40101 SET character_set_client = @saved_cs_client */;

--
-- Dumping data for table `b_sale_product2product`
--

LOCK TABLES `b_sale_product2product` WRITE;
/*!40000 ALTER TABLE `b_sale_product2product` DISABLE KEYS */;
/*!40000 ALTER TABLE `b_sale_product2product` ENABLE KEYS */;
UNLOCK TABLES;

--
-- Table structure for table `b_sale_recurring`
--

DROP TABLE IF EXISTS `b_sale_recurring`;
/*!40101 SET @saved_cs_client     = @@character_set_client */;
/*!40101 SET character_set_client = utf8 */;
CREATE TABLE `b_sale_recurring` (
  `ID` int(11) NOT NULL AUTO_INCREMENT,
  `USER_ID` int(11) NOT NULL,
  `TIMESTAMP_X` timestamp NOT NULL DEFAULT CURRENT_TIMESTAMP ON UPDATE CURRENT_TIMESTAMP,
  `MODULE` varchar(100) COLLATE utf8_unicode_ci DEFAULT NULL,
  `PRODUCT_ID` int(11) DEFAULT NULL,
  `PRODUCT_NAME` varchar(255) COLLATE utf8_unicode_ci DEFAULT NULL,
  `PRODUCT_URL` varchar(255) COLLATE utf8_unicode_ci DEFAULT NULL,
  `PRODUCT_PRICE_ID` int(11) DEFAULT NULL,
  `PRICE_TYPE` char(1) COLLATE utf8_unicode_ci NOT NULL DEFAULT 'R',
  `RECUR_SCHEME_TYPE` char(1) COLLATE utf8_unicode_ci NOT NULL DEFAULT 'M',
  `RECUR_SCHEME_LENGTH` int(11) NOT NULL DEFAULT '0',
  `WITHOUT_ORDER` char(1) COLLATE utf8_unicode_ci NOT NULL DEFAULT 'N',
  `PRICE` decimal(10,0) NOT NULL DEFAULT '0',
  `CURRENCY` char(3) COLLATE utf8_unicode_ci DEFAULT NULL,
  `CANCELED` char(1) COLLATE utf8_unicode_ci NOT NULL DEFAULT 'N',
  `DATE_CANCELED` datetime DEFAULT NULL,
  `PRIOR_DATE` datetime DEFAULT NULL,
  `NEXT_DATE` datetime NOT NULL,
  `CALLBACK_FUNC` varchar(100) COLLATE utf8_unicode_ci DEFAULT NULL,
  `PRODUCT_PROVIDER_CLASS` varchar(100) COLLATE utf8_unicode_ci DEFAULT NULL,
  `DESCRIPTION` varchar(255) COLLATE utf8_unicode_ci DEFAULT NULL,
  `CANCELED_REASON` varchar(255) COLLATE utf8_unicode_ci DEFAULT NULL,
  `ORDER_ID` int(11) NOT NULL,
  `REMAINING_ATTEMPTS` int(11) NOT NULL DEFAULT '0',
  `SUCCESS_PAYMENT` char(1) COLLATE utf8_unicode_ci NOT NULL DEFAULT 'Y',
  PRIMARY KEY (`ID`),
  KEY `IX_S_R_USER_ID` (`USER_ID`),
  KEY `IX_S_R_NEXT_DATE` (`NEXT_DATE`,`CANCELED`,`REMAINING_ATTEMPTS`),
  KEY `IX_S_R_PRODUCT_ID` (`MODULE`,`PRODUCT_ID`,`PRODUCT_PRICE_ID`)
) ENGINE=InnoDB DEFAULT CHARSET=utf8 COLLATE=utf8_unicode_ci;
/*!40101 SET character_set_client = @saved_cs_client */;

--
-- Dumping data for table `b_sale_recurring`
--

LOCK TABLES `b_sale_recurring` WRITE;
/*!40000 ALTER TABLE `b_sale_recurring` DISABLE KEYS */;
/*!40000 ALTER TABLE `b_sale_recurring` ENABLE KEYS */;
UNLOCK TABLES;

--
-- Table structure for table `b_sale_service_rstr`
--

DROP TABLE IF EXISTS `b_sale_service_rstr`;
/*!40101 SET @saved_cs_client     = @@character_set_client */;
/*!40101 SET character_set_client = utf8 */;
CREATE TABLE `b_sale_service_rstr` (
  `ID` int(11) NOT NULL AUTO_INCREMENT,
  `SERVICE_ID` int(11) NOT NULL,
  `SORT` int(11) DEFAULT '100',
  `CLASS_NAME` varchar(255) COLLATE utf8_unicode_ci NOT NULL,
  `PARAMS` text COLLATE utf8_unicode_ci,
  `SERVICE_TYPE` int(11) NOT NULL,
  PRIMARY KEY (`ID`),
  KEY `IX_BSSR_SERVICE_ID` (`SERVICE_ID`)
) ENGINE=InnoDB DEFAULT CHARSET=utf8 COLLATE=utf8_unicode_ci;
/*!40101 SET character_set_client = @saved_cs_client */;

--
-- Dumping data for table `b_sale_service_rstr`
--

LOCK TABLES `b_sale_service_rstr` WRITE;
/*!40000 ALTER TABLE `b_sale_service_rstr` DISABLE KEYS */;
/*!40000 ALTER TABLE `b_sale_service_rstr` ENABLE KEYS */;
UNLOCK TABLES;

--
-- Table structure for table `b_sale_site2group`
--

DROP TABLE IF EXISTS `b_sale_site2group`;
/*!40101 SET @saved_cs_client     = @@character_set_client */;
/*!40101 SET character_set_client = utf8 */;
CREATE TABLE `b_sale_site2group` (
  `ID` int(11) NOT NULL AUTO_INCREMENT,
  `GROUP_ID` int(11) NOT NULL,
  `SITE_ID` char(2) COLLATE utf8_unicode_ci NOT NULL,
  PRIMARY KEY (`ID`),
  UNIQUE KEY `ix_sale_site2group` (`GROUP_ID`,`SITE_ID`)
) ENGINE=InnoDB DEFAULT CHARSET=utf8 COLLATE=utf8_unicode_ci;
/*!40101 SET character_set_client = @saved_cs_client */;

--
-- Dumping data for table `b_sale_site2group`
--

LOCK TABLES `b_sale_site2group` WRITE;
/*!40000 ALTER TABLE `b_sale_site2group` DISABLE KEYS */;
/*!40000 ALTER TABLE `b_sale_site2group` ENABLE KEYS */;
UNLOCK TABLES;

--
-- Table structure for table `b_sale_status`
--

DROP TABLE IF EXISTS `b_sale_status`;
/*!40101 SET @saved_cs_client     = @@character_set_client */;
/*!40101 SET character_set_client = utf8 */;
CREATE TABLE `b_sale_status` (
  `ID` varchar(2) COLLATE utf8_unicode_ci NOT NULL,
  `TYPE` char(1) COLLATE utf8_unicode_ci NOT NULL DEFAULT 'O',
  `SORT` int(11) NOT NULL DEFAULT '100',
  `NOTIFY` char(1) COLLATE utf8_unicode_ci NOT NULL DEFAULT 'Y',
  PRIMARY KEY (`ID`)
) ENGINE=InnoDB DEFAULT CHARSET=utf8 COLLATE=utf8_unicode_ci;
/*!40101 SET character_set_client = @saved_cs_client */;

--
-- Dumping data for table `b_sale_status`
--

LOCK TABLES `b_sale_status` WRITE;
/*!40000 ALTER TABLE `b_sale_status` DISABLE KEYS */;
INSERT INTO `b_sale_status` VALUES ('DF','D',400,'Y'),('DN','D',300,'Y'),('F','O',200,'Y'),('N','O',100,'Y');
/*!40000 ALTER TABLE `b_sale_status` ENABLE KEYS */;
UNLOCK TABLES;

--
-- Table structure for table `b_sale_status_group_task`
--

DROP TABLE IF EXISTS `b_sale_status_group_task`;
/*!40101 SET @saved_cs_client     = @@character_set_client */;
/*!40101 SET character_set_client = utf8 */;
CREATE TABLE `b_sale_status_group_task` (
  `STATUS_ID` varchar(2) COLLATE utf8_unicode_ci NOT NULL,
  `GROUP_ID` int(18) NOT NULL,
  `TASK_ID` int(18) NOT NULL,
  PRIMARY KEY (`STATUS_ID`,`GROUP_ID`,`TASK_ID`)
) ENGINE=InnoDB DEFAULT CHARSET=utf8 COLLATE=utf8_unicode_ci;
/*!40101 SET character_set_client = @saved_cs_client */;

--
-- Dumping data for table `b_sale_status_group_task`
--

LOCK TABLES `b_sale_status_group_task` WRITE;
/*!40000 ALTER TABLE `b_sale_status_group_task` DISABLE KEYS */;
/*!40000 ALTER TABLE `b_sale_status_group_task` ENABLE KEYS */;
UNLOCK TABLES;

--
-- Table structure for table `b_sale_status_lang`
--

DROP TABLE IF EXISTS `b_sale_status_lang`;
/*!40101 SET @saved_cs_client     = @@character_set_client */;
/*!40101 SET character_set_client = utf8 */;
CREATE TABLE `b_sale_status_lang` (
  `STATUS_ID` varchar(2) COLLATE utf8_unicode_ci NOT NULL,
  `LID` char(2) COLLATE utf8_unicode_ci NOT NULL,
  `NAME` varchar(100) COLLATE utf8_unicode_ci NOT NULL,
  `DESCRIPTION` varchar(250) COLLATE utf8_unicode_ci DEFAULT NULL,
  PRIMARY KEY (`STATUS_ID`,`LID`),
  UNIQUE KEY `ixs_status_lang_status_id` (`STATUS_ID`,`LID`)
) ENGINE=InnoDB DEFAULT CHARSET=utf8 COLLATE=utf8_unicode_ci;
/*!40101 SET character_set_client = @saved_cs_client */;

--
-- Dumping data for table `b_sale_status_lang`
--

LOCK TABLES `b_sale_status_lang` WRITE;
/*!40000 ALTER TABLE `b_sale_status_lang` DISABLE KEYS */;
INSERT INTO `b_sale_status_lang` VALUES ('DF','en','Отгружен','Отгружен'),('DF','ru','Отгружен','Отгружен'),('DN','en','Ожидает обработки','Ожидает обработки'),('DN','ru','Ожидает обработки','Ожидает обработки'),('F','en','Выполнен','Заказ доставлен и оплачен'),('F','ru','Выполнен','Заказ доставлен и оплачен'),('N','en','Принят, ожидается оплата','Заказ принят, но пока не обрабатывается (например, заказ только что создан или ожидается оплата заказа)'),('N','ru','Принят, ожидается оплата','Заказ принят, но пока не обрабатывается (например, заказ только что создан или ожидается оплата заказа)');
/*!40000 ALTER TABLE `b_sale_status_lang` ENABLE KEYS */;
UNLOCK TABLES;

--
-- Table structure for table `b_sale_store_barcode`
--

DROP TABLE IF EXISTS `b_sale_store_barcode`;
/*!40101 SET @saved_cs_client     = @@character_set_client */;
/*!40101 SET character_set_client = utf8 */;
CREATE TABLE `b_sale_store_barcode` (
  `ID` int(11) NOT NULL AUTO_INCREMENT,
  `BASKET_ID` int(11) NOT NULL,
  `BARCODE` varchar(100) COLLATE utf8_unicode_ci DEFAULT NULL,
  `STORE_ID` int(11) DEFAULT NULL,
  `QUANTITY` double NOT NULL,
  `DATE_CREATE` datetime DEFAULT NULL,
  `DATE_MODIFY` datetime DEFAULT NULL,
  `CREATED_BY` int(11) DEFAULT NULL,
  `MODIFIED_BY` int(11) DEFAULT NULL,
  `ORDER_DELIVERY_BASKET_ID` int(11) NOT NULL DEFAULT '0',
  PRIMARY KEY (`ID`),
  KEY `IX_BSSB_O_DLV_BASKET_ID` (`ORDER_DELIVERY_BASKET_ID`)
) ENGINE=InnoDB DEFAULT CHARSET=utf8 COLLATE=utf8_unicode_ci;
/*!40101 SET character_set_client = @saved_cs_client */;

--
-- Dumping data for table `b_sale_store_barcode`
--

LOCK TABLES `b_sale_store_barcode` WRITE;
/*!40000 ALTER TABLE `b_sale_store_barcode` DISABLE KEYS */;
/*!40000 ALTER TABLE `b_sale_store_barcode` ENABLE KEYS */;
UNLOCK TABLES;

--
-- Table structure for table `b_sale_tax`
--

DROP TABLE IF EXISTS `b_sale_tax`;
/*!40101 SET @saved_cs_client     = @@character_set_client */;
/*!40101 SET character_set_client = utf8 */;
CREATE TABLE `b_sale_tax` (
  `ID` int(11) NOT NULL AUTO_INCREMENT,
  `LID` char(2) COLLATE utf8_unicode_ci NOT NULL,
  `NAME` varchar(250) COLLATE utf8_unicode_ci NOT NULL,
  `DESCRIPTION` varchar(255) COLLATE utf8_unicode_ci DEFAULT NULL,
  `TIMESTAMP_X` datetime NOT NULL,
  `CODE` varchar(50) COLLATE utf8_unicode_ci DEFAULT NULL,
  PRIMARY KEY (`ID`),
  KEY `itax_lid` (`LID`)
) ENGINE=InnoDB DEFAULT CHARSET=utf8 COLLATE=utf8_unicode_ci;
/*!40101 SET character_set_client = @saved_cs_client */;

--
-- Dumping data for table `b_sale_tax`
--

LOCK TABLES `b_sale_tax` WRITE;
/*!40000 ALTER TABLE `b_sale_tax` DISABLE KEYS */;
/*!40000 ALTER TABLE `b_sale_tax` ENABLE KEYS */;
UNLOCK TABLES;

--
-- Table structure for table `b_sale_tax2location`
--

DROP TABLE IF EXISTS `b_sale_tax2location`;
/*!40101 SET @saved_cs_client     = @@character_set_client */;
/*!40101 SET character_set_client = utf8 */;
CREATE TABLE `b_sale_tax2location` (
  `TAX_RATE_ID` int(11) NOT NULL,
  `LOCATION_CODE` varchar(100) COLLATE utf8_unicode_ci NOT NULL,
  `LOCATION_TYPE` char(1) COLLATE utf8_unicode_ci NOT NULL DEFAULT 'L',
  PRIMARY KEY (`TAX_RATE_ID`,`LOCATION_CODE`,`LOCATION_TYPE`)
) ENGINE=InnoDB DEFAULT CHARSET=utf8 COLLATE=utf8_unicode_ci;
/*!40101 SET character_set_client = @saved_cs_client */;

--
-- Dumping data for table `b_sale_tax2location`
--

LOCK TABLES `b_sale_tax2location` WRITE;
/*!40000 ALTER TABLE `b_sale_tax2location` DISABLE KEYS */;
/*!40000 ALTER TABLE `b_sale_tax2location` ENABLE KEYS */;
UNLOCK TABLES;

--
-- Table structure for table `b_sale_tax_exempt2group`
--

DROP TABLE IF EXISTS `b_sale_tax_exempt2group`;
/*!40101 SET @saved_cs_client     = @@character_set_client */;
/*!40101 SET character_set_client = utf8 */;
CREATE TABLE `b_sale_tax_exempt2group` (
  `GROUP_ID` int(11) NOT NULL,
  `TAX_ID` int(11) NOT NULL,
  PRIMARY KEY (`GROUP_ID`,`TAX_ID`)
) ENGINE=InnoDB DEFAULT CHARSET=utf8 COLLATE=utf8_unicode_ci;
/*!40101 SET character_set_client = @saved_cs_client */;

--
-- Dumping data for table `b_sale_tax_exempt2group`
--

LOCK TABLES `b_sale_tax_exempt2group` WRITE;
/*!40000 ALTER TABLE `b_sale_tax_exempt2group` DISABLE KEYS */;
/*!40000 ALTER TABLE `b_sale_tax_exempt2group` ENABLE KEYS */;
UNLOCK TABLES;

--
-- Table structure for table `b_sale_tax_rate`
--

DROP TABLE IF EXISTS `b_sale_tax_rate`;
/*!40101 SET @saved_cs_client     = @@character_set_client */;
/*!40101 SET character_set_client = utf8 */;
CREATE TABLE `b_sale_tax_rate` (
  `ID` int(11) NOT NULL AUTO_INCREMENT,
  `TAX_ID` int(11) NOT NULL,
  `PERSON_TYPE_ID` int(11) DEFAULT NULL,
  `VALUE` decimal(18,4) NOT NULL,
  `CURRENCY` char(3) COLLATE utf8_unicode_ci DEFAULT NULL,
  `IS_PERCENT` char(1) COLLATE utf8_unicode_ci NOT NULL DEFAULT 'Y',
  `IS_IN_PRICE` char(1) COLLATE utf8_unicode_ci NOT NULL DEFAULT 'N',
  `APPLY_ORDER` int(11) NOT NULL DEFAULT '100',
  `TIMESTAMP_X` datetime NOT NULL,
  `ACTIVE` char(1) COLLATE utf8_unicode_ci NOT NULL DEFAULT 'Y',
  PRIMARY KEY (`ID`),
  KEY `itax_pers_type` (`PERSON_TYPE_ID`),
  KEY `itax_lid` (`TAX_ID`),
  KEY `itax_inprice` (`IS_IN_PRICE`)
) ENGINE=InnoDB DEFAULT CHARSET=utf8 COLLATE=utf8_unicode_ci;
/*!40101 SET character_set_client = @saved_cs_client */;

--
-- Dumping data for table `b_sale_tax_rate`
--

LOCK TABLES `b_sale_tax_rate` WRITE;
/*!40000 ALTER TABLE `b_sale_tax_rate` DISABLE KEYS */;
/*!40000 ALTER TABLE `b_sale_tax_rate` ENABLE KEYS */;
UNLOCK TABLES;

--
-- Table structure for table `b_sale_tp`
--

DROP TABLE IF EXISTS `b_sale_tp`;
/*!40101 SET @saved_cs_client     = @@character_set_client */;
/*!40101 SET character_set_client = utf8 */;
CREATE TABLE `b_sale_tp` (
  `ID` int(11) NOT NULL AUTO_INCREMENT,
  `CODE` varchar(20) COLLATE utf8_unicode_ci NOT NULL,
  `ACTIVE` char(1) COLLATE utf8_unicode_ci NOT NULL,
  `NAME` varchar(50) COLLATE utf8_unicode_ci NOT NULL,
  `DESCRIPTION` text COLLATE utf8_unicode_ci,
  `SETTINGS` text COLLATE utf8_unicode_ci,
  `CATALOG_SECTION_TAB_CLASS_NAME` varchar(255) COLLATE utf8_unicode_ci DEFAULT NULL,
  `CLASS` varchar(255) COLLATE utf8_unicode_ci DEFAULT NULL,
  PRIMARY KEY (`ID`),
  UNIQUE KEY `IX_CODE` (`CODE`)
) ENGINE=InnoDB AUTO_INCREMENT=2 DEFAULT CHARSET=utf8 COLLATE=utf8_unicode_ci;
/*!40101 SET character_set_client = @saved_cs_client */;

--
-- Dumping data for table `b_sale_tp`
--

LOCK TABLES `b_sale_tp` WRITE;
/*!40000 ALTER TABLE `b_sale_tp` DISABLE KEYS */;
INSERT INTO `b_sale_tp` VALUES (1,'ymarket','N','Покупки на Яндекс-Маркете','Интеграция магазина с программой Яндекса \"Покупка на Маркете\"','s:0:\"\";',NULL,NULL);
/*!40000 ALTER TABLE `b_sale_tp` ENABLE KEYS */;
UNLOCK TABLES;

--
-- Table structure for table `b_sale_tp_ebay_cat`
--

DROP TABLE IF EXISTS `b_sale_tp_ebay_cat`;
/*!40101 SET @saved_cs_client     = @@character_set_client */;
/*!40101 SET character_set_client = utf8 */;
CREATE TABLE `b_sale_tp_ebay_cat` (
  `ID` int(11) NOT NULL AUTO_INCREMENT,
  `NAME` varchar(255) COLLATE utf8_unicode_ci NOT NULL,
  `CATEGORY_ID` int(11) NOT NULL,
  `PARENT_ID` int(11) NOT NULL,
  `LEVEL` int(11) NOT NULL,
  `CONDITION_ID_VALUES` varchar(255) COLLATE utf8_unicode_ci NOT NULL,
  `CONDITION_ID_DEFINITION_URL` varchar(255) COLLATE utf8_unicode_ci NOT NULL,
  `ITEM_SPECIFIC_ENABLED` char(1) COLLATE utf8_unicode_ci NOT NULL,
  `VARIATIONS_ENABLED` char(1) COLLATE utf8_unicode_ci NOT NULL,
  `PRODUCT_CREATION_ENABLED` char(1) COLLATE utf8_unicode_ci NOT NULL,
  `LAST_UPDATE` datetime NOT NULL,
  PRIMARY KEY (`ID`)
) ENGINE=InnoDB DEFAULT CHARSET=utf8 COLLATE=utf8_unicode_ci;
/*!40101 SET character_set_client = @saved_cs_client */;

--
-- Dumping data for table `b_sale_tp_ebay_cat`
--

LOCK TABLES `b_sale_tp_ebay_cat` WRITE;
/*!40000 ALTER TABLE `b_sale_tp_ebay_cat` DISABLE KEYS */;
/*!40000 ALTER TABLE `b_sale_tp_ebay_cat` ENABLE KEYS */;
UNLOCK TABLES;

--
-- Table structure for table `b_sale_tp_ebay_cat_var`
--

DROP TABLE IF EXISTS `b_sale_tp_ebay_cat_var`;
/*!40101 SET @saved_cs_client     = @@character_set_client */;
/*!40101 SET character_set_client = utf8 */;
CREATE TABLE `b_sale_tp_ebay_cat_var` (
  `ID` int(11) NOT NULL AUTO_INCREMENT,
  `CATEGORY_ID` int(11) NOT NULL,
  `NAME` varchar(255) COLLATE utf8_unicode_ci NOT NULL,
  `VALUE` varchar(255) COLLATE utf8_unicode_ci NOT NULL,
  `REQUIRED` char(1) COLLATE utf8_unicode_ci NOT NULL,
  `MIN_VALUES` int(11) NOT NULL,
  `MAX_VALUES` int(11) NOT NULL,
  `SELECTION_MODE` varchar(255) COLLATE utf8_unicode_ci NOT NULL,
  `ALLOWED_AS_VARIATION` char(1) COLLATE utf8_unicode_ci NOT NULL,
  `DEPENDENCY_NAME` varchar(255) COLLATE utf8_unicode_ci NOT NULL,
  `DEPENDENCY_VALUE` varchar(255) COLLATE utf8_unicode_ci NOT NULL,
  `HELP_URL` varchar(255) COLLATE utf8_unicode_ci NOT NULL,
  PRIMARY KEY (`ID`)
) ENGINE=InnoDB DEFAULT CHARSET=utf8 COLLATE=utf8_unicode_ci;
/*!40101 SET character_set_client = @saved_cs_client */;

--
-- Dumping data for table `b_sale_tp_ebay_cat_var`
--

LOCK TABLES `b_sale_tp_ebay_cat_var` WRITE;
/*!40000 ALTER TABLE `b_sale_tp_ebay_cat_var` DISABLE KEYS */;
/*!40000 ALTER TABLE `b_sale_tp_ebay_cat_var` ENABLE KEYS */;
UNLOCK TABLES;

--
-- Table structure for table `b_sale_tp_ebay_fq`
--

DROP TABLE IF EXISTS `b_sale_tp_ebay_fq`;
/*!40101 SET @saved_cs_client     = @@character_set_client */;
/*!40101 SET character_set_client = utf8 */;
CREATE TABLE `b_sale_tp_ebay_fq` (
  `ID` int(11) NOT NULL AUTO_INCREMENT,
  `FEED_TYPE` varchar(50) COLLATE utf8_unicode_ci NOT NULL,
  `DATA` text COLLATE utf8_unicode_ci NOT NULL,
  PRIMARY KEY (`ID`)
) ENGINE=InnoDB DEFAULT CHARSET=utf8 COLLATE=utf8_unicode_ci;
/*!40101 SET character_set_client = @saved_cs_client */;

--
-- Dumping data for table `b_sale_tp_ebay_fq`
--

LOCK TABLES `b_sale_tp_ebay_fq` WRITE;
/*!40000 ALTER TABLE `b_sale_tp_ebay_fq` DISABLE KEYS */;
/*!40000 ALTER TABLE `b_sale_tp_ebay_fq` ENABLE KEYS */;
UNLOCK TABLES;

--
-- Table structure for table `b_sale_tp_ebay_fr`
--

DROP TABLE IF EXISTS `b_sale_tp_ebay_fr`;
/*!40101 SET @saved_cs_client     = @@character_set_client */;
/*!40101 SET character_set_client = utf8 */;
CREATE TABLE `b_sale_tp_ebay_fr` (
  `ID` int(11) NOT NULL AUTO_INCREMENT,
  `FILENAME` varchar(255) COLLATE utf8_unicode_ci NOT NULL,
  `FEED_TYPE` varchar(50) COLLATE utf8_unicode_ci NOT NULL,
  `UPLOAD_TIME` datetime NOT NULL,
  `PROCESSING_REQUEST_ID` varchar(50) COLLATE utf8_unicode_ci DEFAULT NULL,
  `PROCESSING_RESULT` varchar(100) COLLATE utf8_unicode_ci DEFAULT NULL,
  `RESULTS` text COLLATE utf8_unicode_ci,
  `IS_SUCCESS` varchar(1) COLLATE utf8_unicode_ci DEFAULT NULL,
  PRIMARY KEY (`ID`)
) ENGINE=InnoDB DEFAULT CHARSET=utf8 COLLATE=utf8_unicode_ci;
/*!40101 SET character_set_client = @saved_cs_client */;

--
-- Dumping data for table `b_sale_tp_ebay_fr`
--

LOCK TABLES `b_sale_tp_ebay_fr` WRITE;
/*!40000 ALTER TABLE `b_sale_tp_ebay_fr` DISABLE KEYS */;
/*!40000 ALTER TABLE `b_sale_tp_ebay_fr` ENABLE KEYS */;
UNLOCK TABLES;

--
-- Table structure for table `b_sale_tp_map`
--

DROP TABLE IF EXISTS `b_sale_tp_map`;
/*!40101 SET @saved_cs_client     = @@character_set_client */;
/*!40101 SET character_set_client = utf8 */;
CREATE TABLE `b_sale_tp_map` (
  `ID` int(11) NOT NULL AUTO_INCREMENT,
  `ENTITY_ID` int(11) NOT NULL,
  `VALUE_EXTERNAL` varchar(100) COLLATE utf8_unicode_ci NOT NULL,
  `VALUE_INTERNAL` varchar(100) COLLATE utf8_unicode_ci NOT NULL,
  `PARAMS` text COLLATE utf8_unicode_ci,
  PRIMARY KEY (`ID`),
  UNIQUE KEY `IX_BSTPM_E_V_V` (`ENTITY_ID`,`VALUE_EXTERNAL`,`VALUE_INTERNAL`)
) ENGINE=InnoDB DEFAULT CHARSET=utf8 COLLATE=utf8_unicode_ci;
/*!40101 SET character_set_client = @saved_cs_client */;

--
-- Dumping data for table `b_sale_tp_map`
--

LOCK TABLES `b_sale_tp_map` WRITE;
/*!40000 ALTER TABLE `b_sale_tp_map` DISABLE KEYS */;
/*!40000 ALTER TABLE `b_sale_tp_map` ENABLE KEYS */;
UNLOCK TABLES;

--
-- Table structure for table `b_sale_tp_map_entity`
--

DROP TABLE IF EXISTS `b_sale_tp_map_entity`;
/*!40101 SET @saved_cs_client     = @@character_set_client */;
/*!40101 SET character_set_client = utf8 */;
CREATE TABLE `b_sale_tp_map_entity` (
  `ID` int(11) NOT NULL AUTO_INCREMENT,
  `TRADING_PLATFORM_ID` int(11) NOT NULL,
  `CODE` varchar(255) COLLATE utf8_unicode_ci NOT NULL,
  PRIMARY KEY (`ID`),
  UNIQUE KEY `IX_CODE_TRADING_PLATFORM_ID` (`TRADING_PLATFORM_ID`,`CODE`)
) ENGINE=InnoDB DEFAULT CHARSET=utf8 COLLATE=utf8_unicode_ci;
/*!40101 SET character_set_client = @saved_cs_client */;

--
-- Dumping data for table `b_sale_tp_map_entity`
--

LOCK TABLES `b_sale_tp_map_entity` WRITE;
/*!40000 ALTER TABLE `b_sale_tp_map_entity` DISABLE KEYS */;
/*!40000 ALTER TABLE `b_sale_tp_map_entity` ENABLE KEYS */;
UNLOCK TABLES;

--
-- Table structure for table `b_sale_tp_order`
--

DROP TABLE IF EXISTS `b_sale_tp_order`;
/*!40101 SET @saved_cs_client     = @@character_set_client */;
/*!40101 SET character_set_client = utf8 */;
CREATE TABLE `b_sale_tp_order` (
  `ID` int(11) NOT NULL AUTO_INCREMENT,
  `ORDER_ID` int(11) NOT NULL,
  `TRADING_PLATFORM_ID` int(11) NOT NULL,
  `EXTERNAL_ORDER_ID` varchar(100) COLLATE utf8_unicode_ci NOT NULL,
  `PARAMS` text COLLATE utf8_unicode_ci,
  PRIMARY KEY (`ID`),
  UNIQUE KEY `IX_UNIQ_NUMBERS` (`ORDER_ID`,`TRADING_PLATFORM_ID`,`EXTERNAL_ORDER_ID`)
) ENGINE=InnoDB DEFAULT CHARSET=utf8 COLLATE=utf8_unicode_ci;
/*!40101 SET character_set_client = @saved_cs_client */;

--
-- Dumping data for table `b_sale_tp_order`
--

LOCK TABLES `b_sale_tp_order` WRITE;
/*!40000 ALTER TABLE `b_sale_tp_order` DISABLE KEYS */;
/*!40000 ALTER TABLE `b_sale_tp_order` ENABLE KEYS */;
UNLOCK TABLES;

--
-- Table structure for table `b_sale_user_account`
--

DROP TABLE IF EXISTS `b_sale_user_account`;
/*!40101 SET @saved_cs_client     = @@character_set_client */;
/*!40101 SET character_set_client = utf8 */;
CREATE TABLE `b_sale_user_account` (
  `ID` int(11) NOT NULL AUTO_INCREMENT,
  `USER_ID` int(11) NOT NULL,
  `TIMESTAMP_X` timestamp NOT NULL DEFAULT CURRENT_TIMESTAMP ON UPDATE CURRENT_TIMESTAMP,
  `CURRENT_BUDGET` decimal(18,4) NOT NULL DEFAULT '0.0000',
  `CURRENCY` char(3) COLLATE utf8_unicode_ci NOT NULL,
  `LOCKED` char(1) COLLATE utf8_unicode_ci NOT NULL DEFAULT 'N',
  `DATE_LOCKED` datetime DEFAULT NULL,
  `NOTES` text COLLATE utf8_unicode_ci,
  PRIMARY KEY (`ID`),
  UNIQUE KEY `IX_S_U_USER_ID` (`USER_ID`,`CURRENCY`)
) ENGINE=InnoDB DEFAULT CHARSET=utf8 COLLATE=utf8_unicode_ci;
/*!40101 SET character_set_client = @saved_cs_client */;

--
-- Dumping data for table `b_sale_user_account`
--

LOCK TABLES `b_sale_user_account` WRITE;
/*!40000 ALTER TABLE `b_sale_user_account` DISABLE KEYS */;
/*!40000 ALTER TABLE `b_sale_user_account` ENABLE KEYS */;
UNLOCK TABLES;

--
-- Table structure for table `b_sale_user_cards`
--

DROP TABLE IF EXISTS `b_sale_user_cards`;
/*!40101 SET @saved_cs_client     = @@character_set_client */;
/*!40101 SET character_set_client = utf8 */;
CREATE TABLE `b_sale_user_cards` (
  `ID` int(11) NOT NULL AUTO_INCREMENT,
  `USER_ID` int(11) NOT NULL,
  `ACTIVE` char(1) COLLATE utf8_unicode_ci NOT NULL DEFAULT 'Y',
  `SORT` int(11) NOT NULL DEFAULT '100',
  `TIMESTAMP_X` timestamp NOT NULL DEFAULT CURRENT_TIMESTAMP ON UPDATE CURRENT_TIMESTAMP,
  `PAY_SYSTEM_ACTION_ID` int(11) NOT NULL,
  `CURRENCY` char(3) COLLATE utf8_unicode_ci DEFAULT NULL,
  `CARD_TYPE` varchar(20) COLLATE utf8_unicode_ci NOT NULL,
  `CARD_NUM` text COLLATE utf8_unicode_ci NOT NULL,
  `CARD_CODE` varchar(5) COLLATE utf8_unicode_ci DEFAULT NULL,
  `CARD_EXP_MONTH` int(11) NOT NULL,
  `CARD_EXP_YEAR` int(11) NOT NULL,
  `DESCRIPTION` varchar(255) COLLATE utf8_unicode_ci DEFAULT NULL,
  `SUM_MIN` decimal(18,4) DEFAULT NULL,
  `SUM_MAX` decimal(18,4) DEFAULT NULL,
  `SUM_CURRENCY` char(3) COLLATE utf8_unicode_ci DEFAULT NULL,
  `LAST_STATUS` char(1) COLLATE utf8_unicode_ci DEFAULT NULL,
  `LAST_STATUS_CODE` varchar(5) COLLATE utf8_unicode_ci DEFAULT NULL,
  `LAST_STATUS_DESCRIPTION` varchar(250) COLLATE utf8_unicode_ci DEFAULT NULL,
  `LAST_STATUS_MESSAGE` varchar(255) COLLATE utf8_unicode_ci DEFAULT NULL,
  `LAST_SUM` decimal(18,4) DEFAULT NULL,
  `LAST_CURRENCY` char(3) COLLATE utf8_unicode_ci DEFAULT NULL,
  `LAST_DATE` datetime DEFAULT NULL,
  PRIMARY KEY (`ID`),
  KEY `IX_S_U_C_USER_ID` (`USER_ID`,`ACTIVE`,`CURRENCY`)
) ENGINE=InnoDB DEFAULT CHARSET=utf8 COLLATE=utf8_unicode_ci;
/*!40101 SET character_set_client = @saved_cs_client */;

--
-- Dumping data for table `b_sale_user_cards`
--

LOCK TABLES `b_sale_user_cards` WRITE;
/*!40000 ALTER TABLE `b_sale_user_cards` DISABLE KEYS */;
/*!40000 ALTER TABLE `b_sale_user_cards` ENABLE KEYS */;
UNLOCK TABLES;

--
-- Table structure for table `b_sale_user_props`
--

DROP TABLE IF EXISTS `b_sale_user_props`;
/*!40101 SET @saved_cs_client     = @@character_set_client */;
/*!40101 SET character_set_client = utf8 */;
CREATE TABLE `b_sale_user_props` (
  `ID` int(11) NOT NULL AUTO_INCREMENT,
  `NAME` varchar(255) COLLATE utf8_unicode_ci NOT NULL,
  `USER_ID` int(11) NOT NULL,
  `PERSON_TYPE_ID` int(11) NOT NULL,
  `DATE_UPDATE` datetime NOT NULL,
  `XML_ID` varchar(50) COLLATE utf8_unicode_ci DEFAULT NULL,
  `VERSION_1C` varchar(15) COLLATE utf8_unicode_ci DEFAULT NULL,
  PRIMARY KEY (`ID`),
  KEY `IXS_USER_PROPS_USER_ID` (`USER_ID`),
  KEY `IXS_USER_PROPS_PERSON_TYPE_ID` (`PERSON_TYPE_ID`),
  KEY `IXS_USER_PROPS_XML_ID` (`XML_ID`)
) ENGINE=InnoDB DEFAULT CHARSET=utf8 COLLATE=utf8_unicode_ci;
/*!40101 SET character_set_client = @saved_cs_client */;

--
-- Dumping data for table `b_sale_user_props`
--

LOCK TABLES `b_sale_user_props` WRITE;
/*!40000 ALTER TABLE `b_sale_user_props` DISABLE KEYS */;
/*!40000 ALTER TABLE `b_sale_user_props` ENABLE KEYS */;
UNLOCK TABLES;

--
-- Table structure for table `b_sale_user_props_value`
--

DROP TABLE IF EXISTS `b_sale_user_props_value`;
/*!40101 SET @saved_cs_client     = @@character_set_client */;
/*!40101 SET character_set_client = utf8 */;
CREATE TABLE `b_sale_user_props_value` (
  `ID` int(11) NOT NULL AUTO_INCREMENT,
  `USER_PROPS_ID` int(11) NOT NULL,
  `ORDER_PROPS_ID` int(11) NOT NULL,
  `NAME` varchar(255) COLLATE utf8_unicode_ci NOT NULL,
  `VALUE` varchar(255) COLLATE utf8_unicode_ci DEFAULT NULL,
  PRIMARY KEY (`ID`),
  KEY `IXS_USER_PROPS_VALUE_USER_PROPS_ID` (`USER_PROPS_ID`),
  KEY `IXS_USER_PROPS_VALUE_ORDER_PROPS_ID` (`ORDER_PROPS_ID`)
) ENGINE=InnoDB DEFAULT CHARSET=utf8 COLLATE=utf8_unicode_ci;
/*!40101 SET character_set_client = @saved_cs_client */;

--
-- Dumping data for table `b_sale_user_props_value`
--

LOCK TABLES `b_sale_user_props_value` WRITE;
/*!40000 ALTER TABLE `b_sale_user_props_value` DISABLE KEYS */;
/*!40000 ALTER TABLE `b_sale_user_props_value` ENABLE KEYS */;
UNLOCK TABLES;

--
-- Table structure for table `b_sale_user_transact`
--

DROP TABLE IF EXISTS `b_sale_user_transact`;
/*!40101 SET @saved_cs_client     = @@character_set_client */;
/*!40101 SET character_set_client = utf8 */;
CREATE TABLE `b_sale_user_transact` (
  `ID` int(11) NOT NULL AUTO_INCREMENT,
  `USER_ID` int(11) NOT NULL,
  `TIMESTAMP_X` timestamp NOT NULL DEFAULT CURRENT_TIMESTAMP ON UPDATE CURRENT_TIMESTAMP,
  `TRANSACT_DATE` datetime NOT NULL,
  `AMOUNT` decimal(18,4) NOT NULL DEFAULT '0.0000',
  `CURRENCY` char(3) COLLATE utf8_unicode_ci NOT NULL,
  `DEBIT` char(1) COLLATE utf8_unicode_ci NOT NULL DEFAULT 'N',
  `ORDER_ID` int(11) DEFAULT NULL,
  `DESCRIPTION` varchar(255) COLLATE utf8_unicode_ci NOT NULL,
  `NOTES` text COLLATE utf8_unicode_ci,
  `PAYMENT_ID` int(11) DEFAULT NULL,
  `EMPLOYEE_ID` int(11) DEFAULT NULL,
  PRIMARY KEY (`ID`),
  KEY `IX_S_U_T_USER_ID` (`USER_ID`),
  KEY `IX_S_U_T_USER_ID_CURRENCY` (`USER_ID`,`CURRENCY`),
  KEY `IX_S_U_T_ORDER_ID` (`ORDER_ID`),
  KEY `IX_S_U_T_PAYMENT_ID` (`PAYMENT_ID`)
) ENGINE=InnoDB DEFAULT CHARSET=utf8 COLLATE=utf8_unicode_ci;
/*!40101 SET character_set_client = @saved_cs_client */;

--
-- Dumping data for table `b_sale_user_transact`
--

LOCK TABLES `b_sale_user_transact` WRITE;
/*!40000 ALTER TABLE `b_sale_user_transact` DISABLE KEYS */;
/*!40000 ALTER TABLE `b_sale_user_transact` ENABLE KEYS */;
UNLOCK TABLES;

--
-- Table structure for table `b_sale_viewed_product`
--

DROP TABLE IF EXISTS `b_sale_viewed_product`;
/*!40101 SET @saved_cs_client     = @@character_set_client */;
/*!40101 SET character_set_client = utf8 */;
CREATE TABLE `b_sale_viewed_product` (
  `ID` int(11) unsigned NOT NULL AUTO_INCREMENT,
  `FUSER_ID` int(11) unsigned NOT NULL DEFAULT '0',
  `DATE_VISIT` datetime NOT NULL,
  `PRODUCT_ID` int(11) unsigned NOT NULL DEFAULT '0',
  `MODULE` varchar(100) COLLATE utf8_unicode_ci DEFAULT NULL,
  `LID` char(2) COLLATE utf8_unicode_ci NOT NULL,
  `NAME` varchar(255) COLLATE utf8_unicode_ci NOT NULL,
  `DETAIL_PAGE_URL` varchar(255) COLLATE utf8_unicode_ci DEFAULT NULL,
  `CURRENCY` char(3) COLLATE utf8_unicode_ci DEFAULT NULL,
  `PRICE` decimal(18,2) NOT NULL DEFAULT '0.00',
  `NOTES` varchar(255) COLLATE utf8_unicode_ci DEFAULT NULL,
  `PREVIEW_PICTURE` int(11) DEFAULT NULL,
  `DETAIL_PICTURE` int(11) DEFAULT NULL,
  `CALLBACK_FUNC` varchar(45) COLLATE utf8_unicode_ci DEFAULT NULL,
  `PRODUCT_PROVIDER_CLASS` varchar(100) COLLATE utf8_unicode_ci DEFAULT NULL,
  PRIMARY KEY (`ID`),
  KEY `ixLID` (`FUSER_ID`,`LID`),
  KEY `ixPRODUCT_ID` (`PRODUCT_ID`),
  KEY `ixDATE_VISIT` (`DATE_VISIT`)
) ENGINE=InnoDB AUTO_INCREMENT=6 DEFAULT CHARSET=utf8 COLLATE=utf8_unicode_ci;
/*!40101 SET character_set_client = @saved_cs_client */;

--
-- Dumping data for table `b_sale_viewed_product`
--

LOCK TABLES `b_sale_viewed_product` WRITE;
/*!40000 ALTER TABLE `b_sale_viewed_product` DISABLE KEYS */;
INSERT INTO `b_sale_viewed_product` VALUES (3,1,'2017-05-24 17:04:37',26,'catalog','s1','говно на палке','/catalog/barakholka/',NULL,0.00,NULL,NULL,NULL,'CatalogViewedProductCallback','CCatalogProductProvider'),(4,1,'2017-05-24 17:34:42',39,'catalog','s1','тест геолокации','/catalog/barakholka/',NULL,0.00,NULL,NULL,NULL,'CatalogViewedProductCallback','CCatalogProductProvider'),(5,1,'2017-05-24 18:03:37',18,'catalog','s1','Свинина','/catalog/zhivotnovodstvo/',NULL,0.00,NULL,NULL,NULL,'CatalogViewedProductCallback','CCatalogProductProvider');
/*!40000 ALTER TABLE `b_sale_viewed_product` ENABLE KEYS */;
UNLOCK TABLES;

--
-- Table structure for table `b_sale_yandex_settings`
--

DROP TABLE IF EXISTS `b_sale_yandex_settings`;
/*!40101 SET @saved_cs_client     = @@character_set_client */;
/*!40101 SET character_set_client = utf8 */;
CREATE TABLE `b_sale_yandex_settings` (
  `SHOP_ID` int(11) NOT NULL,
  `CSR` text COLLATE utf8_unicode_ci,
  `SIGN` text COLLATE utf8_unicode_ci,
  `CERT` text COLLATE utf8_unicode_ci,
  `PKEY` text COLLATE utf8_unicode_ci,
  `PUB_KEY` text COLLATE utf8_unicode_ci,
  PRIMARY KEY (`SHOP_ID`)
) ENGINE=InnoDB DEFAULT CHARSET=utf8 COLLATE=utf8_unicode_ci;
/*!40101 SET character_set_client = @saved_cs_client */;

--
-- Dumping data for table `b_sale_yandex_settings`
--

LOCK TABLES `b_sale_yandex_settings` WRITE;
/*!40000 ALTER TABLE `b_sale_yandex_settings` DISABLE KEYS */;
/*!40000 ALTER TABLE `b_sale_yandex_settings` ENABLE KEYS */;
UNLOCK TABLES;

--
-- Table structure for table `b_search_content`
--

DROP TABLE IF EXISTS `b_search_content`;
/*!40101 SET @saved_cs_client     = @@character_set_client */;
/*!40101 SET character_set_client = utf8 */;
CREATE TABLE `b_search_content` (
  `ID` int(11) NOT NULL AUTO_INCREMENT,
  `DATE_CHANGE` datetime NOT NULL,
  `MODULE_ID` varchar(50) COLLATE utf8_unicode_ci NOT NULL,
  `ITEM_ID` varchar(255) COLLATE utf8_unicode_ci NOT NULL,
  `CUSTOM_RANK` int(11) NOT NULL DEFAULT '0',
  `USER_ID` int(11) DEFAULT NULL,
  `ENTITY_TYPE_ID` varchar(50) COLLATE utf8_unicode_ci DEFAULT NULL,
  `ENTITY_ID` varchar(255) COLLATE utf8_unicode_ci DEFAULT NULL,
  `URL` text COLLATE utf8_unicode_ci,
  `TITLE` text COLLATE utf8_unicode_ci,
  `BODY` longtext COLLATE utf8_unicode_ci,
  `TAGS` text COLLATE utf8_unicode_ci,
  `PARAM1` text COLLATE utf8_unicode_ci,
  `PARAM2` text COLLATE utf8_unicode_ci,
  `UPD` varchar(32) COLLATE utf8_unicode_ci DEFAULT NULL,
  `DATE_FROM` datetime DEFAULT NULL,
  `DATE_TO` datetime DEFAULT NULL,
  PRIMARY KEY (`ID`),
  UNIQUE KEY `UX_B_SEARCH_CONTENT` (`MODULE_ID`,`ITEM_ID`),
  KEY `IX_B_SEARCH_CONTENT_1` (`MODULE_ID`,`PARAM1`(50),`PARAM2`(50)),
  KEY `IX_B_SEARCH_CONTENT_2` (`ENTITY_ID`(50),`ENTITY_TYPE_ID`)
) ENGINE=InnoDB AUTO_INCREMENT=190 DEFAULT CHARSET=utf8 COLLATE=utf8_unicode_ci;
/*!40101 SET character_set_client = @saved_cs_client */;

--
-- Dumping data for table `b_search_content`
--

LOCK TABLES `b_search_content` WRITE;
/*!40000 ALTER TABLE `b_search_content` DISABLE KEYS */;
INSERT INTO `b_search_content` VALUES (1,'2017-04-03 20:50:52','main','s1|/account/index.php',0,NULL,NULL,NULL,'/account/index.php','Аккаунт','','','','',NULL,NULL,NULL),(2,'2016-12-04 16:42:53','main','s1|/account.php',0,NULL,NULL,NULL,'/account.php','Личный кабинет','Мои объявления\rКошелек\rИзбранное\rНастройки','','','',NULL,NULL,NULL),(3,'2016-12-04 16:42:53','main','s1|/addform.php',0,NULL,NULL,NULL,'/addform.php','Добавить объявление','Подать объявление\rКонтактная информация\rЭлектронная почта\rcelldweller24@gmail.com\rВаше имя\rNikita Chubukov\rТелефон\rВсе объявления должны соответствовать праилам сайта\rНе подавайте одно и то же объявление повторно.\rНе указывайте телефон, электронную почту или адрес сайта в описании или на фото\rНе предлагайте запрещённые товары и услуги\rВыберите категорию\rМестоположение\rГород\rМетро\rАдрес','','','',NULL,NULL,NULL),(4,'2016-12-04 16:44:11','main','s1|/element.php',0,NULL,NULL,NULL,'/element.php','Элемент','Заголовок объявления\rРазмещено 3 сентября в 22:00\rПросмотров: \rвсего 1341/сегодня 23\r1 000 руб\rПродавец\rАрмен брат Ахмеда\rТелефон\r+7 960 111-22-33\rГород\rМосква\rАдрес\rЧеркизовский рынок\rСвойство товара 1\rТовар качественный\rСвойство товара 2\rТовар качественный\rСвойство товара 3\rТовар качественный\rСвойство товара 4\rА вот тут не факт\rКартофель\r1.4 руб\rmax\r2 руб\rmin\r1 руб\rМорковь\r1.4 руб\rmax\r2 руб\rmin\r1 руб\rКапуста\r1.5 руб\rmax\r2 руб\rmin\r1 руб\rVIP-объявления\r.NET developer\r$2000\rHuyak-Huyak and on production company\rМосква\rPHP developer\r$2000\rHuyak-Huyak and on production company\rМосква\rАлександр\r02.03.2016\rLorem ipsum dolor sit amet, consectetuer adipiscing elit. Aenean commodo ligula eget dolor.\nAenean massa. Cum sociis natoque penatibus et magnis dis parturient montes, nascetur ridiculus mus.\nDonec quam felis, ultricies nec, pellentesque eu, pretium quis, sem. Nulla consequat massa quis enim.\ncondimentum rhoncus, sem quam semper libero, sit amet adipiscing sem neque sed ipsum. Nam quam nunc, blandit vel,\nАлександр\r02.03.2016\rLorem ipsum dolor sit amet, consectetuer adipiscing elit. Aenean commodo ligula eget dolor.\nAenean massa. Cum sociis natoque penatibus et magnis dis parturient montes, nascetur ridiculus mus.\nDonec quam felis, ultricies nec, pellentesque eu, pretium quis, sem. Nulla consequat massa quis enim.\ncondimentum rhoncus, sem quam semper libero, sit amet adipiscing sem neque sed ipsum. Nam quam nunc, blandit vel,\nАлександр\r02.03.2016\rLorem ipsum dolor sit amet, consectetuer adipiscing elit. Aenean commodo ligula eget dolor.\nAenean massa. Cum sociis natoque penatibus et magnis dis parturient montes, nascetur ridiculus mus.\nDonec quam felis, ultricies nec, pellentesque eu, pretium quis, sem. Nulla consequat massa quis enim.\ncondimentum rhoncus, sem quam semper libero, sit amet adipiscing sem neque sed ipsum. Nam quam nunc, blandit vel,','','','',NULL,NULL,NULL),(5,'2016-12-04 16:44:11','main','s1|/index.php',0,NULL,NULL,NULL,'/index.php','Главная','','','','',NULL,NULL,NULL),(6,'2016-12-04 16:44:11','main','s1|/profile/index.php',0,NULL,NULL,NULL,'/profile/index.php','Профиль','профиль хуефиль','','','',NULL,NULL,NULL),(7,'2016-12-04 16:44:11','main','s1|/profile/login/index.php',0,NULL,NULL,NULL,'/profile/login/index.php','Вход','','','','',NULL,NULL,NULL),(8,'2016-12-04 16:44:11','main','s1|/profile/register/index.php',0,NULL,NULL,NULL,'/profile/register/index.php','Регистрация','','','','',NULL,NULL,NULL),(9,'2016-12-04 16:44:11','main','s1|/profile/restore/index.php',0,NULL,NULL,NULL,'/profile/restore/index.php','Возсставновление доступа','Text here....','','','',NULL,NULL,NULL),(10,'2016-12-04 16:44:11','main','s1|/sections.php',0,NULL,NULL,NULL,'/sections.php','Раздел','Свинятина\r1500 000\rруб.\rOOO Хрю\rМосква\rСегодня 11.30\rСвинятина\r1500 000\rруб.\rLorem ipsum dolor sit amet, consectetuer adipiscing elit. Donec quam felis, ultricies nec, pellentesque eu, pretium quis, sem\rOOO Хрю\rМосква\rСегодня 11.30\rСвинятина\r1500 000\rруб.\rOOO Хрю\rМосква\rСегодня 11.30\rСвинятина\r1500 000\rруб.\rOOO Хрю\rМосква\rСегодня 11.30\rVIP-объявления\r.NET developer\r$2000\rHuyak-Huyak and on production company\rМосква\rPHP developer\r$2000\rHuyak-Huyak and on production company\rМосква','','','',NULL,NULL,NULL),(11,'2017-04-03 21:22:54','main','s1|/test/index.php',0,NULL,NULL,NULL,'/test/index.php','test','','','','',NULL,NULL,NULL),(12,'2016-10-31 21:51:02','iblock','S1',0,NULL,NULL,NULL,'=ID=1&EXTERNAL_ID=&CODE=zhivotnovodstvo&IBLOCK_TYPE_ID=catalog&IBLOCK_ID=1&IBLOCK_CODE=catalog&IBLOCK_EXTERNAL_ID=','Животноводство','',NULL,'catalog','1',NULL,NULL,NULL),(13,'2016-10-31 21:51:28','iblock','S2',0,NULL,NULL,NULL,'=ID=2&EXTERNAL_ID=&CODE=rastenievodstvo&IBLOCK_TYPE_ID=catalog&IBLOCK_ID=1&IBLOCK_CODE=catalog&IBLOCK_EXTERNAL_ID=','Растениеводство','',NULL,'catalog','1',NULL,NULL,NULL),(14,'2016-10-31 21:51:41','iblock','S3',0,NULL,NULL,NULL,'=ID=3&EXTERNAL_ID=&CODE=ptitsevodstvo&IBLOCK_TYPE_ID=catalog&IBLOCK_ID=1&IBLOCK_CODE=catalog&IBLOCK_EXTERNAL_ID=','Птицеводство','',NULL,'catalog','1',NULL,NULL,NULL),(15,'2016-10-31 21:51:55','iblock','S4',0,NULL,NULL,NULL,'=ID=4&EXTERNAL_ID=&CODE=ryba-i-moreprodukty&IBLOCK_TYPE_ID=catalog&IBLOCK_ID=1&IBLOCK_CODE=catalog&IBLOCK_EXTERNAL_ID=','Рыба и морепродукты','',NULL,'catalog','1',NULL,NULL,NULL),(16,'2016-10-31 21:52:17','iblock','S5',0,NULL,NULL,NULL,'=ID=5&EXTERNAL_ID=&CODE=gotovaya-fermerskaya-produktsiya&IBLOCK_TYPE_ID=catalog&IBLOCK_ID=1&IBLOCK_CODE=catalog&IBLOCK_EXTERNAL_ID=','Готовая фермерская продукция','',NULL,'catalog','1',NULL,NULL,NULL),(17,'2016-10-31 21:52:31','iblock','S6',0,NULL,NULL,NULL,'=ID=6&EXTERNAL_ID=&CODE=uslugi-dlya-fermerov&IBLOCK_TYPE_ID=catalog&IBLOCK_ID=1&IBLOCK_CODE=catalog&IBLOCK_EXTERNAL_ID=','Услуги для фермеров','',NULL,'catalog','1',NULL,NULL,NULL),(19,'2016-10-31 21:54:13','iblock','S8',0,NULL,NULL,NULL,'=ID=8&EXTERNAL_ID=&CODE=barakholka&IBLOCK_TYPE_ID=catalog&IBLOCK_ID=1&IBLOCK_CODE=catalog&IBLOCK_EXTERNAL_ID=','Барахолка','',NULL,'catalog','1',NULL,NULL,NULL),(20,'2016-10-31 21:54:25','iblock','S9',0,NULL,NULL,NULL,'=ID=9&EXTERNAL_ID=&CODE=nedvizhimost&IBLOCK_TYPE_ID=catalog&IBLOCK_ID=1&IBLOCK_CODE=catalog&IBLOCK_EXTERNAL_ID=','Недвижимость','',NULL,'catalog','1',NULL,NULL,NULL),(21,'2016-10-31 21:54:43','iblock','S10',0,NULL,NULL,NULL,'=ID=10&EXTERNAL_ID=&CODE=svinina&IBLOCK_TYPE_ID=catalog&IBLOCK_ID=1&IBLOCK_CODE=catalog&IBLOCK_EXTERNAL_ID=','Свинина','',NULL,'catalog','1',NULL,NULL,NULL),(22,'2016-10-31 21:54:51','iblock','S11',0,NULL,NULL,NULL,'=ID=11&EXTERNAL_ID=&CODE=govyadina&IBLOCK_TYPE_ID=catalog&IBLOCK_ID=1&IBLOCK_CODE=catalog&IBLOCK_EXTERNAL_ID=','Говядина','',NULL,'catalog','1',NULL,NULL,NULL),(23,'2016-10-31 21:55:02','iblock','S12',0,NULL,NULL,NULL,'=ID=12&EXTERNAL_ID=&CODE=baranina&IBLOCK_TYPE_ID=catalog&IBLOCK_ID=1&IBLOCK_CODE=catalog&IBLOCK_EXTERNAL_ID=','Баранина','',NULL,'catalog','1',NULL,NULL,NULL),(24,'2016-10-31 21:55:20','iblock','S13',0,NULL,NULL,NULL,'=ID=13&EXTERNAL_ID=&CODE=olenina&IBLOCK_TYPE_ID=catalog&IBLOCK_ID=1&IBLOCK_CODE=catalog&IBLOCK_EXTERNAL_ID=','Оленина','',NULL,'catalog','1',NULL,NULL,NULL),(25,'2016-10-31 21:55:27','iblock','S14',0,NULL,NULL,NULL,'=ID=14&EXTERNAL_ID=&CODE=konina&IBLOCK_TYPE_ID=catalog&IBLOCK_ID=1&IBLOCK_CODE=catalog&IBLOCK_EXTERNAL_ID=','Конина','',NULL,'catalog','1',NULL,NULL,NULL),(26,'2016-10-31 21:55:50','iblock','S15',0,NULL,NULL,NULL,'=ID=15&EXTERNAL_ID=&CODE=kozlyatina&IBLOCK_TYPE_ID=catalog&IBLOCK_ID=1&IBLOCK_CODE=catalog&IBLOCK_EXTERNAL_ID=','Козлятина','',NULL,'catalog','1',NULL,NULL,NULL),(27,'2016-10-31 21:56:01','iblock','S16',0,NULL,NULL,NULL,'=ID=16&EXTERNAL_ID=&CODE=telyatina&IBLOCK_TYPE_ID=catalog&IBLOCK_ID=1&IBLOCK_CODE=catalog&IBLOCK_EXTERNAL_ID=','Телятина','',NULL,'catalog','1',NULL,NULL,NULL),(28,'2016-10-31 21:56:12','iblock','S17',0,NULL,NULL,NULL,'=ID=17&EXTERNAL_ID=&CODE=verblyuzhatina&IBLOCK_TYPE_ID=catalog&IBLOCK_ID=1&IBLOCK_CODE=catalog&IBLOCK_EXTERNAL_ID=','Верблюжатина','',NULL,'catalog','1',NULL,NULL,NULL),(29,'2016-10-31 21:56:21','iblock','S18',0,NULL,NULL,NULL,'=ID=18&EXTERNAL_ID=&CODE=losyatina&IBLOCK_TYPE_ID=catalog&IBLOCK_ID=1&IBLOCK_CODE=catalog&IBLOCK_EXTERNAL_ID=','Лосятина','',NULL,'catalog','1',NULL,NULL,NULL),(30,'2016-10-31 21:56:35','iblock','S19',0,NULL,NULL,NULL,'=ID=19&EXTERNAL_ID=&CODE=myaso-dikikh-zhivotnykh&IBLOCK_TYPE_ID=catalog&IBLOCK_ID=1&IBLOCK_CODE=catalog&IBLOCK_EXTERNAL_ID=','Мясо диких животных','',NULL,'catalog','1',NULL,NULL,NULL),(31,'2016-10-31 21:57:48','iblock','S20',0,NULL,NULL,NULL,'=ID=20&EXTERNAL_ID=&CODE=ovoshchi&IBLOCK_TYPE_ID=catalog&IBLOCK_ID=1&IBLOCK_CODE=catalog&IBLOCK_EXTERNAL_ID=','Овощи','',NULL,'catalog','1',NULL,NULL,NULL),(32,'2016-10-31 21:58:02','iblock','S21',0,NULL,NULL,NULL,'=ID=21&EXTERNAL_ID=&CODE=frukty-i-yagody&IBLOCK_TYPE_ID=catalog&IBLOCK_ID=1&IBLOCK_CODE=catalog&IBLOCK_EXTERNAL_ID=','Фрукты и ягоды','',NULL,'catalog','1',NULL,NULL,NULL),(33,'2016-10-31 21:58:21','iblock','S22',0,NULL,NULL,NULL,'=ID=22&EXTERNAL_ID=&CODE=svezhaya-zelen&IBLOCK_TYPE_ID=catalog&IBLOCK_ID=1&IBLOCK_CODE=catalog&IBLOCK_EXTERNAL_ID=','Свежая зелень','',NULL,'catalog','1',NULL,NULL,NULL),(34,'2016-10-31 21:58:37','iblock','S23',0,NULL,NULL,NULL,'=ID=23&EXTERNAL_ID=&CODE=orekhi-i-sukhofrukty&IBLOCK_TYPE_ID=catalog&IBLOCK_ID=1&IBLOCK_CODE=catalog&IBLOCK_EXTERNAL_ID=','Орехи и сухофрукты','',NULL,'catalog','1',NULL,NULL,NULL),(35,'2016-10-31 21:58:49','iblock','S24',0,NULL,NULL,NULL,'=ID=24&EXTERNAL_ID=&CODE=griby&IBLOCK_TYPE_ID=catalog&IBLOCK_ID=1&IBLOCK_CODE=catalog&IBLOCK_EXTERNAL_ID=','Грибы','',NULL,'catalog','1',NULL,NULL,NULL),(36,'2016-10-31 21:58:57','iblock','S25',0,NULL,NULL,NULL,'=ID=25&EXTERNAL_ID=&CODE=sazhentsy&IBLOCK_TYPE_ID=catalog&IBLOCK_ID=1&IBLOCK_CODE=catalog&IBLOCK_EXTERNAL_ID=','Саженцы','',NULL,'catalog','1',NULL,NULL,NULL),(37,'2016-10-31 21:59:07','iblock','S26',0,NULL,NULL,NULL,'=ID=26&EXTERNAL_ID=&CODE=rassada&IBLOCK_TYPE_ID=catalog&IBLOCK_ID=1&IBLOCK_CODE=catalog&IBLOCK_EXTERNAL_ID=','Рассада','',NULL,'catalog','1',NULL,NULL,NULL),(38,'2016-10-31 21:59:17','iblock','S27',0,NULL,NULL,NULL,'=ID=27&EXTERNAL_ID=&CODE=spetsii-i-pryanosti&IBLOCK_TYPE_ID=catalog&IBLOCK_ID=1&IBLOCK_CODE=catalog&IBLOCK_EXTERNAL_ID=','Специи и пряности, шлюхи наркотики оружие алкоголь','',NULL,'catalog','1',NULL,NULL,NULL),(39,'2016-10-31 22:15:02','iblock','S28',0,NULL,NULL,NULL,'=ID=28&EXTERNAL_ID=&CODE=ogurets&IBLOCK_TYPE_ID=catalog&IBLOCK_ID=1&IBLOCK_CODE=catalog&IBLOCK_EXTERNAL_ID=','Огурец','',NULL,'catalog','1',NULL,NULL,NULL),(40,'2016-10-31 22:15:10','iblock','S29',0,NULL,NULL,NULL,'=ID=29&EXTERNAL_ID=&CODE=pomidor&IBLOCK_TYPE_ID=catalog&IBLOCK_ID=1&IBLOCK_CODE=catalog&IBLOCK_EXTERNAL_ID=','Помидор','',NULL,'catalog','1',NULL,NULL,NULL),(41,'2016-10-31 22:15:21','iblock','S30',0,NULL,NULL,NULL,'=ID=30&EXTERNAL_ID=&CODE=svekla&IBLOCK_TYPE_ID=catalog&IBLOCK_ID=1&IBLOCK_CODE=catalog&IBLOCK_EXTERNAL_ID=','Свекла','',NULL,'catalog','1',NULL,NULL,NULL),(42,'2016-10-31 22:15:32','iblock','S31',0,NULL,NULL,NULL,'=ID=31&EXTERNAL_ID=&CODE=kabachok&IBLOCK_TYPE_ID=catalog&IBLOCK_ID=1&IBLOCK_CODE=catalog&IBLOCK_EXTERNAL_ID=','Кабачок','',NULL,'catalog','1',NULL,NULL,NULL),(43,'2016-10-31 22:15:41','iblock','S32',0,NULL,NULL,NULL,'=ID=32&EXTERNAL_ID=&CODE=chesnok&IBLOCK_TYPE_ID=catalog&IBLOCK_ID=1&IBLOCK_CODE=catalog&IBLOCK_EXTERNAL_ID=','Чеснок','',NULL,'catalog','1',NULL,NULL,NULL),(44,'2016-10-31 22:16:21','iblock','S33',0,NULL,NULL,NULL,'=ID=33&EXTERNAL_ID=&CODE=batat&IBLOCK_TYPE_ID=catalog&IBLOCK_ID=1&IBLOCK_CODE=catalog&IBLOCK_EXTERNAL_ID=','Батат','',NULL,'catalog','1',NULL,NULL,NULL),(45,'2016-10-31 22:16:29','iblock','S34',0,NULL,NULL,NULL,'=ID=34&EXTERNAL_ID=&CODE=soya&IBLOCK_TYPE_ID=catalog&IBLOCK_ID=1&IBLOCK_CODE=catalog&IBLOCK_EXTERNAL_ID=','Соя','',NULL,'catalog','1',NULL,NULL,NULL),(46,'2016-10-31 22:16:55','iblock','S35',0,NULL,NULL,NULL,'=ID=35&EXTERNAL_ID=&CODE=boby&IBLOCK_TYPE_ID=catalog&IBLOCK_ID=1&IBLOCK_CODE=catalog&IBLOCK_EXTERNAL_ID=','Бобы','',NULL,'catalog','1',NULL,NULL,NULL),(47,'2016-10-31 22:17:04','iblock','S36',0,NULL,NULL,NULL,'=ID=36&EXTERNAL_ID=&CODE=fasol&IBLOCK_TYPE_ID=catalog&IBLOCK_ID=1&IBLOCK_CODE=catalog&IBLOCK_EXTERNAL_ID=','Фасоль','',NULL,'catalog','1',NULL,NULL,NULL),(48,'2016-10-31 22:17:15','iblock','S37',0,NULL,NULL,NULL,'=ID=37&EXTERNAL_ID=&CODE=tsukini&IBLOCK_TYPE_ID=catalog&IBLOCK_ID=1&IBLOCK_CODE=catalog&IBLOCK_EXTERNAL_ID=','Цукини','',NULL,'catalog','1',NULL,NULL,NULL),(49,'2016-10-31 22:17:25','iblock','S38',0,NULL,NULL,NULL,'=ID=38&EXTERNAL_ID=&CODE=topinambur&IBLOCK_TYPE_ID=catalog&IBLOCK_ID=1&IBLOCK_CODE=catalog&IBLOCK_EXTERNAL_ID=','Топинамбур','',NULL,'catalog','1',NULL,NULL,NULL),(50,'2016-10-31 22:17:36','iblock','S39',0,NULL,NULL,NULL,'=ID=39&EXTERNAL_ID=&CODE=tykva&IBLOCK_TYPE_ID=catalog&IBLOCK_ID=1&IBLOCK_CODE=catalog&IBLOCK_EXTERNAL_ID=','Тыква','',NULL,'catalog','1',NULL,NULL,NULL),(51,'2016-10-31 22:17:42','iblock','S40',0,NULL,NULL,NULL,'=ID=40&EXTERNAL_ID=&CODE=kapusta&IBLOCK_TYPE_ID=catalog&IBLOCK_ID=1&IBLOCK_CODE=catalog&IBLOCK_EXTERNAL_ID=','Капуста','',NULL,'catalog','1',NULL,NULL,NULL),(52,'2016-10-31 22:17:49','iblock','S41',0,NULL,NULL,NULL,'=ID=41&EXTERNAL_ID=&CODE=gorokh&IBLOCK_TYPE_ID=catalog&IBLOCK_ID=1&IBLOCK_CODE=catalog&IBLOCK_EXTERNAL_ID=','Горох','',NULL,'catalog','1',NULL,NULL,NULL),(53,'2016-10-31 22:17:58','iblock','S42',0,NULL,NULL,NULL,'=ID=42&EXTERNAL_ID=&CODE=kartofel&IBLOCK_TYPE_ID=catalog&IBLOCK_ID=1&IBLOCK_CODE=catalog&IBLOCK_EXTERNAL_ID=','Картофель','',NULL,'catalog','1',NULL,NULL,NULL),(54,'2016-10-31 22:18:05','iblock','S43',0,NULL,NULL,NULL,'=ID=43&EXTERNAL_ID=&CODE=morkov&IBLOCK_TYPE_ID=catalog&IBLOCK_ID=1&IBLOCK_CODE=catalog&IBLOCK_EXTERNAL_ID=','Морковь','',NULL,'catalog','1',NULL,NULL,NULL),(55,'2016-10-31 22:18:15','iblock','S44',0,NULL,NULL,NULL,'=ID=44&EXTERNAL_ID=&CODE=bryukva&IBLOCK_TYPE_ID=catalog&IBLOCK_ID=1&IBLOCK_CODE=catalog&IBLOCK_EXTERNAL_ID=','Брюква','',NULL,'catalog','1',NULL,NULL,NULL),(56,'2016-10-31 22:18:22','iblock','S45',0,NULL,NULL,NULL,'=ID=45&EXTERNAL_ID=&CODE=daykon&IBLOCK_TYPE_ID=catalog&IBLOCK_ID=1&IBLOCK_CODE=catalog&IBLOCK_EXTERNAL_ID=','Дайкон','',NULL,'catalog','1',NULL,NULL,NULL),(57,'2016-10-31 22:18:33','iblock','S46',0,NULL,NULL,NULL,'=ID=46&EXTERNAL_ID=&CODE=brokkoli&IBLOCK_TYPE_ID=catalog&IBLOCK_ID=1&IBLOCK_CODE=catalog&IBLOCK_EXTERNAL_ID=','Брокколи','',NULL,'catalog','1',NULL,NULL,NULL),(58,'2016-10-31 22:18:41','iblock','S47',0,NULL,NULL,NULL,'=ID=47&EXTERNAL_ID=&CODE=kolrabi&IBLOCK_TYPE_ID=catalog&IBLOCK_ID=1&IBLOCK_CODE=catalog&IBLOCK_EXTERNAL_ID=','Кольраби','',NULL,'catalog','1',NULL,NULL,NULL),(59,'2016-10-31 22:18:50','iblock','S48',0,NULL,NULL,NULL,'=ID=48&EXTERNAL_ID=&CODE=repa&IBLOCK_TYPE_ID=catalog&IBLOCK_ID=1&IBLOCK_CODE=catalog&IBLOCK_EXTERNAL_ID=','Репа','',NULL,'catalog','1',NULL,NULL,NULL),(60,'2016-10-31 22:18:56','iblock','S49',0,NULL,NULL,NULL,'=ID=49&EXTERNAL_ID=&CODE=redis&IBLOCK_TYPE_ID=catalog&IBLOCK_ID=1&IBLOCK_CODE=catalog&IBLOCK_EXTERNAL_ID=','Редис','',NULL,'catalog','1',NULL,NULL,NULL),(61,'2016-10-31 22:19:18','iblock','S50',0,NULL,NULL,NULL,'=ID=50&EXTERNAL_ID=&CODE=reven&IBLOCK_TYPE_ID=catalog&IBLOCK_ID=1&IBLOCK_CODE=catalog&IBLOCK_EXTERNAL_ID=','Ревень','',NULL,'catalog','1',NULL,NULL,NULL),(62,'2016-10-31 22:19:39','iblock','S51',0,NULL,NULL,NULL,'=ID=51&EXTERNAL_ID=&CODE=patisson&IBLOCK_TYPE_ID=catalog&IBLOCK_ID=1&IBLOCK_CODE=catalog&IBLOCK_EXTERNAL_ID=','Патиссон','',NULL,'catalog','1',NULL,NULL,NULL),(63,'2016-10-31 22:19:49','iblock','S52',0,NULL,NULL,NULL,'=ID=52&EXTERNAL_ID=&CODE=kukuruza&IBLOCK_TYPE_ID=catalog&IBLOCK_ID=1&IBLOCK_CODE=catalog&IBLOCK_EXTERNAL_ID=','Кукуруза','',NULL,'catalog','1',NULL,NULL,NULL),(64,'2016-10-31 22:20:02','iblock','S53',0,NULL,NULL,NULL,'=ID=53&EXTERNAL_ID=&CODE=perets&IBLOCK_TYPE_ID=catalog&IBLOCK_ID=1&IBLOCK_CODE=catalog&IBLOCK_EXTERNAL_ID=','Перец','',NULL,'catalog','1',NULL,NULL,NULL),(65,'2016-10-31 22:20:10','iblock','S54',0,NULL,NULL,NULL,'=ID=54&EXTERNAL_ID=&CODE=pasternak&IBLOCK_TYPE_ID=catalog&IBLOCK_ID=1&IBLOCK_CODE=catalog&IBLOCK_EXTERNAL_ID=','Пастернак','',NULL,'catalog','1',NULL,NULL,NULL),(66,'2016-10-31 22:20:21','iblock','S55',0,NULL,NULL,NULL,'=ID=55&EXTERNAL_ID=&CODE=luk&IBLOCK_TYPE_ID=catalog&IBLOCK_ID=1&IBLOCK_CODE=catalog&IBLOCK_EXTERNAL_ID=','Лук','',NULL,'catalog','1',NULL,NULL,NULL),(67,'2016-10-31 22:20:29','iblock','S56',0,NULL,NULL,NULL,'=ID=56&EXTERNAL_ID=&CODE=redka&IBLOCK_TYPE_ID=catalog&IBLOCK_ID=1&IBLOCK_CODE=catalog&IBLOCK_EXTERNAL_ID=','Редька','',NULL,'catalog','1',NULL,NULL,NULL),(68,'2016-10-31 22:20:40','iblock','S57',0,NULL,NULL,NULL,'=ID=57&EXTERNAL_ID=&CODE=masliny&IBLOCK_TYPE_ID=catalog&IBLOCK_ID=1&IBLOCK_CODE=catalog&IBLOCK_EXTERNAL_ID=','Маслины','',NULL,'catalog','1',NULL,NULL,NULL),(69,'2016-10-31 22:21:00','iblock','S58',0,NULL,NULL,NULL,'=ID=58&EXTERNAL_ID=&CODE=oliva&IBLOCK_TYPE_ID=catalog&IBLOCK_ID=1&IBLOCK_CODE=catalog&IBLOCK_EXTERNAL_ID=','Олива','',NULL,'catalog','1',NULL,NULL,NULL),(70,'2016-10-31 22:21:07','iblock','S59',0,NULL,NULL,NULL,'=ID=59&EXTERNAL_ID=&CODE=baklazhan&IBLOCK_TYPE_ID=catalog&IBLOCK_ID=1&IBLOCK_CODE=catalog&IBLOCK_EXTERNAL_ID=','Баклажан','',NULL,'catalog','1',NULL,NULL,NULL),(71,'2016-10-31 22:21:18','iblock','S60',0,NULL,NULL,NULL,'=ID=60&EXTERNAL_ID=&CODE=fizalis&IBLOCK_TYPE_ID=catalog&IBLOCK_ID=1&IBLOCK_CODE=catalog&IBLOCK_EXTERNAL_ID=','Физалис','',NULL,'catalog','1',NULL,NULL,NULL),(72,'2016-10-31 22:21:25','iblock','S61',0,NULL,NULL,NULL,'=ID=61&EXTERNAL_ID=&CODE=artishok&IBLOCK_TYPE_ID=catalog&IBLOCK_ID=1&IBLOCK_CODE=catalog&IBLOCK_EXTERNAL_ID=','Артишок','',NULL,'catalog','1',NULL,NULL,NULL),(73,'2016-10-31 22:21:47','iblock','S62',0,NULL,NULL,NULL,'=ID=62&EXTERNAL_ID=&CODE=bambiya&IBLOCK_TYPE_ID=catalog&IBLOCK_ID=1&IBLOCK_CODE=catalog&IBLOCK_EXTERNAL_ID=','Бамбия','',NULL,'catalog','1',NULL,NULL,NULL),(74,'2016-10-31 22:22:00','iblock','S63',0,NULL,NULL,NULL,'=ID=63&EXTERNAL_ID=&CODE=skortsonera&IBLOCK_TYPE_ID=catalog&IBLOCK_ID=1&IBLOCK_CODE=catalog&IBLOCK_EXTERNAL_ID=','Скорцонера','',NULL,'catalog','1',NULL,NULL,NULL),(75,'2016-10-31 22:22:08','iblock','S64',0,NULL,NULL,NULL,'=ID=64&EXTERNAL_ID=&CODE=selderey&IBLOCK_TYPE_ID=catalog&IBLOCK_ID=1&IBLOCK_CODE=catalog&IBLOCK_EXTERNAL_ID=','Сельдерей','',NULL,'catalog','1',NULL,NULL,NULL),(76,'2016-10-31 22:22:50','iblock','S65',0,NULL,NULL,NULL,'=ID=65&EXTERNAL_ID=&CODE=apelsin&IBLOCK_TYPE_ID=catalog&IBLOCK_ID=1&IBLOCK_CODE=catalog&IBLOCK_EXTERNAL_ID=','Апельсин','',NULL,'catalog','1',NULL,NULL,NULL),(77,'2016-10-31 22:22:59','iblock','S66',0,NULL,NULL,NULL,'=ID=66&EXTERNAL_ID=&CODE=ezhevika&IBLOCK_TYPE_ID=catalog&IBLOCK_ID=1&IBLOCK_CODE=catalog&IBLOCK_EXTERNAL_ID=','Ежевика','',NULL,'catalog','1',NULL,NULL,NULL),(78,'2016-10-31 22:23:09','iblock','S67',0,NULL,NULL,NULL,'=ID=67&EXTERNAL_ID=&CODE=greypfrut&IBLOCK_TYPE_ID=catalog&IBLOCK_ID=1&IBLOCK_CODE=catalog&IBLOCK_EXTERNAL_ID=','Грейпфрут','',NULL,'catalog','1',NULL,NULL,NULL),(79,'2016-10-31 22:23:20','iblock','S68',0,NULL,NULL,NULL,'=ID=68&EXTERNAL_ID=&CODE=boyaryshnik&IBLOCK_TYPE_ID=catalog&IBLOCK_ID=1&IBLOCK_CODE=catalog&IBLOCK_EXTERNAL_ID=','Боярышник','',NULL,'catalog','1',NULL,NULL,NULL),(80,'2016-10-31 22:23:28','iblock','S69',0,NULL,NULL,NULL,'=ID=69&EXTERNAL_ID=&CODE=vinograd&IBLOCK_TYPE_ID=catalog&IBLOCK_ID=1&IBLOCK_CODE=catalog&IBLOCK_EXTERNAL_ID=','Виноград','',NULL,'catalog','1',NULL,NULL,NULL),(81,'2016-10-31 22:23:36','iblock','S70',0,NULL,NULL,NULL,'=ID=70&EXTERNAL_ID=&CODE=ananas&IBLOCK_TYPE_ID=catalog&IBLOCK_ID=1&IBLOCK_CODE=catalog&IBLOCK_EXTERNAL_ID=','Ананас','',NULL,'catalog','1',NULL,NULL,NULL),(82,'2016-10-31 22:23:42','iblock','S71',0,NULL,NULL,NULL,'=ID=71&EXTERNAL_ID=&CODE=sliva&IBLOCK_TYPE_ID=catalog&IBLOCK_ID=1&IBLOCK_CODE=catalog&IBLOCK_EXTERNAL_ID=','Слива','',NULL,'catalog','1',NULL,NULL,NULL),(83,'2016-10-31 22:23:50','iblock','S72',0,NULL,NULL,NULL,'=ID=72&EXTERNAL_ID=&CODE=vishnya&IBLOCK_TYPE_ID=catalog&IBLOCK_ID=1&IBLOCK_CODE=catalog&IBLOCK_EXTERNAL_ID=','Вишня','',NULL,'catalog','1',NULL,NULL,NULL),(84,'2016-10-31 22:23:57','iblock','S73',0,NULL,NULL,NULL,'=ID=73&EXTERNAL_ID=&CODE=smorodina&IBLOCK_TYPE_ID=catalog&IBLOCK_ID=1&IBLOCK_CODE=catalog&IBLOCK_EXTERNAL_ID=','Смородина','',NULL,'catalog','1',NULL,NULL,NULL),(85,'2016-10-31 22:24:06','iblock','S74',0,NULL,NULL,NULL,'=ID=74&EXTERNAL_ID=&CODE=arbuz&IBLOCK_TYPE_ID=catalog&IBLOCK_ID=1&IBLOCK_CODE=catalog&IBLOCK_EXTERNAL_ID=','Арбуз','',NULL,'catalog','1',NULL,NULL,NULL),(86,'2016-10-31 22:24:22','iblock','S75',0,NULL,NULL,NULL,'=ID=75&EXTERNAL_ID=&CODE=shipovnik&IBLOCK_TYPE_ID=catalog&IBLOCK_ID=1&IBLOCK_CODE=catalog&IBLOCK_EXTERNAL_ID=','Шиповник','',NULL,'catalog','1',NULL,NULL,NULL),(87,'2016-10-31 22:24:33','iblock','S76',0,NULL,NULL,NULL,'=ID=76&EXTERNAL_ID=&CODE=chernika&IBLOCK_TYPE_ID=catalog&IBLOCK_ID=1&IBLOCK_CODE=catalog&IBLOCK_EXTERNAL_ID=','Черника','',NULL,'catalog','1',NULL,NULL,NULL),(88,'2016-10-31 22:24:43','iblock','S77',0,NULL,NULL,NULL,'=ID=77&EXTERNAL_ID=&CODE=barbaris&IBLOCK_TYPE_ID=catalog&IBLOCK_ID=1&IBLOCK_CODE=catalog&IBLOCK_EXTERNAL_ID=','Барбарис','',NULL,'catalog','1',NULL,NULL,NULL),(89,'2016-10-31 22:24:50','iblock','S78',0,NULL,NULL,NULL,'=ID=78&EXTERNAL_ID=&CODE=brusnika&IBLOCK_TYPE_ID=catalog&IBLOCK_ID=1&IBLOCK_CODE=catalog&IBLOCK_EXTERNAL_ID=','Брусника','',NULL,'catalog','1',NULL,NULL,NULL),(90,'2016-10-31 22:24:59','iblock','S79',0,NULL,NULL,NULL,'=ID=79&EXTERNAL_ID=&CODE=buzina&IBLOCK_TYPE_ID=catalog&IBLOCK_ID=1&IBLOCK_CODE=catalog&IBLOCK_EXTERNAL_ID=','Бузина','',NULL,'catalog','1',NULL,NULL,NULL),(91,'2016-10-31 22:25:09','iblock','S80',0,NULL,NULL,NULL,'=ID=80&EXTERNAL_ID=&CODE=golubika&IBLOCK_TYPE_ID=catalog&IBLOCK_ID=1&IBLOCK_CODE=catalog&IBLOCK_EXTERNAL_ID=','Голубика','',NULL,'catalog','1',NULL,NULL,NULL),(92,'2016-10-31 22:25:20','iblock','S81',0,NULL,NULL,NULL,'=ID=81&EXTERNAL_ID=&CODE=zhimolost&IBLOCK_TYPE_ID=catalog&IBLOCK_ID=1&IBLOCK_CODE=catalog&IBLOCK_EXTERNAL_ID=','Жимолость','',NULL,'catalog','1',NULL,NULL,NULL),(93,'2016-10-31 22:25:34','iblock','S82',0,NULL,NULL,NULL,'=ID=82&EXTERNAL_ID=&CODE=moroshka&IBLOCK_TYPE_ID=catalog&IBLOCK_ID=1&IBLOCK_CODE=catalog&IBLOCK_EXTERNAL_ID=','Морошка','',NULL,'catalog','1',NULL,NULL,NULL),(94,'2016-10-31 22:25:44','iblock','S83',0,NULL,NULL,NULL,'=ID=83&EXTERNAL_ID=&CODE=malina&IBLOCK_TYPE_ID=catalog&IBLOCK_ID=1&IBLOCK_CODE=catalog&IBLOCK_EXTERNAL_ID=','Малина','',NULL,'catalog','1',NULL,NULL,NULL),(95,'2016-10-31 22:25:51','iblock','S84',0,NULL,NULL,NULL,'=ID=84&EXTERNAL_ID=&CODE=irga&IBLOCK_TYPE_ID=catalog&IBLOCK_ID=1&IBLOCK_CODE=catalog&IBLOCK_EXTERNAL_ID=','Ирга','',NULL,'catalog','1',NULL,NULL,NULL),(96,'2016-10-31 22:25:59','iblock','S85',0,NULL,NULL,NULL,'=ID=85&EXTERNAL_ID=&CODE=zemlyanika&IBLOCK_TYPE_ID=catalog&IBLOCK_ID=1&IBLOCK_CODE=catalog&IBLOCK_EXTERNAL_ID=','Земляника','',NULL,'catalog','1',NULL,NULL,NULL),(97,'2016-10-31 22:26:14','iblock','S86',0,NULL,NULL,NULL,'=ID=86&EXTERNAL_ID=&CODE=kalina&IBLOCK_TYPE_ID=catalog&IBLOCK_ID=1&IBLOCK_CODE=catalog&IBLOCK_EXTERNAL_ID=','Калина','',NULL,'catalog','1',NULL,NULL,NULL),(98,'2016-10-31 22:26:24','iblock','S87',0,NULL,NULL,NULL,'=ID=87&EXTERNAL_ID=&CODE=klubnika&IBLOCK_TYPE_ID=catalog&IBLOCK_ID=1&IBLOCK_CODE=catalog&IBLOCK_EXTERNAL_ID=','Клубника','',NULL,'catalog','1',NULL,NULL,NULL),(99,'2016-10-31 22:26:36','iblock','S88',0,NULL,NULL,NULL,'=ID=88&EXTERNAL_ID=&CODE=klyukva&IBLOCK_TYPE_ID=catalog&IBLOCK_ID=1&IBLOCK_CODE=catalog&IBLOCK_EXTERNAL_ID=','Клюква','',NULL,'catalog','1',NULL,NULL,NULL),(100,'2016-10-31 22:26:46','iblock','S89',0,NULL,NULL,NULL,'=ID=89&EXTERNAL_ID=&CODE=kryzhovnik&IBLOCK_TYPE_ID=catalog&IBLOCK_ID=1&IBLOCK_CODE=catalog&IBLOCK_EXTERNAL_ID=','Крыжовник','',NULL,'catalog','1',NULL,NULL,NULL),(101,'2016-10-31 22:27:12','iblock','S90',0,NULL,NULL,NULL,'=ID=90&EXTERNAL_ID=&CODE=oblepikha&IBLOCK_TYPE_ID=catalog&IBLOCK_ID=1&IBLOCK_CODE=catalog&IBLOCK_EXTERNAL_ID=','Облепиха','',NULL,'catalog','1',NULL,NULL,NULL),(102,'2016-10-31 22:27:34','iblock','S91',0,NULL,NULL,NULL,'=ID=91&EXTERNAL_ID=&CODE=knyazhenika&IBLOCK_TYPE_ID=catalog&IBLOCK_ID=1&IBLOCK_CODE=catalog&IBLOCK_EXTERNAL_ID=','Княженика','',NULL,'catalog','1',NULL,NULL,NULL),(103,'2016-10-31 22:27:44','iblock','S92',0,NULL,NULL,NULL,'=ID=92&EXTERNAL_ID=&CODE=limonnik&IBLOCK_TYPE_ID=catalog&IBLOCK_ID=1&IBLOCK_CODE=catalog&IBLOCK_EXTERNAL_ID=','Лимонник','',NULL,'catalog','1',NULL,NULL,NULL),(104,'2016-10-31 22:27:51','iblock','S93',0,NULL,NULL,NULL,'=ID=93&EXTERNAL_ID=&CODE=ryabina&IBLOCK_TYPE_ID=catalog&IBLOCK_ID=1&IBLOCK_CODE=catalog&IBLOCK_EXTERNAL_ID=','Рябина','',NULL,'catalog','1',NULL,NULL,NULL),(105,'2016-10-31 22:27:58','iblock','S94',0,NULL,NULL,NULL,'=ID=94&EXTERNAL_ID=&CODE=avokado&IBLOCK_TYPE_ID=catalog&IBLOCK_ID=1&IBLOCK_CODE=catalog&IBLOCK_EXTERNAL_ID=','Авокадо','',NULL,'catalog','1',NULL,NULL,NULL),(106,'2016-10-31 22:28:13','iblock','S95',0,NULL,NULL,NULL,'=ID=95&EXTERNAL_ID=&CODE=mozhzhevelnik&IBLOCK_TYPE_ID=catalog&IBLOCK_ID=1&IBLOCK_CODE=catalog&IBLOCK_EXTERNAL_ID=','Можжевельник','',NULL,'catalog','1',NULL,NULL,NULL),(107,'2016-10-31 22:28:22','iblock','S96',0,NULL,NULL,NULL,'=ID=96&EXTERNAL_ID=&CODE=ayva&IBLOCK_TYPE_ID=catalog&IBLOCK_ID=1&IBLOCK_CODE=catalog&IBLOCK_EXTERNAL_ID=','Айва','',NULL,'catalog','1',NULL,NULL,NULL),(108,'2016-10-31 22:28:29','iblock','S97',0,NULL,NULL,NULL,'=ID=97&EXTERNAL_ID=&CODE=alycha&IBLOCK_TYPE_ID=catalog&IBLOCK_ID=1&IBLOCK_CODE=catalog&IBLOCK_EXTERNAL_ID=','Алыча','',NULL,'catalog','1',NULL,NULL,NULL),(109,'2016-10-31 22:28:40','iblock','S98',0,NULL,NULL,NULL,'=ID=98&EXTERNAL_ID=&CODE=banan&IBLOCK_TYPE_ID=catalog&IBLOCK_ID=1&IBLOCK_CODE=catalog&IBLOCK_EXTERNAL_ID=','Банан','',NULL,'catalog','1',NULL,NULL,NULL),(110,'2016-10-31 22:28:52','iblock','S99',0,NULL,NULL,NULL,'=ID=99&EXTERNAL_ID=&CODE=granat&IBLOCK_TYPE_ID=catalog&IBLOCK_ID=1&IBLOCK_CODE=catalog&IBLOCK_EXTERNAL_ID=','Гранат','',NULL,'catalog','1',NULL,NULL,NULL),(111,'2016-10-31 22:28:59','iblock','S100',0,NULL,NULL,NULL,'=ID=100&EXTERNAL_ID=&CODE=grusha&IBLOCK_TYPE_ID=catalog&IBLOCK_ID=1&IBLOCK_CODE=catalog&IBLOCK_EXTERNAL_ID=','Груша','',NULL,'catalog','1',NULL,NULL,NULL),(112,'2016-10-31 22:29:36','iblock','S101',0,NULL,NULL,NULL,'=ID=101&EXTERNAL_ID=&CODE=guava&IBLOCK_TYPE_ID=catalog&IBLOCK_ID=1&IBLOCK_CODE=catalog&IBLOCK_EXTERNAL_ID=','Гуава','',NULL,'catalog','1',NULL,NULL,NULL),(113,'2016-10-31 22:29:44','iblock','S102',0,NULL,NULL,NULL,'=ID=102&EXTERNAL_ID=&CODE=dynya&IBLOCK_TYPE_ID=catalog&IBLOCK_ID=1&IBLOCK_CODE=catalog&IBLOCK_EXTERNAL_ID=','Дыня','',NULL,'catalog','1',NULL,NULL,NULL),(114,'2016-10-31 22:29:53','iblock','S103',0,NULL,NULL,NULL,'=ID=103&EXTERNAL_ID=&CODE=inzhir&IBLOCK_TYPE_ID=catalog&IBLOCK_ID=1&IBLOCK_CODE=catalog&IBLOCK_EXTERNAL_ID=','Инжир','',NULL,'catalog','1',NULL,NULL,NULL),(115,'2016-10-31 22:30:07','iblock','S104',0,NULL,NULL,NULL,'=ID=104&EXTERNAL_ID=&CODE=karambola&IBLOCK_TYPE_ID=catalog&IBLOCK_ID=1&IBLOCK_CODE=catalog&IBLOCK_EXTERNAL_ID=','Карамбола','',NULL,'catalog','1',NULL,NULL,NULL),(116,'2016-10-31 22:30:17','iblock','S105',0,NULL,NULL,NULL,'=ID=105&EXTERNAL_ID=&CODE=kivi&IBLOCK_TYPE_ID=catalog&IBLOCK_ID=1&IBLOCK_CODE=catalog&IBLOCK_EXTERNAL_ID=','Киви','',NULL,'catalog','1',NULL,NULL,NULL),(117,'2016-10-31 22:30:30','iblock','S106',0,NULL,NULL,NULL,'=ID=106&EXTERNAL_ID=&CODE=kizil&IBLOCK_TYPE_ID=catalog&IBLOCK_ID=1&IBLOCK_CODE=catalog&IBLOCK_EXTERNAL_ID=','Кизил','',NULL,'catalog','1',NULL,NULL,NULL),(118,'2016-10-31 22:30:43','iblock','S107',0,NULL,NULL,NULL,'=ID=107&EXTERNAL_ID=&CODE=kumkvat&IBLOCK_TYPE_ID=catalog&IBLOCK_ID=1&IBLOCK_CODE=catalog&IBLOCK_EXTERNAL_ID=','Кумкват','',NULL,'catalog','1',NULL,NULL,NULL),(119,'2016-10-31 22:30:52','iblock','S108',0,NULL,NULL,NULL,'=ID=108&EXTERNAL_ID=&CODE=laym&IBLOCK_TYPE_ID=catalog&IBLOCK_ID=1&IBLOCK_CODE=catalog&IBLOCK_EXTERNAL_ID=','Лайм','',NULL,'catalog','1',NULL,NULL,NULL),(120,'2016-10-31 22:30:59','iblock','S109',0,NULL,NULL,NULL,'=ID=109&EXTERNAL_ID=&CODE=limon&IBLOCK_TYPE_ID=catalog&IBLOCK_ID=1&IBLOCK_CODE=catalog&IBLOCK_EXTERNAL_ID=','Лимон','',NULL,'catalog','1',NULL,NULL,NULL),(121,'2016-10-31 22:31:09','iblock','S110',0,NULL,NULL,NULL,'=ID=110&EXTERNAL_ID=&CODE=lichi&IBLOCK_TYPE_ID=catalog&IBLOCK_ID=1&IBLOCK_CODE=catalog&IBLOCK_EXTERNAL_ID=','Личи','',NULL,'catalog','1',NULL,NULL,NULL),(122,'2016-10-31 22:31:18','iblock','S111',0,NULL,NULL,NULL,'=ID=111&EXTERNAL_ID=&CODE=marakuyya&IBLOCK_TYPE_ID=catalog&IBLOCK_ID=1&IBLOCK_CODE=catalog&IBLOCK_EXTERNAL_ID=','Маракуйя','',NULL,'catalog','1',NULL,NULL,NULL),(123,'2016-10-31 22:31:28','iblock','S112',0,NULL,NULL,NULL,'=ID=112&EXTERNAL_ID=&CODE=mango&IBLOCK_TYPE_ID=catalog&IBLOCK_ID=1&IBLOCK_CODE=catalog&IBLOCK_EXTERNAL_ID=','Манго','',NULL,'catalog','1',NULL,NULL,NULL),(124,'2016-10-31 22:31:36','iblock','S113',0,NULL,NULL,NULL,'=ID=113&EXTERNAL_ID=&CODE=mandarin&IBLOCK_TYPE_ID=catalog&IBLOCK_ID=1&IBLOCK_CODE=catalog&IBLOCK_EXTERNAL_ID=','Мандарин','',NULL,'catalog','1',NULL,NULL,NULL),(125,'2016-10-31 22:31:49','iblock','S114',0,NULL,NULL,NULL,'=ID=114&EXTERNAL_ID=&CODE=nektarin&IBLOCK_TYPE_ID=catalog&IBLOCK_ID=1&IBLOCK_CODE=catalog&IBLOCK_EXTERNAL_ID=','Нектарин','',NULL,'catalog','1',NULL,NULL,NULL),(126,'2016-10-31 22:31:55','iblock','S115',0,NULL,NULL,NULL,'=ID=115&EXTERNAL_ID=&CODE=persik&IBLOCK_TYPE_ID=catalog&IBLOCK_ID=1&IBLOCK_CODE=catalog&IBLOCK_EXTERNAL_ID=','Персик','',NULL,'catalog','1',NULL,NULL,NULL),(127,'2016-10-31 22:32:07','iblock','S116',0,NULL,NULL,NULL,'=ID=116&EXTERNAL_ID=&CODE=papayya&IBLOCK_TYPE_ID=catalog&IBLOCK_ID=1&IBLOCK_CODE=catalog&IBLOCK_EXTERNAL_ID=','Папайя','',NULL,'catalog','1',NULL,NULL,NULL),(128,'2016-10-31 22:32:14','iblock','S117',0,NULL,NULL,NULL,'=ID=117&EXTERNAL_ID=&CODE=pamelo&IBLOCK_TYPE_ID=catalog&IBLOCK_ID=1&IBLOCK_CODE=catalog&IBLOCK_EXTERNAL_ID=','Памело','',NULL,'catalog','1',NULL,NULL,NULL),(129,'2016-10-31 22:32:25','iblock','S118',0,NULL,NULL,NULL,'=ID=118&EXTERNAL_ID=&CODE=sviti&IBLOCK_TYPE_ID=catalog&IBLOCK_ID=1&IBLOCK_CODE=catalog&IBLOCK_EXTERNAL_ID=','Свити','',NULL,'catalog','1',NULL,NULL,NULL),(130,'2016-10-31 22:32:35','iblock','S119',0,NULL,NULL,NULL,'=ID=119&EXTERNAL_ID=&CODE=feykhoa&IBLOCK_TYPE_ID=catalog&IBLOCK_ID=1&IBLOCK_CODE=catalog&IBLOCK_EXTERNAL_ID=','Фейхоа','',NULL,'catalog','1',NULL,NULL,NULL),(131,'2016-10-31 22:32:46','iblock','S120',0,NULL,NULL,NULL,'=ID=120&EXTERNAL_ID=&CODE=khurma&IBLOCK_TYPE_ID=catalog&IBLOCK_ID=1&IBLOCK_CODE=catalog&IBLOCK_EXTERNAL_ID=','Хурма','',NULL,'catalog','1',NULL,NULL,NULL),(132,'2016-10-31 22:32:54','iblock','S121',0,NULL,NULL,NULL,'=ID=121&EXTERNAL_ID=&CODE=chereshnya&IBLOCK_TYPE_ID=catalog&IBLOCK_ID=1&IBLOCK_CODE=catalog&IBLOCK_EXTERNAL_ID=','Черешня','',NULL,'catalog','1',NULL,NULL,NULL),(133,'2016-10-31 22:33:02','iblock','S122',0,NULL,NULL,NULL,'=ID=122&EXTERNAL_ID=&CODE=yabloko&IBLOCK_TYPE_ID=catalog&IBLOCK_ID=1&IBLOCK_CODE=catalog&IBLOCK_EXTERNAL_ID=','Яблоко','',NULL,'catalog','1',NULL,NULL,NULL),(134,'2016-10-31 22:33:17','iblock','S123',0,NULL,NULL,NULL,'=ID=123&EXTERNAL_ID=&CODE=longan&IBLOCK_TYPE_ID=catalog&IBLOCK_ID=1&IBLOCK_CODE=catalog&IBLOCK_EXTERNAL_ID=','Лонган','',NULL,'catalog','1',NULL,NULL,NULL),(135,'2016-10-31 22:33:23','iblock','S124',0,NULL,NULL,NULL,'=ID=124&EXTERNAL_ID=&CODE=tern&IBLOCK_TYPE_ID=catalog&IBLOCK_ID=1&IBLOCK_CODE=catalog&IBLOCK_EXTERNAL_ID=','Терн','',NULL,'catalog','1',NULL,NULL,NULL),(136,'2016-10-31 22:33:35','iblock','S125',0,NULL,NULL,NULL,'=ID=125&EXTERNAL_ID=&CODE=kafir-laym&IBLOCK_TYPE_ID=catalog&IBLOCK_ID=1&IBLOCK_CODE=catalog&IBLOCK_EXTERNAL_ID=','Кафир-лайм','',NULL,'catalog','1',NULL,NULL,NULL),(137,'2016-10-31 22:33:49','iblock','S126',0,NULL,NULL,NULL,'=ID=126&EXTERNAL_ID=&CODE=tamarind&IBLOCK_TYPE_ID=catalog&IBLOCK_ID=1&IBLOCK_CODE=catalog&IBLOCK_EXTERNAL_ID=','Тамаринд','',NULL,'catalog','1',NULL,NULL,NULL),(138,'2016-10-31 22:34:05','iblock','S127',0,NULL,NULL,NULL,'=ID=127&EXTERNAL_ID=&CODE=granadilla&IBLOCK_TYPE_ID=catalog&IBLOCK_ID=1&IBLOCK_CODE=catalog&IBLOCK_EXTERNAL_ID=','Гранадилла','',NULL,'catalog','1',NULL,NULL,NULL),(139,'2016-10-31 22:34:18','iblock','S128',0,NULL,NULL,NULL,'=ID=128&EXTERNAL_ID=&CODE=kantalupa&IBLOCK_TYPE_ID=catalog&IBLOCK_ID=1&IBLOCK_CODE=catalog&IBLOCK_EXTERNAL_ID=','Канталупа','',NULL,'catalog','1',NULL,NULL,NULL),(140,'2016-10-31 22:34:32','iblock','S129',0,NULL,NULL,NULL,'=ID=129&EXTERNAL_ID=&CODE=pepino&IBLOCK_TYPE_ID=catalog&IBLOCK_ID=1&IBLOCK_CODE=catalog&IBLOCK_EXTERNAL_ID=','Пепино','',NULL,'catalog','1',NULL,NULL,NULL),(141,'2016-10-31 22:34:42','iblock','S130',0,NULL,NULL,NULL,'=ID=130&EXTERNAL_ID=&CODE=tamarillo&IBLOCK_TYPE_ID=catalog&IBLOCK_ID=1&IBLOCK_CODE=catalog&IBLOCK_EXTERNAL_ID=','Тамарилло','',NULL,'catalog','1',NULL,NULL,NULL),(142,'2016-10-31 22:35:10','iblock','S131',0,NULL,NULL,NULL,'=ID=131&EXTERNAL_ID=&CODE=toloknyanka&IBLOCK_TYPE_ID=catalog&IBLOCK_ID=1&IBLOCK_CODE=catalog&IBLOCK_EXTERNAL_ID=','Толокнянка','',NULL,'catalog','1',NULL,NULL,NULL),(143,'2016-10-31 22:35:25','iblock','S132',0,NULL,NULL,NULL,'=ID=132&EXTERNAL_ID=&CODE=vodyanika-shiksha&IBLOCK_TYPE_ID=catalog&IBLOCK_ID=1&IBLOCK_CODE=catalog&IBLOCK_EXTERNAL_ID=','Водяника (шикша)','',NULL,'catalog','1',NULL,NULL,NULL),(144,'2016-10-31 22:35:37','iblock','S133',0,NULL,NULL,NULL,'=ID=133&EXTERNAL_ID=&CODE=yagody-godzhi&IBLOCK_TYPE_ID=catalog&IBLOCK_ID=1&IBLOCK_CODE=catalog&IBLOCK_EXTERNAL_ID=','Ягоды годжи','',NULL,'catalog','1',NULL,NULL,NULL),(145,'2016-10-31 22:35:48','iblock','S134',0,NULL,NULL,NULL,'=ID=134&EXTERNAL_ID=&CODE=abrikos&IBLOCK_TYPE_ID=catalog&IBLOCK_ID=1&IBLOCK_CODE=catalog&IBLOCK_EXTERNAL_ID=','Абрикос','',NULL,'catalog','1',NULL,NULL,NULL),(146,'2016-12-04 21:22:22','main','s1|/search/index.php',0,NULL,NULL,NULL,'/search/index.php','Поиск','','','','',NULL,NULL,NULL),(147,'2016-12-18 19:09:38','main','s1|/obyavleniya/index.php',0,NULL,NULL,NULL,'/obyavleniya/index.php','Объявления','','','','',NULL,NULL,NULL),(148,'2017-05-23 22:06:45','main','s1|/catalog/index.php',0,NULL,NULL,NULL,'/catalog/index.php','Объявления','','','','',NULL,NULL,NULL),(154,'2017-01-06 22:03:58','main','s1|/account/dobavlenie-novogo-obyavleniya/index.php',0,NULL,NULL,NULL,'/account/dobavlenie-novogo-obyavleniya/index.php','Добавление нового объявления','','','','',NULL,NULL,NULL),(155,'2017-01-07 22:20:35','main','s1|/account/add/index.php',0,NULL,NULL,NULL,'/account/add/index.php','Добавление нового объявления','','','','',NULL,NULL,NULL),(156,'2017-01-30 11:04:48','iblock','18',0,NULL,NULL,NULL,'=ID=18&EXTERNAL_ID=18&IBLOCK_SECTION_ID=1&IBLOCK_TYPE_ID=catalog&IBLOCK_ID=1&IBLOCK_CODE=catalog&IBLOCK_EXTERNAL_ID=&CODE=','Свинина','Все значения в JavaScript, за исключением null и undefined, содержат набор вспомогательных функций и значений, доступных «через точку».\r\n\r\nТакие функции называют «методами», а значения – «свойствами». Здесь мы рассмотрим основы использования свойств и методов.','','catalog','1',NULL,'2017-01-30 11:04:48',NULL),(160,'2017-02-19 07:57:55','main','s1|/account/advertisement/index.php',0,NULL,NULL,NULL,'/account/advertisement/index.php','Объявления','Text here....','','','',NULL,NULL,NULL),(161,'2017-02-19 07:59:21','main','s1|/account/wallet/index.php',0,NULL,NULL,NULL,'/account/wallet/index.php','Мой кошелек','Text here....','','','',NULL,NULL,NULL),(162,'2017-02-19 07:59:51','main','s1|/account/settings/index.php',0,NULL,NULL,NULL,'/account/settings/index.php','Мои настройки','Text here....','','','',NULL,NULL,NULL),(167,'2017-03-05 09:49:59','main','s1|/account/registration/index.php',0,NULL,NULL,NULL,'/account/registration/index.php','Регистрация','','','','',NULL,NULL,NULL),(178,'2017-03-05 10:52:39','blog','P5',0,1,'BLOG_POST','5',NULL,'привет','привет\rАдмин','','POST','2',NULL,NULL,NULL),(179,'2017-03-05 10:59:19','main','s1|/mess_data/index.php',0,NULL,NULL,NULL,'/mess_data/index.php','Социальная сеть','','','','',NULL,NULL,NULL),(182,'2017-03-05 06:55:48','iblock','24',0,NULL,NULL,NULL,'=ID=24&EXTERNAL_ID=24&IBLOCK_SECTION_ID=8&IBLOCK_TYPE_ID=catalog&IBLOCK_ID=1&IBLOCK_CODE=catalog&IBLOCK_EXTERNAL_ID=&CODE=','Объявление в барахолке','фдывоащцшоаы','','catalog','1',NULL,'2017-03-05 06:55:48',NULL),(184,'2017-03-18 19:57:56','blog','U1',0,NULL,NULL,NULL,NULL,'Админ','',NULL,'USER','1',NULL,NULL,NULL),(186,'2017-05-28 17:37:32','blog','U2',0,NULL,NULL,NULL,NULL,'Иван Иванов','',NULL,'USER','2',NULL,NULL,NULL),(187,'2017-05-17 21:59:25','iblock','39',0,NULL,NULL,NULL,'=ID=39&EXTERNAL_ID=39&IBLOCK_SECTION_ID=8&IBLOCK_TYPE_ID=catalog&IBLOCK_ID=1&IBLOCK_CODE=catalog&IBLOCK_EXTERNAL_ID=&CODE=','тест геолокации','хуевая струбцина','','catalog','1',NULL,'2017-05-17 21:59:25',NULL);
/*!40000 ALTER TABLE `b_search_content` ENABLE KEYS */;
UNLOCK TABLES;

--
-- Table structure for table `b_search_content_freq`
--

DROP TABLE IF EXISTS `b_search_content_freq`;
/*!40101 SET @saved_cs_client     = @@character_set_client */;
/*!40101 SET character_set_client = utf8 */;
CREATE TABLE `b_search_content_freq` (
  `STEM` int(11) NOT NULL DEFAULT '0',
  `LANGUAGE_ID` char(2) COLLATE utf8_unicode_ci NOT NULL,
  `SITE_ID` char(2) COLLATE utf8_unicode_ci DEFAULT NULL,
  `FREQ` float DEFAULT NULL,
  `TF` float DEFAULT NULL,
  UNIQUE KEY `UX_B_SEARCH_CONTENT_FREQ` (`STEM`,`LANGUAGE_ID`,`SITE_ID`)
) ENGINE=InnoDB DEFAULT CHARSET=utf8 COLLATE=utf8_unicode_ci;
/*!40101 SET character_set_client = @saved_cs_client */;

--
-- Dumping data for table `b_search_content_freq`
--

LOCK TABLES `b_search_content_freq` WRITE;
/*!40000 ALTER TABLE `b_search_content_freq` DISABLE KEYS */;
INSERT INTO `b_search_content_freq` VALUES (163,'ru','s1',1,NULL),(366,'ru','s1',1,0);
/*!40000 ALTER TABLE `b_search_content_freq` ENABLE KEYS */;
UNLOCK TABLES;

--
-- Table structure for table `b_search_content_param`
--

DROP TABLE IF EXISTS `b_search_content_param`;
/*!40101 SET @saved_cs_client     = @@character_set_client */;
/*!40101 SET character_set_client = utf8 */;
CREATE TABLE `b_search_content_param` (
  `SEARCH_CONTENT_ID` int(11) NOT NULL,
  `PARAM_NAME` varchar(100) COLLATE utf8_unicode_ci NOT NULL,
  `PARAM_VALUE` varchar(100) COLLATE utf8_unicode_ci NOT NULL,
  KEY `IX_B_SEARCH_CONTENT_PARAM` (`SEARCH_CONTENT_ID`,`PARAM_NAME`),
  KEY `IX_B_SEARCH_CONTENT_PARAM_1` (`PARAM_NAME`,`PARAM_VALUE`(50),`SEARCH_CONTENT_ID`)
) ENGINE=InnoDB DEFAULT CHARSET=utf8 COLLATE=utf8_unicode_ci;
/*!40101 SET character_set_client = @saved_cs_client */;

--
-- Dumping data for table `b_search_content_param`
--

LOCK TABLES `b_search_content_param` WRITE;
/*!40000 ALTER TABLE `b_search_content_param` DISABLE KEYS */;
/*!40000 ALTER TABLE `b_search_content_param` ENABLE KEYS */;
UNLOCK TABLES;

--
-- Table structure for table `b_search_content_right`
--

DROP TABLE IF EXISTS `b_search_content_right`;
/*!40101 SET @saved_cs_client     = @@character_set_client */;
/*!40101 SET character_set_client = utf8 */;
CREATE TABLE `b_search_content_right` (
  `SEARCH_CONTENT_ID` int(11) NOT NULL,
  `GROUP_CODE` varchar(100) COLLATE utf8_unicode_ci NOT NULL,
  UNIQUE KEY `UX_B_SEARCH_CONTENT_RIGHT` (`SEARCH_CONTENT_ID`,`GROUP_CODE`)
) ENGINE=InnoDB DEFAULT CHARSET=utf8 COLLATE=utf8_unicode_ci;
/*!40101 SET character_set_client = @saved_cs_client */;

--
-- Dumping data for table `b_search_content_right`
--

LOCK TABLES `b_search_content_right` WRITE;
/*!40000 ALTER TABLE `b_search_content_right` DISABLE KEYS */;
INSERT INTO `b_search_content_right` VALUES (1,'G2'),(2,'G2'),(3,'G2'),(4,'G2'),(5,'G2'),(6,'G2'),(7,'G2'),(8,'G2'),(9,'G2'),(10,'G2'),(11,'G2'),(12,'G1'),(12,'G2'),(13,'G1'),(13,'G2'),(14,'G1'),(14,'G2'),(15,'G1'),(15,'G2'),(16,'G1'),(16,'G2'),(17,'G1'),(17,'G2'),(19,'G1'),(19,'G2'),(20,'G1'),(20,'G2'),(21,'G2'),(22,'G2'),(23,'G2'),(24,'G2'),(25,'G2'),(26,'G2'),(27,'G2'),(28,'G2'),(29,'G2'),(30,'G2'),(31,'G2'),(32,'G2'),(33,'G2'),(34,'G2'),(35,'G2'),(36,'G2'),(37,'G2'),(38,'G2'),(39,'G2'),(40,'G2'),(41,'G2'),(42,'G2'),(43,'G2'),(44,'G2'),(45,'G2'),(46,'G2'),(47,'G2'),(48,'G2'),(49,'G2'),(50,'G2'),(51,'G2'),(52,'G2'),(53,'G2'),(54,'G2'),(55,'G2'),(56,'G2'),(57,'G2'),(58,'G2'),(59,'G2'),(60,'G2'),(61,'G2'),(62,'G2'),(63,'G2'),(64,'G2'),(65,'G2'),(66,'G2'),(67,'G2'),(68,'G2'),(69,'G2'),(70,'G2'),(71,'G2'),(72,'G2'),(73,'G2'),(74,'G2'),(75,'G2'),(76,'G2'),(77,'G2'),(78,'G2'),(79,'G2'),(80,'G2'),(81,'G2'),(82,'G2'),(83,'G2'),(84,'G2'),(85,'G2'),(86,'G2'),(87,'G2'),(88,'G2'),(89,'G2'),(90,'G2'),(91,'G2'),(92,'G2'),(93,'G2'),(94,'G2'),(95,'G2'),(96,'G2'),(97,'G2'),(98,'G2'),(99,'G2'),(100,'G2'),(101,'G2'),(102,'G2'),(103,'G2'),(104,'G2'),(105,'G2'),(106,'G2'),(107,'G2'),(108,'G2'),(109,'G2'),(110,'G2'),(111,'G2'),(112,'G2'),(113,'G2'),(114,'G2'),(115,'G2'),(116,'G2'),(117,'G2'),(118,'G2'),(119,'G2'),(120,'G2'),(121,'G2'),(122,'G2'),(123,'G2'),(124,'G2'),(125,'G2'),(126,'G2'),(127,'G2'),(128,'G2'),(129,'G2'),(130,'G2'),(131,'G2'),(132,'G2'),(133,'G2'),(134,'G2'),(135,'G2'),(136,'G2'),(137,'G2'),(138,'G2'),(139,'G2'),(140,'G2'),(141,'G2'),(142,'G2'),(143,'G2'),(144,'G2'),(145,'G2'),(146,'G2'),(147,'G2'),(148,'G2'),(154,'G2'),(155,'G2'),(156,'G1'),(156,'G2'),(160,'G2'),(161,'G2'),(162,'G2'),(167,'G2'),(178,'G2'),(178,'U1'),(179,'G2'),(182,'G1'),(182,'G2'),(184,'G2'),(186,'G2'),(187,'G1'),(187,'G2');
/*!40000 ALTER TABLE `b_search_content_right` ENABLE KEYS */;
UNLOCK TABLES;

--
-- Table structure for table `b_search_content_site`
--

DROP TABLE IF EXISTS `b_search_content_site`;
/*!40101 SET @saved_cs_client     = @@character_set_client */;
/*!40101 SET character_set_client = utf8 */;
CREATE TABLE `b_search_content_site` (
  `SEARCH_CONTENT_ID` int(18) NOT NULL,
  `SITE_ID` char(2) COLLATE utf8_unicode_ci NOT NULL,
  `URL` text COLLATE utf8_unicode_ci,
  PRIMARY KEY (`SEARCH_CONTENT_ID`,`SITE_ID`)
) ENGINE=InnoDB DEFAULT CHARSET=utf8 COLLATE=utf8_unicode_ci;
/*!40101 SET character_set_client = @saved_cs_client */;

--
-- Dumping data for table `b_search_content_site`
--

LOCK TABLES `b_search_content_site` WRITE;
/*!40000 ALTER TABLE `b_search_content_site` DISABLE KEYS */;
INSERT INTO `b_search_content_site` VALUES (1,'s1',''),(2,'s1',''),(3,'s1',''),(4,'s1',''),(5,'s1',''),(6,'s1',''),(7,'s1',''),(8,'s1',''),(9,'s1',''),(10,'s1',''),(11,'s1',''),(12,'s1',''),(13,'s1',''),(14,'s1',''),(15,'s1',''),(16,'s1',''),(17,'s1',''),(19,'s1',''),(20,'s1',''),(21,'s1',''),(22,'s1',''),(23,'s1',''),(24,'s1',''),(25,'s1',''),(26,'s1',''),(27,'s1',''),(28,'s1',''),(29,'s1',''),(30,'s1',''),(31,'s1',''),(32,'s1',''),(33,'s1',''),(34,'s1',''),(35,'s1',''),(36,'s1',''),(37,'s1',''),(38,'s1',''),(39,'s1',''),(40,'s1',''),(41,'s1',''),(42,'s1',''),(43,'s1',''),(44,'s1',''),(45,'s1',''),(46,'s1',''),(47,'s1',''),(48,'s1',''),(49,'s1',''),(50,'s1',''),(51,'s1',''),(52,'s1',''),(53,'s1',''),(54,'s1',''),(55,'s1',''),(56,'s1',''),(57,'s1',''),(58,'s1',''),(59,'s1',''),(60,'s1',''),(61,'s1',''),(62,'s1',''),(63,'s1',''),(64,'s1',''),(65,'s1',''),(66,'s1',''),(67,'s1',''),(68,'s1',''),(69,'s1',''),(70,'s1',''),(71,'s1',''),(72,'s1',''),(73,'s1',''),(74,'s1',''),(75,'s1',''),(76,'s1',''),(77,'s1',''),(78,'s1',''),(79,'s1',''),(80,'s1',''),(81,'s1',''),(82,'s1',''),(83,'s1',''),(84,'s1',''),(85,'s1',''),(86,'s1',''),(87,'s1',''),(88,'s1',''),(89,'s1',''),(90,'s1',''),(91,'s1',''),(92,'s1',''),(93,'s1',''),(94,'s1',''),(95,'s1',''),(96,'s1',''),(97,'s1',''),(98,'s1',''),(99,'s1',''),(100,'s1',''),(101,'s1',''),(102,'s1',''),(103,'s1',''),(104,'s1',''),(105,'s1',''),(106,'s1',''),(107,'s1',''),(108,'s1',''),(109,'s1',''),(110,'s1',''),(111,'s1',''),(112,'s1',''),(113,'s1',''),(114,'s1',''),(115,'s1',''),(116,'s1',''),(117,'s1',''),(118,'s1',''),(119,'s1',''),(120,'s1',''),(121,'s1',''),(122,'s1',''),(123,'s1',''),(124,'s1',''),(125,'s1',''),(126,'s1',''),(127,'s1',''),(128,'s1',''),(129,'s1',''),(130,'s1',''),(131,'s1',''),(132,'s1',''),(133,'s1',''),(134,'s1',''),(135,'s1',''),(136,'s1',''),(137,'s1',''),(138,'s1',''),(139,'s1',''),(140,'s1',''),(141,'s1',''),(142,'s1',''),(143,'s1',''),(144,'s1',''),(145,'s1',''),(146,'s1',''),(147,'s1',''),(148,'s1',''),(154,'s1',''),(155,'s1',''),(156,'s1',''),(160,'s1',''),(161,'s1',''),(162,'s1',''),(167,'s1',''),(178,'s1','/mess_data/user/1/blog/5/'),(179,'s1',''),(182,'s1',''),(184,'s1','/users/1.php'),(186,'s1','/users/2.php'),(187,'s1','');
/*!40000 ALTER TABLE `b_search_content_site` ENABLE KEYS */;
UNLOCK TABLES;

--
-- Table structure for table `b_search_content_stem`
--

DROP TABLE IF EXISTS `b_search_content_stem`;
/*!40101 SET @saved_cs_client     = @@character_set_client */;
/*!40101 SET character_set_client = utf8 */;
CREATE TABLE `b_search_content_stem` (
  `SEARCH_CONTENT_ID` int(11) NOT NULL,
  `LANGUAGE_ID` char(2) COLLATE utf8_unicode_ci NOT NULL,
  `STEM` int(11) NOT NULL,
  `TF` float NOT NULL,
  `PS` float NOT NULL,
  UNIQUE KEY `UX_B_SEARCH_CONTENT_STEM` (`STEM`,`LANGUAGE_ID`,`TF`,`PS`,`SEARCH_CONTENT_ID`),
  KEY `IND_B_SEARCH_CONTENT_STEM` (`SEARCH_CONTENT_ID`)
) ENGINE=InnoDB DEFAULT CHARSET=utf8 COLLATE=utf8_unicode_ci DELAY_KEY_WRITE=1;
/*!40101 SET character_set_client = @saved_cs_client */;

--
-- Dumping data for table `b_search_content_stem`
--

LOCK TABLES `b_search_content_stem` WRITE;
/*!40000 ALTER TABLE `b_search_content_stem` DISABLE KEYS */;
INSERT INTO `b_search_content_stem` VALUES (1,'ru',1,0.2314,1),(2,'ru',4,0.2314,1),(2,'ru',5,0.2314,2),(2,'ru',6,0.2314,4),(2,'ru',7,0.2314,5),(2,'ru',8,0.2314,6),(2,'ru',9,0.2314,7),(3,'ru',6,0.4334,15.75),(3,'ru',10,0.1867,1),(3,'ru',11,0.1867,3),(3,'ru',12,0.1867,5),(3,'ru',13,0.1867,6),(3,'ru',14,0.2958,25.5),(3,'ru',15,0.2958,26.5),(3,'ru',16,0.1867,9),(3,'ru',17,0.1867,10),(3,'ru',18,0.1867,16),(3,'ru',19,0.1867,19),(3,'ru',20,0.1867,20),(3,'ru',21,0.2958,32),(3,'ru',22,0.1867,24),(3,'ru',23,0.1867,25),(3,'ru',24,0.1867,26),(3,'ru',25,0.2958,37.5),(3,'ru',26,0.1867,29),(3,'ru',27,0.1867,30),(3,'ru',28,0.1867,35),(3,'ru',29,0.1867,42),(3,'ru',30,0.2958,56),(3,'ru',31,0.1867,50),(3,'ru',32,0.1867,53),(3,'ru',33,0.1867,55),(3,'ru',34,0.1867,56),(3,'ru',35,0.1867,57),(3,'ru',36,0.1867,59),(3,'ru',37,0.1867,60),(3,'ru',38,0.1867,61),(3,'ru',39,0.1867,62),(3,'ru',40,0.1867,63),(3,'ru',41,0.1867,64),(4,'ru',6,0.1236,3),(4,'ru',21,0.1236,22),(4,'ru',30,0.1236,28),(4,'ru',35,0.3709,39.2857),(4,'ru',40,0.1236,26),(4,'ru',42,0.1236,1),(4,'ru',43,0.1236,2),(4,'ru',44,0.1236,4),(4,'ru',45,0.1236,6),(4,'ru',46,0.1236,8),(4,'ru',47,0.1236,9),(4,'ru',48,0.1236,10),(4,'ru',49,0.196,10),(4,'ru',50,0.1236,11),(4,'ru',51,0.1236,12),(4,'ru',52,0.1236,13),(4,'ru',53,0.1236,14),(4,'ru',54,0.1236,16),(4,'ru',55,0.4278,73.7),(4,'ru',56,0.1236,18),(4,'ru',57,0.1236,19),(4,'ru',58,0.1236,20),(4,'ru',59,0.1236,21),(4,'ru',60,0.1236,24),(4,'ru',61,0.1236,25),(4,'ru',62,0.2473,87.3333),(4,'ru',63,0.1236,29),(4,'ru',64,0.1236,30),(4,'ru',65,0.2871,38.5),(4,'ru',66,0.2473,40),(4,'ru',67,0.1236,53),(4,'ru',68,0.1236,54),(4,'ru',69,0.2473,78),(4,'ru',70,0.2473,81),(4,'ru',71,0.1236,69),(4,'ru',72,0.1236,84),(4,'ru',73,0.1236,99),(4,'ru',74,0.1236,105),(4,'ru',75,0.196,110.5),(4,'ru',76,0.196,111.5),(4,'ru',77,0.196,112.5),(4,'ru',78,0.196,113.5),(4,'ru',79,0.196,114.5),(4,'ru',80,0.196,115.5),(4,'ru',81,0.196,116.5),(4,'ru',82,0.1236,114),(4,'ru',83,0.2473,232),(4,'ru',84,0.2473,233),(4,'ru',85,0.2473,239),(4,'ru',86,0.2473,245),(4,'ru',87,0.2473,246),(4,'ru',88,0.3471,288.5),(4,'ru',89,0.3471,255.5),(4,'ru',90,0.3471,286.5),(4,'ru',91,0.3471,287.5),(4,'ru',92,0.2473,251),(4,'ru',93,0.3471,289),(4,'ru',94,0.2473,253),(4,'ru',95,0.3471,264),(4,'ru',96,0.2473,260),(4,'ru',97,0.2473,261),(4,'ru',98,0.2473,262),(4,'ru',99,0.3471,290),(4,'ru',100,0.2473,276),(4,'ru',101,0.2473,277),(4,'ru',102,0.2473,278),(4,'ru',103,0.2473,279),(4,'ru',104,0.2473,280),(4,'ru',105,0.2473,281),(4,'ru',106,0.2473,282),(4,'ru',107,0.2473,283),(4,'ru',108,0.2473,284),(4,'ru',109,0.2473,285),(4,'ru',110,0.2473,286),(4,'ru',111,0.2473,287),(4,'ru',112,0.2473,293),(4,'ru',113,0.4108,317.333),(4,'ru',114,0.2473,295),(4,'ru',115,0.2473,296),(4,'ru',116,0.2473,297),(4,'ru',117,0.2473,298),(4,'ru',118,0.2473,299),(4,'ru',119,0.2473,300),(4,'ru',120,0.3471,306),(4,'ru',121,0.4108,316.333),(4,'ru',122,0.2473,308),(4,'ru',123,0.2473,309),(4,'ru',124,0.2473,312),(4,'ru',125,0.2473,318),(4,'ru',126,0.2473,319),(4,'ru',127,0.2473,322),(4,'ru',128,0.2473,323),(4,'ru',129,0.2473,328),(4,'ru',130,0.2473,329),(4,'ru',131,0.2473,336),(4,'ru',132,0.2473,338),(4,'ru',133,0.2473,339),(4,'ru',134,0.2473,340),(5,'ru',135,0.2314,1),(6,'ru',136,0.3667,1.5),(6,'ru',137,0.2314,3),(7,'ru',138,0.2314,1),(8,'ru',139,0.2314,1),(9,'ru',2,0.2314,3),(9,'ru',3,0.2314,4),(9,'ru',140,0.2314,1),(9,'ru',141,0.2314,2),(10,'ru',52,0.3694,61.25),(10,'ru',54,0.3694,45.5),(10,'ru',55,0.3694,46.5),(10,'ru',62,0.4466,81.3333),(10,'ru',73,0.1591,105),(10,'ru',74,0.1591,111),(10,'ru',75,0.2522,116.5),(10,'ru',76,0.2522,117.5),(10,'ru',77,0.2522,118.5),(10,'ru',78,0.2522,119.5),(10,'ru',79,0.2522,120.5),(10,'ru',80,0.2522,121.5),(10,'ru',81,0.2522,122.5),(10,'ru',82,0.1591,120),(10,'ru',87,0.1591,31),(10,'ru',88,0.1591,32),(10,'ru',89,0.1591,33),(10,'ru',90,0.1591,34),(10,'ru',91,0.1591,35),(10,'ru',92,0.1591,36),(10,'ru',93,0.1591,37),(10,'ru',94,0.1591,38),(10,'ru',112,0.1591,44),(10,'ru',113,0.1591,45),(10,'ru',114,0.1591,46),(10,'ru',115,0.1591,47),(10,'ru',116,0.1591,48),(10,'ru',117,0.1591,49),(10,'ru',118,0.1591,50),(10,'ru',119,0.1591,51),(10,'ru',120,0.1591,52),(10,'ru',121,0.1591,53),(10,'ru',142,0.1591,1),(10,'ru',143,0.3694,43.5),(10,'ru',144,0.3694,44.5),(10,'ru',145,0.3694,58.25),(10,'ru',146,0.3694,59.25),(10,'ru',147,0.3694,62.25),(10,'ru',148,0.3694,68.25),(11,'ru',149,0.2314,1),(12,'ru',150,0.2314,1),(13,'ru',151,0.2314,1),(14,'ru',152,0.2314,1),(15,'ru',153,0.2314,1),(15,'ru',154,0.2314,3),(16,'ru',155,0.2314,1),(16,'ru',156,0.2314,2),(16,'ru',157,0.2314,3),(17,'ru',36,0.2314,1),(17,'ru',158,0.2314,3),(17,'ru',159,0.3667,3),(19,'ru',161,0.2314,1),(20,'ru',162,0.2314,1),(21,'ru',163,0.2314,1),(22,'ru',164,0.2314,1),(23,'ru',165,0.2314,1),(24,'ru',166,0.2314,1),(25,'ru',167,0.2314,1),(26,'ru',168,0.2314,1),(27,'ru',169,0.2314,1),(28,'ru',170,0.2314,1),(29,'ru',171,0.2314,1),(30,'ru',172,0.2314,1),(30,'ru',173,0.2314,2),(30,'ru',174,0.2314,3),(31,'ru',175,0.2314,1),(32,'ru',176,0.2314,1),(32,'ru',177,0.2314,3),(33,'ru',178,0.2314,1),(33,'ru',179,0.2314,2),(34,'ru',180,0.2314,1),(34,'ru',181,0.2314,3),(35,'ru',182,0.2314,1),(36,'ru',183,0.2314,1),(37,'ru',184,0.2314,1),(38,'ru',185,0.2314,1),(38,'ru',186,0.2314,3),(38,'ru',187,0.2314,4),(38,'ru',188,0.2314,5),(38,'ru',189,0.2314,6),(38,'ru',190,0.2314,7),(39,'ru',191,0.2314,1),(40,'ru',192,0.2314,1),(41,'ru',193,0.2314,1),(42,'ru',194,0.2314,1),(43,'ru',195,0.2314,1),(44,'ru',196,0.2314,1),(45,'ru',197,0.2314,1),(46,'ru',198,0.2314,1),(47,'ru',199,0.2314,1),(48,'ru',200,0.2314,1),(49,'ru',201,0.2314,1),(50,'ru',202,0.2314,1),(51,'ru',72,0.2314,1),(52,'ru',203,0.2314,1),(53,'ru',68,0.2314,1),(54,'ru',71,0.2314,1),(55,'ru',204,0.2314,1),(56,'ru',205,0.2314,1),(57,'ru',206,0.2314,1),(58,'ru',207,0.2314,1),(59,'ru',208,0.2314,1),(60,'ru',209,0.2314,1),(61,'ru',210,0.2314,1),(62,'ru',211,0.2314,1),(63,'ru',212,0.2314,1),(64,'ru',213,0.2314,1),(65,'ru',214,0.2314,1),(66,'ru',215,0.2314,1),(67,'ru',216,0.2314,1),(68,'ru',217,0.2314,1),(69,'ru',218,0.2314,1),(70,'ru',219,0.2314,1),(71,'ru',220,0.2314,1),(72,'ru',221,0.2314,1),(73,'ru',222,0.2314,1),(74,'ru',223,0.2314,1),(75,'ru',224,0.2314,1),(76,'ru',225,0.2314,1),(77,'ru',226,0.2314,1),(78,'ru',227,0.2314,1),(79,'ru',228,0.2314,1),(80,'ru',229,0.2314,1),(81,'ru',230,0.2314,1),(82,'ru',231,0.2314,1),(83,'ru',232,0.2314,1),(84,'ru',233,0.2314,1),(85,'ru',234,0.2314,1),(86,'ru',235,0.2314,1),(87,'ru',236,0.2314,1),(88,'ru',237,0.2314,1),(89,'ru',238,0.2314,1),(90,'ru',239,0.2314,1),(91,'ru',240,0.2314,1),(92,'ru',241,0.2314,1),(93,'ru',242,0.2314,1),(94,'ru',243,0.2314,1),(95,'ru',244,0.2314,1),(96,'ru',245,0.2314,1),(97,'ru',246,0.2314,1),(98,'ru',247,0.2314,1),(99,'ru',248,0.2314,1),(100,'ru',249,0.2314,1),(101,'ru',250,0.2314,1),(102,'ru',251,0.2314,1),(103,'ru',252,0.2314,1),(104,'ru',253,0.2314,1),(105,'ru',254,0.2314,1),(106,'ru',255,0.2314,1),(107,'ru',256,0.2314,1),(108,'ru',257,0.2314,1),(109,'ru',258,0.2314,1),(110,'ru',259,0.2314,1),(111,'ru',260,0.2314,1),(112,'ru',261,0.2314,1),(113,'ru',262,0.2314,1),(114,'ru',263,0.2314,1),(115,'ru',264,0.2314,1),(116,'ru',265,0.2314,1),(117,'ru',266,0.2314,1),(118,'ru',267,0.2314,1),(119,'ru',268,0.2314,1),(120,'ru',269,0.2314,1),(121,'ru',270,0.2314,1),(122,'ru',271,0.2314,1),(123,'ru',272,0.2314,1),(124,'ru',273,0.2314,1),(125,'ru',274,0.2314,1),(126,'ru',275,0.2314,1),(127,'ru',276,0.2314,1),(128,'ru',277,0.2314,1),(129,'ru',278,0.2314,1),(130,'ru',279,0.2314,1),(131,'ru',280,0.2314,1),(132,'ru',281,0.2314,1),(133,'ru',282,0.2314,1),(134,'ru',283,0.2314,1),(135,'ru',284,0.2314,1),(136,'ru',285,0.2314,1),(137,'ru',286,0.2314,1),(138,'ru',287,0.2314,1),(139,'ru',288,0.2314,1),(140,'ru',289,0.2314,1),(141,'ru',290,0.2314,1),(142,'ru',291,0.2314,1),(143,'ru',292,0.2314,1),(143,'ru',293,0.2314,2),(144,'ru',177,0.2314,1),(144,'ru',294,0.2314,2),(145,'ru',295,0.2314,1),(146,'ru',296,0.2314,1),(147,'ru',6,0.2314,1),(148,'ru',6,0.2314,1),(154,'ru',6,0.2314,3),(154,'ru',304,0.2314,1),(154,'ru',305,0.2314,2),(155,'ru',6,0.2314,3),(155,'ru',304,0.2314,1),(155,'ru',305,0.2314,2),(156,'ru',65,0.3333,36.5),(156,'ru',163,0.2103,1),(156,'ru',306,0.4206,16.3333),(156,'ru',307,0.2103,5),(156,'ru',308,0.2103,7),(156,'ru',309,0.2103,8),(156,'ru',310,0.2103,10),(156,'ru',311,0.2103,11),(156,'ru',312,0.2103,12),(156,'ru',313,0.2103,13),(156,'ru',314,0.3333,20),(156,'ru',315,0.2103,17),(156,'ru',316,0.2103,18),(156,'ru',317,0.2103,19),(156,'ru',318,0.2103,27),(156,'ru',319,0.4206,38.6667),(156,'ru',320,0.2103,37),(156,'ru',321,0.2103,39),(156,'ru',322,0.2103,40),(156,'ru',323,0.2103,41),(156,'ru',324,0.2103,44),(160,'ru',2,0.2314,2),(160,'ru',3,0.2314,3),(160,'ru',6,0.2314,1),(161,'ru',2,0.2314,3),(161,'ru',3,0.2314,4),(161,'ru',7,0.2314,2),(162,'ru',2,0.2314,3),(162,'ru',3,0.2314,4),(162,'ru',9,0.2314,2),(167,'ru',139,0.2314,1),(178,'ru',360,0.3667,1.5),(178,'ru',361,0.2314,3),(179,'ru',362,0.2314,1),(179,'ru',363,0.2314,2),(182,'ru',6,0.2314,1),(182,'ru',161,0.2314,3),(182,'ru',329,0.2314,4),(184,'ru',361,0.2314,1),(186,'ru',370,0.3667,1.5),(186,'ru',371,0.2314,2),(186,'ru',372,0.2314,2),(187,'ru',298,0.2314,1),(187,'ru',373,0.2314,2),(187,'ru',374,0.2314,3),(187,'ru',375,0.2314,4);
/*!40000 ALTER TABLE `b_search_content_stem` ENABLE KEYS */;
UNLOCK TABLES;

--
-- Table structure for table `b_search_content_text`
--

DROP TABLE IF EXISTS `b_search_content_text`;
/*!40101 SET @saved_cs_client     = @@character_set_client */;
/*!40101 SET character_set_client = utf8 */;
CREATE TABLE `b_search_content_text` (
  `SEARCH_CONTENT_ID` int(11) NOT NULL,
  `SEARCH_CONTENT_MD5` char(32) COLLATE utf8_unicode_ci NOT NULL,
  `SEARCHABLE_CONTENT` longtext COLLATE utf8_unicode_ci,
  PRIMARY KEY (`SEARCH_CONTENT_ID`)
) ENGINE=InnoDB DEFAULT CHARSET=utf8 COLLATE=utf8_unicode_ci;
/*!40101 SET character_set_client = @saved_cs_client */;

--
-- Dumping data for table `b_search_content_text`
--

LOCK TABLES `b_search_content_text` WRITE;
/*!40000 ALTER TABLE `b_search_content_text` DISABLE KEYS */;
INSERT INTO `b_search_content_text` VALUES (1,'47ac8a70db5beffab5729225e08b5534','АККАУНТ\r\n\r\n'),(2,'dcf2c4eb2f9c83a330b4a9a6380a3bd7','ЛИЧНЫЙ КАБИНЕТ\r\nМОИ ОБЪЯВЛЕНИЯ\rКОШЕЛЕК\rИЗБРАННОЕ\rНАСТРОЙКИ\r\n'),(3,'0110dd79d0e9600095265c2f0ed3d933','ДОБАВИТЬ ОБЪЯВЛЕНИЕ\r\nПОДАТЬ ОБЪЯВЛЕНИЕ\rКОНТАКТНАЯ ИНФОРМАЦИЯ\rЭЛЕКТРОННАЯ ПОЧТА\rCELLDWELLER24@GMAIL.COM\rВАШЕ ИМЯ\rNIKITA CHUBUKOV\rТЕЛЕФОН\rВСЕ ОБЪЯВЛЕНИЯ ДОЛЖНЫ СООТВЕТСТВОВАТЬ ПРАИЛАМ САЙТА\rНЕ ПОДАВАЙТЕ ОДНО И ТО ЖЕ ОБЪЯВЛЕНИЕ ПОВТОРНО.\rНЕ УКАЗЫВАЙТЕ ТЕЛЕФОН, ЭЛЕКТРОННУЮ ПОЧТУ ИЛИ АДРЕС САЙТА В ОПИСАНИИ ИЛИ НА ФОТО\rНЕ ПРЕДЛАГАЙТЕ ЗАПРЕЩЁННЫЕ ТОВАРЫ И УСЛУГИ\rВЫБЕРИТЕ КАТЕГОРИЮ\rМЕСТОПОЛОЖЕНИЕ\rГОРОД\rМЕТРО\rАДРЕС\r\n'),(4,'bcf89d87c82186b3d9d564c94aa02313','ЭЛЕМЕНТ\r\nЗАГОЛОВОК ОБЪЯВЛЕНИЯ\rРАЗМЕЩЕНО 3 СЕНТЯБРЯ В 22:00\rПРОСМОТРОВ: \rВСЕГО 1341/СЕГОДНЯ 23\r1 000 РУБ\rПРОДАВЕЦ\rАРМЕН БРАТ АХМЕДА\rТЕЛЕФОН\r+7 960 111-22-33\rГОРОД\rМОСКВА\rАДРЕС\rЧЕРКИЗОВСКИЙ РЫНОК\rСВОЙСТВО ТОВАРА 1\rТОВАР КАЧЕСТВЕННЫЙ\rСВОЙСТВО ТОВАРА 2\rТОВАР КАЧЕСТВЕННЫЙ\rСВОЙСТВО ТОВАРА 3\rТОВАР КАЧЕСТВЕННЫЙ\rСВОЙСТВО ТОВАРА 4\rА ВОТ ТУТ НЕ ФАКТ\rКАРТОФЕЛЬ\r1.4 РУБ\rMAX\r2 РУБ\rMIN\r1 РУБ\rМОРКОВЬ\r1.4 РУБ\rMAX\r2 РУБ\rMIN\r1 РУБ\rКАПУСТА\r1.5 РУБ\rMAX\r2 РУБ\rMIN\r1 РУБ\rVIP-ОБЪЯВЛЕНИЯ\r.NET DEVELOPER\r$2000\rHUYAK-HUYAK AND ON PRODUCTION COMPANY\rМОСКВА\rPHP DEVELOPER\r$2000\rHUYAK-HUYAK AND ON PRODUCTION COMPANY\rМОСКВА\rАЛЕКСАНДР\r02.03.2016\rLOREM IPSUM DOLOR SIT AMET, CONSECTETUER ADIPISCING ELIT. AENEAN COMMODO LIGULA EGET DOLOR.\nAENEAN MASSA. CUM SOCIIS NATOQUE PENATIBUS ET MAGNIS DIS PARTURIENT MONTES, NASCETUR RIDICULUS MUS.\nDONEC QUAM FELIS, ULTRICIES NEC, PELLENTESQUE EU, PRETIUM QUIS, SEM. NULLA CONSEQUAT MASSA QUIS ENIM.\nCONDIMENTUM RHONCUS, SEM QUAM SEMPER LIBERO, SIT AMET ADIPISCING SEM NEQUE SED IPSUM. NAM QUAM NUNC, BLANDIT VEL,\nАЛЕКСАНДР\r02.03.2016\rLOREM IPSUM DOLOR SIT AMET, CONSECTETUER ADIPISCING ELIT. AENEAN COMMODO LIGULA EGET DOLOR.\nAENEAN MASSA. CUM SOCIIS NATOQUE PENATIBUS ET MAGNIS DIS PARTURIENT MONTES, NASCETUR RIDICULUS MUS.\nDONEC QUAM FELIS, ULTRICIES NEC, PELLENTESQUE EU, PRETIUM QUIS, SEM. NULLA CONSEQUAT MASSA QUIS ENIM.\nCONDIMENTUM RHONCUS, SEM QUAM SEMPER LIBERO, SIT AMET ADIPISCING SEM NEQUE SED IPSUM. NAM QUAM NUNC, BLANDIT VEL,\nАЛЕКСАНДР\r02.03.2016\rLOREM IPSUM DOLOR SIT AMET, CONSECTETUER ADIPISCING ELIT. AENEAN COMMODO LIGULA EGET DOLOR.\nAENEAN MASSA. CUM SOCIIS NATOQUE PENATIBUS ET MAGNIS DIS PARTURIENT MONTES, NASCETUR RIDICULUS MUS.\nDONEC QUAM FELIS, ULTRICIES NEC, PELLENTESQUE EU, PRETIUM QUIS, SEM. NULLA CONSEQUAT MASSA QUIS ENIM.\nCONDIMENTUM RHONCUS, SEM QUAM SEMPER LIBERO, SIT AMET ADIPISCING SEM NEQUE SED IPSUM. NAM QUAM NUNC, BLANDIT VEL,\r\n'),(5,'f10591b306cc35ed567604af57dcb373','ГЛАВНАЯ\r\n\r\n'),(6,'2aa443abe0a8bd0b3c4d637c210806b7','ПРОФИЛЬ\r\nПРОФИЛЬ ХУЕФИЛЬ\r\n'),(7,'57de511d33eed24ec6f3cfca0b8b96a0','ВХОД\r\n\r\n'),(8,'9645640e5e02face6ee27f5cf1dc553f','РЕГИСТРАЦИЯ\r\n\r\n'),(9,'b5906698dadbd6dba475a6ab6990b8b1','ВОЗССТАВНОВЛЕНИЕ ДОСТУПА\r\nTEXT HERE....\r\n'),(10,'d37b2933b008f47196ce41f8f66fc53e','РАЗДЕЛ\r\nСВИНЯТИНА\r1500 000\rРУБ.\rOOO ХРЮ\rМОСКВА\rСЕГОДНЯ 11.30\rСВИНЯТИНА\r1500 000\rРУБ.\rLOREM IPSUM DOLOR SIT AMET, CONSECTETUER ADIPISCING ELIT. DONEC QUAM FELIS, ULTRICIES NEC, PELLENTESQUE EU, PRETIUM QUIS, SEM\rOOO ХРЮ\rМОСКВА\rСЕГОДНЯ 11.30\rСВИНЯТИНА\r1500 000\rРУБ.\rOOO ХРЮ\rМОСКВА\rСЕГОДНЯ 11.30\rСВИНЯТИНА\r1500 000\rРУБ.\rOOO ХРЮ\rМОСКВА\rСЕГОДНЯ 11.30\rVIP-ОБЪЯВЛЕНИЯ\r.NET DEVELOPER\r$2000\rHUYAK-HUYAK AND ON PRODUCTION COMPANY\rМОСКВА\rPHP DEVELOPER\r$2000\rHUYAK-HUYAK AND ON PRODUCTION COMPANY\rМОСКВА\r\n'),(11,'4ca200ee516256f67fa334608bb550d9','TEST\r\n\r\n'),(12,'28dd9b72b4a4dda6c459750c8fbb46b0','ЖИВОТНОВОДСТВО\r\n\r\n'),(13,'546abd6ed3eb63014ba8098314999cdb','РАСТЕНИЕВОДСТВО\r\n\r\n'),(14,'6655eb2e546ba0c18c74fd820832d32f','ПТИЦЕВОДСТВО\r\n\r\n'),(15,'16e7ce1d7d0cef45f0aca45d27d75b00','РЫБА И МОРЕПРОДУКТЫ\r\n\r\n'),(16,'6d0d8ba92f0f6208075ef5fe6a68676e','ГОТОВАЯ ФЕРМЕРСКАЯ ПРОДУКЦИЯ\r\n\r\n'),(17,'dc92ce7772f012104092bc47adddad79','УСЛУГИ ДЛЯ ФЕРМЕРОВ\r\n\r\n'),(19,'04b70f1457f9408403bc88c3e95aa028','БАРАХОЛКА\r\n\r\n'),(20,'3bc79b0f38321d2e106cfd5fa9f14ff9','НЕДВИЖИМОСТЬ\r\n\r\n'),(21,'723af0387fc1785e9d6815987caba2ab','СВИНИНА\r\n\r\n'),(22,'49c6bfed1f861b4b23270ede144d9363','ГОВЯДИНА\r\n\r\n'),(23,'2376149b60a267e229cd13b347561d8d','БАРАНИНА\r\n\r\n'),(24,'8ef76ce2fa666b3cfeadd58b1393caad','ОЛЕНИНА\r\n\r\n'),(25,'bcd3ecff4c800550e94b6ee4f47e298f','КОНИНА\r\n\r\n'),(26,'f2d69868b74c5a434c2c28a6d430c2b8','КОЗЛЯТИНА\r\n\r\n'),(27,'343c0353c8389f8628492bbc2b38df3d','ТЕЛЯТИНА\r\n\r\n'),(28,'0ae8f16bc4502c6a524cdbb8d5d15403','ВЕРБЛЮЖАТИНА\r\n\r\n'),(29,'7bbd2aaeb7f438fcab211d8938eab3df','ЛОСЯТИНА\r\n\r\n'),(30,'4fb20147e83e6e796f1fd824c7deaa4b','МЯСО ДИКИХ ЖИВОТНЫХ\r\n\r\n'),(31,'d3e29a0a6b4faa508cc1b7d44629435a','ОВОЩИ\r\n\r\n'),(32,'369535666a25f5a3bd159a72ea31a7c9','ФРУКТЫ И ЯГОДЫ\r\n\r\n'),(33,'049d8afd574b1b3dc67ef53b79d583b8','СВЕЖАЯ ЗЕЛЕНЬ\r\n\r\n'),(34,'1617f8307392e2e4a2bddc1a17f4ebea','ОРЕХИ И СУХОФРУКТЫ\r\n\r\n'),(35,'841b305db2d5364dca501affee5d6692','ГРИБЫ\r\n\r\n'),(36,'d29c0239b5b4236f0e7c6640954f5de9','САЖЕНЦЫ\r\n\r\n'),(37,'9d4b2ea8e8bbed32dda0676262a0fc1d','РАССАДА\r\n\r\n'),(38,'8746dffbcabc7fa08457fd15e0172755','СПЕЦИИ И ПРЯНОСТИ, ШЛЮХИ НАРКОТИКИ ОРУЖИЕ АЛКОГОЛЬ\r\n\r\n'),(39,'07ecaa5076aedef4fb385c171d7ca093','ОГУРЕЦ\r\n\r\n'),(40,'6d61f650d566bd8c619619a14b6d5acf','ПОМИДОР\r\n\r\n'),(41,'3dd615978bc3b895c0dfe17be5fd4df1','СВЕКЛА\r\n\r\n'),(42,'e191b00108b7b02443512908e35aa64f','КАБАЧОК\r\n\r\n'),(43,'8ddf9f4b27f2557bb7b06965d9e83fe9','ЧЕСНОК\r\n\r\n'),(44,'66d4b72b62352dd020260deaf6ec0dbe','БАТАТ\r\n\r\n'),(45,'f1fb500236bfe0be7cb1f33d839536f1','СОЯ\r\n\r\n'),(46,'835545b3ba26e8d238eeab672cdc793c','БОБЫ\r\n\r\n'),(47,'034a9d9550dc40b6d7e0278c64fd16c5','ФАСОЛЬ\r\n\r\n'),(48,'616d4862fff5c3d11028b042df916d47','ЦУКИНИ\r\n\r\n'),(49,'3c6fa279fa220432659a7a01eb66544b','ТОПИНАМБУР\r\n\r\n'),(50,'ee9dd947d7cbe4e383293dfdfd74650f','ТЫКВА\r\n\r\n'),(51,'aedf17aff908d220a68388cfac5ab045','КАПУСТА\r\n\r\n'),(52,'03504e039921ef02e90a945cad3abd70','ГОРОХ\r\n\r\n'),(53,'d81b08cad132f6ab555e2f8004ecf073','КАРТОФЕЛЬ\r\n\r\n'),(54,'c9a2708d24814e5691a872b39c8305a9','МОРКОВЬ\r\n\r\n'),(55,'722a16e12133477fa7c5430769260139','БРЮКВА\r\n\r\n'),(56,'41906fc210e0d896a670200faa953c5f','ДАЙКОН\r\n\r\n'),(57,'b6709d1ddccec5d74d6fac94b80ef725','БРОККОЛИ\r\n\r\n'),(58,'1488c72e187712c7ebd2a9e16f548176','КОЛЬРАБИ\r\n\r\n'),(59,'284f519485f867662c916563cc4da2ee','РЕПА\r\n\r\n'),(60,'1e9100367ed5117229e4983bc1a1e613','РЕДИС\r\n\r\n'),(61,'888dfe4b64755f1c6cc34018fe97a228','РЕВЕНЬ\r\n\r\n'),(62,'9266aeef7ce4d796a74e8ab02aa5289d','ПАТИССОН\r\n\r\n'),(63,'f75a85bbbfccc0580cbc12365bce64da','КУКУРУЗА\r\n\r\n'),(64,'8adf7c6e65942bf2d5e2232b69e04803','ПЕРЕЦ\r\n\r\n'),(65,'7a60c52fdac27e56e40cc8fd34841133','ПАСТЕРНАК\r\n\r\n'),(66,'756e09250cc3d5f2699b9cee4f91b839','ЛУК\r\n\r\n'),(67,'4870c2b039baf9867f8db0e15213202a','РЕДЬКА\r\n\r\n'),(68,'c1690df50b16f1c76ed6517add802484','МАСЛИНЫ\r\n\r\n'),(69,'85b76975337388f2d6df7751d480547b','ОЛИВА\r\n\r\n'),(70,'2fdd9551b0610311b2c8f40459ab55b2','БАКЛАЖАН\r\n\r\n'),(71,'ae8db68a1c7a6c9c647d2df6f00bfdf4','ФИЗАЛИС\r\n\r\n'),(72,'2f66fc7e6d26f992dce7767fd93eea33','АРТИШОК\r\n\r\n'),(73,'fbad992c1d8d704506e6fb544f5e86cb','БАМБИЯ\r\n\r\n'),(74,'d28cf8e51c1da2af5362b9084fb33268','СКОРЦОНЕРА\r\n\r\n'),(75,'c4ce28de75397fd1ccfe5acfcf99ae86','СЕЛЬДЕРЕЙ\r\n\r\n'),(76,'59f3ad9325ed64bc53fc5c430dc66a96','АПЕЛЬСИН\r\n\r\n'),(77,'892fee52705072393788835438c5424e','ЕЖЕВИКА\r\n\r\n'),(78,'dccd724f5d15bd11a333a060fc0be5e2','ГРЕЙПФРУТ\r\n\r\n'),(79,'afb732597e2b96f4642c8c2040ecbdb1','БОЯРЫШНИК\r\n\r\n'),(80,'0de065258c1b9d957eaf21f870e24792','ВИНОГРАД\r\n\r\n'),(81,'954bd84d170081874ad4ad5e63ffed3a','АНАНАС\r\n\r\n'),(82,'d21f1d9886803f0de496caa27e7b66b7','СЛИВА\r\n\r\n'),(83,'14c0ee4048b2d31391e19f27de49464d','ВИШНЯ\r\n\r\n'),(84,'3904ba7d103f9d2d5bbeb41477bf2cb7','СМОРОДИНА\r\n\r\n'),(85,'37539b6dcd7e2a57dfce242e855a39d0','АРБУЗ\r\n\r\n'),(86,'c11ab8576f876ca259ef84a09856fa76','ШИПОВНИК\r\n\r\n'),(87,'e73574ade1b71f01df676784aacd5655','ЧЕРНИКА\r\n\r\n'),(88,'aed090cbaf823c8f4933bab011388ab9','БАРБАРИС\r\n\r\n'),(89,'480a53ae3a06f3e175ebe606423094f4','БРУСНИКА\r\n\r\n'),(90,'73201e93e5cb441392049308bf886b5a','БУЗИНА\r\n\r\n'),(91,'c42547ffd5329bf8ff3a559fe79e0048','ГОЛУБИКА\r\n\r\n'),(92,'a70cbe744516872d8e3fc133768eac52','ЖИМОЛОСТЬ\r\n\r\n'),(93,'329505e467baefd388452cbc3964e4b4','МОРОШКА\r\n\r\n'),(94,'7cdd4d0b955f042b4107033e71eb31de','МАЛИНА\r\n\r\n'),(95,'c3322637f011aecb3c73a6599e2fd5f4','ИРГА\r\n\r\n'),(96,'00e8a12389972eabbc1a57ce87df5067','ЗЕМЛЯНИКА\r\n\r\n'),(97,'229a59d2e3646c9d23d3a4c771040b62','КАЛИНА\r\n\r\n'),(98,'fe7285f48bea94af5aa84e9d57a0da4c','КЛУБНИКА\r\n\r\n'),(99,'6cca5d73bdc0fe9d40350f21b7bdcf3e','КЛЮКВА\r\n\r\n'),(100,'bd5d858bc348d0461a7463e3dd0ec32b','КРЫЖОВНИК\r\n\r\n'),(101,'2a27dbc9ec9509db0b47c3fe28ef55da','ОБЛЕПИХА\r\n\r\n'),(102,'30a8a00cb5f472ddccb3c510e133d6db','КНЯЖЕНИКА\r\n\r\n'),(103,'be69e61a45e1eab4387f1a3e4f22d6c9','ЛИМОННИК\r\n\r\n'),(104,'2b9ef0e2ba4aa90a105616f9313b4fb8','РЯБИНА\r\n\r\n'),(105,'07029420f6692e9f11f3799d8f95b0a5','АВОКАДО\r\n\r\n'),(106,'8b892593b82575a882e6eb7de444d85a','МОЖЖЕВЕЛЬНИК\r\n\r\n'),(107,'af76508dc3783d2aeb8a40affda7ae4b','АЙВА\r\n\r\n'),(108,'5f9c9950e9a1b4221eec98d9f8dd1aac','АЛЫЧА\r\n\r\n'),(109,'052c279c5ecd3841064c8fbb1abb348d','БАНАН\r\n\r\n'),(110,'b78c8323983808ab38e6613d6889b1cb','ГРАНАТ\r\n\r\n'),(111,'7e7b80d7958fd51af945f6b9400b73d1','ГРУША\r\n\r\n'),(112,'d598870afb073d0345e9644e657f1351','ГУАВА\r\n\r\n'),(113,'ea3220c3463f3798c1f711c341928eaa','ДЫНЯ\r\n\r\n'),(114,'b7e873b63962a3cf42477ebf172f9ac5','ИНЖИР\r\n\r\n'),(115,'0b1e7ff2f34767c1a53fdcf70dc1427f','КАРАМБОЛА\r\n\r\n'),(116,'e056a8c1e6a4d5ae8eec615fbb3d3b8b','КИВИ\r\n\r\n'),(117,'f0ba7e21f77666b6c0583f1e2cf50c73','КИЗИЛ\r\n\r\n'),(118,'191db54ac444270adf15ba1f83f781d7','КУМКВАТ\r\n\r\n'),(119,'940a2ec71c1cf5011405dbbfb0cd5e6e','ЛАЙМ\r\n\r\n'),(120,'b85e2d5e6d6660d1b628f1eaed700b57','ЛИМОН\r\n\r\n'),(121,'32318f1b803fedb4d7655201d25ae532','ЛИЧИ\r\n\r\n'),(122,'082cdec89c61060275f93d1e8bbfa4d7','МАРАКУЙЯ\r\n\r\n'),(123,'0c0b87ad5ff181edbba63698341c9fc8','МАНГО\r\n\r\n'),(124,'e7f150e7ef15b9f3a25f04d01c8af059','МАНДАРИН\r\n\r\n'),(125,'930c5ea258b7f0cb5a6c0090af2991ed','НЕКТАРИН\r\n\r\n'),(126,'373d236cfe2f52338c1865b6f96fee1b','ПЕРСИК\r\n\r\n'),(127,'a2ef1bf9542f36d9739661396b1fd08a','ПАПАЙЯ\r\n\r\n'),(128,'4b3547b6daa3ddf1f3c15151c0377214','ПАМЕЛО\r\n\r\n'),(129,'79f2237fcb8b748d219b30b7e5663fe2','СВИТИ\r\n\r\n'),(130,'c26630608d4b828af764f4e2114502af','ФЕЙХОА\r\n\r\n'),(131,'b15c984eab8eaf67fa3ee8d550265c81','ХУРМА\r\n\r\n'),(132,'8fd613932789e186f41d41b9fbcbcce2','ЧЕРЕШНЯ\r\n\r\n'),(133,'ae44d1a5fe28da9b7b8aefb927b5140d','ЯБЛОКО\r\n\r\n'),(134,'abf926fb09819f58f0f599132d0fc9e3','ЛОНГАН\r\n\r\n'),(135,'b72ae241a57a598b5ab9e48ae8d26c92','ТЕРН\r\n\r\n'),(136,'4d0430ec876a5c5351458f4479869582','КАФИР-ЛАЙМ\r\n\r\n'),(137,'59c1f40834b6474ba5bd999da97a3bf5','ТАМАРИНД\r\n\r\n'),(138,'9b027a729226dd4886110b09549aa62c','ГРАНАДИЛЛА\r\n\r\n'),(139,'96b9c9b58b5065a173563114f36cae44','КАНТАЛУПА\r\n\r\n'),(140,'71439a4e1a300d6cadaa2be000443222','ПЕПИНО\r\n\r\n'),(141,'38cf1325c85fd4c3b13e3a5ecfccd4bb','ТАМАРИЛЛО\r\n\r\n'),(142,'d0eb12bb2ea662979c895dcb8d061647','ТОЛОКНЯНКА\r\n\r\n'),(143,'752b7b6c15eadac86ce4bd76b543dad3','ВОДЯНИКА (ШИКША)\r\n\r\n'),(144,'19d799547270ef8e684913bcbb4098d7','ЯГОДЫ ГОДЖИ\r\n\r\n'),(145,'8fc44bc8a0f3cf6382a7b0134f56d35a','АБРИКОС\r\n\r\n'),(146,'f58e028735b5d07233c4a161c9231405','ПОИСК\r\n\r\n'),(147,'8ef25fa0830c84f6e70129ba6bfd4256','ОБЪЯВЛЕНИЯ\r\n\r\n'),(148,'8ef25fa0830c84f6e70129ba6bfd4256','ОБЪЯВЛЕНИЯ\r\n\r\n'),(154,'a298bc6bb0c61a03859ef9fc9164c8cd','ДОБАВЛЕНИЕ НОВОГО ОБЪЯВЛЕНИЯ\r\n\r\n'),(155,'a298bc6bb0c61a03859ef9fc9164c8cd','ДОБАВЛЕНИЕ НОВОГО ОБЪЯВЛЕНИЯ\r\n\r\n'),(156,'922a4d064813201b5ea35470a8c41c61','СВИНИНА\r\nВСЕ ЗНАЧЕНИЯ В JAVASCRIPT, ЗА ИСКЛЮЧЕНИЕМ NULL И UNDEFINED, СОДЕРЖАТ НАБОР ВСПОМОГАТЕЛЬНЫХ ФУНКЦИЙ И ЗНАЧЕНИЙ, ДОСТУПНЫХ «ЧЕРЕЗ ТОЧКУ».\r\n\r\nТАКИЕ ФУНКЦИИ НАЗЫВАЮТ «МЕТОДАМИ», А ЗНАЧЕНИЯ – «СВОЙСТВАМИ». ЗДЕСЬ МЫ РАССМОТРИМ ОСНОВЫ ИСПОЛЬЗОВАНИЯ СВОЙСТВ И МЕТОДОВ.\r\n'),(160,'a5f7111ce6b5e8337b5b0b2af0b47fd1','ОБЪЯВЛЕНИЯ\r\nTEXT HERE....\r\n'),(161,'435fd1c9032709cf3664c3ffe94f2bf0','МОЙ КОШЕЛЕК\r\nTEXT HERE....\r\n'),(162,'7ff63cb18e2d5ccb27fd296d5cb23cd9','МОИ НАСТРОЙКИ\r\nTEXT HERE....\r\n'),(167,'9645640e5e02face6ee27f5cf1dc553f','РЕГИСТРАЦИЯ\r\n\r\n'),(178,'98d54d21128251141756f445c7c63b5d','ПРИВЕТ\r\nПРИВЕТ\rАДМИН\r\n'),(179,'9031d06a92b5a225c44bf967329ef775','СОЦИАЛЬНАЯ СЕТЬ\r\n\r\n'),(182,'8a895e503fa0dcf99ad09eac89b8c2c2','ОБЪЯВЛЕНИЕ В БАРАХОЛКЕ\r\nФДЫВОАЩЦШОАЫ\r\n'),(184,'157de6feb5cff59ad84b3538d6324dd6','АДМИН\r\n\r\n'),(186,'6aef72e9ca10a5466536934e707a1af7','ИВАН ИВАНОВ\r\n\r\n'),(187,'fffdcb851c63ce9cf70046da67378807','ТЕСТ ГЕОЛОКАЦИИ\r\nХУЕВАЯ СТРУБЦИНА\r\n');
/*!40000 ALTER TABLE `b_search_content_text` ENABLE KEYS */;
UNLOCK TABLES;

--
-- Table structure for table `b_search_content_title`
--

DROP TABLE IF EXISTS `b_search_content_title`;
/*!40101 SET @saved_cs_client     = @@character_set_client */;
/*!40101 SET character_set_client = utf8 */;
CREATE TABLE `b_search_content_title` (
  `SEARCH_CONTENT_ID` int(11) NOT NULL,
  `SITE_ID` char(2) COLLATE utf8_unicode_ci NOT NULL,
  `POS` int(11) NOT NULL,
  `WORD` varchar(100) COLLATE utf8_unicode_ci NOT NULL,
  UNIQUE KEY `UX_B_SEARCH_CONTENT_TITLE` (`SITE_ID`,`WORD`,`SEARCH_CONTENT_ID`,`POS`),
  KEY `IND_B_SEARCH_CONTENT_TITLE` (`SEARCH_CONTENT_ID`)
) ENGINE=InnoDB DEFAULT CHARSET=utf8 COLLATE=utf8_unicode_ci DELAY_KEY_WRITE=1;
/*!40101 SET character_set_client = @saved_cs_client */;

--
-- Dumping data for table `b_search_content_title`
--

LOCK TABLES `b_search_content_title` WRITE;
/*!40000 ALTER TABLE `b_search_content_title` DISABLE KEYS */;
INSERT INTO `b_search_content_title` VALUES (1,'s1',0,'АККАУНТ'),(2,'s1',7,'КАБИНЕТ'),(2,'s1',0,'ЛИЧНЫЙ'),(3,'s1',0,'ДОБАВИТЬ'),(3,'s1',9,'ОБЪЯВЛЕНИЕ'),(4,'s1',0,'ЭЛЕМЕНТ'),(5,'s1',0,'ГЛАВНАЯ'),(6,'s1',0,'ПРОФИЛЬ'),(7,'s1',0,'ВХОД'),(8,'s1',0,'РЕГИСТРАЦИЯ'),(9,'s1',0,'ВОЗССТАВНОВЛЕНИЕ'),(9,'s1',17,'ДОСТУПА'),(10,'s1',0,'РАЗДЕЛ'),(11,'s1',0,'TEST'),(12,'s1',0,'ЖИВОТНОВОДСТВО'),(13,'s1',0,'РАСТЕНИЕВОДСТВО'),(14,'s1',0,'ПТИЦЕВОДСТВО'),(15,'s1',5,'И'),(15,'s1',7,'МОРЕПРОДУКТЫ'),(15,'s1',0,'РЫБА'),(16,'s1',0,'ГОТОВАЯ'),(16,'s1',19,'ПРОДУКЦИЯ'),(16,'s1',8,'ФЕРМЕРСКАЯ'),(17,'s1',7,'ДЛЯ'),(17,'s1',0,'УСЛУГИ'),(17,'s1',11,'ФЕРМЕРОВ'),(19,'s1',0,'БАРАХОЛКА'),(20,'s1',0,'НЕДВИЖИМОСТЬ'),(21,'s1',0,'СВИНИНА'),(22,'s1',0,'ГОВЯДИНА'),(23,'s1',0,'БАРАНИНА'),(24,'s1',0,'ОЛЕНИНА'),(25,'s1',0,'КОНИНА'),(26,'s1',0,'КОЗЛЯТИНА'),(27,'s1',0,'ТЕЛЯТИНА'),(28,'s1',0,'ВЕРБЛЮЖАТИНА'),(29,'s1',0,'ЛОСЯТИНА'),(30,'s1',5,'ДИКИХ'),(30,'s1',11,'ЖИВОТНЫХ'),(30,'s1',0,'МЯСО'),(31,'s1',0,'ОВОЩИ'),(32,'s1',7,'И'),(32,'s1',0,'ФРУКТЫ'),(32,'s1',9,'ЯГОДЫ'),(33,'s1',7,'ЗЕЛЕНЬ'),(33,'s1',0,'СВЕЖАЯ'),(34,'s1',4,'И'),(34,'s1',0,'ОРЕХИ'),(34,'s1',8,'СУХОФРУКТЫ'),(35,'s1',0,'ГРИБЫ'),(36,'s1',0,'САЖЕНЦЫ'),(37,'s1',0,'РАССАДА'),(38,'s1',42,'АЛКОГОЛЬ'),(38,'s1',4,'И'),(38,'s1',25,'НАРКОТИКИ'),(38,'s1',35,'ОРУЖИЕ'),(38,'s1',9,'ПРЯНОСТИ'),(38,'s1',0,'СПЕЦИИ'),(38,'s1',19,'ШЛЮХИ'),(39,'s1',0,'ОГУРЕЦ'),(40,'s1',0,'ПОМИДОР'),(41,'s1',0,'СВЕКЛА'),(42,'s1',0,'КАБАЧОК'),(43,'s1',0,'ЧЕСНОК'),(44,'s1',0,'БАТАТ'),(45,'s1',0,'СОЯ'),(46,'s1',0,'БОБЫ'),(47,'s1',0,'ФАСОЛЬ'),(48,'s1',0,'ЦУКИНИ'),(49,'s1',0,'ТОПИНАМБУР'),(50,'s1',0,'ТЫКВА'),(51,'s1',0,'КАПУСТА'),(52,'s1',0,'ГОРОХ'),(53,'s1',0,'КАРТОФЕЛЬ'),(54,'s1',0,'МОРКОВЬ'),(55,'s1',0,'БРЮКВА'),(56,'s1',0,'ДАЙКОН'),(57,'s1',0,'БРОККОЛИ'),(58,'s1',0,'КОЛЬРАБИ'),(59,'s1',0,'РЕПА'),(60,'s1',0,'РЕДИС'),(61,'s1',0,'РЕВЕНЬ'),(62,'s1',0,'ПАТИССОН'),(63,'s1',0,'КУКУРУЗА'),(64,'s1',0,'ПЕРЕЦ'),(65,'s1',0,'ПАСТЕРНАК'),(66,'s1',0,'ЛУК'),(67,'s1',0,'РЕДЬКА'),(68,'s1',0,'МАСЛИНЫ'),(69,'s1',0,'ОЛИВА'),(70,'s1',0,'БАКЛАЖАН'),(71,'s1',0,'ФИЗАЛИС'),(72,'s1',0,'АРТИШОК'),(73,'s1',0,'БАМБИЯ'),(74,'s1',0,'СКОРЦОНЕРА'),(75,'s1',0,'СЕЛЬДЕРЕЙ'),(76,'s1',0,'АПЕЛЬСИН'),(77,'s1',0,'ЕЖЕВИКА'),(78,'s1',0,'ГРЕЙПФРУТ'),(79,'s1',0,'БОЯРЫШНИК'),(80,'s1',0,'ВИНОГРАД'),(81,'s1',0,'АНАНАС'),(82,'s1',0,'СЛИВА'),(83,'s1',0,'ВИШНЯ'),(84,'s1',0,'СМОРОДИНА'),(85,'s1',0,'АРБУЗ'),(86,'s1',0,'ШИПОВНИК'),(87,'s1',0,'ЧЕРНИКА'),(88,'s1',0,'БАРБАРИС'),(89,'s1',0,'БРУСНИКА'),(90,'s1',0,'БУЗИНА'),(91,'s1',0,'ГОЛУБИКА'),(92,'s1',0,'ЖИМОЛОСТЬ'),(93,'s1',0,'МОРОШКА'),(94,'s1',0,'МАЛИНА'),(95,'s1',0,'ИРГА'),(96,'s1',0,'ЗЕМЛЯНИКА'),(97,'s1',0,'КАЛИНА'),(98,'s1',0,'КЛУБНИКА'),(99,'s1',0,'КЛЮКВА'),(100,'s1',0,'КРЫЖОВНИК'),(101,'s1',0,'ОБЛЕПИХА'),(102,'s1',0,'КНЯЖЕНИКА'),(103,'s1',0,'ЛИМОННИК'),(104,'s1',0,'РЯБИНА'),(105,'s1',0,'АВОКАДО'),(106,'s1',0,'МОЖЖЕВЕЛЬНИК'),(107,'s1',0,'АЙВА'),(108,'s1',0,'АЛЫЧА'),(109,'s1',0,'БАНАН'),(110,'s1',0,'ГРАНАТ'),(111,'s1',0,'ГРУША'),(112,'s1',0,'ГУАВА'),(113,'s1',0,'ДЫНЯ'),(114,'s1',0,'ИНЖИР'),(115,'s1',0,'КАРАМБОЛА'),(116,'s1',0,'КИВИ'),(117,'s1',0,'КИЗИЛ'),(118,'s1',0,'КУМКВАТ'),(119,'s1',0,'ЛАЙМ'),(120,'s1',0,'ЛИМОН'),(121,'s1',0,'ЛИЧИ'),(122,'s1',0,'МАРАКУЙЯ'),(123,'s1',0,'МАНГО'),(124,'s1',0,'МАНДАРИН'),(125,'s1',0,'НЕКТАРИН'),(126,'s1',0,'ПЕРСИК'),(127,'s1',0,'ПАПАЙЯ'),(128,'s1',0,'ПАМЕЛО'),(129,'s1',0,'СВИТИ'),(130,'s1',0,'ФЕЙХОА'),(131,'s1',0,'ХУРМА'),(132,'s1',0,'ЧЕРЕШНЯ'),(133,'s1',0,'ЯБЛОКО'),(134,'s1',0,'ЛОНГАН'),(135,'s1',0,'ТЕРН'),(136,'s1',0,'КАФИР-ЛАЙМ'),(137,'s1',0,'ТАМАРИНД'),(138,'s1',0,'ГРАНАДИЛЛА'),(139,'s1',0,'КАНТАЛУПА'),(140,'s1',0,'ПЕПИНО'),(141,'s1',0,'ТАМАРИЛЛО'),(142,'s1',0,'ТОЛОКНЯНКА'),(143,'s1',0,'ВОДЯНИКА'),(143,'s1',10,'ШИКША'),(144,'s1',6,'ГОДЖИ'),(144,'s1',0,'ЯГОДЫ'),(145,'s1',0,'АБРИКОС'),(146,'s1',0,'ПОИСК'),(147,'s1',0,'ОБЪЯВЛЕНИЯ'),(148,'s1',0,'ОБЪЯВЛЕНИЯ'),(154,'s1',0,'ДОБАВЛЕНИЕ'),(154,'s1',11,'НОВОГО'),(154,'s1',18,'ОБЪЯВЛЕНИЯ'),(155,'s1',0,'ДОБАВЛЕНИЕ'),(155,'s1',11,'НОВОГО'),(155,'s1',18,'ОБЪЯВЛЕНИЯ'),(156,'s1',0,'СВИНИНА'),(160,'s1',0,'ОБЪЯВЛЕНИЯ'),(161,'s1',4,'КОШЕЛЕК'),(161,'s1',0,'МОЙ'),(162,'s1',0,'МОИ'),(162,'s1',4,'НАСТРОЙКИ'),(167,'s1',0,'РЕГИСТРАЦИЯ'),(178,'s1',0,'ПРИВЕТ'),(179,'s1',11,'СЕТЬ'),(179,'s1',0,'СОЦИАЛЬНАЯ'),(182,'s1',13,'БАРАХОЛКЕ'),(182,'s1',4,'В'),(182,'s1',0,'ОБЪЯВЛЕНИЕ'),(184,'s1',0,'АДМИН'),(186,'s1',0,'ИВАН'),(186,'s1',5,'ИВАНОВ'),(187,'s1',5,'ГЕОЛОКАЦИИ'),(187,'s1',0,'ТЕСТ');
/*!40000 ALTER TABLE `b_search_content_title` ENABLE KEYS */;
UNLOCK TABLES;

--
-- Table structure for table `b_search_custom_rank`
--

DROP TABLE IF EXISTS `b_search_custom_rank`;
/*!40101 SET @saved_cs_client     = @@character_set_client */;
/*!40101 SET character_set_client = utf8 */;
CREATE TABLE `b_search_custom_rank` (
  `ID` int(11) NOT NULL AUTO_INCREMENT,
  `APPLIED` char(1) COLLATE utf8_unicode_ci NOT NULL DEFAULT 'N',
  `RANK` int(11) NOT NULL DEFAULT '0',
  `SITE_ID` char(2) COLLATE utf8_unicode_ci NOT NULL,
  `MODULE_ID` varchar(200) COLLATE utf8_unicode_ci NOT NULL,
  `PARAM1` text COLLATE utf8_unicode_ci,
  `PARAM2` text COLLATE utf8_unicode_ci,
  `ITEM_ID` varchar(255) COLLATE utf8_unicode_ci DEFAULT NULL,
  PRIMARY KEY (`ID`),
  KEY `IND_B_SEARCH_CUSTOM_RANK` (`SITE_ID`,`MODULE_ID`)
) ENGINE=InnoDB DEFAULT CHARSET=utf8 COLLATE=utf8_unicode_ci;
/*!40101 SET character_set_client = @saved_cs_client */;

--
-- Dumping data for table `b_search_custom_rank`
--

LOCK TABLES `b_search_custom_rank` WRITE;
/*!40000 ALTER TABLE `b_search_custom_rank` DISABLE KEYS */;
/*!40000 ALTER TABLE `b_search_custom_rank` ENABLE KEYS */;
UNLOCK TABLES;

--
-- Table structure for table `b_search_phrase`
--

DROP TABLE IF EXISTS `b_search_phrase`;
/*!40101 SET @saved_cs_client     = @@character_set_client */;
/*!40101 SET character_set_client = utf8 */;
CREATE TABLE `b_search_phrase` (
  `ID` int(18) NOT NULL AUTO_INCREMENT,
  `TIMESTAMP_X` datetime NOT NULL,
  `SITE_ID` char(2) COLLATE utf8_unicode_ci NOT NULL,
  `RESULT_COUNT` int(11) NOT NULL,
  `PAGES` int(11) NOT NULL,
  `SESSION_ID` varchar(32) COLLATE utf8_unicode_ci NOT NULL,
  `PHRASE` varchar(250) COLLATE utf8_unicode_ci DEFAULT NULL,
  `TAGS` varchar(250) COLLATE utf8_unicode_ci DEFAULT NULL,
  `URL_TO` text COLLATE utf8_unicode_ci,
  `URL_TO_404` char(1) COLLATE utf8_unicode_ci DEFAULT NULL,
  `URL_TO_SITE_ID` char(2) COLLATE utf8_unicode_ci DEFAULT NULL,
  `STAT_SESS_ID` int(18) DEFAULT NULL,
  `EVENT1` varchar(50) COLLATE utf8_unicode_ci DEFAULT NULL,
  PRIMARY KEY (`ID`),
  KEY `IND_PK_B_SEARCH_PHRASE_SESS_PH` (`SESSION_ID`,`PHRASE`(50)),
  KEY `IND_PK_B_SEARCH_PHRASE_SESS_TG` (`SESSION_ID`,`TAGS`(50)),
  KEY `IND_PK_B_SEARCH_PHRASE_TIME` (`TIMESTAMP_X`)
) ENGINE=InnoDB AUTO_INCREMENT=7 DEFAULT CHARSET=utf8 COLLATE=utf8_unicode_ci;
/*!40101 SET character_set_client = @saved_cs_client */;

--
-- Dumping data for table `b_search_phrase`
--

LOCK TABLES `b_search_phrase` WRITE;
/*!40000 ALTER TABLE `b_search_phrase` DISABLE KEYS */;
INSERT INTO `b_search_phrase` VALUES (1,'2016-12-04 21:16:28','s1',0,1,'3970cd0892ef688343989092eb9fe8a2','сп',NULL,NULL,NULL,NULL,NULL,NULL),(2,'2016-12-04 21:16:47','s1',36,1,'3970cd0892ef688343989092eb9fe8a2','с',NULL,NULL,NULL,NULL,NULL,NULL),(3,'2017-01-21 20:58:32','s1',0,0,'949a7e19ec394e0361b87ccb3e38a0ec','хуй',NULL,NULL,NULL,NULL,NULL,NULL),(4,'2017-01-21 20:58:44','s1',1,1,'949a7e19ec394e0361b87ccb3e38a0ec','свинина',NULL,NULL,NULL,NULL,NULL,NULL),(5,'2017-03-18 20:16:46','s1',1,1,'87fbf2f46e033af4d03cf8dba0a254e0','говно',NULL,NULL,NULL,NULL,NULL,NULL),(6,'2017-06-02 01:04:31','s1',0,0,'917de84ae6796987b2628936f9867051','вап',NULL,NULL,NULL,NULL,NULL,NULL);
/*!40000 ALTER TABLE `b_search_phrase` ENABLE KEYS */;
UNLOCK TABLES;

--
-- Table structure for table `b_search_stem`
--

DROP TABLE IF EXISTS `b_search_stem`;
/*!40101 SET @saved_cs_client     = @@character_set_client */;
/*!40101 SET character_set_client = utf8 */;
CREATE TABLE `b_search_stem` (
  `ID` int(11) NOT NULL AUTO_INCREMENT,
  `STEM` varchar(50) CHARACTER SET utf8 COLLATE utf8_bin NOT NULL,
  PRIMARY KEY (`ID`),
  UNIQUE KEY `UX_B_SEARCH_STEM` (`STEM`)
) ENGINE=InnoDB AUTO_INCREMENT=386 DEFAULT CHARSET=utf8 COLLATE=utf8_unicode_ci;
/*!40101 SET character_set_client = @saved_cs_client */;

--
-- Dumping data for table `b_search_stem`
--

LOCK TABLES `b_search_stem` WRITE;
/*!40000 ALTER TABLE `b_search_stem` DISABLE KEYS */;
INSERT INTO `b_search_stem` VALUES (47,'00'),(54,'000'),(84,'02'),(85,'03'),(147,'11'),(61,'111-22-33'),(51,'1341'),(144,'1500'),(76,'2000'),(86,'2016'),(46,'22'),(53,'23'),(148,'30'),(357,'4Х4'),(60,'960'),(93,'ADIPISCING'),(327,'ADMIN'),(95,'AENEAN'),(91,'AMET'),(78,'AND'),(297,'ASDF'),(133,'BLANDIT'),(16,'CELLDWELLER24'),(20,'CHUBUKOV'),(18,'COM'),(96,'COMMODO'),(81,'COMPANY'),(125,'CONDIMENTUM'),(92,'CONSECTETUER'),(123,'CONSEQUAT'),(100,'CUM'),(75,'DEVELOPER'),(106,'DIS'),(89,'DOLOR'),(112,'DONEC'),(98,'EGET'),(94,'ELIT'),(124,'ENIM'),(104,'ET'),(118,'EU'),(114,'FELIS'),(17,'GMAIL'),(3,'HERE'),(77,'HUYAK-HUYAK'),(88,'IPSUM'),(307,'JAVASCRIPT'),(128,'LIBERO'),(97,'LIGULA'),(87,'LOREM'),(105,'MAGNIS'),(99,'MASSA'),(69,'MAX'),(70,'MIN'),(108,'MONTES'),(111,'MUS'),(131,'NAM'),(109,'NASCETUR'),(102,'NATOQUE'),(116,'NEC'),(129,'NEQUE'),(74,'NET'),(19,'NIKITA'),(309,'NULL'),(122,'NULLA'),(132,'NUNC'),(79,'ON'),(145,'OOO'),(107,'PARTURIENT'),(117,'PELLENTESQUE'),(103,'PENATIBUS'),(82,'PHP'),(119,'PRETIUM'),(80,'PRODUCTION'),(113,'QUAM'),(120,'QUIS'),(126,'RHONCUS'),(110,'RIDICULUS'),(130,'SED'),(121,'SEM'),(127,'SEMPER'),(90,'SIT'),(101,'SOCIIS'),(149,'TEST'),(2,'TEXT'),(115,'ULTRICIES'),(310,'UNDEFINED'),(134,'VEL'),(73,'VIP-ОБЪЯВЛЕН'),(348,'VOLKSWAGEN'),(369,'WE'),(295,'АБРИКОС'),(254,'АВОКАД'),(344,'АВТ'),(353,'АВТОМОБ'),(334,'АВТОМОБИЛ'),(330,'АВТОРЕМОНТ'),(352,'АВТОСПОРТ'),(361,'АДМИН'),(30,'АДРЕС'),(256,'АЙВ'),(1,'АККАУНТ'),(83,'АЛЕКСАНДР'),(190,'АЛКОГОЛ'),(257,'АЛЫЧ'),(230,'АНАНАС'),(225,'АПЕЛЬСИН'),(234,'АРБУЗ'),(57,'АРМ'),(221,'АРТИШОК'),(59,'АХМЕД'),(219,'БАКЛАЖА'),(222,'БАМБ'),(368,'БАМБУКОВ'),(258,'БАНА'),(165,'БАРАНИН'),(161,'БАРАХОЛК'),(237,'БАРБАРИС'),(196,'БАТАТ'),(384,'БЛЯТ'),(198,'БОБ'),(228,'БОЯРЫШНИК'),(58,'БРАТ'),(206,'БРОККОЛ'),(238,'БРУСНИК'),(204,'БРЮКВ'),(381,'БУДЕТ'),(239,'БУЗИН'),(170,'ВЕРБЛЮЖАТИН'),(229,'ВИНОГРАД'),(232,'ВИШН'),(347,'ВЛАДЕЛЬЦ'),(346,'ВЛАДЕЛЬЦЕВ'),(358,'ВНЕДОРОЖНИК'),(292,'ВОДЯНИК'),(140,'ВОЗССТАВНОВЛЕН'),(50,'ВСЕГ'),(313,'ВСПОМОГАТЕЛЬН'),(138,'ВХОД'),(37,'ВЫБЕР'),(373,'ГЕОЛОКАЦ'),(135,'ГЛАВН'),(366,'ГОВН'),(164,'ГОВЯДИН'),(294,'ГОДЖ'),(240,'ГОЛУБИК'),(351,'ГОЛЬФ'),(355,'ГОНК'),(40,'ГОРОД'),(203,'ГОРОХ'),(155,'ГОТОВ'),(287,'ГРАНАДИЛЛ'),(259,'ГРАНАТ'),(227,'ГРЕЙПФРУТ'),(182,'ГРИБ'),(260,'ГРУШ'),(261,'ГУАВ'),(205,'ДАЙКОН'),(379,'ДЕТАЛЬН'),(359,'ДЖИП'),(173,'ДИК'),(10,'ДОБАВ'),(326,'ДОБАВЛ'),(304,'ДОБАВЛЕН'),(22,'ДОЛЖН'),(141,'ДОСТУП'),(315,'ДОСТУПН'),(328,'ДФЫОВАД'),(262,'ДЫН'),(299,'ДЫФВАО'),(385,'ЕБААААТЬ-КОПАААА'),(382,'ЕБАНАРОТ'),(226,'ЕЖЕВИК'),(174,'ЖИВОТН'),(150,'ЖИВОТНОВОДСТВ'),(241,'ЖИМОЛ'),(43,'ЗАГОЛОВОК'),(302,'ЗАГРУЗК'),(34,'ЗАПРЕЩЕН'),(320,'ЗДЕ'),(179,'ЗЕЛЕН'),(245,'ЗЕМЛЯНИК'),(306,'ЗНАЧЕН'),(370,'ИВА'),(372,'ИВАН'),(371,'ИВАНОВ'),(8,'ИЗБРА'),(263,'ИНЖИР'),(13,'ИНФОРМАЦ'),(244,'ИРГ'),(308,'ИСКЛЮЧЕН'),(323,'ИСПОЛЬЗОВАН'),(194,'КАБАЧОК'),(5,'КАБИНЕТ'),(246,'КАЛИН'),(288,'КАНТАЛУП'),(72,'КАПУСТ'),(264,'КАРАМБОЛ'),(303,'КАРТ'),(68,'КАРТОФЕЛ'),(38,'КАТЕГОР'),(285,'КАФИР-ЛАЙМ'),(66,'КАЧЕСТВЕН'),(265,'КИВ'),(266,'КИЗ'),(345,'КЛУБ'),(247,'КЛУБНИК'),(248,'КЛЮКВ'),(251,'КНЯЖЕНИК'),(168,'КОЗЛЯТИН'),(207,'КОЛЬРАБ'),(167,'КОНИН'),(12,'КОНТАКТН'),(7,'КОШЕЛЕК'),(249,'КРЫЖОВНИК'),(212,'КУКУРУЗ'),(267,'КУМКВАТ'),(268,'ЛАЙМ'),(269,'ЛИМОН'),(252,'ЛИМОННИК'),(270,'ЛИЧ'),(4,'ЛИЧН'),(301,'ЛОГРНП'),(283,'ЛОНГА'),(171,'ЛОСЯТИН'),(215,'ЛУК'),(377,'ЛЬНЯН'),(243,'МАЛИН'),(272,'МАНГ'),(273,'МАНДАРИН'),(271,'МАРАКУЙ'),(217,'МАСЛИН'),(39,'МЕСТОПОЛОЖЕН'),(319,'МЕТОД'),(324,'МЕТОДОВ'),(41,'МЕТР'),(255,'МОЖЖЕВЕЛЬНИК'),(154,'МОРЕПРОДУКТ'),(71,'МОРКОВ'),(242,'МОРОШК'),(62,'МОСКВ'),(364,'МУХОМОР'),(172,'МЯС'),(312,'НАБОР'),(318,'НАЗЫВА'),(188,'НАРКОТИК'),(9,'НАСТРОЙК'),(162,'НЕДВИЖИМ'),(333,'НЕИСПРАВН'),(274,'НЕКТАРИН'),(305,'НОВ'),(336,'НЫ'),(250,'ОБЛЕПИХ'),(338,'ОБНАРУЖЕН'),(349,'ОБЪЕДИНЯ'),(6,'ОБЪЯВЛЕН'),(175,'ОВОЩ'),(191,'ОГУРЕЦ'),(27,'ОДН'),(166,'ОЛЕНИН'),(218,'ОЛИВ'),(31,'ОПИСАН'),(180,'ОРЕХ'),(189,'ОРУЖ'),(322,'ОСНОВ'),(367,'ПАЛК'),(277,'ПАМЕЛ'),(276,'ПАПАЙ'),(214,'ПАСТЕРНАК'),(211,'ПАТИССОН'),(289,'ПЕПИН'),(213,'ПЕРЕЦ'),(275,'ПЕРСИК'),(383,'ПИЗДЕЦ'),(28,'ПОВТОРН'),(11,'ПОДА'),(26,'ПОДАВА'),(296,'ПОИСК'),(192,'ПОМИДОР'),(15,'ПОЧТ'),(24,'ПРАИЛ'),(33,'ПРЕДЛАГА'),(360,'ПРИВЕТ'),(331,'ПРИЗНАК'),(332,'ПРИЧИН'),(56,'ПРОДАВЕЦ'),(157,'ПРОДУКЦ'),(49,'ПРОСМОТР'),(48,'ПРОСМОТРОВ'),(335,'ПРОСТ'),(136,'ПРОФИЛ'),(186,'ПРЯНОСТ'),(152,'ПТИЦЕВОДСТВ'),(142,'РАЗДЕЛ'),(44,'РАЗМЕЩ'),(184,'РАССАД'),(321,'РАССМОТР'),(151,'РАСТЕНИЕВОДСТВ'),(210,'РЕВЕН'),(139,'РЕГИСТРАЦ'),(209,'РЕДИС'),(216,'РЕДЬК'),(341,'РЕМОНТ'),(208,'РЕП'),(55,'РУБ'),(153,'РЫБ'),(64,'РЫНОК'),(253,'РЯБИН'),(183,'САЖЕНЦ'),(25,'САЙТ'),(178,'СВЕЖ'),(193,'СВЕКЛ'),(163,'СВИНИН'),(143,'СВИНЯТИН'),(278,'СВИТ'),(65,'СВОЙСТВ'),(52,'СЕГОДН'),(224,'СЕЛЬДЕР'),(45,'СЕНТЯБР'),(342,'СЕРВИС'),(363,'СЕТ'),(340,'СИЛ'),(223,'СКОРЦОНЕР'),(231,'СЛИВ'),(233,'СМОРОДИН'),(197,'СО'),(311,'СОДЕРЖАТ'),(23,'СООТВЕТСТВОВА'),(362,'СОЦИАЛЬН'),(185,'СПЕЦ'),(354,'СПОРТ'),(337,'СПОСОБ'),(375,'СТРУБЦИН'),(181,'СУХОФРУКТ'),(290,'ТАМАРИЛЛ'),(286,'ТАМАРИНД'),(380,'ТЕКСТ'),(21,'ТЕЛЕФОН'),(169,'ТЕЛЯТИН'),(284,'ТЕРН'),(298,'ТЕСТ'),(160,'ТЕХНИК'),(343,'ТЕХОБСЛУЖИВАН'),(35,'ТОВАР'),(291,'ТОЛОКНЯНК'),(201,'ТОПИНАМБУР'),(317,'ТОЧК'),(202,'ТЫКВ'),(356,'ТЮНИНГ'),(29,'УКАЗЫВА'),(36,'УСЛУГ'),(339,'УСТРАНЕН'),(67,'ФАКТ'),(199,'ФАСОЛ'),(329,'ФДЫВОАЩЦШОА'),(279,'ФЕЙХО'),(159,'ФЕРМЕР'),(158,'ФЕРМЕРОВ'),(156,'ФЕРМЕРСК'),(220,'ФИЗАЛИС'),(350,'ФОЛЬКСВАГ'),(32,'ФОТ'),(176,'ФРУКТ'),(314,'ФУНКЦ'),(300,'ФЫЛОАВ'),(378,'ХАЧ'),(365,'ХОРОШ'),(146,'ХРЮ'),(374,'ХУЕВ'),(325,'ХУЕНИН'),(137,'ХУЕФИЛ'),(280,'ХУРМ'),(200,'ЦУКИН'),(316,'ЧЕРЕЗ'),(281,'ЧЕРЕШН'),(63,'ЧЕРКИЗОВСК'),(236,'ЧЕРНИК'),(195,'ЧЕСНОК'),(293,'ШИКШ'),(235,'ШИПОВНИК'),(187,'ШЛЮХ'),(376,'ШТАН'),(14,'ЭЛЕКТРОН'),(42,'ЭЛЕМЕНТ'),(282,'ЯБЛОК'),(177,'ЯГОД');
/*!40000 ALTER TABLE `b_search_stem` ENABLE KEYS */;
UNLOCK TABLES;

--
-- Table structure for table `b_search_suggest`
--

DROP TABLE IF EXISTS `b_search_suggest`;
/*!40101 SET @saved_cs_client     = @@character_set_client */;
/*!40101 SET character_set_client = utf8 */;
CREATE TABLE `b_search_suggest` (
  `ID` int(11) NOT NULL AUTO_INCREMENT,
  `SITE_ID` char(2) COLLATE utf8_unicode_ci NOT NULL,
  `FILTER_MD5` varchar(32) COLLATE utf8_unicode_ci NOT NULL,
  `PHRASE` varchar(250) COLLATE utf8_unicode_ci NOT NULL,
  `RATE` float NOT NULL,
  `TIMESTAMP_X` datetime NOT NULL,
  `RESULT_COUNT` int(11) NOT NULL,
  PRIMARY KEY (`ID`),
  KEY `IND_B_SEARCH_SUGGEST` (`FILTER_MD5`,`PHRASE`(50),`RATE`),
  KEY `IND_B_SEARCH_SUGGEST_PHRASE` (`PHRASE`(50),`RATE`),
  KEY `IND_B_SEARCH_SUGGEST_TIME` (`TIMESTAMP_X`)
) ENGINE=InnoDB DEFAULT CHARSET=utf8 COLLATE=utf8_unicode_ci;
/*!40101 SET character_set_client = @saved_cs_client */;

--
-- Dumping data for table `b_search_suggest`
--

LOCK TABLES `b_search_suggest` WRITE;
/*!40000 ALTER TABLE `b_search_suggest` DISABLE KEYS */;
/*!40000 ALTER TABLE `b_search_suggest` ENABLE KEYS */;
UNLOCK TABLES;

--
-- Table structure for table `b_search_tags`
--

DROP TABLE IF EXISTS `b_search_tags`;
/*!40101 SET @saved_cs_client     = @@character_set_client */;
/*!40101 SET character_set_client = utf8 */;
CREATE TABLE `b_search_tags` (
  `SEARCH_CONTENT_ID` int(11) NOT NULL,
  `SITE_ID` char(2) COLLATE utf8_unicode_ci NOT NULL,
  `NAME` varchar(255) CHARACTER SET utf8 COLLATE utf8_bin NOT NULL,
  PRIMARY KEY (`SEARCH_CONTENT_ID`,`SITE_ID`,`NAME`),
  KEY `IX_B_SEARCH_TAGS_0` (`NAME`)
) ENGINE=InnoDB DEFAULT CHARSET=utf8 COLLATE=utf8_unicode_ci DELAY_KEY_WRITE=1;
/*!40101 SET character_set_client = @saved_cs_client */;

--
-- Dumping data for table `b_search_tags`
--

LOCK TABLES `b_search_tags` WRITE;
/*!40000 ALTER TABLE `b_search_tags` DISABLE KEYS */;
/*!40000 ALTER TABLE `b_search_tags` ENABLE KEYS */;
UNLOCK TABLES;

--
-- Table structure for table `b_search_user_right`
--

DROP TABLE IF EXISTS `b_search_user_right`;
/*!40101 SET @saved_cs_client     = @@character_set_client */;
/*!40101 SET character_set_client = utf8 */;
CREATE TABLE `b_search_user_right` (
  `USER_ID` int(11) NOT NULL,
  `GROUP_CODE` varchar(100) COLLATE utf8_unicode_ci NOT NULL,
  UNIQUE KEY `UX_B_SEARCH_USER_RIGHT` (`USER_ID`,`GROUP_CODE`)
) ENGINE=InnoDB DEFAULT CHARSET=utf8 COLLATE=utf8_unicode_ci;
/*!40101 SET character_set_client = @saved_cs_client */;

--
-- Dumping data for table `b_search_user_right`
--

LOCK TABLES `b_search_user_right` WRITE;
/*!40000 ALTER TABLE `b_search_user_right` DISABLE KEYS */;
/*!40000 ALTER TABLE `b_search_user_right` ENABLE KEYS */;
UNLOCK TABLES;

--
-- Table structure for table `b_sec_filter_mask`
--

DROP TABLE IF EXISTS `b_sec_filter_mask`;
/*!40101 SET @saved_cs_client     = @@character_set_client */;
/*!40101 SET character_set_client = utf8 */;
CREATE TABLE `b_sec_filter_mask` (
  `ID` int(11) NOT NULL AUTO_INCREMENT,
  `SORT` int(11) NOT NULL DEFAULT '10',
  `SITE_ID` char(2) COLLATE utf8_unicode_ci DEFAULT NULL,
  `FILTER_MASK` varchar(250) COLLATE utf8_unicode_ci DEFAULT NULL,
  `LIKE_MASK` varchar(250) COLLATE utf8_unicode_ci DEFAULT NULL,
  `PREG_MASK` varchar(250) COLLATE utf8_unicode_ci DEFAULT NULL,
  PRIMARY KEY (`ID`)
) ENGINE=InnoDB DEFAULT CHARSET=utf8 COLLATE=utf8_unicode_ci;
/*!40101 SET character_set_client = @saved_cs_client */;

--
-- Dumping data for table `b_sec_filter_mask`
--

LOCK TABLES `b_sec_filter_mask` WRITE;
/*!40000 ALTER TABLE `b_sec_filter_mask` DISABLE KEYS */;
/*!40000 ALTER TABLE `b_sec_filter_mask` ENABLE KEYS */;
UNLOCK TABLES;

--
-- Table structure for table `b_sec_frame_mask`
--

DROP TABLE IF EXISTS `b_sec_frame_mask`;
/*!40101 SET @saved_cs_client     = @@character_set_client */;
/*!40101 SET character_set_client = utf8 */;
CREATE TABLE `b_sec_frame_mask` (
  `ID` int(11) NOT NULL AUTO_INCREMENT,
  `SORT` int(11) NOT NULL DEFAULT '10',
  `SITE_ID` char(2) COLLATE utf8_unicode_ci DEFAULT NULL,
  `FRAME_MASK` varchar(250) COLLATE utf8_unicode_ci DEFAULT NULL,
  `LIKE_MASK` varchar(250) COLLATE utf8_unicode_ci DEFAULT NULL,
  `PREG_MASK` varchar(250) COLLATE utf8_unicode_ci DEFAULT NULL,
  PRIMARY KEY (`ID`)
) ENGINE=InnoDB DEFAULT CHARSET=utf8 COLLATE=utf8_unicode_ci;
/*!40101 SET character_set_client = @saved_cs_client */;

--
-- Dumping data for table `b_sec_frame_mask`
--

LOCK TABLES `b_sec_frame_mask` WRITE;
/*!40000 ALTER TABLE `b_sec_frame_mask` DISABLE KEYS */;
/*!40000 ALTER TABLE `b_sec_frame_mask` ENABLE KEYS */;
UNLOCK TABLES;

--
-- Table structure for table `b_sec_iprule`
--

DROP TABLE IF EXISTS `b_sec_iprule`;
/*!40101 SET @saved_cs_client     = @@character_set_client */;
/*!40101 SET character_set_client = utf8 */;
CREATE TABLE `b_sec_iprule` (
  `ID` int(11) NOT NULL AUTO_INCREMENT,
  `RULE_TYPE` char(1) COLLATE utf8_unicode_ci NOT NULL DEFAULT 'M',
  `ACTIVE` char(1) COLLATE utf8_unicode_ci NOT NULL DEFAULT 'Y',
  `ADMIN_SECTION` char(1) COLLATE utf8_unicode_ci NOT NULL DEFAULT 'Y',
  `SITE_ID` char(2) COLLATE utf8_unicode_ci DEFAULT NULL,
  `SORT` int(11) NOT NULL DEFAULT '500',
  `ACTIVE_FROM` datetime DEFAULT NULL,
  `ACTIVE_FROM_TIMESTAMP` int(11) DEFAULT NULL,
  `ACTIVE_TO` datetime DEFAULT NULL,
  `ACTIVE_TO_TIMESTAMP` int(11) DEFAULT NULL,
  `NAME` varchar(250) COLLATE utf8_unicode_ci DEFAULT NULL,
  PRIMARY KEY (`ID`),
  KEY `ix_b_sec_iprule_active_to` (`ACTIVE_TO`)
) ENGINE=InnoDB DEFAULT CHARSET=utf8 COLLATE=utf8_unicode_ci;
/*!40101 SET character_set_client = @saved_cs_client */;

--
-- Dumping data for table `b_sec_iprule`
--

LOCK TABLES `b_sec_iprule` WRITE;
/*!40000 ALTER TABLE `b_sec_iprule` DISABLE KEYS */;
/*!40000 ALTER TABLE `b_sec_iprule` ENABLE KEYS */;
UNLOCK TABLES;

--
-- Table structure for table `b_sec_iprule_excl_ip`
--

DROP TABLE IF EXISTS `b_sec_iprule_excl_ip`;
/*!40101 SET @saved_cs_client     = @@character_set_client */;
/*!40101 SET character_set_client = utf8 */;
CREATE TABLE `b_sec_iprule_excl_ip` (
  `IPRULE_ID` int(11) NOT NULL,
  `RULE_IP` varchar(50) COLLATE utf8_unicode_ci NOT NULL,
  `SORT` int(11) NOT NULL DEFAULT '500',
  `IP_START` bigint(18) DEFAULT NULL,
  `IP_END` bigint(18) DEFAULT NULL,
  PRIMARY KEY (`IPRULE_ID`,`RULE_IP`)
) ENGINE=InnoDB DEFAULT CHARSET=utf8 COLLATE=utf8_unicode_ci;
/*!40101 SET character_set_client = @saved_cs_client */;

--
-- Dumping data for table `b_sec_iprule_excl_ip`
--

LOCK TABLES `b_sec_iprule_excl_ip` WRITE;
/*!40000 ALTER TABLE `b_sec_iprule_excl_ip` DISABLE KEYS */;
/*!40000 ALTER TABLE `b_sec_iprule_excl_ip` ENABLE KEYS */;
UNLOCK TABLES;

--
-- Table structure for table `b_sec_iprule_excl_mask`
--

DROP TABLE IF EXISTS `b_sec_iprule_excl_mask`;
/*!40101 SET @saved_cs_client     = @@character_set_client */;
/*!40101 SET character_set_client = utf8 */;
CREATE TABLE `b_sec_iprule_excl_mask` (
  `IPRULE_ID` int(11) NOT NULL,
  `RULE_MASK` varchar(250) COLLATE utf8_unicode_ci NOT NULL,
  `SORT` int(11) NOT NULL DEFAULT '500',
  `LIKE_MASK` varchar(250) COLLATE utf8_unicode_ci DEFAULT NULL,
  `PREG_MASK` varchar(250) COLLATE utf8_unicode_ci DEFAULT NULL,
  PRIMARY KEY (`IPRULE_ID`,`RULE_MASK`)
) ENGINE=InnoDB DEFAULT CHARSET=utf8 COLLATE=utf8_unicode_ci;
/*!40101 SET character_set_client = @saved_cs_client */;

--
-- Dumping data for table `b_sec_iprule_excl_mask`
--

LOCK TABLES `b_sec_iprule_excl_mask` WRITE;
/*!40000 ALTER TABLE `b_sec_iprule_excl_mask` DISABLE KEYS */;
/*!40000 ALTER TABLE `b_sec_iprule_excl_mask` ENABLE KEYS */;
UNLOCK TABLES;

--
-- Table structure for table `b_sec_iprule_incl_ip`
--

DROP TABLE IF EXISTS `b_sec_iprule_incl_ip`;
/*!40101 SET @saved_cs_client     = @@character_set_client */;
/*!40101 SET character_set_client = utf8 */;
CREATE TABLE `b_sec_iprule_incl_ip` (
  `IPRULE_ID` int(11) NOT NULL,
  `RULE_IP` varchar(50) COLLATE utf8_unicode_ci NOT NULL,
  `SORT` int(11) NOT NULL DEFAULT '500',
  `IP_START` bigint(18) DEFAULT NULL,
  `IP_END` bigint(18) DEFAULT NULL,
  PRIMARY KEY (`IPRULE_ID`,`RULE_IP`)
) ENGINE=InnoDB DEFAULT CHARSET=utf8 COLLATE=utf8_unicode_ci;
/*!40101 SET character_set_client = @saved_cs_client */;

--
-- Dumping data for table `b_sec_iprule_incl_ip`
--

LOCK TABLES `b_sec_iprule_incl_ip` WRITE;
/*!40000 ALTER TABLE `b_sec_iprule_incl_ip` DISABLE KEYS */;
/*!40000 ALTER TABLE `b_sec_iprule_incl_ip` ENABLE KEYS */;
UNLOCK TABLES;

--
-- Table structure for table `b_sec_iprule_incl_mask`
--

DROP TABLE IF EXISTS `b_sec_iprule_incl_mask`;
/*!40101 SET @saved_cs_client     = @@character_set_client */;
/*!40101 SET character_set_client = utf8 */;
CREATE TABLE `b_sec_iprule_incl_mask` (
  `IPRULE_ID` int(11) NOT NULL,
  `RULE_MASK` varchar(250) COLLATE utf8_unicode_ci NOT NULL,
  `SORT` int(11) NOT NULL DEFAULT '500',
  `LIKE_MASK` varchar(250) COLLATE utf8_unicode_ci DEFAULT NULL,
  `PREG_MASK` varchar(250) COLLATE utf8_unicode_ci DEFAULT NULL,
  PRIMARY KEY (`IPRULE_ID`,`RULE_MASK`)
) ENGINE=InnoDB DEFAULT CHARSET=utf8 COLLATE=utf8_unicode_ci;
/*!40101 SET character_set_client = @saved_cs_client */;

--
-- Dumping data for table `b_sec_iprule_incl_mask`
--

LOCK TABLES `b_sec_iprule_incl_mask` WRITE;
/*!40000 ALTER TABLE `b_sec_iprule_incl_mask` DISABLE KEYS */;
/*!40000 ALTER TABLE `b_sec_iprule_incl_mask` ENABLE KEYS */;
UNLOCK TABLES;

--
-- Table structure for table `b_sec_recovery_codes`
--

DROP TABLE IF EXISTS `b_sec_recovery_codes`;
/*!40101 SET @saved_cs_client     = @@character_set_client */;
/*!40101 SET character_set_client = utf8 */;
CREATE TABLE `b_sec_recovery_codes` (
  `ID` int(11) NOT NULL AUTO_INCREMENT,
  `USER_ID` int(11) NOT NULL,
  `CODE` varchar(255) COLLATE utf8_unicode_ci NOT NULL,
  `USED` varchar(1) COLLATE utf8_unicode_ci NOT NULL DEFAULT 'N',
  `USING_DATE` datetime DEFAULT NULL,
  `USING_IP` varchar(255) COLLATE utf8_unicode_ci DEFAULT NULL,
  PRIMARY KEY (`ID`),
  KEY `ix_b_sec_recovery_codes_user_id` (`USER_ID`)
) ENGINE=InnoDB DEFAULT CHARSET=utf8 COLLATE=utf8_unicode_ci;
/*!40101 SET character_set_client = @saved_cs_client */;

--
-- Dumping data for table `b_sec_recovery_codes`
--

LOCK TABLES `b_sec_recovery_codes` WRITE;
/*!40000 ALTER TABLE `b_sec_recovery_codes` DISABLE KEYS */;
/*!40000 ALTER TABLE `b_sec_recovery_codes` ENABLE KEYS */;
UNLOCK TABLES;

--
-- Table structure for table `b_sec_redirect_url`
--

DROP TABLE IF EXISTS `b_sec_redirect_url`;
/*!40101 SET @saved_cs_client     = @@character_set_client */;
/*!40101 SET character_set_client = utf8 */;
CREATE TABLE `b_sec_redirect_url` (
  `IS_SYSTEM` char(1) COLLATE utf8_unicode_ci NOT NULL DEFAULT 'Y',
  `SORT` int(11) NOT NULL DEFAULT '500',
  `URL` varchar(250) COLLATE utf8_unicode_ci NOT NULL,
  `PARAMETER_NAME` varchar(250) COLLATE utf8_unicode_ci NOT NULL
) ENGINE=InnoDB DEFAULT CHARSET=utf8 COLLATE=utf8_unicode_ci;
/*!40101 SET character_set_client = @saved_cs_client */;

--
-- Dumping data for table `b_sec_redirect_url`
--

LOCK TABLES `b_sec_redirect_url` WRITE;
/*!40000 ALTER TABLE `b_sec_redirect_url` DISABLE KEYS */;
INSERT INTO `b_sec_redirect_url` VALUES ('Y',10,'/bitrix/redirect.php','goto'),('Y',20,'/bitrix/rk.php','goto'),('Y',30,'/bitrix/click.php','goto');
/*!40000 ALTER TABLE `b_sec_redirect_url` ENABLE KEYS */;
UNLOCK TABLES;

--
-- Table structure for table `b_sec_session`
--

DROP TABLE IF EXISTS `b_sec_session`;
/*!40101 SET @saved_cs_client     = @@character_set_client */;
/*!40101 SET character_set_client = utf8 */;
CREATE TABLE `b_sec_session` (
  `SESSION_ID` varchar(250) COLLATE utf8_unicode_ci NOT NULL,
  `TIMESTAMP_X` timestamp NOT NULL DEFAULT CURRENT_TIMESTAMP ON UPDATE CURRENT_TIMESTAMP,
  `SESSION_DATA` longtext COLLATE utf8_unicode_ci,
  PRIMARY KEY (`SESSION_ID`),
  KEY `ix_b_sec_session_time` (`TIMESTAMP_X`)
) ENGINE=InnoDB DEFAULT CHARSET=utf8 COLLATE=utf8_unicode_ci;
/*!40101 SET character_set_client = @saved_cs_client */;

--
-- Dumping data for table `b_sec_session`
--

LOCK TABLES `b_sec_session` WRITE;
/*!40000 ALTER TABLE `b_sec_session` DISABLE KEYS */;
/*!40000 ALTER TABLE `b_sec_session` ENABLE KEYS */;
UNLOCK TABLES;

--
-- Table structure for table `b_sec_user`
--

DROP TABLE IF EXISTS `b_sec_user`;
/*!40101 SET @saved_cs_client     = @@character_set_client */;
/*!40101 SET character_set_client = utf8 */;
CREATE TABLE `b_sec_user` (
  `USER_ID` int(11) NOT NULL,
  `ACTIVE` char(1) COLLATE utf8_unicode_ci NOT NULL DEFAULT 'N',
  `SECRET` varchar(64) COLLATE utf8_unicode_ci DEFAULT NULL,
  `TYPE` varchar(16) COLLATE utf8_unicode_ci NOT NULL,
  `PARAMS` text COLLATE utf8_unicode_ci,
  `ATTEMPTS` int(18) DEFAULT NULL,
  `INITIAL_DATE` datetime DEFAULT NULL,
  `SKIP_MANDATORY` char(1) COLLATE utf8_unicode_ci NOT NULL DEFAULT 'N',
  `DEACTIVATE_UNTIL` datetime DEFAULT NULL,
  PRIMARY KEY (`USER_ID`)
) ENGINE=InnoDB DEFAULT CHARSET=utf8 COLLATE=utf8_unicode_ci;
/*!40101 SET character_set_client = @saved_cs_client */;

--
-- Dumping data for table `b_sec_user`
--

LOCK TABLES `b_sec_user` WRITE;
/*!40000 ALTER TABLE `b_sec_user` DISABLE KEYS */;
/*!40000 ALTER TABLE `b_sec_user` ENABLE KEYS */;
UNLOCK TABLES;

--
-- Table structure for table `b_sec_virus`
--

DROP TABLE IF EXISTS `b_sec_virus`;
/*!40101 SET @saved_cs_client     = @@character_set_client */;
/*!40101 SET character_set_client = utf8 */;
CREATE TABLE `b_sec_virus` (
  `ID` varchar(32) COLLATE utf8_unicode_ci NOT NULL,
  `TIMESTAMP_X` datetime NOT NULL,
  `SITE_ID` char(2) COLLATE utf8_unicode_ci DEFAULT NULL,
  `SENT` char(1) COLLATE utf8_unicode_ci NOT NULL DEFAULT 'N',
  `INFO` longtext COLLATE utf8_unicode_ci NOT NULL,
  PRIMARY KEY (`ID`)
) ENGINE=InnoDB DEFAULT CHARSET=utf8 COLLATE=utf8_unicode_ci;
/*!40101 SET character_set_client = @saved_cs_client */;

--
-- Dumping data for table `b_sec_virus`
--

LOCK TABLES `b_sec_virus` WRITE;
/*!40000 ALTER TABLE `b_sec_virus` DISABLE KEYS */;
/*!40000 ALTER TABLE `b_sec_virus` ENABLE KEYS */;
UNLOCK TABLES;

--
-- Table structure for table `b_sec_white_list`
--

DROP TABLE IF EXISTS `b_sec_white_list`;
/*!40101 SET @saved_cs_client     = @@character_set_client */;
/*!40101 SET character_set_client = utf8 */;
CREATE TABLE `b_sec_white_list` (
  `ID` int(11) NOT NULL,
  `WHITE_SUBSTR` varchar(250) COLLATE utf8_unicode_ci NOT NULL,
  PRIMARY KEY (`ID`)
) ENGINE=InnoDB DEFAULT CHARSET=utf8 COLLATE=utf8_unicode_ci;
/*!40101 SET character_set_client = @saved_cs_client */;

--
-- Dumping data for table `b_sec_white_list`
--

LOCK TABLES `b_sec_white_list` WRITE;
/*!40000 ALTER TABLE `b_sec_white_list` DISABLE KEYS */;
/*!40000 ALTER TABLE `b_sec_white_list` ENABLE KEYS */;
UNLOCK TABLES;

--
-- Table structure for table `b_security_sitecheck`
--

DROP TABLE IF EXISTS `b_security_sitecheck`;
/*!40101 SET @saved_cs_client     = @@character_set_client */;
/*!40101 SET character_set_client = utf8 */;
CREATE TABLE `b_security_sitecheck` (
  `ID` int(11) NOT NULL AUTO_INCREMENT,
  `TEST_DATE` datetime DEFAULT NULL,
  `RESULTS` longtext COLLATE utf8_unicode_ci,
  PRIMARY KEY (`ID`)
) ENGINE=InnoDB AUTO_INCREMENT=2 DEFAULT CHARSET=utf8 COLLATE=utf8_unicode_ci;
/*!40101 SET character_set_client = @saved_cs_client */;

--
-- Dumping data for table `b_security_sitecheck`
--

LOCK TABLES `b_security_sitecheck` WRITE;
/*!40000 ALTER TABLE `b_security_sitecheck` DISABLE KEYS */;
INSERT INTO `b_security_sitecheck` VALUES (1,'2016-11-03 00:45:01','a:19:{i:0;a:5:{s:5:\"title\";s:105:\"Ограничен список потенциально опасных расширений файлов\";s:8:\"critical\";s:5:\"HIGHT\";s:6:\"detail\";s:377:\"Текущий список расширений файлов, которые считаются потенциально опасными, не содержит всех рекомендованных значений. Список расширений исполняемых файлов всегда должен находится в актуальном состоянии\";s:14:\"recommendation\";s:264:\"Вы всегда можете изменить список расширений исполняемых файлов в настройках сайта: <a href=\"/bitrix/admin/settings.php?mid=fileman\" target=\"_blank\">Управление структурой</a>\";s:15:\"additional_info\";s:344:\"Текущие: php,php3,php4,php5,php6,phtml,pl,asp,aspx,cgi,exe,ico,shtm,shtml<br>\nРекомендованные (без учета настроек вашего сервера): php,php3,php4,php5,php6,phtml,pl,asp,aspx,cgi,dll,exe,ico,shtm,shtml,fcg,fcgi,fpl,asmx,pht,py,psp<br>\nОтсутствующие: dll,fcg,fcgi,fpl,asmx,pht,py,psp\";}i:1;a:5:{s:5:\"title\";s:44:\"Найдены служебные файлы\";s:8:\"critical\";s:5:\"HIGHT\";s:6:\"detail\";s:285:\"Некоторые служебные файлы не были удалены после отладки/установки/переноса проекта, они могут использоваться злоумышленниками для компрометации ресурса.\";s:14:\"recommendation\";s:143:\"Необходимо удалить все найденные файлы или корректно ограничить к ним доступ.\";s:15:\"additional_info\";s:1115:\"Адрес: <a href=\"http://link-or.net/bx_1c_import.php?mode=exchange&rnd=0.771549028394\" target=\"_blank\">http://link-or.net/bx_1c_import.php?mode=exchange&rnd=0.771549028394</a><br>Запрос/Ответ: <pre>GET /bx_1c_import.php?mode=exchange&amp;rnd=0.771549028394 HTTP/1.1\nhost: link-or.net\naccept: */*\nuser-agent: BitrixCloud BitrixSecurityScanner/Robin-Scooter\n\nHTTP/1.1 200 OK\nServer: nginx\nDate: Wed, 02 Nov 2016 21:44:42 GMT\nContent-Type: text/html; charset=UTF-8\nTransfer-Encoding: chunked\nConnection: keep-alive\nP3P: policyref=&quot;/bitrix/p3p.xml&quot;, CP=&quot;NON DSP COR CUR ADM DEV PSA PSD OUR UNR BUS UNI COM NAV INT DEM STA&quot;\nX-Powered-CMS: Bitrix Site Manager (2ca5fe7f78fee6a0ac4865dae2723730)\nExpires: Thu, 19 Nov 1981 08:52:00 GMT\nCache-Control: no-store, no-cache, must-revalidate, post-check=0, pre-check=0\nPragma: no-cache\nSet-Cookie: PHPSESSID=uoblfaa7hj0f9jo0hn68jsaho2; path=/; domain=link-or.net; HttpOnly\nSet-Cookie: BITRIX_SM_ABTEST_s1=deleted; expires=Tue, 03-Nov-2015 21:44:41 GMT; path=/; domain=link-or.net\nX-Powered-By: PleskLin\n\n{&quot;error&quot;:[&quot;&quot;]}<pre>\";}i:2;a:5:{s:5:\"title\";s:142:\"Директория хранения файлов сессий доступна для всех системных пользователей\";s:8:\"critical\";s:5:\"HIGHT\";s:6:\"detail\";s:180:\"Это может позволить читать/изменять сессионные данные, через скрипты других виртуальных серверов\";s:14:\"recommendation\";s:265:\"Корректно настроить файловые права или сменить директорию хранения либо включить хранение сессий в БД: <a href=\"/bitrix/admin/security_session.php\">Защита сессий</a>\";s:15:\"additional_info\";s:92:\"Директория хранения сессий: /var/lib/php5<br>\nПрава: drwx-wx-wt\";}i:3;a:5:{s:5:\"title\";s:77:\"Используется опасная/устаревшая версия PHP\";s:8:\"critical\";s:5:\"HIGHT\";s:6:\"detail\";s:881:\"Использование опасных/устаревших версий PHP может служить как источником многих атак на сам интерпретатор (например, выполнение произвольного кода в версии 5.3.9) так и подспорьем для уязвимостей в коде проекта.<br>\nК примеру, не правильная работа mbstring может привести к так называемой \"Invalid Byte Sequence Attack\" в абсолютно безобидном на первый взгляд коде, а отсутствие фильтрации null-byte в паттерне регулярных выражений к выполнению произвольного кода при малейшей неосторожности разработчика.\";s:14:\"recommendation\";s:100:\"Необходимо обновить php до последней стабильной версии.\";s:15:\"additional_info\";s:119:\"Текущая версия: 5.5.9-1ubuntu4.20<br>Минимально-рекомендуемая: 5.4.45/5.5.29/5.6.13\";}i:4;a:5:{s:5:\"title\";s:291:\"Обнаружено как минимум 6 файлов или директорий с доступом на запись для всех пользователей окружения в котором работает веб-сервер (не пользователей Bitrix Framework)\";s:8:\"critical\";s:5:\"HIGHT\";s:6:\"detail\";s:275:\"Право на запись у всех системных пользователей может служить причиной полной компрометации ресурса, путем модификации исходного кода вашего проекта\";s:14:\"recommendation\";s:119:\"Необходимо отобрать лишние права у всех системных пользователей\";s:15:\"additional_info\";s:147:\"Последние 5 файлов/директорий:<br>/sect_inc.php<br>/account.php<br>/account<br>/account/index.php<br>/account/.section.php\";}i:5;a:5:{s:5:\"title\";s:101:\"Не удалось проверить доступность обновлений платформы\";s:8:\"critical\";s:5:\"HIGHT\";s:6:\"detail\";s:193:\"Возможно доступно обновление системы SiteUpdate или у вашей копии продукта истек период получения обновлений\";s:14:\"recommendation\";s:143:\"Подробнее на странице: <a href=\"/bitrix/admin/update_system.php\" target=\"_blank\">Обновление платформы</a>\";s:15:\"additional_info\";s:0:\"\";}i:6;a:5:{s:5:\"title\";s:128:\"Уровень безопасности административной группы не является повышенным\";s:8:\"critical\";s:5:\"HIGHT\";s:6:\"detail\";s:182:\"Пониженный уровень безопасности административной группы может значительно помочь злоумышленнику\";s:14:\"recommendation\";s:337:\"Ужесточить <a href=\"/bitrix/admin/group_edit.php?ID=1&tabControl_active_tab=edit2\"  target=\"_blank\">политики безопасности административной</a> группы или выбрать предопределенную настройку уровня безопасности \"Повышенный\".\";s:15:\"additional_info\";s:0:\"\";}i:7;a:5:{s:5:\"title\";s:66:\"Символы пароля к БД в одном регистре\";s:8:\"critical\";s:5:\"HIGHT\";s:6:\"detail\";s:142:\"Пароль слишком простой, что повышает риск взлома учетной записи в базе данных\";s:14:\"recommendation\";s:91:\"Использовать различный регистр символов в пароле\";s:15:\"additional_info\";s:0:\"\";}i:8;a:5:{s:5:\"title\";s:63:\"Длина пароля к БД меньше 8 символов\";s:8:\"critical\";s:5:\"HIGHT\";s:6:\"detail\";s:138:\"Пароль слишком прост, что повышает риск взлома учетной записи в базе данных\";s:14:\"recommendation\";s:42:\"Увеличить длину пароля\";s:15:\"additional_info\";s:0:\"\";}i:9;a:5:{s:5:\"title\";s:52:\"Защита редиректов выключена\";s:8:\"critical\";s:6:\"MIDDLE\";s:6:\"detail\";s:309:\"Редирект на произвольный сторонний ресурс может служить подспорьем для множества атак, защита редиректов исключает эту возможность (при использовании стандартного API)\";s:14:\"recommendation\";s:151:\"Включить защиту редиректов: <a href=\"/bitrix/admin/security_redirect.php\" target=\"_blank\">Защита редиректов</a>\";s:15:\"additional_info\";s:0:\"\";}i:10;a:5:{s:5:\"title\";s:113:\"Разрешено отображение сайта во фрейме с произвольного домена\";s:8:\"critical\";s:6:\"MIDDLE\";s:6:\"detail\";s:307:\"Запрет отображения фреймов сайта со сторонних доменов способен предотвратить целый класс атак, таких как <a href=\"https://www.owasp.org/index.php/Clickjacking\" target=\"_blank\">Clickjacking</a>, Framesniffing и т.д.\";s:14:\"recommendation\";s:1875:\"Скорее всего, вам будет достаточно разрешения на просмотр сайта в фреймах только на страницах текущего сайта.\nСделать это достаточно просто, достаточно добавить заголовок ответа \"X-Frame-Options: SAMEORIGIN\" в конфигурации вашего frontend-сервера.\n</p><p>В случае использования nginx:<br>\n1. Найти секцию server, отвечающую за обработку запросов нужного сайта. Зачастую это файлы в /etc/nginx/site-enabled/*.conf<br>\n2. Добавить строку:\n<pre>\nadd_header X-Frame-Options SAMEORIGIN;\n</pre>\n3. Перезапустить nginx<br>\nПодробнее об этой директиве можно прочесть в документации к nginx: <a href=\"http://nginx.org/ru/docs/http/ngx_http_headers_module.html\" target=\"_blank\">Модуль ngx_http_headers_module</a>\n</p><p>В случае использования Apache:<br>\n1. Найти конфигурационный файл для вашего сайта, зачастую это файлы /etc/apache2/httpd.conf, /etc/apache2/vhost.d/*.conf<br>\n2. Добавить строки:\n<pre>\n&lt;IfModule headers_module&gt;\n	Header set X-Frame-Options SAMEORIGIN\n&lt;/IfModule&gt;\n</pre>\n3. Перезапустить Apache<br>\n4. Убедиться, что он корректно обрабатывается Apache и этот заголовок никто не переопределяет<br>\nПодробнее об этой директиве можно прочесть в документации к Apache: <a href=\"http://httpd.apache.org/docs/2.2/mod/mod_headers.html\" target=\"_blank\">Apache Module mod_headers</a>\n</p>\";s:15:\"additional_info\";s:2346:\"Адрес: <a href=\"http://link-or.net/\" target=\"_blank\">http://link-or.net/</a><br>Запрос/Ответ: <pre>GET / HTTP/1.1\nhost: link-or.net\naccept: */*\nuser-agent: BitrixCloud BitrixSecurityScanner/Robin-Scooter\n\nHTTP/1.1 200 OK\nServer: nginx\nDate: Wed, 02 Nov 2016 21:44:44 GMT\nContent-Type: text/html; charset=UTF-8\nTransfer-Encoding: chunked\nConnection: keep-alive\nP3P: policyref=&quot;/bitrix/p3p.xml&quot;, CP=&quot;NON DSP COR CUR ADM DEV PSA PSD OUR UNR BUS UNI COM NAV INT DEM STA&quot;\nX-Powered-CMS: Bitrix Site Manager (2ca5fe7f78fee6a0ac4865dae2723730)\nExpires: Thu, 19 Nov 1981 08:52:00 GMT\nCache-Control: no-store, no-cache, must-revalidate, post-check=0, pre-check=0\nPragma: no-cache\nSet-Cookie: PHPSESSID=7c9e3tu8sh04b2isn7bmn58sr2; path=/; domain=link-or.net; HttpOnly\nSet-Cookie: BITRIX_SM_ABTEST_s1=deleted; expires=Tue, 03-Nov-2015 21:44:43 GMT; path=/; domain=link-or.net\nSet-Cookie: BITRIX_SM_ABTEST_s1=deleted; expires=Tue, 03-Nov-2015 21:44:43 GMT; path=/; domain=link-or.net\nX-Powered-By: PleskLin\n\n&lt;!DOCTYPE html&gt;\n&lt;html&gt;\n	&lt;head lang=&quot;ru&quot;&gt;\n		&lt;meta charset=&quot;UTF-8&quot;&gt;\n		&lt;meta name=&quot;viewport&quot; content=&quot;width=device-width, initial-scale=1, maximum-scale=1, user-scalable=no&quot;&gt;\n		&lt;title&gt;Раскрутка и продвижение сайтов, раскрутка молодых сайтов в интернете - цены в Москве&lt;/title&gt;\n		\n		&lt;!-- css --&gt;\n										\n		&lt;!-- js --&gt;\n		&lt;script src=&quot;https://ajax.googleapis.com/ajax/libs/jquery/1.12.2/jquery.min.js&quot;&gt;&lt;/script&gt;\n						\n									\n										&lt;script type=&quot;text/javascript&quot;&gt;\n		// параллакс\n			var wf_pbb_object = [\n			    {bc:&quot;rgb(182, 224, 241)&quot;},\n			    //{img:&quot;/bitrix/templates/linkor/img/clouds.png&quot;, mm:true, ms:false, mms:1, mss:10, mmd:-1, mso:&quot;v&quot;, msd:1, im:&quot;pattern&quot;, pr:&quot;both&quot;, mma:&quot;both&quot;, ofs:{x:56, y:10}, zi:1, sr:false, sb:false, isr:false, isb:false}\n			    {img:&quot;/bitrix/templates/linkor/img/clouds.png&quot;, mm:true, ms:false, mms:1, mss:10, mmd:-1, mso:&quot;v&quot;, msd:1, im:&quot;pattern&quot;, pr:&quot;both&quot;, mma:&quot;both&quot;, ofs:{x:0, y:0}, zi:1, sr:false, sb:\n----------Only 1Kb of body shown----------<pre>\";}i:11;a:5:{s:5:\"title\";s:68:\"Разрешено чтение файлов по URL (URL wrappers)\";s:8:\"critical\";s:6:\"MIDDLE\";s:6:\"detail\";s:256:\"Если эта, сомнительная, возможность PHP не требуется - рекомендуется отключить, т.к. она может стать отправной точкой для различного типа атак\";s:14:\"recommendation\";s:89:\"Необходимо в настройках php указать:<br>allow_url_fopen = Off\";s:15:\"additional_info\";s:0:\"\";}i:12;a:5:{s:5:\"title\";s:120:\"Apache Content Negotiation разрешен в директории хранения загружаемых файлов\";s:8:\"critical\";s:6:\"MIDDLE\";s:6:\"detail\";s:168:\"Apache Content Negotiation не рекомендован для использования, т.к. может служить источником XSS нападения\";s:14:\"recommendation\";s:57:\"Корректно настроить веб-сервер\";s:15:\"additional_info\";s:0:\"\";}i:13;a:5:{s:5:\"title\";s:119:\"Временные файлы хранятся в пределах корневой директории проекта\";s:8:\"critical\";s:6:\"MIDDLE\";s:6:\"detail\";s:271:\"Хранение временных файлов, создаваемых при использовании CTempFile, в пределах корневой директории проекта не рекомендовано и несет с собой ряд рисков.\";s:14:\"recommendation\";s:884:\"Необходимо определить константу \"BX_TEMPORARY_FILES_DIRECTORY\" в \"bitrix/php_interface/dbconn.php\" с указанием необходимого пути.<br>\nВыполните следующие шаги:<br>\n1. Выберите директорию вне корня проекта. Например, это может быть \"/home/bitrix/tmp/www\"<br>\n2. Создайте ее. Для этого выполните следующую комманду:\n<pre>\nmkdir -p -m 700 /полный/путь/к/директории\n</pre>\n3. В файле \"bitrix/php_interface/dbconn.php\" определите соответствующую константу, что бы система начала использовать эту директорию:\n<pre>\ndefine(\"BX_TEMPORARY_FILES_DIRECTORY\", \"/полный/путь/к/директории\");\n</pre>\";s:15:\"additional_info\";s:73:\"Текущая директория: /var/www/bitrix.local/git/upload/tmp\";}i:14;a:5:{s:5:\"title\";s:63:\"Открыт доступ к файлам /bitrix/modules/*.php\";s:8:\"critical\";s:3:\"LOW\";s:6:\"detail\";s:156:\"Доступ к php скриптам в директории /bitrix/modules может послужить источником различных атак.\";s:14:\"recommendation\";s:1055:\"Необходимо закрыть доступ к директории /bitrix/modules на уровне настроек веб-сервера.\n</p><p>В случае использования nginx:<br>\n1. Найти секцию server, отвечающую за обработку запросов нужного сайта. Зачастую это файлы в /etc/nginx/site-enabled/*.conf<br>\n2. Закрыть доступ, добавив location:\n<pre>\n	location ^~ /bitrix/modules {\n		deny all;\n	}\n</pre>\n3. Перезапустить nginx<br>\n</p><p>В случае использования Apache:<br>\n1. Создать файл .htaccess в директории /bitrix/modules с содержимым:<br>\nDeny from All<br>\n2. Убедиться что он корректно обрабатывается Apache\n</p><p>\n	В случае использования обоих веб-серверов (связка nginx+apache достаточно популярна) следует проделать оба этих шага.\n</p>\";s:15:\"additional_info\";s:1254:\"Адрес: <a href=\"http://link-or.net/bitrix/modules/main/tools/access_dialog.php?rnd=0.586645149306\" target=\"_blank\">http://link-or.net/bitrix/modules/main/tools/access_dialog.php?rnd=0.586645149306</a><br>Запрос/Ответ: <pre>GET /bitrix/modules/main/tools/access_dialog.php?rnd=0.586645149306 HTTP/1.1\nhost: link-or.net\naccept: */*\nuser-agent: BitrixCloud BitrixSecurityScanner/Robin-Scooter\n\nHTTP/1.1 200 OK\nServer: nginx\nDate: Wed, 02 Nov 2016 21:44:43 GMT\nContent-Type: text/html; charset=UTF-8\nTransfer-Encoding: chunked\nConnection: keep-alive\nP3P: policyref=&quot;/bitrix/p3p.xml&quot;, CP=&quot;NON DSP COR CUR ADM DEV PSA PSD OUR UNR BUS UNI COM NAV INT DEM STA&quot;\nX-Powered-CMS: Bitrix Site Manager (2ca5fe7f78fee6a0ac4865dae2723730)\nExpires: Thu, 19 Nov 1981 08:52:00 GMT\nCache-Control: no-store, no-cache, must-revalidate, post-check=0, pre-check=0\nPragma: no-cache\nSet-Cookie: PHPSESSID=oeelkt5gh3mge14s7vlm647la3; path=/; domain=link-or.net; HttpOnly\nSet-Cookie: BITRIX_SM_ABTEST_s1=deleted; expires=Tue, 03-Nov-2015 21:44:42 GMT; path=/; domain=link-or.net\nX-Powered-By: PleskLin\n\n&lt;div class=&quot;access-container&quot;&gt;Доступ закрыт. Вы должны быть авторизованы.&lt;/div&gt;\n<pre>\";}i:15;a:5:{s:5:\"title\";s:38:\"Включен вывод ошибок\";s:8:\"critical\";s:3:\"LOW\";s:6:\"detail\";s:202:\"Вывод ошибок предназначен для разработки и тестовых стендов, он не должен использоваться на конечном ресурсе.\";s:14:\"recommendation\";s:88:\"Необходимо в настройках php указать:<br>display_errors = Off\";s:15:\"additional_info\";s:0:\"\";}i:16;a:5:{s:5:\"title\";s:77:\"Почтовые сообщения содержат UID PHP процесса\";s:8:\"critical\";s:3:\"LOW\";s:6:\"detail\";s:356:\"В каждом отправляемом письме добавляется заголовок X-PHP-Originating-Script, который содержит UID и имя скрипта отправляющего письмо. Это позволяет злоумышленнику узнать от какого пользователя работает PHP.\";s:14:\"recommendation\";s:91:\"Необходимо в настройках php указать:<br>mail.add_x_header = Off\";s:15:\"additional_info\";s:0:\"\";}i:17;a:5:{s:5:\"title\";s:44:\"Включен Automatic MIME Type Detection\";s:8:\"critical\";s:3:\"LOW\";s:6:\"detail\";s:248:\"По умолчанию в Internet Explorer/FlashPlayer включен автоматический mime-сниффинг, что может служить источником XSS нападения или раскрытия информации.\";s:14:\"recommendation\";s:1752:\"Скорее всего, вам не нужна эта функция, поэтому её можно безболезненно отключить, добавив заголовок ответа \"X-Content-Type-Options: nosniff\" в конфигурации вашего веб-сервера.\n</p><p>В случае использования nginx:<br>\n1. Найти секцию server, отвечающую за обработку запросов нужного сайта. Зачастую это файлы в /etc/nginx/site-enabled/*.conf<br>\n2. Добавить строку:\n<pre>\nadd_header X-Content-Type-Options nosniff;\n</pre>\n3. Перезапустить nginx<br>\nПодробнее об этой директиве можно прочесть в документации к nginx: <a href=\"http://nginx.org/ru/docs/http/ngx_http_headers_module.html\" target=\"_blank\">Модуль ngx_http_headers_module</a>\n</p><p>В случае использования Apache:<br>\n1. Найти конфигурационный файл для вашего сайта, зачастую это файлы /etc/apache2/httpd.conf, /etc/apache2/vhost.d/*.conf<br>\n2. Добавить строки:\n<pre>\n&lt;IfModule headers_module&gt;\n	Header set X-Content-Type-Options nosniff\n&lt;/IfModule&gt;\n</pre>\n3. Перезапустить Apache<br>\n4. Убедиться, что он корректно обрабатывается Apache и этот заголовок никто не переопределяет<br>\nПодробнее об этой директиве можно прочесть в документации к Apache: <a href=\"http://httpd.apache.org/docs/2.2/mod/mod_headers.html\" target=\"_blank\">Apache Module mod_headers</a>\n</p>\";s:15:\"additional_info\";s:1714:\"Адрес: <a href=\"http://link-or.net/bitrix/js/main/core/core.js?rnd=0.288572174785\" target=\"_blank\">http://link-or.net/bitrix/js/main/core/core.js?rnd=0.288572174785</a><br>Запрос/Ответ: <pre>GET /bitrix/js/main/core/core.js?rnd=0.288572174785 HTTP/1.1\nhost: link-or.net\naccept: */*\nuser-agent: BitrixCloud BitrixSecurityScanner/Robin-Scooter\n\nHTTP/1.1 200 OK\nServer: nginx\nDate: Wed, 02 Nov 2016 21:44:44 GMT\nContent-Type: text/javascript\nContent-Length: 117733\nLast-Modified: Tue, 16 Aug 2016 12:56:05 GMT\nConnection: keep-alive\nX-Powered-By: PleskLin\nAccept-Ranges: bytes\n\n/**********************************************************************/\n/*********** Bitrix JS Core library ver 0.9.0 beta ********************/\n/**********************************************************************/\n\n;(function(window){\n\nif (!!window.BX &amp;&amp; !!window.BX.extend)\n	return;\n\nvar _bxtmp;\nif (!!window.BX)\n{\n	_bxtmp = window.BX;\n}\n\nwindow.BX = function(node, bCache)\n{\n	if (BX.type.isNotEmptyString(node))\n	{\n		var ob;\n\n		if (!!bCache &amp;&amp; null != NODECACHE[node])\n			ob = NODECACHE[node];\n		ob = ob || document.getElementById(node);\n		if (!!bCache)\n			NODECACHE[node] = ob;\n\n		return ob;\n	}\n	else if (BX.type.isDomNode(node))\n		return node;\n	else if (BX.type.isFunction(node))\n		return BX.ready(node);\n\n	return null;\n};\n\nBX.debugEnableFlag = true;\n\n// language utility\nBX.message = function(mess)\n{\n	if (BX.type.isString(mess))\n	{\n		if (typeof BX.message[mess] == &quot;undefined&quot;)\n		{\n			BX.onCustomEvent(&quot;onBXMessageNotFound&quot;, [mess]);\n			if (typeof BX.message[mess] == &quot;undefined&quot;)\n			{\n				BX.debug(&quot;message undef\n----------Only 1Kb of body shown----------<pre>\";}i:18;a:5:{s:5:\"title\";s:118:\"PHP скрипты выполняются в директории хранения загружаемых файлов\";s:8:\"critical\";s:3:\"LOW\";s:6:\"detail\";s:277:\"Разработчики иногда забывают о правильной фильтрации имен файлов, если это случится злоумышленник сможет получить полный контроль над вашим проектом\";s:14:\"recommendation\";s:57:\"Корректно настроить веб-сервер\";s:15:\"additional_info\";s:0:\"\";}}');
/*!40000 ALTER TABLE `b_security_sitecheck` ENABLE KEYS */;
UNLOCK TABLES;

--
-- Table structure for table `b_sender_contact`
--

DROP TABLE IF EXISTS `b_sender_contact`;
/*!40101 SET @saved_cs_client     = @@character_set_client */;
/*!40101 SET character_set_client = utf8 */;
CREATE TABLE `b_sender_contact` (
  `ID` int(11) NOT NULL AUTO_INCREMENT,
  `DATE_INSERT` datetime NOT NULL,
  `DATE_UPDATE` datetime DEFAULT NULL,
  `NAME` varchar(255) COLLATE utf8_unicode_ci DEFAULT NULL,
  `EMAIL` varchar(255) COLLATE utf8_unicode_ci DEFAULT NULL,
  `PHONE` varchar(20) COLLATE utf8_unicode_ci DEFAULT NULL,
  `USER_ID` int(11) DEFAULT NULL,
  PRIMARY KEY (`ID`),
  UNIQUE KEY `UK_SENDER_CONTACT_EMAIL` (`EMAIL`)
) ENGINE=InnoDB DEFAULT CHARSET=utf8 COLLATE=utf8_unicode_ci;
/*!40101 SET character_set_client = @saved_cs_client */;

--
-- Dumping data for table `b_sender_contact`
--

LOCK TABLES `b_sender_contact` WRITE;
/*!40000 ALTER TABLE `b_sender_contact` DISABLE KEYS */;
/*!40000 ALTER TABLE `b_sender_contact` ENABLE KEYS */;
UNLOCK TABLES;

--
-- Table structure for table `b_sender_contact_list`
--

DROP TABLE IF EXISTS `b_sender_contact_list`;
/*!40101 SET @saved_cs_client     = @@character_set_client */;
/*!40101 SET character_set_client = utf8 */;
CREATE TABLE `b_sender_contact_list` (
  `CONTACT_ID` int(11) NOT NULL,
  `LIST_ID` int(11) NOT NULL,
  UNIQUE KEY `UK_SENDER_CONTACT_LIST` (`CONTACT_ID`,`LIST_ID`)
) ENGINE=InnoDB DEFAULT CHARSET=utf8 COLLATE=utf8_unicode_ci;
/*!40101 SET character_set_client = @saved_cs_client */;

--
-- Dumping data for table `b_sender_contact_list`
--

LOCK TABLES `b_sender_contact_list` WRITE;
/*!40000 ALTER TABLE `b_sender_contact_list` DISABLE KEYS */;
/*!40000 ALTER TABLE `b_sender_contact_list` ENABLE KEYS */;
UNLOCK TABLES;

--
-- Table structure for table `b_sender_group`
--

DROP TABLE IF EXISTS `b_sender_group`;
/*!40101 SET @saved_cs_client     = @@character_set_client */;
/*!40101 SET character_set_client = utf8 */;
CREATE TABLE `b_sender_group` (
  `ID` int(11) NOT NULL AUTO_INCREMENT,
  `NAME` varchar(100) COLLATE utf8_unicode_ci DEFAULT NULL,
  `DESCRIPTION` text COLLATE utf8_unicode_ci,
  `SORT` int(11) NOT NULL DEFAULT '100',
  `ACTIVE` char(1) COLLATE utf8_unicode_ci NOT NULL DEFAULT 'Y',
  `ADDRESS_COUNT` int(11) NOT NULL DEFAULT '0',
  PRIMARY KEY (`ID`)
) ENGINE=InnoDB DEFAULT CHARSET=utf8 COLLATE=utf8_unicode_ci;
/*!40101 SET character_set_client = @saved_cs_client */;

--
-- Dumping data for table `b_sender_group`
--

LOCK TABLES `b_sender_group` WRITE;
/*!40000 ALTER TABLE `b_sender_group` DISABLE KEYS */;
/*!40000 ALTER TABLE `b_sender_group` ENABLE KEYS */;
UNLOCK TABLES;

--
-- Table structure for table `b_sender_group_connector`
--

DROP TABLE IF EXISTS `b_sender_group_connector`;
/*!40101 SET @saved_cs_client     = @@character_set_client */;
/*!40101 SET character_set_client = utf8 */;
CREATE TABLE `b_sender_group_connector` (
  `GROUP_ID` int(11) NOT NULL,
  `NAME` varchar(100) COLLATE utf8_unicode_ci DEFAULT NULL,
  `ENDPOINT` longtext COLLATE utf8_unicode_ci,
  `ADDRESS_COUNT` int(11) NOT NULL DEFAULT '0',
  KEY `IX_SENDER_GROUP_CONNECTOR` (`GROUP_ID`)
) ENGINE=InnoDB DEFAULT CHARSET=utf8 COLLATE=utf8_unicode_ci;
/*!40101 SET character_set_client = @saved_cs_client */;

--
-- Dumping data for table `b_sender_group_connector`
--

LOCK TABLES `b_sender_group_connector` WRITE;
/*!40000 ALTER TABLE `b_sender_group_connector` DISABLE KEYS */;
/*!40000 ALTER TABLE `b_sender_group_connector` ENABLE KEYS */;
UNLOCK TABLES;

--
-- Table structure for table `b_sender_list`
--

DROP TABLE IF EXISTS `b_sender_list`;
/*!40101 SET @saved_cs_client     = @@character_set_client */;
/*!40101 SET character_set_client = utf8 */;
CREATE TABLE `b_sender_list` (
  `ID` int(11) NOT NULL AUTO_INCREMENT,
  `NAME` varchar(100) COLLATE utf8_unicode_ci DEFAULT NULL,
  `CODE` varchar(60) COLLATE utf8_unicode_ci DEFAULT NULL,
  `SORT` int(11) NOT NULL DEFAULT '100',
  PRIMARY KEY (`ID`)
) ENGINE=InnoDB DEFAULT CHARSET=utf8 COLLATE=utf8_unicode_ci;
/*!40101 SET character_set_client = @saved_cs_client */;

--
-- Dumping data for table `b_sender_list`
--

LOCK TABLES `b_sender_list` WRITE;
/*!40000 ALTER TABLE `b_sender_list` DISABLE KEYS */;
/*!40000 ALTER TABLE `b_sender_list` ENABLE KEYS */;
UNLOCK TABLES;

--
-- Table structure for table `b_sender_mailing`
--

DROP TABLE IF EXISTS `b_sender_mailing`;
/*!40101 SET @saved_cs_client     = @@character_set_client */;
/*!40101 SET character_set_client = utf8 */;
CREATE TABLE `b_sender_mailing` (
  `ID` int(11) NOT NULL AUTO_INCREMENT,
  `DATE_INSERT` datetime DEFAULT NULL,
  `NAME` varchar(100) COLLATE utf8_unicode_ci DEFAULT NULL,
  `DESCRIPTION` text COLLATE utf8_unicode_ci,
  `ACTIVE` char(1) COLLATE utf8_unicode_ci NOT NULL DEFAULT 'Y',
  `SITE_ID` char(2) COLLATE utf8_unicode_ci NOT NULL,
  `SORT` int(11) NOT NULL DEFAULT '100',
  `IS_PUBLIC` char(1) COLLATE utf8_unicode_ci NOT NULL DEFAULT 'Y',
  `TRACK_CLICK` char(1) COLLATE utf8_unicode_ci NOT NULL DEFAULT 'N',
  `TRIGGER_FIELDS` text COLLATE utf8_unicode_ci,
  `EMAIL_FROM` varchar(255) COLLATE utf8_unicode_ci DEFAULT NULL,
  `IS_TRIGGER` char(1) COLLATE utf8_unicode_ci NOT NULL DEFAULT 'N',
  PRIMARY KEY (`ID`)
) ENGINE=InnoDB DEFAULT CHARSET=utf8 COLLATE=utf8_unicode_ci;
/*!40101 SET character_set_client = @saved_cs_client */;

--
-- Dumping data for table `b_sender_mailing`
--

LOCK TABLES `b_sender_mailing` WRITE;
/*!40000 ALTER TABLE `b_sender_mailing` DISABLE KEYS */;
/*!40000 ALTER TABLE `b_sender_mailing` ENABLE KEYS */;
UNLOCK TABLES;

--
-- Table structure for table `b_sender_mailing_attachment`
--

DROP TABLE IF EXISTS `b_sender_mailing_attachment`;
/*!40101 SET @saved_cs_client     = @@character_set_client */;
/*!40101 SET character_set_client = utf8 */;
CREATE TABLE `b_sender_mailing_attachment` (
  `CHAIN_ID` int(18) NOT NULL,
  `FILE_ID` int(18) NOT NULL,
  PRIMARY KEY (`CHAIN_ID`,`FILE_ID`)
) ENGINE=InnoDB DEFAULT CHARSET=utf8 COLLATE=utf8_unicode_ci;
/*!40101 SET character_set_client = @saved_cs_client */;

--
-- Dumping data for table `b_sender_mailing_attachment`
--

LOCK TABLES `b_sender_mailing_attachment` WRITE;
/*!40000 ALTER TABLE `b_sender_mailing_attachment` DISABLE KEYS */;
/*!40000 ALTER TABLE `b_sender_mailing_attachment` ENABLE KEYS */;
UNLOCK TABLES;

--
-- Table structure for table `b_sender_mailing_chain`
--

DROP TABLE IF EXISTS `b_sender_mailing_chain`;
/*!40101 SET @saved_cs_client     = @@character_set_client */;
/*!40101 SET character_set_client = utf8 */;
CREATE TABLE `b_sender_mailing_chain` (
  `ID` int(11) NOT NULL AUTO_INCREMENT,
  `MAILING_ID` int(11) NOT NULL,
  `STATUS` char(1) COLLATE utf8_unicode_ci NOT NULL,
  `POSTING_ID` int(11) DEFAULT NULL,
  `CREATED_BY` int(11) DEFAULT NULL,
  `PARENT_ID` int(11) DEFAULT NULL,
  `IS_TRIGGER` char(1) COLLATE utf8_unicode_ci NOT NULL DEFAULT 'N',
  `DATE_INSERT` datetime DEFAULT NULL,
  `TIME_SHIFT` int(11) NOT NULL DEFAULT '0',
  `LAST_EXECUTED` datetime DEFAULT NULL,
  `AUTO_SEND_TIME` datetime DEFAULT NULL,
  `EMAIL_FROM` varchar(255) COLLATE utf8_unicode_ci NOT NULL,
  `SUBJECT` varchar(255) COLLATE utf8_unicode_ci DEFAULT NULL,
  `MESSAGE` longtext COLLATE utf8_unicode_ci,
  `REITERATE` char(1) COLLATE utf8_unicode_ci NOT NULL DEFAULT 'N',
  `DAYS_OF_MONTH` varchar(100) COLLATE utf8_unicode_ci DEFAULT NULL,
  `DAYS_OF_WEEK` varchar(15) COLLATE utf8_unicode_ci DEFAULT NULL,
  `TIMES_OF_DAY` varchar(255) COLLATE utf8_unicode_ci DEFAULT NULL,
  `PRIORITY` varchar(60) COLLATE utf8_unicode_ci DEFAULT NULL,
  `LINK_PARAMS` varchar(255) COLLATE utf8_unicode_ci DEFAULT NULL,
  `TEMPLATE_TYPE` varchar(30) COLLATE utf8_unicode_ci DEFAULT NULL,
  `TEMPLATE_ID` varchar(60) COLLATE utf8_unicode_ci DEFAULT NULL,
  `TITLE` varchar(255) COLLATE utf8_unicode_ci DEFAULT NULL,
  PRIMARY KEY (`ID`),
  KEY `IX_SENDER_MAILING_CHAIN_MAILING` (`MAILING_ID`,`STATUS`),
  KEY `IX_SENDER_MAILING_CHAIN_REITERATE` (`REITERATE`,`STATUS`)
) ENGINE=InnoDB DEFAULT CHARSET=utf8 COLLATE=utf8_unicode_ci;
/*!40101 SET character_set_client = @saved_cs_client */;

--
-- Dumping data for table `b_sender_mailing_chain`
--

LOCK TABLES `b_sender_mailing_chain` WRITE;
/*!40000 ALTER TABLE `b_sender_mailing_chain` DISABLE KEYS */;
/*!40000 ALTER TABLE `b_sender_mailing_chain` ENABLE KEYS */;
UNLOCK TABLES;

--
-- Table structure for table `b_sender_mailing_group`
--

DROP TABLE IF EXISTS `b_sender_mailing_group`;
/*!40101 SET @saved_cs_client     = @@character_set_client */;
/*!40101 SET character_set_client = utf8 */;
CREATE TABLE `b_sender_mailing_group` (
  `MAILING_ID` int(11) NOT NULL,
  `GROUP_ID` int(11) NOT NULL,
  `INCLUDE` int(1) NOT NULL DEFAULT '0',
  UNIQUE KEY `UK_SENDER_MAILING_GROUP` (`MAILING_ID`,`GROUP_ID`,`INCLUDE`)
) ENGINE=InnoDB DEFAULT CHARSET=utf8 COLLATE=utf8_unicode_ci;
/*!40101 SET character_set_client = @saved_cs_client */;

--
-- Dumping data for table `b_sender_mailing_group`
--

LOCK TABLES `b_sender_mailing_group` WRITE;
/*!40000 ALTER TABLE `b_sender_mailing_group` DISABLE KEYS */;
/*!40000 ALTER TABLE `b_sender_mailing_group` ENABLE KEYS */;
UNLOCK TABLES;

--
-- Table structure for table `b_sender_mailing_subscription`
--

DROP TABLE IF EXISTS `b_sender_mailing_subscription`;
/*!40101 SET @saved_cs_client     = @@character_set_client */;
/*!40101 SET character_set_client = utf8 */;
CREATE TABLE `b_sender_mailing_subscription` (
  `MAILING_ID` int(11) NOT NULL,
  `CONTACT_ID` int(11) NOT NULL,
  `DATE_INSERT` datetime DEFAULT NULL,
  `IS_UNSUB` char(1) COLLATE utf8_unicode_ci NOT NULL DEFAULT 'N',
  PRIMARY KEY (`MAILING_ID`,`CONTACT_ID`,`IS_UNSUB`)
) ENGINE=InnoDB DEFAULT CHARSET=utf8 COLLATE=utf8_unicode_ci;
/*!40101 SET character_set_client = @saved_cs_client */;

--
-- Dumping data for table `b_sender_mailing_subscription`
--

LOCK TABLES `b_sender_mailing_subscription` WRITE;
/*!40000 ALTER TABLE `b_sender_mailing_subscription` DISABLE KEYS */;
/*!40000 ALTER TABLE `b_sender_mailing_subscription` ENABLE KEYS */;
UNLOCK TABLES;

--
-- Table structure for table `b_sender_mailing_trigger`
--

DROP TABLE IF EXISTS `b_sender_mailing_trigger`;
/*!40101 SET @saved_cs_client     = @@character_set_client */;
/*!40101 SET character_set_client = utf8 */;
CREATE TABLE `b_sender_mailing_trigger` (
  `MAILING_CHAIN_ID` int(11) NOT NULL,
  `IS_TYPE_START` int(1) NOT NULL DEFAULT '1',
  `NAME` varchar(255) COLLATE utf8_unicode_ci DEFAULT NULL,
  `EVENT` varchar(255) COLLATE utf8_unicode_ci NOT NULL,
  `ENDPOINT` text COLLATE utf8_unicode_ci NOT NULL
) ENGINE=InnoDB DEFAULT CHARSET=utf8 COLLATE=utf8_unicode_ci;
/*!40101 SET character_set_client = @saved_cs_client */;

--
-- Dumping data for table `b_sender_mailing_trigger`
--

LOCK TABLES `b_sender_mailing_trigger` WRITE;
/*!40000 ALTER TABLE `b_sender_mailing_trigger` DISABLE KEYS */;
/*!40000 ALTER TABLE `b_sender_mailing_trigger` ENABLE KEYS */;
UNLOCK TABLES;

--
-- Table structure for table `b_sender_posting`
--

DROP TABLE IF EXISTS `b_sender_posting`;
/*!40101 SET @saved_cs_client     = @@character_set_client */;
/*!40101 SET character_set_client = utf8 */;
CREATE TABLE `b_sender_posting` (
  `ID` int(11) NOT NULL AUTO_INCREMENT,
  `DATE_UPDATE` datetime DEFAULT NULL,
  `MAILING_ID` int(11) NOT NULL,
  `MAILING_CHAIN_ID` int(11) NOT NULL,
  `STATUS` char(1) COLLATE utf8_unicode_ci NOT NULL DEFAULT 'D',
  `DATE_SENT` datetime DEFAULT NULL,
  `DATE_CREATE` datetime DEFAULT NULL,
  `COUNT_SEND_ALL` int(11) NOT NULL DEFAULT '0',
  `COUNT_SEND_NONE` int(11) NOT NULL DEFAULT '0',
  `COUNT_SEND_ERROR` int(11) NOT NULL DEFAULT '0',
  `COUNT_SEND_SUCCESS` int(11) NOT NULL DEFAULT '0',
  `COUNT_SEND_DENY` int(11) NOT NULL DEFAULT '0',
  `COUNT_READ` int(11) NOT NULL DEFAULT '0',
  `COUNT_CLICK` int(11) NOT NULL DEFAULT '0',
  `COUNT_UNSUB` int(11) NOT NULL DEFAULT '0',
  PRIMARY KEY (`ID`),
  KEY `IX_SENDER_POSTING_MAILING_CHAIN` (`MAILING_ID`,`STATUS`),
  KEY `IX_SENDER_POSTING_MAILING` (`MAILING_CHAIN_ID`,`STATUS`)
) ENGINE=InnoDB DEFAULT CHARSET=utf8 COLLATE=utf8_unicode_ci;
/*!40101 SET character_set_client = @saved_cs_client */;

--
-- Dumping data for table `b_sender_posting`
--

LOCK TABLES `b_sender_posting` WRITE;
/*!40000 ALTER TABLE `b_sender_posting` DISABLE KEYS */;
/*!40000 ALTER TABLE `b_sender_posting` ENABLE KEYS */;
UNLOCK TABLES;

--
-- Table structure for table `b_sender_posting_click`
--

DROP TABLE IF EXISTS `b_sender_posting_click`;
/*!40101 SET @saved_cs_client     = @@character_set_client */;
/*!40101 SET character_set_client = utf8 */;
CREATE TABLE `b_sender_posting_click` (
  `ID` int(11) NOT NULL AUTO_INCREMENT,
  `POSTING_ID` int(11) NOT NULL,
  `RECIPIENT_ID` int(11) DEFAULT NULL,
  `DATE_INSERT` datetime DEFAULT NULL,
  `URL` varchar(2000) COLLATE utf8_unicode_ci DEFAULT NULL,
  PRIMARY KEY (`ID`),
  KEY `IX_SENDER_POSTING_CLICK` (`POSTING_ID`,`RECIPIENT_ID`)
) ENGINE=InnoDB DEFAULT CHARSET=utf8 COLLATE=utf8_unicode_ci;
/*!40101 SET character_set_client = @saved_cs_client */;

--
-- Dumping data for table `b_sender_posting_click`
--

LOCK TABLES `b_sender_posting_click` WRITE;
/*!40000 ALTER TABLE `b_sender_posting_click` DISABLE KEYS */;
/*!40000 ALTER TABLE `b_sender_posting_click` ENABLE KEYS */;
UNLOCK TABLES;

--
-- Table structure for table `b_sender_posting_read`
--

DROP TABLE IF EXISTS `b_sender_posting_read`;
/*!40101 SET @saved_cs_client     = @@character_set_client */;
/*!40101 SET character_set_client = utf8 */;
CREATE TABLE `b_sender_posting_read` (
  `ID` int(11) NOT NULL AUTO_INCREMENT,
  `POSTING_ID` int(11) NOT NULL,
  `RECIPIENT_ID` int(11) DEFAULT NULL,
  `DATE_INSERT` datetime DEFAULT NULL,
  PRIMARY KEY (`ID`),
  KEY `IX_SENDER_POSTING_READ` (`POSTING_ID`,`RECIPIENT_ID`),
  KEY `ix_b_sender_posting_read_recip_id` (`RECIPIENT_ID`)
) ENGINE=InnoDB DEFAULT CHARSET=utf8 COLLATE=utf8_unicode_ci;
/*!40101 SET character_set_client = @saved_cs_client */;

--
-- Dumping data for table `b_sender_posting_read`
--

LOCK TABLES `b_sender_posting_read` WRITE;
/*!40000 ALTER TABLE `b_sender_posting_read` DISABLE KEYS */;
/*!40000 ALTER TABLE `b_sender_posting_read` ENABLE KEYS */;
UNLOCK TABLES;

--
-- Table structure for table `b_sender_posting_recipient`
--

DROP TABLE IF EXISTS `b_sender_posting_recipient`;
/*!40101 SET @saved_cs_client     = @@character_set_client */;
/*!40101 SET character_set_client = utf8 */;
CREATE TABLE `b_sender_posting_recipient` (
  `ID` int(11) NOT NULL AUTO_INCREMENT,
  `POSTING_ID` int(11) NOT NULL,
  `STATUS` char(1) COLLATE utf8_unicode_ci NOT NULL,
  `DATE_SENT` datetime DEFAULT NULL,
  `NAME` varchar(255) COLLATE utf8_unicode_ci DEFAULT NULL,
  `EMAIL` varchar(255) COLLATE utf8_unicode_ci DEFAULT NULL,
  `PHONE` varchar(20) COLLATE utf8_unicode_ci DEFAULT NULL,
  `USER_ID` int(11) DEFAULT NULL,
  `DATE_DENY` datetime DEFAULT NULL,
  `FIELDS` varchar(2000) COLLATE utf8_unicode_ci DEFAULT NULL,
  `ROOT_ID` int(11) DEFAULT NULL,
  `IS_READ` char(1) COLLATE utf8_unicode_ci NOT NULL DEFAULT 'N',
  `IS_CLICK` char(1) COLLATE utf8_unicode_ci NOT NULL DEFAULT 'N',
  `IS_UNSUB` char(1) COLLATE utf8_unicode_ci NOT NULL DEFAULT 'N',
  PRIMARY KEY (`ID`),
  KEY `IX_SENDER_POSTING_RECIP_EMAIL` (`EMAIL`),
  KEY `IX_SENDER_POSTING_RECIP_1` (`POSTING_ID`,`STATUS`)
) ENGINE=InnoDB DEFAULT CHARSET=utf8 COLLATE=utf8_unicode_ci;
/*!40101 SET character_set_client = @saved_cs_client */;

--
-- Dumping data for table `b_sender_posting_recipient`
--

LOCK TABLES `b_sender_posting_recipient` WRITE;
/*!40000 ALTER TABLE `b_sender_posting_recipient` DISABLE KEYS */;
/*!40000 ALTER TABLE `b_sender_posting_recipient` ENABLE KEYS */;
UNLOCK TABLES;

--
-- Table structure for table `b_sender_posting_unsub`
--

DROP TABLE IF EXISTS `b_sender_posting_unsub`;
/*!40101 SET @saved_cs_client     = @@character_set_client */;
/*!40101 SET character_set_client = utf8 */;
CREATE TABLE `b_sender_posting_unsub` (
  `ID` int(11) NOT NULL AUTO_INCREMENT,
  `RECIPIENT_ID` int(11) NOT NULL,
  `POSTING_ID` int(11) NOT NULL,
  `DATE_INSERT` datetime DEFAULT NULL,
  PRIMARY KEY (`ID`),
  KEY `IX_SENDER_POSTING_UNSUB` (`POSTING_ID`,`RECIPIENT_ID`)
) ENGINE=InnoDB DEFAULT CHARSET=utf8 COLLATE=utf8_unicode_ci;
/*!40101 SET character_set_client = @saved_cs_client */;

--
-- Dumping data for table `b_sender_posting_unsub`
--

LOCK TABLES `b_sender_posting_unsub` WRITE;
/*!40000 ALTER TABLE `b_sender_posting_unsub` DISABLE KEYS */;
/*!40000 ALTER TABLE `b_sender_posting_unsub` ENABLE KEYS */;
UNLOCK TABLES;

--
-- Table structure for table `b_sender_preset_template`
--

DROP TABLE IF EXISTS `b_sender_preset_template`;
/*!40101 SET @saved_cs_client     = @@character_set_client */;
/*!40101 SET character_set_client = utf8 */;
CREATE TABLE `b_sender_preset_template` (
  `ID` int(11) NOT NULL AUTO_INCREMENT,
  `ACTIVE` char(1) COLLATE utf8_unicode_ci NOT NULL DEFAULT 'Y',
  `NAME` varchar(50) COLLATE utf8_unicode_ci NOT NULL,
  `CONTENT` text COLLATE utf8_unicode_ci,
  PRIMARY KEY (`ID`)
) ENGINE=InnoDB DEFAULT CHARSET=utf8 COLLATE=utf8_unicode_ci;
/*!40101 SET character_set_client = @saved_cs_client */;

--
-- Dumping data for table `b_sender_preset_template`
--

LOCK TABLES `b_sender_preset_template` WRITE;
/*!40000 ALTER TABLE `b_sender_preset_template` DISABLE KEYS */;
/*!40000 ALTER TABLE `b_sender_preset_template` ENABLE KEYS */;
UNLOCK TABLES;

--
-- Table structure for table `b_seo_adv_autolog`
--

DROP TABLE IF EXISTS `b_seo_adv_autolog`;
/*!40101 SET @saved_cs_client     = @@character_set_client */;
/*!40101 SET character_set_client = utf8 */;
CREATE TABLE `b_seo_adv_autolog` (
  `ID` int(11) NOT NULL AUTO_INCREMENT,
  `ENGINE_ID` int(11) NOT NULL,
  `TIMESTAMP_X` timestamp NOT NULL DEFAULT CURRENT_TIMESTAMP ON UPDATE CURRENT_TIMESTAMP,
  `CAMPAIGN_ID` int(11) NOT NULL,
  `CAMPAIGN_XML_ID` varchar(255) COLLATE utf8_unicode_ci NOT NULL,
  `BANNER_ID` int(11) NOT NULL,
  `BANNER_XML_ID` varchar(255) COLLATE utf8_unicode_ci NOT NULL,
  `CAUSE_CODE` int(11) DEFAULT '0',
  `SUCCESS` char(1) COLLATE utf8_unicode_ci DEFAULT 'Y',
  PRIMARY KEY (`ID`),
  KEY `ix_b_seo_adv_autolog1` (`ENGINE_ID`),
  KEY `ix_b_seo_adv_autolog2` (`TIMESTAMP_X`)
) ENGINE=InnoDB DEFAULT CHARSET=utf8 COLLATE=utf8_unicode_ci;
/*!40101 SET character_set_client = @saved_cs_client */;

--
-- Dumping data for table `b_seo_adv_autolog`
--

LOCK TABLES `b_seo_adv_autolog` WRITE;
/*!40000 ALTER TABLE `b_seo_adv_autolog` DISABLE KEYS */;
/*!40000 ALTER TABLE `b_seo_adv_autolog` ENABLE KEYS */;
UNLOCK TABLES;

--
-- Table structure for table `b_seo_adv_banner`
--

DROP TABLE IF EXISTS `b_seo_adv_banner`;
/*!40101 SET @saved_cs_client     = @@character_set_client */;
/*!40101 SET character_set_client = utf8 */;
CREATE TABLE `b_seo_adv_banner` (
  `ID` int(11) NOT NULL AUTO_INCREMENT,
  `ENGINE_ID` int(11) NOT NULL,
  `OWNER_ID` varchar(255) COLLATE utf8_unicode_ci NOT NULL,
  `OWNER_NAME` varchar(255) COLLATE utf8_unicode_ci NOT NULL,
  `ACTIVE` char(1) COLLATE utf8_unicode_ci DEFAULT 'Y',
  `XML_ID` varchar(255) COLLATE utf8_unicode_ci NOT NULL,
  `LAST_UPDATE` timestamp NULL DEFAULT NULL,
  `NAME` varchar(255) COLLATE utf8_unicode_ci NOT NULL,
  `SETTINGS` text COLLATE utf8_unicode_ci,
  `CAMPAIGN_ID` int(11) NOT NULL,
  `GROUP_ID` int(11) DEFAULT NULL,
  `AUTO_QUANTITY_OFF` char(1) COLLATE utf8_unicode_ci DEFAULT 'N',
  `AUTO_QUANTITY_ON` char(1) COLLATE utf8_unicode_ci DEFAULT 'N',
  PRIMARY KEY (`ID`),
  UNIQUE KEY `ux_b_seo_adv_banner` (`ENGINE_ID`,`XML_ID`),
  KEY `ix_b_seo_adv_banner1` (`CAMPAIGN_ID`),
  KEY `ix_b_seo_adv_banner2` (`AUTO_QUANTITY_OFF`,`AUTO_QUANTITY_ON`)
) ENGINE=InnoDB DEFAULT CHARSET=utf8 COLLATE=utf8_unicode_ci;
/*!40101 SET character_set_client = @saved_cs_client */;

--
-- Dumping data for table `b_seo_adv_banner`
--

LOCK TABLES `b_seo_adv_banner` WRITE;
/*!40000 ALTER TABLE `b_seo_adv_banner` DISABLE KEYS */;
/*!40000 ALTER TABLE `b_seo_adv_banner` ENABLE KEYS */;
UNLOCK TABLES;

--
-- Table structure for table `b_seo_adv_campaign`
--

DROP TABLE IF EXISTS `b_seo_adv_campaign`;
/*!40101 SET @saved_cs_client     = @@character_set_client */;
/*!40101 SET character_set_client = utf8 */;
CREATE TABLE `b_seo_adv_campaign` (
  `ID` int(11) NOT NULL AUTO_INCREMENT,
  `ENGINE_ID` int(11) NOT NULL,
  `ACTIVE` char(1) COLLATE utf8_unicode_ci NOT NULL DEFAULT 'Y',
  `OWNER_ID` varchar(255) COLLATE utf8_unicode_ci NOT NULL,
  `OWNER_NAME` varchar(255) COLLATE utf8_unicode_ci NOT NULL,
  `XML_ID` varchar(255) COLLATE utf8_unicode_ci NOT NULL,
  `NAME` varchar(255) COLLATE utf8_unicode_ci NOT NULL,
  `LAST_UPDATE` timestamp NULL DEFAULT NULL,
  `SETTINGS` text COLLATE utf8_unicode_ci,
  PRIMARY KEY (`ID`),
  UNIQUE KEY `ux_b_seo_adv_campaign` (`ENGINE_ID`,`XML_ID`)
) ENGINE=InnoDB DEFAULT CHARSET=utf8 COLLATE=utf8_unicode_ci;
/*!40101 SET character_set_client = @saved_cs_client */;

--
-- Dumping data for table `b_seo_adv_campaign`
--

LOCK TABLES `b_seo_adv_campaign` WRITE;
/*!40000 ALTER TABLE `b_seo_adv_campaign` DISABLE KEYS */;
/*!40000 ALTER TABLE `b_seo_adv_campaign` ENABLE KEYS */;
UNLOCK TABLES;

--
-- Table structure for table `b_seo_adv_group`
--

DROP TABLE IF EXISTS `b_seo_adv_group`;
/*!40101 SET @saved_cs_client     = @@character_set_client */;
/*!40101 SET character_set_client = utf8 */;
CREATE TABLE `b_seo_adv_group` (
  `ID` int(11) NOT NULL AUTO_INCREMENT,
  `ENGINE_ID` int(11) NOT NULL,
  `OWNER_ID` varchar(255) COLLATE utf8_unicode_ci NOT NULL,
  `OWNER_NAME` varchar(255) COLLATE utf8_unicode_ci NOT NULL,
  `ACTIVE` char(1) COLLATE utf8_unicode_ci DEFAULT 'Y',
  `XML_ID` varchar(255) COLLATE utf8_unicode_ci NOT NULL,
  `LAST_UPDATE` timestamp NULL DEFAULT NULL,
  `NAME` varchar(255) COLLATE utf8_unicode_ci NOT NULL,
  `SETTINGS` text COLLATE utf8_unicode_ci,
  `CAMPAIGN_ID` int(11) NOT NULL,
  PRIMARY KEY (`ID`),
  UNIQUE KEY `ux_b_seo_adv_group` (`ENGINE_ID`,`XML_ID`),
  KEY `ix_b_seo_adv_group1` (`CAMPAIGN_ID`)
) ENGINE=InnoDB DEFAULT CHARSET=utf8 COLLATE=utf8_unicode_ci;
/*!40101 SET character_set_client = @saved_cs_client */;

--
-- Dumping data for table `b_seo_adv_group`
--

LOCK TABLES `b_seo_adv_group` WRITE;
/*!40000 ALTER TABLE `b_seo_adv_group` DISABLE KEYS */;
/*!40000 ALTER TABLE `b_seo_adv_group` ENABLE KEYS */;
UNLOCK TABLES;

--
-- Table structure for table `b_seo_adv_link`
--

DROP TABLE IF EXISTS `b_seo_adv_link`;
/*!40101 SET @saved_cs_client     = @@character_set_client */;
/*!40101 SET character_set_client = utf8 */;
CREATE TABLE `b_seo_adv_link` (
  `LINK_TYPE` char(1) COLLATE utf8_unicode_ci NOT NULL,
  `LINK_ID` int(18) NOT NULL,
  `BANNER_ID` int(11) NOT NULL,
  PRIMARY KEY (`LINK_TYPE`,`LINK_ID`,`BANNER_ID`)
) ENGINE=InnoDB DEFAULT CHARSET=utf8 COLLATE=utf8_unicode_ci;
/*!40101 SET character_set_client = @saved_cs_client */;

--
-- Dumping data for table `b_seo_adv_link`
--

LOCK TABLES `b_seo_adv_link` WRITE;
/*!40000 ALTER TABLE `b_seo_adv_link` DISABLE KEYS */;
/*!40000 ALTER TABLE `b_seo_adv_link` ENABLE KEYS */;
UNLOCK TABLES;

--
-- Table structure for table `b_seo_adv_log`
--

DROP TABLE IF EXISTS `b_seo_adv_log`;
/*!40101 SET @saved_cs_client     = @@character_set_client */;
/*!40101 SET character_set_client = utf8 */;
CREATE TABLE `b_seo_adv_log` (
  `ID` int(11) NOT NULL AUTO_INCREMENT,
  `ENGINE_ID` int(11) NOT NULL,
  `TIMESTAMP_X` timestamp NOT NULL DEFAULT CURRENT_TIMESTAMP ON UPDATE CURRENT_TIMESTAMP,
  `REQUEST_URI` varchar(100) COLLATE utf8_unicode_ci NOT NULL,
  `REQUEST_DATA` text COLLATE utf8_unicode_ci,
  `RESPONSE_TIME` float NOT NULL,
  `RESPONSE_STATUS` int(5) DEFAULT NULL,
  `RESPONSE_DATA` text COLLATE utf8_unicode_ci,
  PRIMARY KEY (`ID`),
  KEY `ix_b_seo_adv_log1` (`ENGINE_ID`),
  KEY `ix_b_seo_adv_log2` (`TIMESTAMP_X`)
) ENGINE=InnoDB DEFAULT CHARSET=utf8 COLLATE=utf8_unicode_ci;
/*!40101 SET character_set_client = @saved_cs_client */;

--
-- Dumping data for table `b_seo_adv_log`
--

LOCK TABLES `b_seo_adv_log` WRITE;
/*!40000 ALTER TABLE `b_seo_adv_log` DISABLE KEYS */;
/*!40000 ALTER TABLE `b_seo_adv_log` ENABLE KEYS */;
UNLOCK TABLES;

--
-- Table structure for table `b_seo_adv_order`
--

DROP TABLE IF EXISTS `b_seo_adv_order`;
/*!40101 SET @saved_cs_client     = @@character_set_client */;
/*!40101 SET character_set_client = utf8 */;
CREATE TABLE `b_seo_adv_order` (
  `ID` int(11) NOT NULL AUTO_INCREMENT,
  `ENGINE_ID` int(11) NOT NULL,
  `TIMESTAMP_X` timestamp NOT NULL DEFAULT CURRENT_TIMESTAMP ON UPDATE CURRENT_TIMESTAMP,
  `CAMPAIGN_ID` int(11) NOT NULL,
  `BANNER_ID` int(11) NOT NULL,
  `ORDER_ID` int(11) NOT NULL,
  `SUM` float DEFAULT '0',
  `PROCESSED` char(1) COLLATE utf8_unicode_ci DEFAULT 'N',
  PRIMARY KEY (`ID`),
  UNIQUE KEY `ux_b_seo_adv_order` (`ENGINE_ID`,`CAMPAIGN_ID`,`BANNER_ID`,`ORDER_ID`),
  KEY `ix_b_seo_adv_order1` (`ORDER_ID`,`PROCESSED`)
) ENGINE=InnoDB DEFAULT CHARSET=utf8 COLLATE=utf8_unicode_ci;
/*!40101 SET character_set_client = @saved_cs_client */;

--
-- Dumping data for table `b_seo_adv_order`
--

LOCK TABLES `b_seo_adv_order` WRITE;
/*!40000 ALTER TABLE `b_seo_adv_order` DISABLE KEYS */;
/*!40000 ALTER TABLE `b_seo_adv_order` ENABLE KEYS */;
UNLOCK TABLES;

--
-- Table structure for table `b_seo_adv_region`
--

DROP TABLE IF EXISTS `b_seo_adv_region`;
/*!40101 SET @saved_cs_client     = @@character_set_client */;
/*!40101 SET character_set_client = utf8 */;
CREATE TABLE `b_seo_adv_region` (
  `ID` int(11) NOT NULL AUTO_INCREMENT,
  `ENGINE_ID` int(11) NOT NULL,
  `OWNER_ID` varchar(255) COLLATE utf8_unicode_ci NOT NULL,
  `OWNER_NAME` varchar(255) COLLATE utf8_unicode_ci NOT NULL,
  `ACTIVE` char(1) COLLATE utf8_unicode_ci DEFAULT 'Y',
  `XML_ID` varchar(255) COLLATE utf8_unicode_ci NOT NULL,
  `LAST_UPDATE` timestamp NULL DEFAULT NULL,
  `NAME` varchar(255) COLLATE utf8_unicode_ci NOT NULL,
  `SETTINGS` text COLLATE utf8_unicode_ci,
  `PARENT_ID` int(11) NOT NULL,
  PRIMARY KEY (`ID`),
  UNIQUE KEY `ux_b_seo_adv_region` (`ENGINE_ID`,`XML_ID`),
  KEY `ix_b_seo_adv_region1` (`PARENT_ID`)
) ENGINE=InnoDB DEFAULT CHARSET=utf8 COLLATE=utf8_unicode_ci;
/*!40101 SET character_set_client = @saved_cs_client */;

--
-- Dumping data for table `b_seo_adv_region`
--

LOCK TABLES `b_seo_adv_region` WRITE;
/*!40000 ALTER TABLE `b_seo_adv_region` DISABLE KEYS */;
/*!40000 ALTER TABLE `b_seo_adv_region` ENABLE KEYS */;
UNLOCK TABLES;

--
-- Table structure for table `b_seo_keywords`
--

DROP TABLE IF EXISTS `b_seo_keywords`;
/*!40101 SET @saved_cs_client     = @@character_set_client */;
/*!40101 SET character_set_client = utf8 */;
CREATE TABLE `b_seo_keywords` (
  `ID` int(11) NOT NULL AUTO_INCREMENT,
  `SITE_ID` char(2) COLLATE utf8_unicode_ci NOT NULL,
  `URL` varchar(255) COLLATE utf8_unicode_ci DEFAULT NULL,
  `KEYWORDS` text COLLATE utf8_unicode_ci,
  PRIMARY KEY (`ID`),
  KEY `ix_b_seo_keywords_url` (`URL`,`SITE_ID`)
) ENGINE=InnoDB AUTO_INCREMENT=4 DEFAULT CHARSET=utf8 COLLATE=utf8_unicode_ci;
/*!40101 SET character_set_client = @saved_cs_client */;

--
-- Dumping data for table `b_seo_keywords`
--

LOCK TABLES `b_seo_keywords` WRITE;
/*!40000 ALTER TABLE `b_seo_keywords` DISABLE KEYS */;
INSERT INTO `b_seo_keywords` VALUES (1,'s1','/kontakty/',''),(2,'s1','/optimizatsiya-i-prodvizhenie/',''),(3,'s1','/','');
/*!40000 ALTER TABLE `b_seo_keywords` ENABLE KEYS */;
UNLOCK TABLES;

--
-- Table structure for table `b_seo_search_engine`
--

DROP TABLE IF EXISTS `b_seo_search_engine`;
/*!40101 SET @saved_cs_client     = @@character_set_client */;
/*!40101 SET character_set_client = utf8 */;
CREATE TABLE `b_seo_search_engine` (
  `ID` int(11) NOT NULL AUTO_INCREMENT,
  `CODE` varchar(50) COLLATE utf8_unicode_ci NOT NULL,
  `ACTIVE` char(1) COLLATE utf8_unicode_ci DEFAULT 'Y',
  `SORT` int(5) DEFAULT '100',
  `NAME` varchar(255) COLLATE utf8_unicode_ci NOT NULL,
  `CLIENT_ID` varchar(255) COLLATE utf8_unicode_ci DEFAULT NULL,
  `CLIENT_SECRET` varchar(255) COLLATE utf8_unicode_ci DEFAULT NULL,
  `REDIRECT_URI` varchar(255) COLLATE utf8_unicode_ci DEFAULT NULL,
  `SETTINGS` text COLLATE utf8_unicode_ci,
  PRIMARY KEY (`ID`),
  UNIQUE KEY `ux_b_seo_search_engine_code` (`CODE`)
) ENGINE=InnoDB AUTO_INCREMENT=4 DEFAULT CHARSET=utf8 COLLATE=utf8_unicode_ci;
/*!40101 SET character_set_client = @saved_cs_client */;

--
-- Dumping data for table `b_seo_search_engine`
--

LOCK TABLES `b_seo_search_engine` WRITE;
/*!40000 ALTER TABLE `b_seo_search_engine` DISABLE KEYS */;
INSERT INTO `b_seo_search_engine` VALUES (1,'google','Y',200,'Google','868942902147-qrrd6ce1ajfkpse8ieq4gkpdeanvtnno.apps.googleusercontent.com','EItMlJpZLC2WRPKB6QsA5bV9','urn:ietf:wg:oauth:2.0:oob',NULL),(2,'yandex','Y',300,'Yandex','f848c7bfc1d34a94ba6d05439f81bbd7','da0e73b2d9cc4e809f3170e49cb9df01','https://oauth.yandex.ru/verification_code',NULL),(3,'yandex_direct','Y',400,'Yandex.Direct','','','https://oauth.yandex.ru/verification_code',NULL);
/*!40000 ALTER TABLE `b_seo_search_engine` ENABLE KEYS */;
UNLOCK TABLES;

--
-- Table structure for table `b_seo_sitemap`
--

DROP TABLE IF EXISTS `b_seo_sitemap`;
/*!40101 SET @saved_cs_client     = @@character_set_client */;
/*!40101 SET character_set_client = utf8 */;
CREATE TABLE `b_seo_sitemap` (
  `ID` int(11) NOT NULL AUTO_INCREMENT,
  `TIMESTAMP_X` timestamp NOT NULL DEFAULT CURRENT_TIMESTAMP ON UPDATE CURRENT_TIMESTAMP,
  `SITE_ID` char(2) COLLATE utf8_unicode_ci NOT NULL,
  `ACTIVE` char(1) COLLATE utf8_unicode_ci DEFAULT 'Y',
  `NAME` varchar(255) COLLATE utf8_unicode_ci DEFAULT '',
  `DATE_RUN` datetime DEFAULT NULL,
  `SETTINGS` longtext COLLATE utf8_unicode_ci,
  PRIMARY KEY (`ID`)
) ENGINE=InnoDB DEFAULT CHARSET=utf8 COLLATE=utf8_unicode_ci;
/*!40101 SET character_set_client = @saved_cs_client */;

--
-- Dumping data for table `b_seo_sitemap`
--

LOCK TABLES `b_seo_sitemap` WRITE;
/*!40000 ALTER TABLE `b_seo_sitemap` DISABLE KEYS */;
/*!40000 ALTER TABLE `b_seo_sitemap` ENABLE KEYS */;
UNLOCK TABLES;

--
-- Table structure for table `b_seo_sitemap_entity`
--

DROP TABLE IF EXISTS `b_seo_sitemap_entity`;
/*!40101 SET @saved_cs_client     = @@character_set_client */;
/*!40101 SET character_set_client = utf8 */;
CREATE TABLE `b_seo_sitemap_entity` (
  `ID` int(11) NOT NULL AUTO_INCREMENT,
  `ENTITY_TYPE` varchar(255) COLLATE utf8_unicode_ci NOT NULL,
  `ENTITY_ID` int(11) NOT NULL,
  `SITEMAP_ID` int(11) NOT NULL,
  PRIMARY KEY (`ID`),
  KEY `ix_b_seo_sitemap_entity_1` (`ENTITY_TYPE`,`ENTITY_ID`),
  KEY `ix_b_seo_sitemap_entity_2` (`SITEMAP_ID`)
) ENGINE=InnoDB DEFAULT CHARSET=utf8 COLLATE=utf8_unicode_ci;
/*!40101 SET character_set_client = @saved_cs_client */;

--
-- Dumping data for table `b_seo_sitemap_entity`
--

LOCK TABLES `b_seo_sitemap_entity` WRITE;
/*!40000 ALTER TABLE `b_seo_sitemap_entity` DISABLE KEYS */;
/*!40000 ALTER TABLE `b_seo_sitemap_entity` ENABLE KEYS */;
UNLOCK TABLES;

--
-- Table structure for table `b_seo_sitemap_iblock`
--

DROP TABLE IF EXISTS `b_seo_sitemap_iblock`;
/*!40101 SET @saved_cs_client     = @@character_set_client */;
/*!40101 SET character_set_client = utf8 */;
CREATE TABLE `b_seo_sitemap_iblock` (
  `ID` int(11) NOT NULL AUTO_INCREMENT,
  `IBLOCK_ID` int(11) NOT NULL,
  `SITEMAP_ID` int(11) NOT NULL,
  PRIMARY KEY (`ID`),
  KEY `ix_b_seo_sitemap_iblock_1` (`IBLOCK_ID`),
  KEY `ix_b_seo_sitemap_iblock_2` (`SITEMAP_ID`)
) ENGINE=InnoDB DEFAULT CHARSET=utf8 COLLATE=utf8_unicode_ci;
/*!40101 SET character_set_client = @saved_cs_client */;

--
-- Dumping data for table `b_seo_sitemap_iblock`
--

LOCK TABLES `b_seo_sitemap_iblock` WRITE;
/*!40000 ALTER TABLE `b_seo_sitemap_iblock` DISABLE KEYS */;
/*!40000 ALTER TABLE `b_seo_sitemap_iblock` ENABLE KEYS */;
UNLOCK TABLES;

--
-- Table structure for table `b_seo_sitemap_runtime`
--

DROP TABLE IF EXISTS `b_seo_sitemap_runtime`;
/*!40101 SET @saved_cs_client     = @@character_set_client */;
/*!40101 SET character_set_client = utf8 */;
CREATE TABLE `b_seo_sitemap_runtime` (
  `ID` int(11) NOT NULL AUTO_INCREMENT,
  `PID` int(11) NOT NULL,
  `PROCESSED` char(1) COLLATE utf8_unicode_ci NOT NULL DEFAULT 'N',
  `ITEM_PATH` varchar(700) COLLATE utf8_unicode_ci DEFAULT NULL,
  `ITEM_ID` int(11) DEFAULT NULL,
  `ITEM_TYPE` char(1) COLLATE utf8_unicode_ci NOT NULL DEFAULT 'D',
  `ACTIVE` char(1) COLLATE utf8_unicode_ci DEFAULT 'Y',
  `ACTIVE_ELEMENT` char(1) COLLATE utf8_unicode_ci DEFAULT 'Y',
  PRIMARY KEY (`ID`),
  KEY `ix_seo_sitemap_runtime1` (`PID`,`PROCESSED`,`ITEM_TYPE`,`ITEM_ID`)
) ENGINE=InnoDB DEFAULT CHARSET=utf8 COLLATE=utf8_unicode_ci;
/*!40101 SET character_set_client = @saved_cs_client */;

--
-- Dumping data for table `b_seo_sitemap_runtime`
--

LOCK TABLES `b_seo_sitemap_runtime` WRITE;
/*!40000 ALTER TABLE `b_seo_sitemap_runtime` DISABLE KEYS */;
/*!40000 ALTER TABLE `b_seo_sitemap_runtime` ENABLE KEYS */;
UNLOCK TABLES;

--
-- Table structure for table `b_seo_yandex_direct_stat`
--

DROP TABLE IF EXISTS `b_seo_yandex_direct_stat`;
/*!40101 SET @saved_cs_client     = @@character_set_client */;
/*!40101 SET character_set_client = utf8 */;
CREATE TABLE `b_seo_yandex_direct_stat` (
  `ID` int(18) NOT NULL AUTO_INCREMENT,
  `CAMPAIGN_ID` int(11) NOT NULL,
  `BANNER_ID` int(11) NOT NULL,
  `DATE_DAY` date NOT NULL,
  `CURRENCY` char(3) COLLATE utf8_unicode_ci DEFAULT NULL,
  `SUM` float DEFAULT '0',
  `SUM_SEARCH` float DEFAULT '0',
  `SUM_CONTEXT` float DEFAULT '0',
  `CLICKS` int(7) DEFAULT '0',
  `CLICKS_SEARCH` int(7) DEFAULT '0',
  `CLICKS_CONTEXT` int(7) DEFAULT '0',
  `SHOWS` int(7) DEFAULT '0',
  `SHOWS_SEARCH` int(7) DEFAULT '0',
  `SHOWS_CONTEXT` int(7) DEFAULT '0',
  PRIMARY KEY (`ID`),
  UNIQUE KEY `ux_seo_yandex_direct_stat` (`BANNER_ID`,`DATE_DAY`),
  KEY `ix_seo_yandex_direct_stat1` (`CAMPAIGN_ID`)
) ENGINE=InnoDB DEFAULT CHARSET=utf8 COLLATE=utf8_unicode_ci;
/*!40101 SET character_set_client = @saved_cs_client */;

--
-- Dumping data for table `b_seo_yandex_direct_stat`
--

LOCK TABLES `b_seo_yandex_direct_stat` WRITE;
/*!40000 ALTER TABLE `b_seo_yandex_direct_stat` DISABLE KEYS */;
/*!40000 ALTER TABLE `b_seo_yandex_direct_stat` ENABLE KEYS */;
UNLOCK TABLES;

--
-- Table structure for table `b_short_uri`
--

DROP TABLE IF EXISTS `b_short_uri`;
/*!40101 SET @saved_cs_client     = @@character_set_client */;
/*!40101 SET character_set_client = utf8 */;
CREATE TABLE `b_short_uri` (
  `ID` int(18) NOT NULL AUTO_INCREMENT,
  `URI` varchar(250) COLLATE utf8_unicode_ci NOT NULL,
  `URI_CRC` int(18) NOT NULL,
  `SHORT_URI` varbinary(250) NOT NULL,
  `SHORT_URI_CRC` int(18) NOT NULL,
  `STATUS` int(18) NOT NULL DEFAULT '301',
  `MODIFIED` datetime NOT NULL,
  `LAST_USED` datetime DEFAULT NULL,
  `NUMBER_USED` int(18) NOT NULL DEFAULT '0',
  PRIMARY KEY (`ID`),
  KEY `ux_b_short_uri_1` (`SHORT_URI_CRC`),
  KEY `ux_b_short_uri_2` (`URI_CRC`)
) ENGINE=InnoDB DEFAULT CHARSET=utf8 COLLATE=utf8_unicode_ci;
/*!40101 SET character_set_client = @saved_cs_client */;

--
-- Dumping data for table `b_short_uri`
--

LOCK TABLES `b_short_uri` WRITE;
/*!40000 ALTER TABLE `b_short_uri` DISABLE KEYS */;
/*!40000 ALTER TABLE `b_short_uri` ENABLE KEYS */;
UNLOCK TABLES;

--
-- Table structure for table `b_site_template`
--

DROP TABLE IF EXISTS `b_site_template`;
/*!40101 SET @saved_cs_client     = @@character_set_client */;
/*!40101 SET character_set_client = utf8 */;
CREATE TABLE `b_site_template` (
  `ID` int(11) NOT NULL AUTO_INCREMENT,
  `SITE_ID` char(2) COLLATE utf8_unicode_ci NOT NULL,
  `CONDITION` varchar(255) COLLATE utf8_unicode_ci DEFAULT NULL,
  `SORT` int(11) NOT NULL DEFAULT '500',
  `TEMPLATE` varchar(255) COLLATE utf8_unicode_ci NOT NULL,
  PRIMARY KEY (`ID`),
  KEY `ix_site_template_site` (`SITE_ID`)
) ENGINE=InnoDB AUTO_INCREMENT=61 DEFAULT CHARSET=utf8 COLLATE=utf8_unicode_ci;
/*!40101 SET character_set_client = @saved_cs_client */;

--
-- Dumping data for table `b_site_template`
--

LOCK TABLES `b_site_template` WRITE;
/*!40000 ALTER TABLE `b_site_template` DISABLE KEYS */;
INSERT INTO `b_site_template` VALUES (60,'s1','',1,'moiogorod');
/*!40000 ALTER TABLE `b_site_template` ENABLE KEYS */;
UNLOCK TABLES;

--
-- Table structure for table `b_smile`
--

DROP TABLE IF EXISTS `b_smile`;
/*!40101 SET @saved_cs_client     = @@character_set_client */;
/*!40101 SET character_set_client = utf8 */;
CREATE TABLE `b_smile` (
  `ID` int(18) NOT NULL AUTO_INCREMENT,
  `TYPE` char(1) COLLATE utf8_unicode_ci NOT NULL DEFAULT 'S',
  `SET_ID` int(18) NOT NULL DEFAULT '0',
  `SORT` int(10) NOT NULL DEFAULT '150',
  `TYPING` varchar(100) COLLATE utf8_unicode_ci DEFAULT NULL,
  `CLICKABLE` char(1) COLLATE utf8_unicode_ci NOT NULL DEFAULT 'Y',
  `HIDDEN` char(1) COLLATE utf8_unicode_ci NOT NULL DEFAULT 'N',
  `IMAGE` varchar(255) COLLATE utf8_unicode_ci NOT NULL,
  `IMAGE_DEFINITION` varchar(10) COLLATE utf8_unicode_ci NOT NULL DEFAULT 'SD',
  `IMAGE_WIDTH` int(11) NOT NULL DEFAULT '0',
  `IMAGE_HEIGHT` int(11) NOT NULL DEFAULT '0',
  PRIMARY KEY (`ID`)
) ENGINE=InnoDB DEFAULT CHARSET=utf8 COLLATE=utf8_unicode_ci;
/*!40101 SET character_set_client = @saved_cs_client */;

--
-- Dumping data for table `b_smile`
--

LOCK TABLES `b_smile` WRITE;
/*!40000 ALTER TABLE `b_smile` DISABLE KEYS */;
/*!40000 ALTER TABLE `b_smile` ENABLE KEYS */;
UNLOCK TABLES;

--
-- Table structure for table `b_smile_lang`
--

DROP TABLE IF EXISTS `b_smile_lang`;
/*!40101 SET @saved_cs_client     = @@character_set_client */;
/*!40101 SET character_set_client = utf8 */;
CREATE TABLE `b_smile_lang` (
  `ID` int(18) NOT NULL AUTO_INCREMENT,
  `TYPE` char(1) COLLATE utf8_unicode_ci NOT NULL DEFAULT 'S',
  `SID` int(11) NOT NULL,
  `LID` char(2) COLLATE utf8_unicode_ci NOT NULL,
  `NAME` varchar(255) COLLATE utf8_unicode_ci NOT NULL,
  PRIMARY KEY (`ID`),
  UNIQUE KEY `UX_SMILE_SL` (`TYPE`,`SID`,`LID`)
) ENGINE=InnoDB AUTO_INCREMENT=5 DEFAULT CHARSET=utf8 COLLATE=utf8_unicode_ci;
/*!40101 SET character_set_client = @saved_cs_client */;

--
-- Dumping data for table `b_smile_lang`
--

LOCK TABLES `b_smile_lang` WRITE;
/*!40000 ALTER TABLE `b_smile_lang` DISABLE KEYS */;
INSERT INTO `b_smile_lang` VALUES (1,'P',1,'ru','Стандартная галерея'),(2,'P',1,'en','Standard gallery'),(3,'G',2,'ru','Основной набор'),(4,'G',2,'en','Default pack');
/*!40000 ALTER TABLE `b_smile_lang` ENABLE KEYS */;
UNLOCK TABLES;

--
-- Table structure for table `b_smile_set`
--

DROP TABLE IF EXISTS `b_smile_set`;
/*!40101 SET @saved_cs_client     = @@character_set_client */;
/*!40101 SET character_set_client = utf8 */;
CREATE TABLE `b_smile_set` (
  `ID` int(18) NOT NULL AUTO_INCREMENT,
  `TYPE` char(1) COLLATE utf8_unicode_ci NOT NULL DEFAULT 'G',
  `PARENT_ID` int(18) NOT NULL DEFAULT '0',
  `STRING_ID` varchar(255) COLLATE utf8_unicode_ci DEFAULT NULL,
  `SORT` int(10) NOT NULL DEFAULT '150',
  PRIMARY KEY (`ID`)
) ENGINE=InnoDB AUTO_INCREMENT=3 DEFAULT CHARSET=utf8 COLLATE=utf8_unicode_ci;
/*!40101 SET character_set_client = @saved_cs_client */;

--
-- Dumping data for table `b_smile_set`
--

LOCK TABLES `b_smile_set` WRITE;
/*!40000 ALTER TABLE `b_smile_set` DISABLE KEYS */;
INSERT INTO `b_smile_set` VALUES (1,'P',0,'bitrix',150),(2,'G',1,'bitrix_main',150);
/*!40000 ALTER TABLE `b_smile_set` ENABLE KEYS */;
UNLOCK TABLES;

--
-- Table structure for table `b_socialservices_ap`
--

DROP TABLE IF EXISTS `b_socialservices_ap`;
/*!40101 SET @saved_cs_client     = @@character_set_client */;
/*!40101 SET character_set_client = utf8 */;
CREATE TABLE `b_socialservices_ap` (
  `ID` int(11) NOT NULL AUTO_INCREMENT,
  `TIMESTAMP_X` timestamp NULL DEFAULT CURRENT_TIMESTAMP,
  `USER_ID` int(11) NOT NULL,
  `DOMAIN` varchar(255) COLLATE utf8_unicode_ci NOT NULL,
  `ENDPOINT` varchar(255) COLLATE utf8_unicode_ci DEFAULT NULL,
  `LOGIN` varchar(50) COLLATE utf8_unicode_ci DEFAULT NULL,
  `PASSWORD` varchar(50) COLLATE utf8_unicode_ci DEFAULT NULL,
  `LAST_AUTHORIZE` datetime DEFAULT NULL,
  PRIMARY KEY (`ID`),
  KEY `ix_socialservices_ap1` (`USER_ID`,`DOMAIN`)
) ENGINE=InnoDB DEFAULT CHARSET=utf8 COLLATE=utf8_unicode_ci;
/*!40101 SET character_set_client = @saved_cs_client */;

--
-- Dumping data for table `b_socialservices_ap`
--

LOCK TABLES `b_socialservices_ap` WRITE;
/*!40000 ALTER TABLE `b_socialservices_ap` DISABLE KEYS */;
/*!40000 ALTER TABLE `b_socialservices_ap` ENABLE KEYS */;
UNLOCK TABLES;

--
-- Table structure for table `b_socialservices_contact`
--

DROP TABLE IF EXISTS `b_socialservices_contact`;
/*!40101 SET @saved_cs_client     = @@character_set_client */;
/*!40101 SET character_set_client = utf8 */;
CREATE TABLE `b_socialservices_contact` (
  `ID` int(11) NOT NULL AUTO_INCREMENT,
  `TIMESTAMP_X` timestamp NULL DEFAULT CURRENT_TIMESTAMP,
  `USER_ID` int(11) NOT NULL,
  `CONTACT_USER_ID` int(11) DEFAULT NULL,
  `CONTACT_XML_ID` int(11) DEFAULT NULL,
  `CONTACT_NAME` varchar(255) COLLATE utf8_unicode_ci DEFAULT NULL,
  `CONTACT_LAST_NAME` varchar(255) COLLATE utf8_unicode_ci DEFAULT NULL,
  `CONTACT_PHOTO` varchar(255) COLLATE utf8_unicode_ci DEFAULT NULL,
  `NOTIFY` char(1) COLLATE utf8_unicode_ci DEFAULT 'N',
  `LAST_AUTHORIZE` datetime DEFAULT NULL,
  PRIMARY KEY (`ID`),
  KEY `ix_b_socialservices_contact1` (`USER_ID`),
  KEY `ix_b_socialservices_contact2` (`CONTACT_USER_ID`),
  KEY `ix_b_socialservices_contact3` (`TIMESTAMP_X`),
  KEY `ix_b_socialservices_contact4` (`LAST_AUTHORIZE`)
) ENGINE=MyISAM DEFAULT CHARSET=utf8 COLLATE=utf8_unicode_ci;
/*!40101 SET character_set_client = @saved_cs_client */;

--
-- Dumping data for table `b_socialservices_contact`
--

LOCK TABLES `b_socialservices_contact` WRITE;
/*!40000 ALTER TABLE `b_socialservices_contact` DISABLE KEYS */;
/*!40000 ALTER TABLE `b_socialservices_contact` ENABLE KEYS */;
UNLOCK TABLES;

--
-- Table structure for table `b_socialservices_contact_connect`
--

DROP TABLE IF EXISTS `b_socialservices_contact_connect`;
/*!40101 SET @saved_cs_client     = @@character_set_client */;
/*!40101 SET character_set_client = utf8 */;
CREATE TABLE `b_socialservices_contact_connect` (
  `ID` int(11) NOT NULL AUTO_INCREMENT,
  `TIMESTAMP_X` timestamp NULL DEFAULT CURRENT_TIMESTAMP,
  `CONTACT_ID` int(11) DEFAULT NULL,
  `LINK_ID` int(11) DEFAULT NULL,
  `CONTACT_PROFILE_ID` int(11) NOT NULL,
  `CONTACT_PORTAL` varchar(255) COLLATE utf8_unicode_ci NOT NULL,
  `CONNECT_TYPE` char(1) COLLATE utf8_unicode_ci DEFAULT 'P',
  `LAST_AUTHORIZE` datetime DEFAULT NULL,
  PRIMARY KEY (`ID`),
  KEY `ix_b_socialservices_contact_connect1` (`CONTACT_ID`),
  KEY `ix_b_socialservices_contact_connect2` (`LINK_ID`),
  KEY `ix_b_socialservices_contact_connect3` (`LAST_AUTHORIZE`)
) ENGINE=MyISAM DEFAULT CHARSET=utf8 COLLATE=utf8_unicode_ci;
/*!40101 SET character_set_client = @saved_cs_client */;

--
-- Dumping data for table `b_socialservices_contact_connect`
--

LOCK TABLES `b_socialservices_contact_connect` WRITE;
/*!40000 ALTER TABLE `b_socialservices_contact_connect` DISABLE KEYS */;
/*!40000 ALTER TABLE `b_socialservices_contact_connect` ENABLE KEYS */;
UNLOCK TABLES;

--
-- Table structure for table `b_socialservices_message`
--

DROP TABLE IF EXISTS `b_socialservices_message`;
/*!40101 SET @saved_cs_client     = @@character_set_client */;
/*!40101 SET character_set_client = utf8 */;
CREATE TABLE `b_socialservices_message` (
  `ID` int(11) NOT NULL AUTO_INCREMENT,
  `USER_ID` int(11) NOT NULL,
  `SOCSERV_USER_ID` int(11) NOT NULL,
  `PROVIDER` varchar(100) COLLATE utf8_unicode_ci NOT NULL,
  `MESSAGE` varchar(1000) COLLATE utf8_unicode_ci DEFAULT NULL,
  `INSERT_DATE` datetime DEFAULT NULL,
  `SUCCES_SENT` char(1) COLLATE utf8_unicode_ci NOT NULL DEFAULT 'N',
  PRIMARY KEY (`ID`)
) ENGINE=InnoDB DEFAULT CHARSET=utf8 COLLATE=utf8_unicode_ci;
/*!40101 SET character_set_client = @saved_cs_client */;

--
-- Dumping data for table `b_socialservices_message`
--

LOCK TABLES `b_socialservices_message` WRITE;
/*!40000 ALTER TABLE `b_socialservices_message` DISABLE KEYS */;
/*!40000 ALTER TABLE `b_socialservices_message` ENABLE KEYS */;
UNLOCK TABLES;

--
-- Table structure for table `b_socialservices_user`
--

DROP TABLE IF EXISTS `b_socialservices_user`;
/*!40101 SET @saved_cs_client     = @@character_set_client */;
/*!40101 SET character_set_client = utf8 */;
CREATE TABLE `b_socialservices_user` (
  `ID` int(11) NOT NULL AUTO_INCREMENT,
  `LOGIN` varchar(100) COLLATE utf8_unicode_ci NOT NULL,
  `NAME` varchar(100) COLLATE utf8_unicode_ci DEFAULT NULL,
  `LAST_NAME` varchar(100) COLLATE utf8_unicode_ci DEFAULT NULL,
  `EMAIL` varchar(100) COLLATE utf8_unicode_ci DEFAULT NULL,
  `PERSONAL_PHOTO` int(11) DEFAULT NULL,
  `EXTERNAL_AUTH_ID` varchar(100) COLLATE utf8_unicode_ci NOT NULL,
  `USER_ID` int(11) NOT NULL,
  `XML_ID` varchar(100) COLLATE utf8_unicode_ci NOT NULL,
  `CAN_DELETE` char(1) COLLATE utf8_unicode_ci NOT NULL DEFAULT 'Y',
  `PERSONAL_WWW` varchar(100) COLLATE utf8_unicode_ci DEFAULT NULL,
  `PERMISSIONS` varchar(555) COLLATE utf8_unicode_ci DEFAULT NULL,
  `OATOKEN` varchar(3000) COLLATE utf8_unicode_ci DEFAULT NULL,
  `OATOKEN_EXPIRES` int(11) DEFAULT NULL,
  `OASECRET` varchar(250) COLLATE utf8_unicode_ci DEFAULT NULL,
  `REFRESH_TOKEN` varchar(1000) COLLATE utf8_unicode_ci DEFAULT NULL,
  `SEND_ACTIVITY` char(1) COLLATE utf8_unicode_ci DEFAULT 'Y',
  `SITE_ID` varchar(50) COLLATE utf8_unicode_ci DEFAULT NULL,
  `INITIALIZED` char(1) COLLATE utf8_unicode_ci DEFAULT 'N',
  PRIMARY KEY (`ID`),
  UNIQUE KEY `IX_B_SOCIALSERVICES_USER` (`XML_ID`,`EXTERNAL_AUTH_ID`),
  KEY `IX_B_SOCIALSERVICES_US_1` (`USER_ID`),
  KEY `IX_B_SOCIALSERVICES_US_2` (`INITIALIZED`),
  KEY `IX_B_SOCIALSERVICES_US_3` (`LOGIN`)
) ENGINE=InnoDB DEFAULT CHARSET=utf8 COLLATE=utf8_unicode_ci;
/*!40101 SET character_set_client = @saved_cs_client */;

--
-- Dumping data for table `b_socialservices_user`
--

LOCK TABLES `b_socialservices_user` WRITE;
/*!40000 ALTER TABLE `b_socialservices_user` DISABLE KEYS */;
/*!40000 ALTER TABLE `b_socialservices_user` ENABLE KEYS */;
UNLOCK TABLES;

--
-- Table structure for table `b_socialservices_user_link`
--

DROP TABLE IF EXISTS `b_socialservices_user_link`;
/*!40101 SET @saved_cs_client     = @@character_set_client */;
/*!40101 SET character_set_client = utf8 */;
CREATE TABLE `b_socialservices_user_link` (
  `ID` int(11) NOT NULL AUTO_INCREMENT,
  `USER_ID` int(11) NOT NULL,
  `SOCSERV_USER_ID` int(11) NOT NULL,
  `LINK_USER_ID` int(11) DEFAULT NULL,
  `LINK_UID` varchar(100) COLLATE utf8_unicode_ci NOT NULL,
  `LINK_NAME` varchar(255) COLLATE utf8_unicode_ci DEFAULT NULL,
  `LINK_LAST_NAME` varchar(255) COLLATE utf8_unicode_ci DEFAULT NULL,
  `LINK_PICTURE` varchar(255) COLLATE utf8_unicode_ci DEFAULT NULL,
  `LINK_EMAIL` varchar(255) COLLATE utf8_unicode_ci DEFAULT NULL,
  `TIMESTAMP_X` timestamp NULL DEFAULT NULL,
  PRIMARY KEY (`ID`),
  KEY `ix_b_socialservices_user_link_5` (`SOCSERV_USER_ID`),
  KEY `ix_b_socialservices_user_link_6` (`LINK_USER_ID`,`TIMESTAMP_X`),
  KEY `ix_b_socialservices_user_link_7` (`LINK_UID`)
) ENGINE=InnoDB DEFAULT CHARSET=utf8 COLLATE=utf8_unicode_ci;
/*!40101 SET character_set_client = @saved_cs_client */;

--
-- Dumping data for table `b_socialservices_user_link`
--

LOCK TABLES `b_socialservices_user_link` WRITE;
/*!40000 ALTER TABLE `b_socialservices_user_link` DISABLE KEYS */;
/*!40000 ALTER TABLE `b_socialservices_user_link` ENABLE KEYS */;
UNLOCK TABLES;

--
-- Table structure for table `b_sticker`
--

DROP TABLE IF EXISTS `b_sticker`;
/*!40101 SET @saved_cs_client     = @@character_set_client */;
/*!40101 SET character_set_client = utf8 */;
CREATE TABLE `b_sticker` (
  `ID` int(11) NOT NULL AUTO_INCREMENT,
  `SITE_ID` char(2) COLLATE utf8_unicode_ci DEFAULT NULL,
  `PAGE_URL` varchar(255) COLLATE utf8_unicode_ci NOT NULL,
  `PAGE_TITLE` varchar(255) COLLATE utf8_unicode_ci NOT NULL,
  `DATE_CREATE` datetime NOT NULL,
  `DATE_UPDATE` datetime NOT NULL,
  `MODIFIED_BY` int(18) NOT NULL,
  `CREATED_BY` int(18) NOT NULL,
  `PERSONAL` char(1) COLLATE utf8_unicode_ci NOT NULL DEFAULT 'N',
  `CONTENT` text COLLATE utf8_unicode_ci,
  `POS_TOP` int(11) DEFAULT NULL,
  `POS_LEFT` int(11) DEFAULT NULL,
  `WIDTH` int(11) DEFAULT NULL,
  `HEIGHT` int(11) DEFAULT NULL,
  `COLOR` int(11) DEFAULT NULL,
  `COLLAPSED` char(1) COLLATE utf8_unicode_ci NOT NULL DEFAULT 'N',
  `COMPLETED` char(1) COLLATE utf8_unicode_ci NOT NULL DEFAULT 'N',
  `CLOSED` char(1) COLLATE utf8_unicode_ci NOT NULL DEFAULT 'N',
  `DELETED` char(1) COLLATE utf8_unicode_ci NOT NULL DEFAULT 'N',
  `MARKER_TOP` int(11) DEFAULT NULL,
  `MARKER_LEFT` int(11) DEFAULT NULL,
  `MARKER_WIDTH` int(11) DEFAULT NULL,
  `MARKER_HEIGHT` int(11) DEFAULT NULL,
  `MARKER_ADJUST` text COLLATE utf8_unicode_ci,
  PRIMARY KEY (`ID`)
) ENGINE=InnoDB DEFAULT CHARSET=utf8 COLLATE=utf8_unicode_ci;
/*!40101 SET character_set_client = @saved_cs_client */;

--
-- Dumping data for table `b_sticker`
--

LOCK TABLES `b_sticker` WRITE;
/*!40000 ALTER TABLE `b_sticker` DISABLE KEYS */;
/*!40000 ALTER TABLE `b_sticker` ENABLE KEYS */;
UNLOCK TABLES;

--
-- Table structure for table `b_sticker_group_task`
--

DROP TABLE IF EXISTS `b_sticker_group_task`;
/*!40101 SET @saved_cs_client     = @@character_set_client */;
/*!40101 SET character_set_client = utf8 */;
CREATE TABLE `b_sticker_group_task` (
  `GROUP_ID` int(11) NOT NULL,
  `TASK_ID` int(11) NOT NULL,
  PRIMARY KEY (`GROUP_ID`,`TASK_ID`)
) ENGINE=InnoDB DEFAULT CHARSET=utf8 COLLATE=utf8_unicode_ci;
/*!40101 SET character_set_client = @saved_cs_client */;

--
-- Dumping data for table `b_sticker_group_task`
--

LOCK TABLES `b_sticker_group_task` WRITE;
/*!40000 ALTER TABLE `b_sticker_group_task` DISABLE KEYS */;
/*!40000 ALTER TABLE `b_sticker_group_task` ENABLE KEYS */;
UNLOCK TABLES;

--
-- Table structure for table `b_subscription`
--

DROP TABLE IF EXISTS `b_subscription`;
/*!40101 SET @saved_cs_client     = @@character_set_client */;
/*!40101 SET character_set_client = utf8 */;
CREATE TABLE `b_subscription` (
  `ID` int(11) NOT NULL AUTO_INCREMENT,
  `DATE_INSERT` datetime NOT NULL,
  `DATE_UPDATE` datetime DEFAULT NULL,
  `USER_ID` int(11) DEFAULT NULL,
  `ACTIVE` char(1) COLLATE utf8_unicode_ci NOT NULL DEFAULT 'Y',
  `EMAIL` varchar(255) COLLATE utf8_unicode_ci NOT NULL,
  `FORMAT` varchar(4) COLLATE utf8_unicode_ci NOT NULL DEFAULT 'text',
  `CONFIRM_CODE` varchar(8) COLLATE utf8_unicode_ci DEFAULT NULL,
  `CONFIRMED` char(1) COLLATE utf8_unicode_ci NOT NULL DEFAULT 'N',
  `DATE_CONFIRM` datetime NOT NULL,
  PRIMARY KEY (`ID`),
  UNIQUE KEY `UK_SUBSCRIPTION_EMAIL` (`EMAIL`,`USER_ID`),
  KEY `IX_DATE_CONFIRM` (`CONFIRMED`,`DATE_CONFIRM`)
) ENGINE=InnoDB DEFAULT CHARSET=utf8 COLLATE=utf8_unicode_ci;
/*!40101 SET character_set_client = @saved_cs_client */;

--
-- Dumping data for table `b_subscription`
--

LOCK TABLES `b_subscription` WRITE;
/*!40000 ALTER TABLE `b_subscription` DISABLE KEYS */;
/*!40000 ALTER TABLE `b_subscription` ENABLE KEYS */;
UNLOCK TABLES;

--
-- Table structure for table `b_subscription_rubric`
--

DROP TABLE IF EXISTS `b_subscription_rubric`;
/*!40101 SET @saved_cs_client     = @@character_set_client */;
/*!40101 SET character_set_client = utf8 */;
CREATE TABLE `b_subscription_rubric` (
  `SUBSCRIPTION_ID` int(11) NOT NULL,
  `LIST_RUBRIC_ID` int(11) NOT NULL,
  UNIQUE KEY `UK_SUBSCRIPTION_RUBRIC` (`SUBSCRIPTION_ID`,`LIST_RUBRIC_ID`)
) ENGINE=InnoDB DEFAULT CHARSET=utf8 COLLATE=utf8_unicode_ci;
/*!40101 SET character_set_client = @saved_cs_client */;

--
-- Dumping data for table `b_subscription_rubric`
--

LOCK TABLES `b_subscription_rubric` WRITE;
/*!40000 ALTER TABLE `b_subscription_rubric` DISABLE KEYS */;
/*!40000 ALTER TABLE `b_subscription_rubric` ENABLE KEYS */;
UNLOCK TABLES;

--
-- Table structure for table `b_task`
--

DROP TABLE IF EXISTS `b_task`;
/*!40101 SET @saved_cs_client     = @@character_set_client */;
/*!40101 SET character_set_client = utf8 */;
CREATE TABLE `b_task` (
  `ID` int(18) NOT NULL AUTO_INCREMENT,
  `NAME` varchar(100) COLLATE utf8_unicode_ci NOT NULL,
  `LETTER` char(1) COLLATE utf8_unicode_ci DEFAULT NULL,
  `MODULE_ID` varchar(50) COLLATE utf8_unicode_ci NOT NULL,
  `SYS` char(1) COLLATE utf8_unicode_ci NOT NULL,
  `DESCRIPTION` varchar(255) COLLATE utf8_unicode_ci DEFAULT NULL,
  `BINDING` varchar(50) COLLATE utf8_unicode_ci DEFAULT 'module',
  PRIMARY KEY (`ID`),
  KEY `ix_task` (`MODULE_ID`,`BINDING`,`LETTER`,`SYS`)
) ENGINE=InnoDB AUTO_INCREMENT=63 DEFAULT CHARSET=utf8 COLLATE=utf8_unicode_ci;
/*!40101 SET character_set_client = @saved_cs_client */;

--
-- Dumping data for table `b_task`
--

LOCK TABLES `b_task` WRITE;
/*!40000 ALTER TABLE `b_task` DISABLE KEYS */;
INSERT INTO `b_task` VALUES (1,'main_denied','D','main','Y',NULL,'module'),(2,'main_change_profile','P','main','Y',NULL,'module'),(3,'main_view_all_settings','R','main','Y',NULL,'module'),(4,'main_view_all_settings_change_profile','T','main','Y',NULL,'module'),(5,'main_edit_subordinate_users','V','main','Y',NULL,'module'),(6,'main_full_access','W','main','Y',NULL,'module'),(7,'fm_folder_access_denied','D','main','Y',NULL,'file'),(8,'fm_folder_access_read','R','main','Y',NULL,'file'),(9,'fm_folder_access_write','W','main','Y',NULL,'file'),(10,'fm_folder_access_full','X','main','Y',NULL,'file'),(11,'fm_folder_access_workflow','U','main','Y',NULL,'file'),(12,'catalog_denied','D','catalog','Y',NULL,'module'),(13,'catalog_view','M','catalog','Y',NULL,'module'),(14,'catalog_read','R','catalog','Y',NULL,'module'),(15,'catalog_price_edit','T','catalog','Y',NULL,'module'),(16,'catalog_store_edit','S','catalog','Y',NULL,'module'),(17,'catalog_export_import','U','catalog','Y',NULL,'module'),(18,'catalog_full_access','W','catalog','Y',NULL,'module'),(19,'clouds_denied','D','clouds','Y',NULL,'module'),(20,'clouds_browse','F','clouds','Y',NULL,'module'),(21,'clouds_upload','U','clouds','Y',NULL,'module'),(22,'clouds_full_access','W','clouds','Y',NULL,'module'),(23,'fileman_denied','D','fileman','Y','','module'),(24,'fileman_allowed_folders','F','fileman','Y','','module'),(25,'fileman_full_access','W','fileman','Y','','module'),(26,'medialib_denied','D','fileman','Y','','medialib'),(27,'medialib_view','F','fileman','Y','','medialib'),(28,'medialib_only_new','R','fileman','Y','','medialib'),(29,'medialib_edit_items','V','fileman','Y','','medialib'),(30,'medialib_editor','W','fileman','Y','','medialib'),(31,'medialib_full','X','fileman','Y','','medialib'),(32,'stickers_denied','D','fileman','Y','','stickers'),(33,'stickers_read','R','fileman','Y','','stickers'),(34,'stickers_edit','W','fileman','Y','','stickers'),(35,'iblock_deny','D','iblock','Y',NULL,'iblock'),(36,'iblock_read','R','iblock','Y',NULL,'iblock'),(37,'iblock_element_add','E','iblock','Y',NULL,'iblock'),(38,'iblock_admin_read','S','iblock','Y',NULL,'iblock'),(39,'iblock_admin_add','T','iblock','Y',NULL,'iblock'),(40,'iblock_limited_edit','U','iblock','Y',NULL,'iblock'),(41,'iblock_full_edit','W','iblock','Y',NULL,'iblock'),(42,'iblock_full','X','iblock','Y',NULL,'iblock'),(43,'sale_status_none','D','sale','Y',NULL,'status'),(44,'sale_status_all','X','sale','Y',NULL,'status'),(45,'security_denied','D','security','Y',NULL,'module'),(46,'security_filter','F','security','Y',NULL,'module'),(47,'security_otp','S','security','Y',NULL,'module'),(48,'security_view_all_settings','T','security','Y',NULL,'module'),(49,'security_full_access','W','security','Y',NULL,'module'),(50,'seo_denied','D','seo','Y','','module'),(51,'seo_edit','F','seo','Y','','module'),(52,'seo_full_access','W','seo','Y','','module'),(53,'calendar_denied','D','calendar','Y',NULL,'calendar_section'),(54,'calendar_view_time','O','calendar','Y',NULL,'calendar_section'),(55,'calendar_view_title','P','calendar','Y',NULL,'calendar_section'),(56,'calendar_view','R','calendar','Y',NULL,'calendar_section'),(57,'calendar_edit','W','calendar','Y',NULL,'calendar_section'),(58,'calendar_access','X','calendar','Y',NULL,'calendar_section'),(59,'calendar_type_denied','D','calendar','Y',NULL,'calendar_type'),(60,'calendar_type_view','R','calendar','Y',NULL,'calendar_type'),(61,'calendar_type_edit','W','calendar','Y',NULL,'calendar_type'),(62,'calendar_type_access','X','calendar','Y',NULL,'calendar_type');
/*!40000 ALTER TABLE `b_task` ENABLE KEYS */;
UNLOCK TABLES;

--
-- Table structure for table `b_task_operation`
--

DROP TABLE IF EXISTS `b_task_operation`;
/*!40101 SET @saved_cs_client     = @@character_set_client */;
/*!40101 SET character_set_client = utf8 */;
CREATE TABLE `b_task_operation` (
  `TASK_ID` int(18) NOT NULL,
  `OPERATION_ID` int(18) NOT NULL,
  PRIMARY KEY (`TASK_ID`,`OPERATION_ID`)
) ENGINE=InnoDB DEFAULT CHARSET=utf8 COLLATE=utf8_unicode_ci;
/*!40101 SET character_set_client = @saved_cs_client */;

--
-- Dumping data for table `b_task_operation`
--

LOCK TABLES `b_task_operation` WRITE;
/*!40000 ALTER TABLE `b_task_operation` DISABLE KEYS */;
INSERT INTO `b_task_operation` VALUES (2,2),(2,3),(3,2),(3,4),(3,5),(3,6),(3,7),(4,2),(4,3),(4,4),(4,5),(4,6),(4,7),(5,2),(5,3),(5,5),(5,6),(5,7),(5,8),(5,9),(6,2),(6,3),(6,4),(6,5),(6,6),(6,7),(6,10),(6,11),(6,12),(6,13),(6,14),(6,15),(6,16),(6,17),(6,18),(8,19),(8,20),(8,21),(9,19),(9,20),(9,21),(9,22),(9,23),(9,24),(9,25),(9,26),(9,27),(9,28),(9,29),(9,30),(9,31),(9,32),(9,33),(9,34),(10,19),(10,20),(10,21),(10,22),(10,23),(10,24),(10,25),(10,26),(10,27),(10,28),(10,29),(10,30),(10,31),(10,32),(10,33),(10,34),(10,35),(11,19),(11,20),(11,21),(11,24),(11,28),(13,36),(14,37),(15,37),(15,38),(15,39),(15,40),(15,41),(15,42),(15,43),(16,37),(16,38),(16,42),(16,43),(16,44),(17,37),(17,45),(17,46),(17,47),(17,48),(18,37),(18,38),(18,39),(18,40),(18,41),(18,42),(18,43),(18,44),(18,45),(18,46),(18,47),(18,48),(18,49),(18,50),(20,51),(21,51),(21,52),(22,51),(22,52),(22,53),(24,56),(24,57),(24,58),(24,59),(24,60),(24,61),(24,62),(24,64),(24,65),(25,54),(25,55),(25,56),(25,57),(25,58),(25,59),(25,60),(25,61),(25,62),(25,63),(25,64),(25,65),(25,66),(27,67),(28,67),(28,68),(28,72),(29,67),(29,72),(29,73),(29,74),(30,67),(30,68),(30,69),(30,70),(30,72),(30,73),(30,74),(31,67),(31,68),(31,69),(31,70),(31,71),(31,72),(31,73),(31,74),(33,75),(34,75),(34,76),(34,77),(34,78),(36,79),(36,80),(37,81),(38,79),(38,80),(38,82),(39,79),(39,80),(39,81),(39,82),(40,79),(40,80),(40,81),(40,82),(40,83),(40,84),(40,85),(40,86),(41,79),(41,80),(41,81),(41,82),(41,83),(41,84),(41,85),(41,86),(41,87),(41,88),(41,89),(41,90),(42,79),(42,80),(42,81),(42,82),(42,83),(42,84),(42,85),(42,86),(42,87),(42,88),(42,89),(42,90),(42,91),(42,92),(42,93),(42,94),(42,95),(42,96),(44,97),(44,98),(44,99),(44,100),(44,101),(44,102),(44,103),(44,104),(44,105),(44,106),(46,107),(47,108),(48,109),(48,110),(48,111),(48,112),(48,113),(48,114),(48,115),(48,116),(48,117),(48,118),(48,119),(49,107),(49,108),(49,109),(49,110),(49,111),(49,112),(49,113),(49,114),(49,115),(49,116),(49,117),(49,118),(49,119),(49,120),(49,121),(49,122),(49,123),(49,124),(49,125),(49,126),(49,127),(49,128),(49,129),(49,130),(49,131),(49,132),(51,134),(52,133),(52,134),(54,135),(55,135),(55,136),(56,135),(56,136),(56,137),(57,135),(57,136),(57,137),(57,138),(57,139),(57,140),(58,135),(58,136),(58,137),(58,138),(58,139),(58,140),(58,141),(60,142),(61,142),(61,143),(61,144),(61,145),(62,142),(62,143),(62,144),(62,145),(62,146);
/*!40000 ALTER TABLE `b_task_operation` ENABLE KEYS */;
UNLOCK TABLES;

--
-- Table structure for table `b_undo`
--

DROP TABLE IF EXISTS `b_undo`;
/*!40101 SET @saved_cs_client     = @@character_set_client */;
/*!40101 SET character_set_client = utf8 */;
CREATE TABLE `b_undo` (
  `ID` varchar(255) COLLATE utf8_unicode_ci NOT NULL,
  `MODULE_ID` varchar(50) COLLATE utf8_unicode_ci DEFAULT NULL,
  `UNDO_TYPE` varchar(50) COLLATE utf8_unicode_ci DEFAULT NULL,
  `UNDO_HANDLER` varchar(255) COLLATE utf8_unicode_ci DEFAULT NULL,
  `CONTENT` mediumtext COLLATE utf8_unicode_ci,
  `USER_ID` int(11) DEFAULT NULL,
  `TIMESTAMP_X` int(11) DEFAULT NULL,
  PRIMARY KEY (`ID`)
) ENGINE=InnoDB DEFAULT CHARSET=utf8 COLLATE=utf8_unicode_ci;
/*!40101 SET character_set_client = @saved_cs_client */;

--
-- Dumping data for table `b_undo`
--

LOCK TABLES `b_undo` WRITE;
/*!40000 ALTER TABLE `b_undo` DISABLE KEYS */;
INSERT INTO `b_undo` VALUES ('105394e6311eb08672a9b106bdd0d895f','fileman','edit_component_props','CFileman::UndoEditFile','a:2:{s:7:\"absPath\";s:40:\"/var/www/dev.moiogorod/catalog/index.php\";s:7:\"content\";s:6352:\"<?\nrequire($_SERVER[\"DOCUMENT_ROOT\"].\"/bitrix/header.php\");\n$APPLICATION->SetTitle(\"Объявления\");\n?><?$APPLICATION->IncludeComponent(\n	\"bitrix:catalog\",\n	\"advert.catalog\",\n	Array(\n		\"ACTION_VARIABLE\" => \"action\",\n		\"ADD_ELEMENT_CHAIN\" => \"Y\",\n		\"ADD_PICT_PROP\" => \"-\",\n		\"ADD_PROPERTIES_TO_BASKET\" => \"Y\",\n		\"ADD_SECTIONS_CHAIN\" => \"Y\",\n		\"AJAX_MODE\" => \"N\",\n		\"AJAX_OPTION_ADDITIONAL\" => \"\",\n		\"AJAX_OPTION_HISTORY\" => \"N\",\n		\"AJAX_OPTION_JUMP\" => \"N\",\n		\"AJAX_OPTION_STYLE\" => \"Y\",\n		\"BASKET_URL\" => \"/personal/basket.php\",\n		\"BIG_DATA_RCM_TYPE\" => \"bestsell\",\n		\"CACHE_FILTER\" => \"N\",\n		\"CACHE_GROUPS\" => \"Y\",\n		\"CACHE_TIME\" => \"36000000\",\n		\"CACHE_TYPE\" => \"A\",\n		\"COMMON_ADD_TO_BASKET_ACTION\" => \"\",\n		\"COMMON_SHOW_CLOSE_POPUP\" => \"N\",\n		\"CONVERT_CURRENCY\" => \"N\",\n		\"DETAIL_ADD_DETAIL_TO_SLIDER\" => \"N\",\n		\"DETAIL_ADD_TO_BASKET_ACTION\" => array(\"BUY\"),\n		\"DETAIL_BACKGROUND_IMAGE\" => \"-\",\n		\"DETAIL_BRAND_USE\" => \"N\",\n		\"DETAIL_BROWSER_TITLE\" => \"-\",\n		\"DETAIL_CHECK_SECTION_ID_VARIABLE\" => \"N\",\n		\"DETAIL_DETAIL_PICTURE_MODE\" => \"IMG\",\n		\"DETAIL_DISPLAY_NAME\" => \"Y\",\n		\"DETAIL_DISPLAY_PREVIEW_TEXT_MODE\" => \"E\",\n		\"DETAIL_META_DESCRIPTION\" => \"-\",\n		\"DETAIL_META_KEYWORDS\" => \"-\",\n		\"DETAIL_PROPERTY_CODE\" => array(\"\",\"\"),\n		\"DETAIL_SET_CANONICAL_URL\" => \"N\",\n		\"DETAIL_SET_VIEWED_IN_COMPONENT\" => \"N\",\n		\"DETAIL_SHOW_MAX_QUANTITY\" => \"N\",\n		\"DETAIL_USE_COMMENTS\" => \"N\",\n		\"DETAIL_USE_VOTE_RATING\" => \"N\",\n		\"DISABLE_INIT_JS_IN_COMPONENT\" => \"N\",\n		\"DISPLAY_BOTTOM_PAGER\" => \"Y\",\n		\"DISPLAY_TOP_PAGER\" => \"N\",\n		\"ELEMENT_SORT_FIELD\" => \"sort\",\n		\"ELEMENT_SORT_FIELD2\" => \"id\",\n		\"ELEMENT_SORT_ORDER\" => \"asc\",\n		\"ELEMENT_SORT_ORDER2\" => \"desc\",\n		\"FILTER_FIELD_CODE\" => array(\"\",\"ITEM_COST\",\"\"),\n		\"FILTER_NAME\" => \"\",\n		\"FILTER_PRICE_CODE\" => array(),\n		\"FILTER_PROPERTY_CODE\" => array(\"ADVERT_TYPE\",\"YANDEX_MAP\",\"ITEM_COST\",\"AUCTION\",\"ITEM_TYPE\",\"ADDTIONAL_PHONE\",\"BLOG_POST_ID\",\"VIP_ADVERT\",\"AMOUNT_TYPE\",\"BLOG_COMMENTS_CNT\",\"ITEMS_AMOUNT\",\"ITEM_USER\",\"VENDOR_AREA\",\"VENDOR_SUBAREA\",\"VENDOR_CITY\",\"\"),\n		\"FILTER_VIEW_MODE\" => \"VERTICAL\",\n		\"FORUM_ID\" => \"1\",\n		\"GIFTS_DETAIL_BLOCK_TITLE\" => \"Выберите один из подарков\",\n		\"GIFTS_DETAIL_HIDE_BLOCK_TITLE\" => \"N\",\n		\"GIFTS_DETAIL_PAGE_ELEMENT_COUNT\" => \"3\",\n		\"GIFTS_DETAIL_TEXT_LABEL_GIFT\" => \"Подарок\",\n		\"GIFTS_MAIN_PRODUCT_DETAIL_BLOCK_TITLE\" => \"Выберите один из товаров, чтобы получить подарок\",\n		\"GIFTS_MAIN_PRODUCT_DETAIL_HIDE_BLOCK_TITLE\" => \"N\",\n		\"GIFTS_MAIN_PRODUCT_DETAIL_PAGE_ELEMENT_COUNT\" => \"3\",\n		\"GIFTS_MESS_BTN_BUY\" => \"Выбрать\",\n		\"GIFTS_SECTION_LIST_BLOCK_TITLE\" => \"Подарки к товарам этого раздела\",\n		\"GIFTS_SECTION_LIST_HIDE_BLOCK_TITLE\" => \"N\",\n		\"GIFTS_SECTION_LIST_PAGE_ELEMENT_COUNT\" => \"3\",\n		\"GIFTS_SECTION_LIST_TEXT_LABEL_GIFT\" => \"Подарок\",\n		\"GIFTS_SHOW_DISCOUNT_PERCENT\" => \"Y\",\n		\"GIFTS_SHOW_IMAGE\" => \"Y\",\n		\"GIFTS_SHOW_NAME\" => \"Y\",\n		\"GIFTS_SHOW_OLD_PRICE\" => \"Y\",\n		\"HIDE_NOT_AVAILABLE\" => \"N\",\n		\"IBLOCK_ID\" => \"1\",\n		\"IBLOCK_TYPE\" => \"catalog\",\n		\"INCLUDE_SUBSECTIONS\" => \"Y\",\n		\"INSTANT_RELOAD\" => \"N\",\n		\"LABEL_PROP\" => \"-\",\n		\"LINE_ELEMENT_COUNT\" => \"3\",\n		\"LINK_ELEMENTS_URL\" => \"link.php?PARENT_ELEMENT_ID=#ELEMENT_ID#\",\n		\"LINK_IBLOCK_ID\" => \"\",\n		\"LINK_IBLOCK_TYPE\" => \"\",\n		\"LINK_PROPERTY_SID\" => \"\",\n		\"LIST_BROWSER_TITLE\" => \"-\",\n		\"LIST_META_DESCRIPTION\" => \"-\",\n		\"LIST_META_KEYWORDS\" => \"-\",\n		\"LIST_PROPERTY_CODE\" => array(\"ADVERT_TYPE\",\"YANDEX_MAP\",\"ITEM_COST\",\"AUCTION\",\"ITEM_TYPE\",\"ADDTIONAL_PHONE\",\"AMOUNT_TYPE\",\"ITEMS_AMOUNT\",\"ITEM_USER\",\"\"),\n		\"MESSAGES_PER_PAGE\" => \"10\",\n		\"MESSAGE_404\" => \"\",\n		\"MESS_BTN_ADD_TO_BASKET\" => \"В корзину\",\n		\"MESS_BTN_BUY\" => \"Купить\",\n		\"MESS_BTN_COMPARE\" => \"Сравнение\",\n		\"MESS_BTN_DETAIL\" => \"Подробнее\",\n		\"MESS_NOT_AVAILABLE\" => \"Нет в наличии\",\n		\"PAGER_BASE_LINK_ENABLE\" => \"N\",\n		\"PAGER_DESC_NUMBERING\" => \"N\",\n		\"PAGER_DESC_NUMBERING_CACHE_TIME\" => \"36000\",\n		\"PAGER_SHOW_ALL\" => \"N\",\n		\"PAGER_SHOW_ALWAYS\" => \"N\",\n		\"PAGER_TEMPLATE\" => \"round\",\n		\"PAGER_TITLE\" => \"Объявления\",\n		\"PAGE_ELEMENT_COUNT\" => \"30\",\n		\"PARTIAL_PRODUCT_PROPERTIES\" => \"N\",\n		\"PATH_TO_SMILE\" => \"/bitrix/images/forum/smile/\",\n		\"PRICE_CODE\" => array(),\n		\"PRICE_VAT_INCLUDE\" => \"Y\",\n		\"PRICE_VAT_SHOW_VALUE\" => \"N\",\n		\"PRODUCT_ID_VARIABLE\" => \"id\",\n		\"PRODUCT_PROPERTIES\" => array(),\n		\"PRODUCT_PROPS_VARIABLE\" => \"prop\",\n		\"PRODUCT_QUANTITY_VARIABLE\" => \"\",\n		\"REVIEW_AJAX_POST\" => \"Y\",\n		\"SECTIONS_SHOW_PARENT_NAME\" => \"Y\",\n		\"SECTIONS_VIEW_MODE\" => \"LIST\",\n		\"SECTION_ADD_TO_BASKET_ACTION\" => \"ADD\",\n		\"SECTION_BACKGROUND_IMAGE\" => \"-\",\n		\"SECTION_COUNT_ELEMENTS\" => \"N\",\n		\"SECTION_ID_VARIABLE\" => \"SECTION_ID\",\n		\"SECTION_TOP_DEPTH\" => \"1\",\n		\"SEF_FOLDER\" => \"/catalog/\",\n		\"SEF_MODE\" => \"Y\",\n		\"SEF_URL_TEMPLATES\" => Array(\"compare\"=>\"compare.php?action=#ACTION_CODE#\",\"element\"=>\"#SECTION_CODE#/#ELEMENT_ID#/\",\"section\"=>\"#SECTION_CODE#/\",\"sections\"=>\"\",\"smart_filter\"=>\"#SECTION_ID#/filter/#SMART_FILTER_PATH#/apply/\"),\n		\"SET_LAST_MODIFIED\" => \"N\",\n		\"SET_STATUS_404\" => \"N\",\n		\"SET_TITLE\" => \"Y\",\n		\"SHOW_404\" => \"N\",\n		\"SHOW_DEACTIVATED\" => \"N\",\n		\"SHOW_DISCOUNT_PERCENT\" => \"N\",\n		\"SHOW_LINK_TO_FORUM\" => \"Y\",\n		\"SHOW_OLD_PRICE\" => \"N\",\n		\"SHOW_PRICE_COUNT\" => \"1\",\n		\"SHOW_TOP_ELEMENTS\" => \"N\",\n		\"SIDEBAR_DETAIL_SHOW\" => \"Y\",\n		\"SIDEBAR_PATH\" => \"\",\n		\"SIDEBAR_SECTION_SHOW\" => \"Y\",\n		\"TEMPLATE_THEME\" => \"blue\",\n		\"TOP_ADD_TO_BASKET_ACTION\" => \"ADD\",\n		\"TOP_ELEMENT_COUNT\" => \"9\",\n		\"TOP_ELEMENT_SORT_FIELD\" => \"sort\",\n		\"TOP_ELEMENT_SORT_FIELD2\" => \"id\",\n		\"TOP_ELEMENT_SORT_ORDER\" => \"asc\",\n		\"TOP_ELEMENT_SORT_ORDER2\" => \"desc\",\n		\"TOP_LINE_ELEMENT_COUNT\" => \"3\",\n		\"TOP_PROPERTY_CODE\" => array(0=>\"\",1=>\"\",),\n		\"TOP_VIEW_MODE\" => \"SECTION\",\n		\"URL_TEMPLATES_READ\" => \"\",\n		\"USE_ALSO_BUY\" => \"N\",\n		\"USE_BIG_DATA\" => \"N\",\n		\"USE_CAPTCHA\" => \"N\",\n		\"USE_COMMON_SETTINGS_BASKET_POPUP\" => \"N\",\n		\"USE_COMPARE\" => \"N\",\n		\"USE_ELEMENT_COUNTER\" => \"Y\",\n		\"USE_FILTER\" => \"Y\",\n		\"USE_GIFTS_DETAIL\" => \"N\",\n		\"USE_GIFTS_MAIN_PR_SECTION_LIST\" => \"N\",\n		\"USE_GIFTS_SECTION\" => \"N\",\n		\"USE_MAIN_ELEMENT_SECTION\" => \"N\",\n		\"USE_PRICE_COUNT\" => \"N\",\n		\"USE_PRODUCT_QUANTITY\" => \"N\",\n		\"USE_REVIEW\" => \"Y\",\n		\"USE_SALE_BESTSELLERS\" => \"N\",\n		\"USE_STORE\" => \"N\"\n	)\n);?><br><?require($_SERVER[\"DOCUMENT_ROOT\"].\"/bitrix/footer.php\");?>\";}',1,1495566394),('170a0794e901c3ba7ebc405b21ae35d73','fileman','edit_menu','CFileman::UndoEditFile','a:2:{s:7:\"absPath\";s:37:\"/var/www/dev.moiogorod/.main.menu.php\";s:7:\"content\";s:567:\"<?\r\nif(!defined(\"B_PROLOG_INCLUDED\") || B_PROLOG_INCLUDED!==true)die(); \r\n  global $APPLICATION; \r\n  $aMenuLinksExt=$APPLICATION->IncludeComponent(\"bitrix:menu.sections\", \"\", array( \r\n  \"IS_SEF\" => \"Y\", \r\n  \"SEF_BASE_URL\" => \"/catalog/\", \r\n  \"SECTION_PAGE_URL\" => \"#SECTION_CODE_PATH#/\", \r\n  \"DETAIL_PAGE_URL\" => \"#SECTION_CODE_PATH#/#ELEMENT_ID#\", \r\n  \"IBLOCK_TYPE\" => \"catalog\", \r\n  \"IBLOCK_ID\" => \"1\", \r\n  \"DEPTH_LEVEL\" => \"3\", \r\n  \"CACHE_TYPE\" => \"A\", \r\n  \"CACHE_TIME\" => \"36000000\" \r\n  ), \r\nfalse \r\n); \r\n  $aMenuLinks = array_merge($aMenuLinksExt, $aMenuLinks); \";}',1,1495566111),('1b84945456dc911d8bc55245d80707568','fileman','edit_component_props','CFileman::UndoEditFile','a:2:{s:7:\"absPath\";s:53:\"/var/www/ogorod/bitrix/templates/moiogorod/header.php\";s:7:\"content\";s:13262:\"<? if (!defined(\"B_PROLOG_INCLUDED\") || B_PROLOG_INCLUDED !== true) die();\nuse Bitrix\\Main\\Page\\Asset;\n?>\n<!DOCTYPE html>\n<html>\n<head lang=\"ru\">\n  <? $APPLICATION->ShowHead(); ?>\n  <meta name=\"viewport\" content=\"width=device-width, initial-scale=1, maximum-scale=1, user-scalable=no\">\n  <title><? $APPLICATION->ShowTitle() ?></title>\n\n  <!-- CSS  -->\n  <?Asset::getInstance()->addString(\'<link href=\"https://fonts.googleapis.com/css?family=Roboto+Condensed:300,400,700&amp;subset=cyrillic\" rel=\"stylesheet\">\');?>\n  <? Asset::getInstance()->addCss(SITE_TEMPLATE_PATH . \"/css/bootstrap.css\"); ?>\n  <? Asset::getInstance()->addCss(SITE_TEMPLATE_PATH . \"/css/reset.css\"); ?>\n  <? Asset::getInstance()->addCss(SITE_TEMPLATE_PATH . \"/css/nik.css\"); ?>\n  <? Asset::getInstance()->addCss(SITE_TEMPLATE_PATH . \"/css/dima.css\"); ?>\n  <? Asset::getInstance()->addCss(SITE_TEMPLATE_PATH . \"/css/responsive.css\"); ?>\n  <? Asset::getInstance()->addCss(SITE_TEMPLATE_PATH . \"/css/bootstrap-select.css\"); ?>\n  <? Asset::getInstance()->addCss(SITE_TEMPLATE_PATH . \"/css/jquery.bxslider.css\"); ?>\n  <? Asset::getInstance()->addCss(SITE_TEMPLATE_PATH . \"/css/jquery.fancybox.css\"); ?>\n  <? Asset::getInstance()->addCss(SITE_TEMPLATE_PATH . \"/css/animate.css\"); ?>\n  <? Asset::getInstance()->addCss(SITE_TEMPLATE_PATH . \"/fonts/font-awesome.min.css\"); ?>\n\n  <!--JS -->\n  <? Asset::getInstance()->addJs(\"http://code.jquery.com/jquery-1.9.1.js\"); ?>\n  <? Asset::getInstance()->addJs(SITE_TEMPLATE_PATH . \"/js/bootstrap.js\"); ?>\n  <? Asset::getInstance()->addJs(SITE_TEMPLATE_PATH . \"/js/bootstrap-select.min.js\"); ?>\n  <? Asset::getInstance()->addJs(SITE_TEMPLATE_PATH . \"/js/jquery.bxslider.js\"); ?>\n  <? Asset::getInstance()->addJs(SITE_TEMPLATE_PATH . \"/js/jquery.fancybox.js\"); ?>\n  <? Asset::getInstance()->addJs(SITE_TEMPLATE_PATH . \"/js/main.js\"); ?>\n  <? Asset::getInstance()->addJs(SITE_TEMPLATE_PATH . \"/js/nik.js\"); ?>\n  <? Asset::getInstance()->addJs(SITE_TEMPLATE_PATH . \"/js/dima.js\"); ?>\n  <!-- END JS -->\n\n  <link rel=\"shortcut icon\" type=\"image/x-icon\" href=\"/favicon.ico\"/>\n</head>\n<body>\n<div id=\"panel\">\n  <? $APPLICATION->ShowPanel(); ?>\n</div>\n<header>\n  <div class=\"wrapper container main-wrapper-container\"> <!-- container -->\n    <div class=\"header-control row\">\n      <div class=\"menu-button-responsive hidden-lg hidden-md col-sm-1 col-xs-2\">\n          <p class=\"menu-control-icon\"></p>\n      </div>\n      <!--logo-->\n      <div class=\"logo col-lg-3 col-md-3 col-sm-2 col-xs-4\">\n        <a href=\"/\"><img src=\"<?= SITE_TEMPLATE_PATH ?>/images/logo_icon.png\"></a>\n      </div>\n      <!--search-->\n      <div class=\"col-lg-4 col-md-4 col-sm-5 hidden-xs\">\n        <div id=\"search-form-global desktop\" class=\"global-search\">\n          <? $APPLICATION->IncludeComponent(\"bitrix:search.title\", \"header.search.title\", Array(\n            \"CATEGORY_0\" => array(	// Ограничение области поиска\n                    0 => \"iblock_catalog\",\n                ),\n                \"CATEGORY_0_TITLE\" => \"Объявления\",	// Название категории\n                \"CATEGORY_0_iblock_catalog\" => array(	// Искать в информационных блоках типа \"iblock_catalog\"\n                    0 => \"all\",\n                ),\n                \"CHECK_DATES\" => \"N\",	// Искать только в активных по дате документах\n                \"CONTAINER_ID\" => \"search-form-global\",	// ID контейнера, по ширине которого будут выводиться результаты\n                \"INPUT_ID\" => \"title-search-input\",	// ID строки ввода поискового запроса\n                \"NUM_CATEGORIES\" => \"1\",	// Количество категорий поиска\n                \"ORDER\" => \"date\",	// Сортировка результатов\n                \"PAGE\" => \"#SITE_DIR#search/\",	// Страница выдачи результатов поиска (доступен макрос #SITE_DIR#)\n                \"SHOW_INPUT\" => \"Y\",	// Показывать форму ввода поискового запроса\n                \"SHOW_OTHERS\" => \"N\",	// Показывать категорию \"прочее\"\n                \"TOP_COUNT\" => \"5\",	// Количество результатов в каждой категории\n                \"USE_LANGUAGE_GUESS\" => \"N\",	// Включить автоопределение раскладки клавиатуры\n                \"COMPONENT_TEMPLATE\" => \"visual\",\n                \"PRICE_CODE\" => \"\",	// Тип цены\n                \"PRICE_VAT_INCLUDE\" => \"Y\",	// Включать НДС в цену\n                \"PREVIEW_TRUNCATE_LEN\" => \"\",	// Максимальная длина анонса для вывода\n                \"SHOW_PREVIEW\" => \"Y\",	// Показать картинку\n                \"CONVERT_CURRENCY\" => \"N\",	// Показывать цены в одной валюте\n                \"PREVIEW_WIDTH\" => \"75\",	// Ширина картинки\n                \"PREVIEW_HEIGHT\" => \"75\",	// Высота картинки\n            ),\n            false\n          );?>\n        </div>\n      </div>\n      <!--adding advertisment-->\n      <div class=\"add-button-main col-lg-3 col-md-3 col-sm-3 hidden-xs\">\n        <p class=\"add-button-desktop\">\n          <a href=\"/\">Добавить товар</a>\n        </p>\n      </div>\n      <!--account control-->\n      <div class=\"account-control-main col-lg-2 col-md-2 hidden-sm hidden-xs\">\n        <div class=\"account-control-desktop\">\n          <?$APPLICATION->IncludeComponent(\n            \"bitrix:system.auth.form\",\n            \"header.login.form\",\n            Array(\n              \"FORGOT_PASSWORD_URL\" => \"\",\n              \"PROFILE_URL\" => \"/account/advertisement\",\n              \"REGISTER_URL\" => \"/account/registration\",\n              \"SHOW_ERRORS\" => \"N\"\n            )\n          );\n          //header account menu include\n          $APPLICATION->IncludeComponent(\n            \"bitrix:main.include\",\n            \"\",\n            Array(\n              \"AREA_FILE_SHOW\" => \"file\",\n              \"AREA_FILE_SUFFIX\" => \"inc\",\n              \"EDIT_TEMPLATE\" => \"\",\n              \"PATH\" => \"/includes/account_menu_header.php\"\n            )\n          );?>\n        </div>\n      </div>\n\n      <!--mobile button-->\n      <div class=\"mobile-button-wrapper hidden-lg col-sm-1 col-xs-6\">\n        <div class=\"add-button-mobile\">\n          <a href=\"/\"></a>\n        </div>\n\n        <div class=\"search-icon-mobile\"></div>\n\n        <? $current_user = CUser::GetByID($USER->GetID()); ?>\n        <? if (!empty($current_user->arResult)) :?>\n          <div class=\"account-control-mobile logged\"></div>\n        <?else :?>\n          <div class=\"account-control-mobile anonymous\"></div>\n        <?endif?>\n      </div>\n    </div>\n    <div class=\"hidden-lg hidden-md hidden-sm search-global-mobile\">\n      <div id=\"search-form-global desktop\" class=\"global-search\">\n        <? $APPLICATION->IncludeComponent(\"bitrix:search.title\", \"header.search.title\", Array(\n          \"CATEGORY_0\" => array(	// Ограничение области поиска\n            0 => \"iblock_catalog\",\n          ),\n          \"CATEGORY_0_TITLE\" => \"Объявления\",	// Название категории\n          \"CATEGORY_0_iblock_catalog\" => array(	// Искать в информационных блоках типа \"iblock_catalog\"\n            0 => \"all\",\n          ),\n          \"CHECK_DATES\" => \"N\",	// Искать только в активных по дате документах\n          \"CONTAINER_ID\" => \"search-form-global\",	// ID контейнера, по ширине которого будут выводиться результаты\n          \"INPUT_ID\" => \"title-search-input\",	// ID строки ввода поискового запроса\n          \"NUM_CATEGORIES\" => \"1\",	// Количество категорий поиска\n          \"ORDER\" => \"date\",	// Сортировка результатов\n          \"PAGE\" => \"#SITE_DIR#search/\",	// Страница выдачи результатов поиска (доступен макрос #SITE_DIR#)\n          \"SHOW_INPUT\" => \"Y\",	// Показывать форму ввода поискового запроса\n          \"SHOW_OTHERS\" => \"N\",	// Показывать категорию \"прочее\"\n          \"TOP_COUNT\" => \"5\",	// Количество результатов в каждой категории\n          \"USE_LANGUAGE_GUESS\" => \"N\",	// Включить автоопределение раскладки клавиатуры\n          \"COMPONENT_TEMPLATE\" => \"visual\",\n          \"PRICE_CODE\" => \"\",	// Тип цены\n          \"PRICE_VAT_INCLUDE\" => \"Y\",	// Включать НДС в цену\n          \"PREVIEW_TRUNCATE_LEN\" => \"\",	// Максимальная длина анонса для вывода\n          \"SHOW_PREVIEW\" => \"Y\",	// Показать картинку\n          \"CONVERT_CURRENCY\" => \"N\",	// Показывать цены в одной валюте\n          \"PREVIEW_WIDTH\" => \"75\",	// Ширина картинки\n          \"PREVIEW_HEIGHT\" => \"75\",	// Высота картинки\n        ),\n          false\n        );?>\n      </div>\n    </div>\n  </div>  <!-- container end-->\n</header>\n\n<div class=\"header-background container-fluid\"></div>\n\n<div class=\"wrapper container main-wrapper-container\"> <!-- container -->\n  <?$page = $APPLICATION->GetCurPage();?>\n  <div class=\"catalog-menu-mobile-wrapper\">\n    <div class=\"menu-close\"><i class=\"fa fa-times\" aria-hidden=\"true\"></i></div>\n    <div class=\"mobile-menu-header\">\n      <div class=\"modile-menu-logo\">\n        <a href=\"/\">\n          <img src=\"<?= SITE_TEMPLATE_PATH ?>/images/logo_icon.png\">\n        </a>\n      </div>\n      <div class=\"mobile-menu-close\">\n        <i class=\"fa fa-times\" aria-hidden=\"true\"></i>\n      </div>\n    </div>\n    <?if (strpos($page, \'account\') && !empty($current_user->arResult)) :?>\n      <?$APPLICATION->IncludeComponent(\n        \"bitrix:main.include\",\n        \"\",\n        Array(\n          \"AREA_FILE_SHOW\" => \"file\",\n          \"AREA_FILE_SUFFIX\" => \"inc\",\n          \"EDIT_TEMPLATE\" => \"\",\n          \"PATH\" => \"/includes/account_menu_mobile.php\"\n        )\n      );?>\n    <?endif;?>\n      <?$APPLICATION->IncludeComponent(\n        \"bitrix:menu\",\n        \"main.menu.left\",\n        Array(\n          \"ALLOW_MULTI_SELECT\" => \"N\",\n          \"CHILD_MENU_TYPE\" => \"main\",\n          \"COMPONENT_TEMPLATE\" => \"catalog_vertical\",\n          \"DELAY\" => \"N\",\n          \"MAX_LEVEL\" => \"2\",\n          \"MENU_CACHE_GET_VARS\" => \"\",\n          \"MENU_CACHE_TIME\" => \"3600\",\n          \"MENU_CACHE_TYPE\" => \"N\",\n          \"MENU_CACHE_USE_GROUPS\" => \"Y\",\n          \"MENU_THEME\" => \"site\",\n          \"ROOT_MENU_TYPE\" => \"main\",\n          \"USE_EXT\" => \"N\",\n          \"PREFIX_MENU\" => \"mobile\"\n        )\n      );?>\n  </div>\n  <?if ($page == \'/\') :?>\n    <div class=\"main-menu-tiles\">\n      <?$APPLICATION->IncludeComponent(\"bitrix:catalog.section.list\", \"main.menu\", Array(\n	\"ADD_SECTIONS_CHAIN\" => \"Y\",	// Включать раздел в цепочку навигации\n		\"CACHE_GROUPS\" => \"Y\",	// Учитывать права доступа\n		\"CACHE_TIME\" => \"36000000\",	// Время кеширования (сек.)\n		\"CACHE_TYPE\" => \"A\",	// Тип кеширования\n		\"COUNT_ELEMENTS\" => \"Y\",	// Показывать количество элементов в разделе\n		\"IBLOCK_ID\" => \"1\",	// Инфоблок\n		\"IBLOCK_TYPE\" => \"catalog\",	// Тип инфоблока\n		\"SECTION_CODE\" => \"\",	// Код раздела\n		\"SECTION_FIELDS\" => array(	// Поля разделов\n			0 => \"\",\n			1 => \"\",\n		),\n		\"SECTION_ID\" => $_REQUEST[\"SECTION_ID\"],	// ID раздела\n		\"SECTION_URL\" => \"\",	// URL, ведущий на страницу с содержимым раздела\n		\"SECTION_USER_FIELDS\" => array(	// Свойства разделов\n			0 => \"\",\n			1 => \"\",\n		),\n		\"SHOW_PARENT_NAME\" => \"Y\",	// Показывать название раздела\n		\"TOP_DEPTH\" => \"2\",	// Максимальная отображаемая глубина разделов\n		\"VIEW_MODE\" => \"LINE\",	// Вид списка подразделов\n	),\n	false\n);?>\n    </div>\n  <?endif;?>\n  <div class=\"content content-general\"> <!-- content -->\n      <!--Breadcrumbs and back button-->\n      <div class=\"catalog-control-buttons\">\n          <div class=\"back-button hidden-lg hidden-md\">\n              <a href=\"<?= getPreviousPage() ?>\">\n                  <i class=\"fa fa-chevron-left\" aria-hidden=\"true\"></i>\n              </a>\n          </div>\n          <div class=\"row\">\n              <div class=\"col-xs-9\">\n                  <div class=\"breadcrumbs hidden-sm hidden-xs\">\n                      <? $APPLICATION->IncludeComponent(\n                          \"bitrix:breadcrumb\",\n                          \"custom.breadcrumbs\",\n                          array(\n                              \"PATH\"       => \"\",\n                              \"SITE_ID\"    => \"s1\",\n                              \"START_FROM\" => \"0\"\n                          )\n                      ); ?>\n                  </div>\n              </div>\n          </div>\n      </div>\n\n\n	\n						\";}',1,1496502396),('1ded04996496202be51235b9fe396037f','fileman','edit_component_props','CFileman::UndoEditFile','a:2:{s:7:\"absPath\";s:53:\"/var/www/ogorod/bitrix/templates/moiogorod/header.php\";s:7:\"content\";s:11619:\"<? if (!defined(\"B_PROLOG_INCLUDED\") || B_PROLOG_INCLUDED !== true) die();\nuse Bitrix\\Main\\Page\\Asset;\n?>\n<!DOCTYPE html>\n<html>\n<head lang=\"ru\">\n  <? $APPLICATION->ShowHead(); ?>\n  <meta name=\"viewport\" content=\"width=device-width, initial-scale=1, maximum-scale=1, user-scalable=no\">\n  <title><? $APPLICATION->ShowTitle() ?></title>\n\n  <!-- CSS  -->\n  <?Asset::getInstance()->addString(\'<link href=\"https://fonts.googleapis.com/css?family=Roboto+Condensed:300,400,700&amp;subset=cyrillic\" rel=\"stylesheet\">\');?>\n  <? Asset::getInstance()->addCss(SITE_TEMPLATE_PATH . \"/css/bootstrap.css\"); ?>\n  <? Asset::getInstance()->addCss(SITE_TEMPLATE_PATH . \"/css/reset.css\"); ?>\n  <? Asset::getInstance()->addCss(SITE_TEMPLATE_PATH . \"/css/nik.css\"); ?>\n  <? Asset::getInstance()->addCss(SITE_TEMPLATE_PATH . \"/css/dima.css\"); ?>\n  <? Asset::getInstance()->addCss(SITE_TEMPLATE_PATH . \"/css/responsive.css\"); ?>\n  <? Asset::getInstance()->addCss(SITE_TEMPLATE_PATH . \"/css/bootstrap-select.css\"); ?>\n  <? Asset::getInstance()->addCss(SITE_TEMPLATE_PATH . \"/css/jquery.bxslider.css\"); ?>\n  <? Asset::getInstance()->addCss(SITE_TEMPLATE_PATH . \"/css/jquery.fancybox.css\"); ?>\n  <? Asset::getInstance()->addCss(SITE_TEMPLATE_PATH . \"/css/animate.css\"); ?>\n  <? Asset::getInstance()->addCss(SITE_TEMPLATE_PATH . \"/fonts/font-awesome.min.css\"); ?>\n\n  <!--JS -->\n  <? Asset::getInstance()->addJs(\"http://code.jquery.com/jquery-1.9.1.js\"); ?>\n  <? Asset::getInstance()->addJs(SITE_TEMPLATE_PATH . \"/js/bootstrap.js\"); ?>\n  <? Asset::getInstance()->addJs(SITE_TEMPLATE_PATH . \"/js/bootstrap-select.min.js\"); ?>\n  <? Asset::getInstance()->addJs(SITE_TEMPLATE_PATH . \"/js/jquery.bxslider.js\"); ?>\n  <? Asset::getInstance()->addJs(SITE_TEMPLATE_PATH . \"/js/jquery.fancybox.js\"); ?>\n  <? Asset::getInstance()->addJs(SITE_TEMPLATE_PATH . \"/js/main.js\"); ?>\n  <? Asset::getInstance()->addJs(SITE_TEMPLATE_PATH . \"/js/nik.js\"); ?>\n  <? Asset::getInstance()->addJs(SITE_TEMPLATE_PATH . \"/js/dima.js\"); ?>\n  <!-- END JS -->\n\n  <link rel=\"shortcut icon\" type=\"image/x-icon\" href=\"/favicon.ico\"/>\n</head>\n<body>\n<div id=\"panel\">\n  <? $APPLICATION->ShowPanel(); ?>\n</div>\n<header>\n  <div class=\"wrapper container main-wrapper-container\"> <!-- container -->\n    <div class=\"header-control row\">\n      <div class=\"menu-button-responsive hidden-lg hidden-md col-sm-1 col-xs-2\">\n          <p class=\"menu-control-icon\"></p>\n      </div>\n      <!--logo-->\n      <div class=\"logo col-lg-3 col-md-3 col-sm-2 col-xs-4\">\n        <a href=\"/\"><img src=\"<?= SITE_TEMPLATE_PATH ?>/images/logo_icon.png\"></a>\n      </div>\n      <!--search-->\n      <div class=\"col-lg-4 col-md-4 col-sm-5 hidden-xs\">\n        <div id=\"search-form-global desktop\" class=\"global-search\">\n          <? $APPLICATION->IncludeComponent(\n	\"bitrix:search.title\", \n	\"search_in_head\", \n	array(\n		\"CATEGORY_0\" => array(\n			0 => \"iblock_catalog\",\n		),\n		\"CATEGORY_0_TITLE\" => \"Объявления\",\n		\"CATEGORY_0_iblock_catalog\" => array(\n			0 => \"all\",\n		),\n		\"CHECK_DATES\" => \"N\",\n		\"CONTAINER_ID\" => \"search-form-global\",\n		\"INPUT_ID\" => \"title-search-input\",\n		\"NUM_CATEGORIES\" => \"1\",\n		\"ORDER\" => \"date\",\n		\"PAGE\" => \"#SITE_DIR#search/\",\n		\"SHOW_INPUT\" => \"Y\",\n		\"SHOW_OTHERS\" => \"N\",\n		\"TOP_COUNT\" => \"5\",\n		\"USE_LANGUAGE_GUESS\" => \"N\",\n		\"COMPONENT_TEMPLATE\" => \"search_in_head\",\n		\"PRICE_CODE\" => \"\",\n		\"PRICE_VAT_INCLUDE\" => \"Y\",\n		\"PREVIEW_TRUNCATE_LEN\" => \"\",\n		\"SHOW_PREVIEW\" => \"Y\",\n		\"CONVERT_CURRENCY\" => \"N\",\n		\"PREVIEW_WIDTH\" => \"75\",\n		\"PREVIEW_HEIGHT\" => \"75\"\n	),\n	false\n);?>\n        </div>\n      </div>\n      <!--adding advertisment-->\n      <div class=\"add-button-main col-lg-3 col-md-3 col-sm-3 hidden-xs\">\n        <p class=\"add-button-desktop\">\n          <a href=\"/\">Добавить товар</a>\n        </p>\n      </div>\n      <!--account control-->\n      <div class=\"account-control-main col-lg-2 col-md-2 hidden-sm hidden-xs\">\n        <div class=\"account-control-desktop\">\n          <?$APPLICATION->IncludeComponent(\n            \"bitrix:system.auth.form\",\n            \"header.login.form\",\n            Array(\n              \"FORGOT_PASSWORD_URL\" => \"\",\n              \"PROFILE_URL\" => \"/account/advertisement\",\n              \"REGISTER_URL\" => \"/account/registration\",\n              \"SHOW_ERRORS\" => \"N\"\n            )\n          );\n          //header account menu include\n          $APPLICATION->IncludeComponent(\n            \"bitrix:main.include\",\n            \"\",\n            Array(\n              \"AREA_FILE_SHOW\" => \"file\",\n              \"AREA_FILE_SUFFIX\" => \"inc\",\n              \"EDIT_TEMPLATE\" => \"\",\n              \"PATH\" => \"/includes/account_menu_header.php\"\n            )\n          );?>\n        </div>\n      </div>\n\n      <!--mobile button-->\n      <div class=\"mobile-button-wrapper hidden-lg col-sm-1 col-xs-6\">\n        <div class=\"add-button-mobile\">\n          <a href=\"/\"></a>\n        </div>\n\n        <div class=\"search-icon-mobile\"></div>\n\n        <? $current_user = CUser::GetByID($USER->GetID()); ?>\n        <? if (!empty($current_user->arResult)) :?>\n          <div class=\"account-control-mobile logged\"></div>\n        <?else :?>\n          <div class=\"account-control-mobile anonymous\"></div>\n        <?endif?>\n      </div>\n    </div>\n    <div class=\"hidden-lg hidden-md hidden-sm search-global-mobile\">\n      <div id=\"search-form-global desktop\" class=\"global-search\">\n        <? $APPLICATION->IncludeComponent(\"bitrix:search.title\", \"header.search.title\", Array(\n          \"CATEGORY_0\" => array(	// Ограничение области поиска\n            0 => \"iblock_catalog\",\n          ),\n          \"CATEGORY_0_TITLE\" => \"Объявления\",	// Название категории\n          \"CATEGORY_0_iblock_catalog\" => array(	// Искать в информационных блоках типа \"iblock_catalog\"\n            0 => \"all\",\n          ),\n          \"CHECK_DATES\" => \"N\",	// Искать только в активных по дате документах\n          \"CONTAINER_ID\" => \"search-form-global\",	// ID контейнера, по ширине которого будут выводиться результаты\n          \"INPUT_ID\" => \"title-search-input\",	// ID строки ввода поискового запроса\n          \"NUM_CATEGORIES\" => \"1\",	// Количество категорий поиска\n          \"ORDER\" => \"date\",	// Сортировка результатов\n          \"PAGE\" => \"#SITE_DIR#search/\",	// Страница выдачи результатов поиска (доступен макрос #SITE_DIR#)\n          \"SHOW_INPUT\" => \"Y\",	// Показывать форму ввода поискового запроса\n          \"SHOW_OTHERS\" => \"N\",	// Показывать категорию \"прочее\"\n          \"TOP_COUNT\" => \"5\",	// Количество результатов в каждой категории\n          \"USE_LANGUAGE_GUESS\" => \"N\",	// Включить автоопределение раскладки клавиатуры\n          \"COMPONENT_TEMPLATE\" => \"visual\",\n          \"PRICE_CODE\" => \"\",	// Тип цены\n          \"PRICE_VAT_INCLUDE\" => \"Y\",	// Включать НДС в цену\n          \"PREVIEW_TRUNCATE_LEN\" => \"\",	// Максимальная длина анонса для вывода\n          \"SHOW_PREVIEW\" => \"Y\",	// Показать картинку\n          \"CONVERT_CURRENCY\" => \"N\",	// Показывать цены в одной валюте\n          \"PREVIEW_WIDTH\" => \"75\",	// Ширина картинки\n          \"PREVIEW_HEIGHT\" => \"75\",	// Высота картинки\n        ),\n          false\n        );?>\n      </div>\n    </div>\n  </div>  <!-- container end-->\n</header>\n\n<div class=\"header-background container-fluid\"></div>\n\n<div class=\"wrapper container main-wrapper-container\"> <!-- container -->\n  <?$page = $APPLICATION->GetCurPage();?>\n  <div class=\"catalog-menu-mobile-wrapper\">\n    <div class=\"menu-close\"><i class=\"fa fa-times\" aria-hidden=\"true\"></i></div>\n    <div class=\"mobile-menu-header\">\n      <div class=\"modile-menu-logo\">\n        <a href=\"/\">\n          <img src=\"<?= SITE_TEMPLATE_PATH ?>/images/logo_icon.png\">\n        </a>\n      </div>\n      <div class=\"mobile-menu-close\">\n        <i class=\"fa fa-times\" aria-hidden=\"true\"></i>\n      </div>\n    </div>\n    <?if (strpos($page, \'account\') && !empty($current_user->arResult)) :?>\n      <?$APPLICATION->IncludeComponent(\n        \"bitrix:main.include\",\n        \"\",\n        Array(\n          \"AREA_FILE_SHOW\" => \"file\",\n          \"AREA_FILE_SUFFIX\" => \"inc\",\n          \"EDIT_TEMPLATE\" => \"\",\n          \"PATH\" => \"/includes/account_menu_mobile.php\"\n        )\n      );?>\n    <?endif;?>\n      <?$APPLICATION->IncludeComponent(\n        \"bitrix:menu\",\n        \"main.menu.left\",\n        Array(\n          \"ALLOW_MULTI_SELECT\" => \"N\",\n          \"CHILD_MENU_TYPE\" => \"main\",\n          \"COMPONENT_TEMPLATE\" => \"catalog_vertical\",\n          \"DELAY\" => \"N\",\n          \"MAX_LEVEL\" => \"2\",\n          \"MENU_CACHE_GET_VARS\" => \"\",\n          \"MENU_CACHE_TIME\" => \"3600\",\n          \"MENU_CACHE_TYPE\" => \"N\",\n          \"MENU_CACHE_USE_GROUPS\" => \"Y\",\n          \"MENU_THEME\" => \"site\",\n          \"ROOT_MENU_TYPE\" => \"main\",\n          \"USE_EXT\" => \"N\",\n          \"PREFIX_MENU\" => \"mobile\"\n        )\n      );?>\n  </div>\n  <?if ($page == \'/\') :?>\n    <div class=\"main-menu-tiles\">\n      <?$APPLICATION->IncludeComponent(\"bitrix:catalog.section.list\", \"main.menu\", Array(\n	\"ADD_SECTIONS_CHAIN\" => \"Y\",	// Включать раздел в цепочку навигации\n		\"CACHE_GROUPS\" => \"Y\",	// Учитывать права доступа\n		\"CACHE_TIME\" => \"36000000\",	// Время кеширования (сек.)\n		\"CACHE_TYPE\" => \"A\",	// Тип кеширования\n		\"COUNT_ELEMENTS\" => \"Y\",	// Показывать количество элементов в разделе\n		\"IBLOCK_ID\" => \"1\",	// Инфоблок\n		\"IBLOCK_TYPE\" => \"catalog\",	// Тип инфоблока\n		\"SECTION_CODE\" => \"\",	// Код раздела\n		\"SECTION_FIELDS\" => array(	// Поля разделов\n			0 => \"\",\n			1 => \"\",\n		),\n		\"SECTION_ID\" => $_REQUEST[\"SECTION_ID\"],	// ID раздела\n		\"SECTION_URL\" => \"\",	// URL, ведущий на страницу с содержимым раздела\n		\"SECTION_USER_FIELDS\" => array(	// Свойства разделов\n			0 => \"\",\n			1 => \"\",\n		),\n		\"SHOW_PARENT_NAME\" => \"Y\",	// Показывать название раздела\n		\"TOP_DEPTH\" => \"2\",	// Максимальная отображаемая глубина разделов\n		\"VIEW_MODE\" => \"LINE\",	// Вид списка подразделов\n	),\n	false\n);?>\n    </div>\n  <?endif;?>\n  <div class=\"content content-general\"> <!-- content -->\n      <!--Breadcrumbs and back button-->\n      <div class=\"catalog-control-buttons\">\n          <div class=\"back-button hidden-lg hidden-md\">\n              <a href=\"<?= getPreviousPage() ?>\">\n                  <i class=\"fa fa-chevron-left\" aria-hidden=\"true\"></i>\n              </a>\n          </div>\n          <div class=\"row\">\n              <div class=\"col-xs-9\">\n                  <div class=\"breadcrumbs hidden-sm hidden-xs\">\n                      <? $APPLICATION->IncludeComponent(\n                          \"bitrix:breadcrumb\",\n                          \"custom.breadcrumbs\",\n                          array(\n                              \"PATH\"       => \"\",\n                              \"SITE_ID\"    => \"s1\",\n                              \"START_FROM\" => \"0\"\n                          )\n                      ); ?>\n                  </div>\n              </div>\n          </div>\n      </div>\n\n\n	\n						\";}',1,1496502410),('1e55b073c08eb5348f3690d70e7023c33','fileman','edit_component_props','CFileman::UndoEditFile','a:2:{s:7:\"absPath\";s:40:\"/var/www/dev.moiogorod/catalog/index.php\";s:7:\"content\";s:6874:\"<?\nrequire($_SERVER[\"DOCUMENT_ROOT\"].\"/bitrix/header.php\");\n$APPLICATION->SetTitle(\"Объявления\");\n?><?$APPLICATION->IncludeComponent(\n	\"bitrix:catalog\", \n	\"advert.catalog\", \n	array(\n		\"ACTION_VARIABLE\" => \"action\",\n		\"ADD_ELEMENT_CHAIN\" => \"Y\",\n		\"ADD_PICT_PROP\" => \"-\",\n		\"ADD_PROPERTIES_TO_BASKET\" => \"Y\",\n		\"ADD_SECTIONS_CHAIN\" => \"Y\",\n		\"AJAX_MODE\" => \"N\",\n		\"AJAX_OPTION_ADDITIONAL\" => \"\",\n		\"AJAX_OPTION_HISTORY\" => \"N\",\n		\"AJAX_OPTION_JUMP\" => \"N\",\n		\"AJAX_OPTION_STYLE\" => \"Y\",\n		\"BASKET_URL\" => \"/personal/basket.php\",\n		\"BIG_DATA_RCM_TYPE\" => \"bestsell\",\n		\"CACHE_FILTER\" => \"N\",\n		\"CACHE_GROUPS\" => \"Y\",\n		\"CACHE_TIME\" => \"36000000\",\n		\"CACHE_TYPE\" => \"A\",\n		\"COMMON_ADD_TO_BASKET_ACTION\" => \"\",\n		\"COMMON_SHOW_CLOSE_POPUP\" => \"N\",\n		\"CONVERT_CURRENCY\" => \"N\",\n		\"DETAIL_ADD_DETAIL_TO_SLIDER\" => \"N\",\n		\"DETAIL_ADD_TO_BASKET_ACTION\" => array(\n			0 => \"BUY\",\n		),\n		\"DETAIL_BACKGROUND_IMAGE\" => \"-\",\n		\"DETAIL_BRAND_USE\" => \"N\",\n		\"DETAIL_BROWSER_TITLE\" => \"-\",\n		\"DETAIL_CHECK_SECTION_ID_VARIABLE\" => \"N\",\n		\"DETAIL_DETAIL_PICTURE_MODE\" => \"IMG\",\n		\"DETAIL_DISPLAY_NAME\" => \"Y\",\n		\"DETAIL_DISPLAY_PREVIEW_TEXT_MODE\" => \"E\",\n		\"DETAIL_META_DESCRIPTION\" => \"-\",\n		\"DETAIL_META_KEYWORDS\" => \"-\",\n		\"DETAIL_PROPERTY_CODE\" => array(\n			0 => \"\",\n			1 => \"\",\n		),\n		\"DETAIL_SET_CANONICAL_URL\" => \"N\",\n		\"DETAIL_SET_VIEWED_IN_COMPONENT\" => \"N\",\n		\"DETAIL_SHOW_MAX_QUANTITY\" => \"N\",\n		\"DETAIL_USE_COMMENTS\" => \"N\",\n		\"DETAIL_USE_VOTE_RATING\" => \"N\",\n		\"DISABLE_INIT_JS_IN_COMPONENT\" => \"N\",\n		\"DISPLAY_BOTTOM_PAGER\" => \"Y\",\n		\"DISPLAY_TOP_PAGER\" => \"N\",\n		\"ELEMENT_SORT_FIELD\" => \"sort\",\n		\"ELEMENT_SORT_FIELD2\" => \"id\",\n		\"ELEMENT_SORT_ORDER\" => \"asc\",\n		\"ELEMENT_SORT_ORDER2\" => \"desc\",\n		\"FILTER_FIELD_CODE\" => array(\n			0 => \"\",\n			1 => \"ITEM_COST\",\n			2 => \"\",\n		),\n		\"FILTER_NAME\" => \"\",\n		\"FILTER_PRICE_CODE\" => array(\n		),\n		\"FILTER_PROPERTY_CODE\" => array(\n			0 => \"ADVERT_TYPE\",\n			1 => \"YANDEX_MAP\",\n			2 => \"ITEM_COST\",\n			3 => \"AUCTION\",\n			4 => \"ITEM_TYPE\",\n			5 => \"ADDTIONAL_PHONE\",\n			6 => \"VIP_ADVERT\",\n			7 => \"AMOUNT_TYPE\",\n			8 => \"ITEMS_AMOUNT\",\n			9 => \"ITEM_USER\",\n			10 => \"VENDOR_AREA\",\n			11 => \"VENDOR_SUBAREA\",\n			12 => \"VENDOR_CITY\",\n			13 => \"BLOG_POST_ID\",\n			14 => \"BLOG_COMMENTS_CNT\",\n			15 => \"\",\n		),\n		\"FILTER_VIEW_MODE\" => \"VERTICAL\",\n		\"FORUM_ID\" => \"1\",\n		\"GIFTS_DETAIL_BLOCK_TITLE\" => \"Выберите один из подарков\",\n		\"GIFTS_DETAIL_HIDE_BLOCK_TITLE\" => \"N\",\n		\"GIFTS_DETAIL_PAGE_ELEMENT_COUNT\" => \"3\",\n		\"GIFTS_DETAIL_TEXT_LABEL_GIFT\" => \"Подарок\",\n		\"GIFTS_MAIN_PRODUCT_DETAIL_BLOCK_TITLE\" => \"Выберите один из товаров, чтобы получить подарок\",\n		\"GIFTS_MAIN_PRODUCT_DETAIL_HIDE_BLOCK_TITLE\" => \"N\",\n		\"GIFTS_MAIN_PRODUCT_DETAIL_PAGE_ELEMENT_COUNT\" => \"3\",\n		\"GIFTS_MESS_BTN_BUY\" => \"Выбрать\",\n		\"GIFTS_SECTION_LIST_BLOCK_TITLE\" => \"Подарки к товарам этого раздела\",\n		\"GIFTS_SECTION_LIST_HIDE_BLOCK_TITLE\" => \"N\",\n		\"GIFTS_SECTION_LIST_PAGE_ELEMENT_COUNT\" => \"3\",\n		\"GIFTS_SECTION_LIST_TEXT_LABEL_GIFT\" => \"Подарок\",\n		\"GIFTS_SHOW_DISCOUNT_PERCENT\" => \"Y\",\n		\"GIFTS_SHOW_IMAGE\" => \"Y\",\n		\"GIFTS_SHOW_NAME\" => \"Y\",\n		\"GIFTS_SHOW_OLD_PRICE\" => \"Y\",\n		\"HIDE_NOT_AVAILABLE\" => \"Y\",\n		\"IBLOCK_ID\" => \"1\",\n		\"IBLOCK_TYPE\" => \"catalog\",\n		\"INCLUDE_SUBSECTIONS\" => \"Y\",\n		\"INSTANT_RELOAD\" => \"N\",\n		\"LABEL_PROP\" => \"-\",\n		\"LINE_ELEMENT_COUNT\" => \"3\",\n		\"LINK_ELEMENTS_URL\" => \"link.php?PARENT_ELEMENT_ID=#ELEMENT_ID#\",\n		\"LINK_IBLOCK_ID\" => \"\",\n		\"LINK_IBLOCK_TYPE\" => \"\",\n		\"LINK_PROPERTY_SID\" => \"\",\n		\"LIST_BROWSER_TITLE\" => \"-\",\n		\"LIST_META_DESCRIPTION\" => \"-\",\n		\"LIST_META_KEYWORDS\" => \"-\",\n		\"LIST_PROPERTY_CODE\" => array(\n			0 => \"ADVERT_TYPE\",\n			1 => \"YANDEX_MAP\",\n			2 => \"ITEM_COST\",\n			3 => \"AUCTION\",\n			4 => \"ITEM_TYPE\",\n			5 => \"ADDTIONAL_PHONE\",\n			6 => \"AMOUNT_TYPE\",\n			7 => \"ITEMS_AMOUNT\",\n			8 => \"ITEM_USER\",\n			9 => \"\",\n		),\n		\"MESSAGES_PER_PAGE\" => \"10\",\n		\"MESSAGE_404\" => \"\",\n		\"MESS_BTN_ADD_TO_BASKET\" => \"В корзину\",\n		\"MESS_BTN_BUY\" => \"Купить\",\n		\"MESS_BTN_COMPARE\" => \"Сравнение\",\n		\"MESS_BTN_DETAIL\" => \"Подробнее\",\n		\"MESS_NOT_AVAILABLE\" => \"Нет в наличии\",\n		\"PAGER_BASE_LINK_ENABLE\" => \"N\",\n		\"PAGER_DESC_NUMBERING\" => \"N\",\n		\"PAGER_DESC_NUMBERING_CACHE_TIME\" => \"36000\",\n		\"PAGER_SHOW_ALL\" => \"N\",\n		\"PAGER_SHOW_ALWAYS\" => \"N\",\n		\"PAGER_TEMPLATE\" => \"round\",\n		\"PAGER_TITLE\" => \"Объявления\",\n		\"PAGE_ELEMENT_COUNT\" => \"30\",\n		\"PARTIAL_PRODUCT_PROPERTIES\" => \"N\",\n		\"PATH_TO_SMILE\" => \"/bitrix/images/forum/smile/\",\n		\"PRICE_CODE\" => array(\n		),\n		\"PRICE_VAT_INCLUDE\" => \"Y\",\n		\"PRICE_VAT_SHOW_VALUE\" => \"N\",\n		\"PRODUCT_ID_VARIABLE\" => \"id\",\n		\"PRODUCT_PROPERTIES\" => array(\n		),\n		\"PRODUCT_PROPS_VARIABLE\" => \"prop\",\n		\"PRODUCT_QUANTITY_VARIABLE\" => \"\",\n		\"REVIEW_AJAX_POST\" => \"Y\",\n		\"SECTIONS_SHOW_PARENT_NAME\" => \"Y\",\n		\"SECTIONS_VIEW_MODE\" => \"LIST\",\n		\"SECTION_ADD_TO_BASKET_ACTION\" => \"ADD\",\n		\"SECTION_BACKGROUND_IMAGE\" => \"-\",\n		\"SECTION_COUNT_ELEMENTS\" => \"N\",\n		\"SECTION_ID_VARIABLE\" => \"SECTION_ID\",\n		\"SECTION_TOP_DEPTH\" => \"1\",\n		\"SEF_FOLDER\" => \"/catalog/\",\n		\"SEF_MODE\" => \"Y\",\n		\"SET_LAST_MODIFIED\" => \"N\",\n		\"SET_STATUS_404\" => \"N\",\n		\"SET_TITLE\" => \"Y\",\n		\"SHOW_404\" => \"N\",\n		\"SHOW_DEACTIVATED\" => \"N\",\n		\"SHOW_DISCOUNT_PERCENT\" => \"N\",\n		\"SHOW_LINK_TO_FORUM\" => \"Y\",\n		\"SHOW_OLD_PRICE\" => \"N\",\n		\"SHOW_PRICE_COUNT\" => \"1\",\n		\"SHOW_TOP_ELEMENTS\" => \"N\",\n		\"SIDEBAR_DETAIL_SHOW\" => \"Y\",\n		\"SIDEBAR_PATH\" => \"\",\n		\"SIDEBAR_SECTION_SHOW\" => \"Y\",\n		\"TEMPLATE_THEME\" => \"blue\",\n		\"TOP_ADD_TO_BASKET_ACTION\" => \"ADD\",\n		\"TOP_ELEMENT_COUNT\" => \"9\",\n		\"TOP_ELEMENT_SORT_FIELD\" => \"sort\",\n		\"TOP_ELEMENT_SORT_FIELD2\" => \"id\",\n		\"TOP_ELEMENT_SORT_ORDER\" => \"asc\",\n		\"TOP_ELEMENT_SORT_ORDER2\" => \"desc\",\n		\"TOP_LINE_ELEMENT_COUNT\" => \"3\",\n		\"TOP_PROPERTY_CODE\" => array(\n			0 => \"\",\n			1 => \"\",\n		),\n		\"TOP_VIEW_MODE\" => \"SECTION\",\n		\"URL_TEMPLATES_READ\" => \"\",\n		\"USE_ALSO_BUY\" => \"N\",\n		\"USE_BIG_DATA\" => \"N\",\n		\"USE_CAPTCHA\" => \"N\",\n		\"USE_COMMON_SETTINGS_BASKET_POPUP\" => \"N\",\n		\"USE_COMPARE\" => \"N\",\n		\"USE_ELEMENT_COUNTER\" => \"Y\",\n		\"USE_FILTER\" => \"Y\",\n		\"USE_GIFTS_DETAIL\" => \"N\",\n		\"USE_GIFTS_MAIN_PR_SECTION_LIST\" => \"N\",\n		\"USE_GIFTS_SECTION\" => \"N\",\n		\"USE_MAIN_ELEMENT_SECTION\" => \"N\",\n		\"USE_PRICE_COUNT\" => \"N\",\n		\"USE_PRODUCT_QUANTITY\" => \"N\",\n		\"USE_REVIEW\" => \"Y\",\n		\"USE_SALE_BESTSELLERS\" => \"N\",\n		\"USE_STORE\" => \"N\",\n		\"COMPONENT_TEMPLATE\" => \"advert.catalog\",\n		\"SEF_URL_TEMPLATES\" => array(\n			\"sections\" => \"\",\n			\"section\" => \"#SECTION_CODE#/\",\n			\"element\" => \"#SECTION_CODE#/#ELEMENT_ID#/\",\n			\"compare\" => \"compare.php?action=#ACTION_CODE#\",\n			\"smart_filter\" => \"#SECTION_ID#/filter/#SMART_FILTER_PATH#/apply/\",\n		),\n		\"VARIABLE_ALIASES\" => array(\n			\"compare\" => array(\n				\"ACTION_CODE\" => \"action\",\n			),\n		)\n	),\n	false\n);?><br><?require($_SERVER[\"DOCUMENT_ROOT\"].\"/bitrix/footer.php\");?>\";}',1,1495566404),('205d5b49928c13ea4f25b050d4bc5a186','main','autosave','CAutoSave::_Restore','a:31:{s:12:\"USER_TYPE_ID\";s:7:\"integer\";s:9:\"ENTITY_ID\";s:9:\"HLBLOCK_2\";s:10:\"FIELD_NAME\";s:12:\"UF_TIMESTAMP\";s:6:\"XML_ID\";s:0:\"\";s:4:\"SORT\";s:3:\"100\";s:8:\"MULTIPLE\";s:0:\"\";s:9:\"MANDATORY\";s:0:\"\";s:11:\"SHOW_FILTER\";s:1:\"N\";s:12:\"SHOW_IN_LIST\";s:0:\"\";s:12:\"EDIT_IN_LIST\";s:1:\"N\";s:13:\"IS_SEARCHABLE\";s:0:\"\";s:37:\"SETTINGSX000091XDEFAULT_VALUEX000093X\";s:0:\"\";s:28:\"SETTINGSX000091XSIZEX000093X\";s:2:\"20\";s:33:\"SETTINGSX000091XMIN_VALUEX000093X\";s:1:\"0\";s:33:\"SETTINGSX000091XMAX_VALUEX000093X\";s:1:\"0\";s:33:\"EDIT_FORM_LABELX000091XruX000093X\";s:0:\"\";s:35:\"LIST_COLUMN_LABELX000091XruX000093X\";s:0:\"\";s:35:\"LIST_FILTER_LABELX000091XruX000093X\";s:0:\"\";s:31:\"ERROR_MESSAGEX000091XruX000093X\";s:0:\"\";s:30:\"HELP_MESSAGEX000091XruX000093X\";s:0:\"\";s:33:\"EDIT_FORM_LABELX000091XenX000093X\";s:0:\"\";s:35:\"LIST_COLUMN_LABELX000091XenX000093X\";s:0:\"\";s:35:\"LIST_FILTER_LABELX000091XenX000093X\";s:0:\"\";s:31:\"ERROR_MESSAGEX000091XenX000093X\";s:0:\"\";s:30:\"HELP_MESSAGEX000091XenX000093X\";s:0:\"\";s:4:\"save\";s:0:\"\";s:5:\"apply\";s:0:\"\";s:6:\"cancel\";s:0:\"\";s:8:\"back_url\";s:100:\"/bitrix/admin/highloadblock_row_edit.php?hlrow_edit_2_active_tab=user_fields_tab&ENTITY_ID=2&lang=ru\";s:8:\"list_url\";s:0:\"\";s:21:\"tabControl_active_tab\";s:5:\"edit1\";}',1,1496515968),('2aed2d6927318f080f2f8d4a434c67a97','main','autosave','CAutoSave::_Restore','a:42:{s:12:\"USER_TYPE_ID\";s:5:\"video\";s:9:\"ENTITY_ID\";s:9:\"HLBLOCK_2\";s:10:\"FIELD_NAME\";s:9:\"UF_ЕШЬ\";s:6:\"XML_ID\";s:0:\"\";s:4:\"SORT\";s:3:\"100\";s:8:\"MULTIPLE\";s:0:\"\";s:9:\"MANDATORY\";s:0:\"\";s:11:\"SHOW_FILTER\";s:1:\"N\";s:12:\"SHOW_IN_LIST\";s:0:\"\";s:12:\"EDIT_IN_LIST\";s:0:\"\";s:13:\"IS_SEARCHABLE\";s:0:\"\";s:37:\"SETTINGSX000091XBUFFER_LENGTHX000093X\";s:2:\"10\";s:34:\"SETTINGSX000091XCONTROLBARX000093X\";s:6:\"bottom\";s:33:\"SETTINGSX000091XAUTOSTARTX000093X\";s:0:\"\";s:30:\"SETTINGSX000091XVOLUMEX000093X\";s:2:\"90\";s:29:\"SETTINGSX000091XWIDTHX000093X\";s:3:\"400\";s:30:\"SETTINGSX000091XHEIGHTX000093X\";s:3:\"300\";s:28:\"SETTINGSX000091XSKINX000093X\";s:0:\"\";s:33:\"SETTINGSX000091XFLASHVARSX000093X\";s:0:\"\";s:33:\"SETTINGSX000091XWMODE_FLVX000093X\";s:11:\"transparent\";s:31:\"SETTINGSX000091XBGCOLORX000093X\";s:6:\"FFFFFF\";s:29:\"SETTINGSX000091XCOLORX000093X\";s:6:\"000000\";s:34:\"SETTINGSX000091XOVER_COLORX000093X\";s:6:\"000000\";s:36:\"SETTINGSX000091XSCREEN_COLORX000093X\";s:6:\"000000\";s:34:\"SETTINGSX000091XSILVERVARSX000093X\";s:0:\"\";s:33:\"SETTINGSX000091XWMODE_WMVX000093X\";s:10:\"windowless\";s:33:\"EDIT_FORM_LABELX000091XruX000093X\";s:0:\"\";s:35:\"LIST_COLUMN_LABELX000091XruX000093X\";s:0:\"\";s:35:\"LIST_FILTER_LABELX000091XruX000093X\";s:0:\"\";s:31:\"ERROR_MESSAGEX000091XruX000093X\";s:0:\"\";s:30:\"HELP_MESSAGEX000091XruX000093X\";s:0:\"\";s:33:\"EDIT_FORM_LABELX000091XenX000093X\";s:0:\"\";s:35:\"LIST_COLUMN_LABELX000091XenX000093X\";s:0:\"\";s:35:\"LIST_FILTER_LABELX000091XenX000093X\";s:0:\"\";s:31:\"ERROR_MESSAGEX000091XenX000093X\";s:0:\"\";s:30:\"HELP_MESSAGEX000091XenX000093X\";s:0:\"\";s:4:\"save\";s:0:\"\";s:5:\"apply\";s:0:\"\";s:6:\"cancel\";s:0:\"\";s:8:\"back_url\";s:100:\"/bitrix/admin/highloadblock_row_edit.php?hlrow_edit_2_active_tab=user_fields_tab&ENTITY_ID=2&lang=ru\";s:8:\"list_url\";s:0:\"\";s:21:\"tabControl_active_tab\";s:5:\"edit1\";}',1,1496515943);
/*!40000 ALTER TABLE `b_undo` ENABLE KEYS */;
UNLOCK TABLES;

--
-- Table structure for table `b_urlpreview_metadata`
--

DROP TABLE IF EXISTS `b_urlpreview_metadata`;
/*!40101 SET @saved_cs_client     = @@character_set_client */;
/*!40101 SET character_set_client = utf8 */;
CREATE TABLE `b_urlpreview_metadata` (
  `ID` int(11) NOT NULL AUTO_INCREMENT,
  `URL` varchar(200) COLLATE utf8_unicode_ci NOT NULL,
  `TYPE` char(1) COLLATE utf8_unicode_ci NOT NULL DEFAULT 'S',
  `DATE_INSERT` datetime NOT NULL,
  `DATE_EXPIRE` datetime DEFAULT NULL,
  `TITLE` varchar(200) COLLATE utf8_unicode_ci DEFAULT NULL,
  `DESCRIPTION` text COLLATE utf8_unicode_ci,
  `IMAGE_ID` int(11) DEFAULT NULL,
  `IMAGE` varchar(255) COLLATE utf8_unicode_ci DEFAULT NULL,
  `EMBED` mediumtext COLLATE utf8_unicode_ci,
  `EXTRA` text COLLATE utf8_unicode_ci,
  PRIMARY KEY (`ID`),
  KEY `IX_URLPREVIEW_METADATA_URL` (`URL`)
) ENGINE=MyISAM DEFAULT CHARSET=utf8 COLLATE=utf8_unicode_ci;
/*!40101 SET character_set_client = @saved_cs_client */;

--
-- Dumping data for table `b_urlpreview_metadata`
--

LOCK TABLES `b_urlpreview_metadata` WRITE;
/*!40000 ALTER TABLE `b_urlpreview_metadata` DISABLE KEYS */;
/*!40000 ALTER TABLE `b_urlpreview_metadata` ENABLE KEYS */;
UNLOCK TABLES;

--
-- Table structure for table `b_urlpreview_route`
--

DROP TABLE IF EXISTS `b_urlpreview_route`;
/*!40101 SET @saved_cs_client     = @@character_set_client */;
/*!40101 SET character_set_client = utf8 */;
CREATE TABLE `b_urlpreview_route` (
  `ID` int(11) NOT NULL AUTO_INCREMENT,
  `ROUTE` varchar(200) COLLATE utf8_unicode_ci NOT NULL,
  `MODULE` varchar(50) COLLATE utf8_unicode_ci NOT NULL,
  `CLASS` varchar(150) COLLATE utf8_unicode_ci NOT NULL,
  `PARAMETERS` mediumtext COLLATE utf8_unicode_ci,
  PRIMARY KEY (`ID`),
  UNIQUE KEY `UX_URLPREVIEW_ROUTE_ROUTE` (`ROUTE`)
) ENGINE=MyISAM DEFAULT CHARSET=utf8 COLLATE=utf8_unicode_ci;
/*!40101 SET character_set_client = @saved_cs_client */;

--
-- Dumping data for table `b_urlpreview_route`
--

LOCK TABLES `b_urlpreview_route` WRITE;
/*!40000 ALTER TABLE `b_urlpreview_route` DISABLE KEYS */;
/*!40000 ALTER TABLE `b_urlpreview_route` ENABLE KEYS */;
UNLOCK TABLES;

--
-- Table structure for table `b_user`
--

DROP TABLE IF EXISTS `b_user`;
/*!40101 SET @saved_cs_client     = @@character_set_client */;
/*!40101 SET character_set_client = utf8 */;
CREATE TABLE `b_user` (
  `ID` int(18) NOT NULL AUTO_INCREMENT,
  `TIMESTAMP_X` timestamp NOT NULL DEFAULT CURRENT_TIMESTAMP ON UPDATE CURRENT_TIMESTAMP,
  `LOGIN` varchar(50) COLLATE utf8_unicode_ci NOT NULL,
  `PASSWORD` varchar(50) COLLATE utf8_unicode_ci NOT NULL,
  `CHECKWORD` varchar(50) COLLATE utf8_unicode_ci DEFAULT NULL,
  `ACTIVE` char(1) COLLATE utf8_unicode_ci NOT NULL DEFAULT 'Y',
  `NAME` varchar(50) COLLATE utf8_unicode_ci DEFAULT NULL,
  `LAST_NAME` varchar(50) COLLATE utf8_unicode_ci DEFAULT NULL,
  `EMAIL` varchar(255) COLLATE utf8_unicode_ci DEFAULT NULL,
  `LAST_LOGIN` datetime DEFAULT NULL,
  `DATE_REGISTER` datetime NOT NULL,
  `LID` char(2) COLLATE utf8_unicode_ci DEFAULT NULL,
  `PERSONAL_PROFESSION` varchar(255) COLLATE utf8_unicode_ci DEFAULT NULL,
  `PERSONAL_WWW` varchar(255) COLLATE utf8_unicode_ci DEFAULT NULL,
  `PERSONAL_ICQ` varchar(255) COLLATE utf8_unicode_ci DEFAULT NULL,
  `PERSONAL_GENDER` char(1) COLLATE utf8_unicode_ci DEFAULT NULL,
  `PERSONAL_BIRTHDATE` varchar(50) COLLATE utf8_unicode_ci DEFAULT NULL,
  `PERSONAL_PHOTO` int(18) DEFAULT NULL,
  `PERSONAL_PHONE` varchar(255) COLLATE utf8_unicode_ci DEFAULT NULL,
  `PERSONAL_FAX` varchar(255) COLLATE utf8_unicode_ci DEFAULT NULL,
  `PERSONAL_MOBILE` varchar(255) COLLATE utf8_unicode_ci DEFAULT NULL,
  `PERSONAL_PAGER` varchar(255) COLLATE utf8_unicode_ci DEFAULT NULL,
  `PERSONAL_STREET` text COLLATE utf8_unicode_ci,
  `PERSONAL_MAILBOX` varchar(255) COLLATE utf8_unicode_ci DEFAULT NULL,
  `PERSONAL_CITY` varchar(255) COLLATE utf8_unicode_ci DEFAULT NULL,
  `PERSONAL_STATE` varchar(255) COLLATE utf8_unicode_ci DEFAULT NULL,
  `PERSONAL_ZIP` varchar(255) COLLATE utf8_unicode_ci DEFAULT NULL,
  `PERSONAL_COUNTRY` varchar(255) COLLATE utf8_unicode_ci DEFAULT NULL,
  `PERSONAL_NOTES` text COLLATE utf8_unicode_ci,
  `WORK_COMPANY` varchar(255) COLLATE utf8_unicode_ci DEFAULT NULL,
  `WORK_DEPARTMENT` varchar(255) COLLATE utf8_unicode_ci DEFAULT NULL,
  `WORK_POSITION` varchar(255) COLLATE utf8_unicode_ci DEFAULT NULL,
  `WORK_WWW` varchar(255) COLLATE utf8_unicode_ci DEFAULT NULL,
  `WORK_PHONE` varchar(255) COLLATE utf8_unicode_ci DEFAULT NULL,
  `WORK_FAX` varchar(255) COLLATE utf8_unicode_ci DEFAULT NULL,
  `WORK_PAGER` varchar(255) COLLATE utf8_unicode_ci DEFAULT NULL,
  `WORK_STREET` text COLLATE utf8_unicode_ci,
  `WORK_MAILBOX` varchar(255) COLLATE utf8_unicode_ci DEFAULT NULL,
  `WORK_CITY` varchar(255) COLLATE utf8_unicode_ci DEFAULT NULL,
  `WORK_STATE` varchar(255) COLLATE utf8_unicode_ci DEFAULT NULL,
  `WORK_ZIP` varchar(255) COLLATE utf8_unicode_ci DEFAULT NULL,
  `WORK_COUNTRY` varchar(255) COLLATE utf8_unicode_ci DEFAULT NULL,
  `WORK_PROFILE` text COLLATE utf8_unicode_ci,
  `WORK_LOGO` int(18) DEFAULT NULL,
  `WORK_NOTES` text COLLATE utf8_unicode_ci,
  `ADMIN_NOTES` text COLLATE utf8_unicode_ci,
  `STORED_HASH` varchar(32) COLLATE utf8_unicode_ci DEFAULT NULL,
  `XML_ID` varchar(255) COLLATE utf8_unicode_ci DEFAULT NULL,
  `PERSONAL_BIRTHDAY` date DEFAULT NULL,
  `EXTERNAL_AUTH_ID` varchar(255) COLLATE utf8_unicode_ci DEFAULT NULL,
  `CHECKWORD_TIME` datetime DEFAULT NULL,
  `SECOND_NAME` varchar(50) COLLATE utf8_unicode_ci DEFAULT NULL,
  `CONFIRM_CODE` varchar(8) COLLATE utf8_unicode_ci DEFAULT NULL,
  `LOGIN_ATTEMPTS` int(18) DEFAULT NULL,
  `LAST_ACTIVITY_DATE` datetime DEFAULT NULL,
  `AUTO_TIME_ZONE` char(1) COLLATE utf8_unicode_ci DEFAULT NULL,
  `TIME_ZONE` varchar(50) COLLATE utf8_unicode_ci DEFAULT NULL,
  `TIME_ZONE_OFFSET` int(18) DEFAULT NULL,
  `TITLE` varchar(255) COLLATE utf8_unicode_ci DEFAULT NULL,
  `BX_USER_ID` varchar(32) COLLATE utf8_unicode_ci DEFAULT NULL,
  `LANGUAGE_ID` char(2) COLLATE utf8_unicode_ci DEFAULT NULL,
  PRIMARY KEY (`ID`),
  UNIQUE KEY `ix_login` (`LOGIN`,`EXTERNAL_AUTH_ID`),
  KEY `ix_b_user_email` (`EMAIL`),
  KEY `ix_b_user_activity_date` (`LAST_ACTIVITY_DATE`),
  KEY `IX_B_USER_XML_ID` (`XML_ID`)
) ENGINE=InnoDB AUTO_INCREMENT=4 DEFAULT CHARSET=utf8 COLLATE=utf8_unicode_ci;
/*!40101 SET character_set_client = @saved_cs_client */;

--
-- Dumping data for table `b_user`
--

LOCK TABLES `b_user` WRITE;
/*!40000 ALTER TABLE `b_user` DISABLE KEYS */;
INSERT INTO `b_user` VALUES (1,'2017-05-24 08:37:50','admin','BgkyITR50845bfcf6c497a0765fb5be6c43287d6','T96NFDGE0e4ba8aac59465ef7bde555d8bf12d2a','Y','Админ','','d.kuharnok@link-or.net','2017-06-03 16:52:06','2016-03-02 18:41:51','s1','','','','',NULL,NULL,'+3745445647039','','','','','','','','','0','','','','','','','','','','','','','','0','',NULL,'','',NULL,'',NULL,NULL,'2017-05-24 11:27:57','',NULL,0,'2016-04-13 11:19:34','',NULL,NULL,'','4998b47cdd6ad7725377da917ac4dddf',''),(2,'2017-05-28 14:37:32','admin111','HTPkms3kfa3b54f87b4e0b2e4d314254d77bd82d','dhBVKrEw79511327f73bb7aeff865315124716e5','Y','Иван','Иванов','admin111@test.ru','2017-05-28 21:30:09','2017-03-05 10:53:54','s1','','','','',NULL,NULL,'','','','','','','','','','0','','','','','','','','','','','','','','0','',NULL,'','',NULL,'',NULL,NULL,'2017-05-28 17:37:32','Иванович','',0,NULL,'',NULL,NULL,'','4998b47cdd6ad7725377da917ac4dddf','ru'),(3,'2017-05-24 08:28:39','cell@gag.ru','Btzc2l3172b1cb51448d7d7216bb1ecb20dca4db','yNUlgZpq9dc72e321a91122449da3c525256a8af','Y','sdafe',NULL,'cewewwll@gsadfeag.ru','2017-05-24 11:21:58','2017-05-24 11:21:58','s1',NULL,NULL,NULL,'',NULL,NULL,NULL,NULL,NULL,NULL,NULL,NULL,NULL,NULL,NULL,NULL,NULL,NULL,NULL,NULL,NULL,NULL,NULL,NULL,NULL,NULL,NULL,NULL,NULL,NULL,NULL,NULL,NULL,NULL,NULL,NULL,NULL,NULL,'2017-05-24 11:28:39',NULL,'',0,NULL,'',NULL,NULL,NULL,'8b212e060af1ce9e419a6f163c5c95d9','ru');
/*!40000 ALTER TABLE `b_user` ENABLE KEYS */;
UNLOCK TABLES;

--
-- Table structure for table `b_user_access`
--

DROP TABLE IF EXISTS `b_user_access`;
/*!40101 SET @saved_cs_client     = @@character_set_client */;
/*!40101 SET character_set_client = utf8 */;
CREATE TABLE `b_user_access` (
  `USER_ID` int(11) DEFAULT NULL,
  `PROVIDER_ID` varchar(50) COLLATE utf8_unicode_ci DEFAULT NULL,
  `ACCESS_CODE` varchar(100) COLLATE utf8_unicode_ci DEFAULT NULL,
  KEY `ix_ua_user_provider` (`USER_ID`,`PROVIDER_ID`),
  KEY `ix_ua_user_access` (`USER_ID`,`ACCESS_CODE`),
  KEY `ix_ua_access` (`ACCESS_CODE`)
) ENGINE=InnoDB DEFAULT CHARSET=utf8 COLLATE=utf8_unicode_ci;
/*!40101 SET character_set_client = @saved_cs_client */;

--
-- Dumping data for table `b_user_access`
--

LOCK TABLES `b_user_access` WRITE;
/*!40000 ALTER TABLE `b_user_access` DISABLE KEYS */;
INSERT INTO `b_user_access` VALUES (0,'group','G2'),(1,'user','U1'),(1,'socnetgroup','SG1_A'),(1,'socnetgroup','SG2_A'),(1,'socnetgroup','SG3_A'),(1,'socnetgroup','SG4_A'),(1,'socnetgroup','SG5_A'),(1,'socnetgroup','SG1_K'),(1,'socnetgroup','SG2_K'),(1,'socnetgroup','SG3_K'),(1,'socnetgroup','SG4_K'),(1,'socnetgroup','SG5_K'),(1,'socnetgroup','SG1_E'),(1,'socnetgroup','SG2_E'),(1,'socnetgroup','SG3_E'),(1,'socnetgroup','SG4_E'),(1,'socnetgroup','SG5_E'),(2,'user','U2'),(1,'group','G1'),(1,'group','G3'),(1,'group','G4'),(1,'group','G2'),(2,'group','G1'),(2,'group','G3'),(2,'group','G4'),(2,'group','G2'),(3,'group','G3'),(3,'group','G4'),(3,'group','G2'),(3,'user','U3');
/*!40000 ALTER TABLE `b_user_access` ENABLE KEYS */;
UNLOCK TABLES;

--
-- Table structure for table `b_user_access_check`
--

DROP TABLE IF EXISTS `b_user_access_check`;
/*!40101 SET @saved_cs_client     = @@character_set_client */;
/*!40101 SET character_set_client = utf8 */;
CREATE TABLE `b_user_access_check` (
  `USER_ID` int(11) DEFAULT NULL,
  `PROVIDER_ID` varchar(50) COLLATE utf8_unicode_ci DEFAULT NULL,
  KEY `ix_uac_user_provider` (`USER_ID`,`PROVIDER_ID`)
) ENGINE=InnoDB DEFAULT CHARSET=utf8 COLLATE=utf8_unicode_ci;
/*!40101 SET character_set_client = @saved_cs_client */;

--
-- Dumping data for table `b_user_access_check`
--

LOCK TABLES `b_user_access_check` WRITE;
/*!40000 ALTER TABLE `b_user_access_check` DISABLE KEYS */;
INSERT INTO `b_user_access_check` VALUES (1,'group'),(1,'socnetgroup'),(1,'socnetuser'),(1,'user'),(2,'group'),(2,'socnetgroup'),(2,'socnetuser'),(2,'user'),(3,'group'),(3,'user');
/*!40000 ALTER TABLE `b_user_access_check` ENABLE KEYS */;
UNLOCK TABLES;

--
-- Table structure for table `b_user_counter`
--

DROP TABLE IF EXISTS `b_user_counter`;
/*!40101 SET @saved_cs_client     = @@character_set_client */;
/*!40101 SET character_set_client = utf8 */;
CREATE TABLE `b_user_counter` (
  `USER_ID` int(18) NOT NULL,
  `SITE_ID` char(2) COLLATE utf8_unicode_ci NOT NULL DEFAULT '**',
  `CODE` varchar(50) COLLATE utf8_unicode_ci NOT NULL,
  `CNT` int(18) NOT NULL DEFAULT '0',
  `LAST_DATE` datetime DEFAULT NULL,
  `TAG` varchar(255) COLLATE utf8_unicode_ci DEFAULT NULL,
  `PARAMS` text COLLATE utf8_unicode_ci,
  `SENT` char(1) COLLATE utf8_unicode_ci DEFAULT '0',
  `TIMESTAMP_X` datetime NOT NULL DEFAULT '3000-01-01 00:00:00',
  PRIMARY KEY (`USER_ID`,`SITE_ID`,`CODE`),
  KEY `ix_buc_tag` (`TAG`),
  KEY `ix_buc_code` (`CODE`),
  KEY `ix_buc_ts` (`TIMESTAMP_X`),
  KEY `ix_buc_sent_userid` (`SENT`,`USER_ID`)
) ENGINE=InnoDB DEFAULT CHARSET=utf8 COLLATE=utf8_unicode_ci;
/*!40101 SET character_set_client = @saved_cs_client */;

--
-- Dumping data for table `b_user_counter`
--

LOCK TABLES `b_user_counter` WRITE;
/*!40000 ALTER TABLE `b_user_counter` DISABLE KEYS */;
INSERT INTO `b_user_counter` VALUES (1,'**','**',0,'2017-03-05 10:52:20',NULL,NULL,'0','3000-01-01 00:00:00'),(1,'s1','**',0,'2017-03-05 10:52:20',NULL,NULL,'0','3000-01-01 00:00:00'),(1,'s1','BLOG_POST_IMPORTANT',0,'2017-03-05 10:52:20',NULL,NULL,'0','3000-01-01 00:00:00');
/*!40000 ALTER TABLE `b_user_counter` ENABLE KEYS */;
UNLOCK TABLES;

--
-- Table structure for table `b_user_digest`
--

DROP TABLE IF EXISTS `b_user_digest`;
/*!40101 SET @saved_cs_client     = @@character_set_client */;
/*!40101 SET character_set_client = utf8 */;
CREATE TABLE `b_user_digest` (
  `USER_ID` int(11) NOT NULL,
  `DIGEST_HA1` varchar(32) COLLATE utf8_unicode_ci NOT NULL,
  PRIMARY KEY (`USER_ID`)
) ENGINE=InnoDB DEFAULT CHARSET=utf8 COLLATE=utf8_unicode_ci;
/*!40101 SET character_set_client = @saved_cs_client */;

--
-- Dumping data for table `b_user_digest`
--

LOCK TABLES `b_user_digest` WRITE;
/*!40000 ALTER TABLE `b_user_digest` DISABLE KEYS */;
/*!40000 ALTER TABLE `b_user_digest` ENABLE KEYS */;
UNLOCK TABLES;

--
-- Table structure for table `b_user_field`
--

DROP TABLE IF EXISTS `b_user_field`;
/*!40101 SET @saved_cs_client     = @@character_set_client */;
/*!40101 SET character_set_client = utf8 */;
CREATE TABLE `b_user_field` (
  `ID` int(11) NOT NULL AUTO_INCREMENT,
  `ENTITY_ID` varchar(20) COLLATE utf8_unicode_ci DEFAULT NULL,
  `FIELD_NAME` varchar(20) COLLATE utf8_unicode_ci DEFAULT NULL,
  `USER_TYPE_ID` varchar(50) COLLATE utf8_unicode_ci DEFAULT NULL,
  `XML_ID` varchar(255) COLLATE utf8_unicode_ci DEFAULT NULL,
  `SORT` int(11) DEFAULT NULL,
  `MULTIPLE` char(1) COLLATE utf8_unicode_ci NOT NULL DEFAULT 'N',
  `MANDATORY` char(1) COLLATE utf8_unicode_ci NOT NULL DEFAULT 'N',
  `SHOW_FILTER` char(1) COLLATE utf8_unicode_ci NOT NULL DEFAULT 'N',
  `SHOW_IN_LIST` char(1) COLLATE utf8_unicode_ci NOT NULL DEFAULT 'Y',
  `EDIT_IN_LIST` char(1) COLLATE utf8_unicode_ci NOT NULL DEFAULT 'Y',
  `IS_SEARCHABLE` char(1) COLLATE utf8_unicode_ci NOT NULL DEFAULT 'N',
  `SETTINGS` text COLLATE utf8_unicode_ci,
  PRIMARY KEY (`ID`),
  UNIQUE KEY `ux_user_type_entity` (`ENTITY_ID`,`FIELD_NAME`)
) ENGINE=InnoDB AUTO_INCREMENT=28 DEFAULT CHARSET=utf8 COLLATE=utf8_unicode_ci;
/*!40101 SET character_set_client = @saved_cs_client */;

--
-- Dumping data for table `b_user_field`
--

LOCK TABLES `b_user_field` WRITE;
/*!40000 ALTER TABLE `b_user_field` DISABLE KEYS */;
INSERT INTO `b_user_field` VALUES (1,'BLOG_POST','UF_BLOG_POST_DOC','file','UF_BLOG_POST_DOC',100,'Y','N','N','N','Y','Y','a:0:{}'),(2,'BLOG_COMMENT','UF_BLOG_COMMENT_DOC','file','UF_BLOG_COMMENT_DOC',100,'Y','N','N','N','Y','Y','a:0:{}'),(3,'BLOG_POST','UF_GRATITUDE','integer','UF_GRATITUDE',100,'N','N','N','N','Y','N','a:0:{}'),(6,'USER','UF_IM_SEARCH','string',NULL,100,'N','N','N','N','N','N','a:6:{s:4:\"SIZE\";i:20;s:4:\"ROWS\";i:1;s:6:\"REGEXP\";N;s:10:\"MIN_LENGTH\";i:0;s:10:\"MAX_LENGTH\";i:0;s:13:\"DEFAULT_VALUE\";N;}'),(7,'FORUM_MESSAGE','UF_FORUM_MES_URL_PRV','url_preview','UF_FORUM_MES_URL_PRV',100,'N','N','N','N','Y','N','a:0:{}'),(8,'BLOG_POST','UF_BLOG_POST_URL_PRV','url_preview','UF_BLOG_POST_URL_PRV',100,'N','N','N','N','Y','Y','a:0:{}'),(9,'BLOG_COMMENT','UF_BLOG_COMM_URL_PRV','url_preview','UF_BLOG_COMM_URL_PRV',100,'N','N','N','N','Y','Y','a:0:{}'),(14,'USER','UF_USER_CAR_DEMO','iblock_section','',100,'Y','N','S','Y','Y','Y','a:5:{s:7:\"DISPLAY\";s:4:\"LIST\";s:11:\"LIST_HEIGHT\";i:5;s:9:\"IBLOCK_ID\";i:2;s:13:\"DEFAULT_VALUE\";s:0:\"\";s:13:\"ACTIVE_FILTER\";s:1:\"N\";}'),(15,'HLBLOCK_1','UF_ACTIVE','boolean','',10,'N','N','N','Y','Y','N','a:2:{s:13:\"DEFAULT_VALUE\";s:1:\"1\";s:7:\"DISPLAY\";s:8:\"CHECKBOX\";}'),(16,'HLBLOCK_1','UF_CATALOG_SECTION','iblock_section','',20,'N','Y','N','Y','Y','N','a:5:{s:7:\"DISPLAY\";s:4:\"LIST\";s:11:\"LIST_HEIGHT\";i:5;s:9:\"IBLOCK_ID\";i:1;s:13:\"DEFAULT_VALUE\";s:0:\"\";s:13:\"ACTIVE_FILTER\";s:1:\"Y\";}'),(17,'HLBLOCK_1','UF_ITEM_TYPE','string','',30,'N','Y','N','Y','Y','N','a:6:{s:4:\"SIZE\";i:20;s:4:\"ROWS\";i:1;s:6:\"REGEXP\";s:0:\"\";s:10:\"MIN_LENGTH\";i:0;s:10:\"MAX_LENGTH\";i:0;s:13:\"DEFAULT_VALUE\";s:0:\"\";}'),(18,'HLBLOCK_2','UF_USER_ID_FROM','integer','',1,'N','Y','N','Y','Y','N','a:4:{s:4:\"SIZE\";i:20;s:9:\"MIN_VALUE\";i:0;s:9:\"MAX_VALUE\";i:0;s:13:\"DEFAULT_VALUE\";s:0:\"\";}'),(19,'HLBLOCK_2','UF_USER_ID_TO','integer','',2,'N','Y','N','Y','Y','N','a:4:{s:4:\"SIZE\";i:20;s:9:\"MIN_VALUE\";i:0;s:9:\"MAX_VALUE\";i:0;s:13:\"DEFAULT_VALUE\";s:0:\"\";}'),(20,'HLBLOCK_2','UF_PRODUCT_ID','integer','',100,'N','N','N','Y','Y','N','a:4:{s:4:\"SIZE\";i:20;s:9:\"MIN_VALUE\";i:0;s:9:\"MAX_VALUE\";i:0;s:13:\"DEFAULT_VALUE\";s:0:\"\";}'),(21,'HLBLOCK_2','UF_TYPE','string','',100,'N','Y','N','Y','Y','N','a:6:{s:4:\"SIZE\";i:20;s:4:\"ROWS\";i:1;s:6:\"REGEXP\";s:0:\"\";s:10:\"MIN_LENGTH\";i:0;s:10:\"MAX_LENGTH\";i:0;s:13:\"DEFAULT_VALUE\";s:0:\"\";}'),(22,'HLBLOCK_2','UF_TITLE','string','',100,'N','N','N','Y','Y','N','a:6:{s:4:\"SIZE\";i:20;s:4:\"ROWS\";i:1;s:6:\"REGEXP\";s:0:\"\";s:10:\"MIN_LENGTH\";i:0;s:10:\"MAX_LENGTH\";i:0;s:13:\"DEFAULT_VALUE\";s:0:\"\";}'),(23,'HLBLOCK_2','UF_BODY','string','',100,'N','Y','N','Y','Y','N','a:6:{s:4:\"SIZE\";i:20;s:4:\"ROWS\";i:1;s:6:\"REGEXP\";s:0:\"\";s:10:\"MIN_LENGTH\";i:0;s:10:\"MAX_LENGTH\";i:0;s:13:\"DEFAULT_VALUE\";s:0:\"\";}'),(24,'HLBLOCK_2','UF_IS_READ','boolean','',100,'N','N','N','Y','Y','N','a:2:{s:13:\"DEFAULT_VALUE\";i:0;s:7:\"DISPLAY\";s:8:\"CHECKBOX\";}'),(25,'HLBLOCK_2','UF_IS_DELETED_TO','boolean','',100,'N','N','N','Y','Y','N','a:2:{s:13:\"DEFAULT_VALUE\";i:0;s:7:\"DISPLAY\";s:8:\"CHECKBOX\";}'),(26,'HLBLOCK_2','UF_IS_DELETED_FROM','boolean','',100,'N','N','N','Y','Y','N','a:2:{s:13:\"DEFAULT_VALUE\";i:0;s:7:\"DISPLAY\";s:8:\"CHECKBOX\";}'),(27,'HLBLOCK_2','UF_TIMESTAMP','datetime','',100,'N','Y','N','Y','Y','N','a:1:{s:13:\"DEFAULT_VALUE\";a:2:{s:4:\"TYPE\";s:3:\"NOW\";s:5:\"VALUE\";s:0:\"\";}}');
/*!40000 ALTER TABLE `b_user_field` ENABLE KEYS */;
UNLOCK TABLES;

--
-- Table structure for table `b_user_field_confirm`
--

DROP TABLE IF EXISTS `b_user_field_confirm`;
/*!40101 SET @saved_cs_client     = @@character_set_client */;
/*!40101 SET character_set_client = utf8 */;
CREATE TABLE `b_user_field_confirm` (
  `ID` int(18) NOT NULL AUTO_INCREMENT,
  `USER_ID` int(18) NOT NULL,
  `DATE_CHANGE` timestamp NOT NULL DEFAULT CURRENT_TIMESTAMP ON UPDATE CURRENT_TIMESTAMP,
  `FIELD` varchar(255) COLLATE utf8_unicode_ci NOT NULL,
  `FIELD_VALUE` varchar(255) COLLATE utf8_unicode_ci NOT NULL,
  `CONFIRM_CODE` varchar(32) COLLATE utf8_unicode_ci NOT NULL,
  PRIMARY KEY (`ID`),
  KEY `ix_b_user_field_confirm1` (`USER_ID`,`CONFIRM_CODE`)
) ENGINE=InnoDB DEFAULT CHARSET=utf8 COLLATE=utf8_unicode_ci;
/*!40101 SET character_set_client = @saved_cs_client */;

--
-- Dumping data for table `b_user_field_confirm`
--

LOCK TABLES `b_user_field_confirm` WRITE;
/*!40000 ALTER TABLE `b_user_field_confirm` DISABLE KEYS */;
/*!40000 ALTER TABLE `b_user_field_confirm` ENABLE KEYS */;
UNLOCK TABLES;

--
-- Table structure for table `b_user_field_enum`
--

DROP TABLE IF EXISTS `b_user_field_enum`;
/*!40101 SET @saved_cs_client     = @@character_set_client */;
/*!40101 SET character_set_client = utf8 */;
CREATE TABLE `b_user_field_enum` (
  `ID` int(11) NOT NULL AUTO_INCREMENT,
  `USER_FIELD_ID` int(11) DEFAULT NULL,
  `VALUE` varchar(255) COLLATE utf8_unicode_ci NOT NULL,
  `DEF` char(1) COLLATE utf8_unicode_ci NOT NULL DEFAULT 'N',
  `SORT` int(11) NOT NULL DEFAULT '500',
  `XML_ID` varchar(255) COLLATE utf8_unicode_ci NOT NULL,
  PRIMARY KEY (`ID`),
  UNIQUE KEY `ux_user_field_enum` (`USER_FIELD_ID`,`XML_ID`)
) ENGINE=InnoDB DEFAULT CHARSET=utf8 COLLATE=utf8_unicode_ci;
/*!40101 SET character_set_client = @saved_cs_client */;

--
-- Dumping data for table `b_user_field_enum`
--

LOCK TABLES `b_user_field_enum` WRITE;
/*!40000 ALTER TABLE `b_user_field_enum` DISABLE KEYS */;
/*!40000 ALTER TABLE `b_user_field_enum` ENABLE KEYS */;
UNLOCK TABLES;

--
-- Table structure for table `b_user_field_lang`
--

DROP TABLE IF EXISTS `b_user_field_lang`;
/*!40101 SET @saved_cs_client     = @@character_set_client */;
/*!40101 SET character_set_client = utf8 */;
CREATE TABLE `b_user_field_lang` (
  `USER_FIELD_ID` int(11) NOT NULL,
  `LANGUAGE_ID` char(2) COLLATE utf8_unicode_ci NOT NULL,
  `EDIT_FORM_LABEL` varchar(255) COLLATE utf8_unicode_ci DEFAULT NULL,
  `LIST_COLUMN_LABEL` varchar(255) COLLATE utf8_unicode_ci DEFAULT NULL,
  `LIST_FILTER_LABEL` varchar(255) COLLATE utf8_unicode_ci DEFAULT NULL,
  `ERROR_MESSAGE` varchar(255) COLLATE utf8_unicode_ci DEFAULT NULL,
  `HELP_MESSAGE` varchar(255) COLLATE utf8_unicode_ci DEFAULT NULL,
  PRIMARY KEY (`USER_FIELD_ID`,`LANGUAGE_ID`)
) ENGINE=InnoDB DEFAULT CHARSET=utf8 COLLATE=utf8_unicode_ci;
/*!40101 SET character_set_client = @saved_cs_client */;

--
-- Dumping data for table `b_user_field_lang`
--

LOCK TABLES `b_user_field_lang` WRITE;
/*!40000 ALTER TABLE `b_user_field_lang` DISABLE KEYS */;
INSERT INTO `b_user_field_lang` VALUES (6,'ru','IM: users can find','IM: users can find','IM: users can find',NULL,NULL),(14,'en','Car Model','Car Model','Car Model',NULL,NULL),(14,'ru','Марка автомобиля','Марка автомобиля','Марка автомобиля',NULL,NULL),(15,'en','Activity','Activity','Activity','',''),(15,'ru','Активность','Активность','Активность','',''),(16,'en','Catalog section','Catalog section','Catalog section','',''),(16,'ru','Раздел каталога','Раздел каталога','Раздел каталога','',''),(17,'en','Item type','Item type','Item type','',''),(17,'ru','Тип товара','Тип товара','Тип товара','',''),(18,'en','','','','',''),(18,'ru','Отправитель','Отправитель','Отправитель','',''),(19,'en','','','','',''),(19,'ru','Получатель','Получатель','Получатель','',''),(20,'en','','','','',''),(20,'ru','ID объявления','ID объявления','ID объявления','',''),(21,'en','','','','',''),(21,'ru','Тип сообщения','Тип сообщения','Тип сообщения','',''),(22,'en','','','','',''),(22,'ru','Тема сообщения','Тема сообщения','Тема сообщения','',''),(23,'en','','','','',''),(23,'ru','Текст сообщения','Текст сообщения','Текст сообщения','',''),(24,'en','','','','',''),(24,'ru','Прочитано','Прочитано','Прочитано','',''),(25,'en','','','','',''),(25,'ru','Удалено у получателя','Удалено у получателя','Удалено у получателя','',''),(26,'en','','','','',''),(26,'ru','Удалено у отправителя','Удалено у отправителя','Удалено у отправителя','',''),(27,'en','','','','',''),(27,'ru','Метка времени','Метка времени','Метка времени','','');
/*!40000 ALTER TABLE `b_user_field_lang` ENABLE KEYS */;
UNLOCK TABLES;

--
-- Table structure for table `b_user_group`
--

DROP TABLE IF EXISTS `b_user_group`;
/*!40101 SET @saved_cs_client     = @@character_set_client */;
/*!40101 SET character_set_client = utf8 */;
CREATE TABLE `b_user_group` (
  `USER_ID` int(18) NOT NULL,
  `GROUP_ID` int(18) NOT NULL,
  `DATE_ACTIVE_FROM` datetime DEFAULT NULL,
  `DATE_ACTIVE_TO` datetime DEFAULT NULL,
  UNIQUE KEY `ix_user_group` (`USER_ID`,`GROUP_ID`),
  KEY `ix_user_group_group` (`GROUP_ID`)
) ENGINE=InnoDB DEFAULT CHARSET=utf8 COLLATE=utf8_unicode_ci;
/*!40101 SET character_set_client = @saved_cs_client */;

--
-- Dumping data for table `b_user_group`
--

LOCK TABLES `b_user_group` WRITE;
/*!40000 ALTER TABLE `b_user_group` DISABLE KEYS */;
INSERT INTO `b_user_group` VALUES (1,1,NULL,NULL),(1,3,NULL,NULL),(1,4,NULL,NULL),(2,1,NULL,NULL),(2,3,NULL,NULL),(2,4,NULL,NULL),(3,3,NULL,NULL),(3,4,NULL,NULL);
/*!40000 ALTER TABLE `b_user_group` ENABLE KEYS */;
UNLOCK TABLES;

--
-- Table structure for table `b_user_hit_auth`
--

DROP TABLE IF EXISTS `b_user_hit_auth`;
/*!40101 SET @saved_cs_client     = @@character_set_client */;
/*!40101 SET character_set_client = utf8 */;
CREATE TABLE `b_user_hit_auth` (
  `ID` int(18) NOT NULL AUTO_INCREMENT,
  `USER_ID` int(18) NOT NULL,
  `HASH` varchar(32) COLLATE utf8_unicode_ci NOT NULL,
  `URL` varchar(255) COLLATE utf8_unicode_ci NOT NULL,
  `SITE_ID` char(2) COLLATE utf8_unicode_ci DEFAULT NULL,
  `TIMESTAMP_X` timestamp NOT NULL DEFAULT CURRENT_TIMESTAMP ON UPDATE CURRENT_TIMESTAMP,
  PRIMARY KEY (`ID`),
  KEY `IX_USER_HIT_AUTH_1` (`HASH`),
  KEY `IX_USER_HIT_AUTH_2` (`USER_ID`),
  KEY `IX_USER_HIT_AUTH_3` (`TIMESTAMP_X`)
) ENGINE=InnoDB DEFAULT CHARSET=utf8 COLLATE=utf8_unicode_ci;
/*!40101 SET character_set_client = @saved_cs_client */;

--
-- Dumping data for table `b_user_hit_auth`
--

LOCK TABLES `b_user_hit_auth` WRITE;
/*!40000 ALTER TABLE `b_user_hit_auth` DISABLE KEYS */;
/*!40000 ALTER TABLE `b_user_hit_auth` ENABLE KEYS */;
UNLOCK TABLES;

--
-- Table structure for table `b_user_option`
--

DROP TABLE IF EXISTS `b_user_option`;
/*!40101 SET @saved_cs_client     = @@character_set_client */;
/*!40101 SET character_set_client = utf8 */;
CREATE TABLE `b_user_option` (
  `ID` int(11) NOT NULL AUTO_INCREMENT,
  `USER_ID` int(11) NOT NULL,
  `CATEGORY` varchar(50) COLLATE utf8_unicode_ci NOT NULL,
  `NAME` varchar(255) COLLATE utf8_unicode_ci NOT NULL,
  `VALUE` mediumtext COLLATE utf8_unicode_ci,
  `COMMON` char(1) COLLATE utf8_unicode_ci NOT NULL DEFAULT 'N',
  PRIMARY KEY (`ID`),
  UNIQUE KEY `ux_user_category_name` (`USER_ID`,`CATEGORY`,`NAME`)
) ENGINE=InnoDB AUTO_INCREMENT=382 DEFAULT CHARSET=utf8 COLLATE=utf8_unicode_ci;
/*!40101 SET character_set_client = @saved_cs_client */;

--
-- Dumping data for table `b_user_option`
--

LOCK TABLES `b_user_option` WRITE;
/*!40000 ALTER TABLE `b_user_option` DISABLE KEYS */;
INSERT INTO `b_user_option` VALUES (1,0,'intranet','~gadgets_admin_index','a:1:{i:0;a:1:{s:7:\"GADGETS\";a:13:{s:28:\"ADMIN_ORDERS_GRAPH@111111111\";a:3:{s:6:\"COLUMN\";i:0;s:3:\"ROW\";i:2;s:4:\"HIDE\";s:1:\"N\";}s:22:\"ADMIN_ORDERS@111111111\";a:3:{s:6:\"COLUMN\";i:0;s:3:\"ROW\";i:3;s:4:\"HIDE\";s:1:\"N\";}s:19:\"HTML_AREA@444444444\";a:5:{s:6:\"COLUMN\";i:1;s:3:\"ROW\";i:0;s:4:\"HIDE\";s:1:\"N\";s:8:\"USERDATA\";a:1:{s:7:\"content\";s:797:\"<table class=\"bx-gadgets-info-site-table\" cellspacing=\"0\"><tr>	<td class=\"bx-gadget-gray\">Создатель сайта:</td>	<td>Группа компаний &laquo;1С-Битрикс&raquo;.</td>	<td class=\"bx-gadgets-info-site-logo\" rowspan=\"5\"><img src=\"/bitrix/components/bitrix/desktop/templates/admin/images/site_logo.png\"></td></tr><tr>	<td class=\"bx-gadget-gray\">Адрес сайта:</td>	<td><a href=\"http://www.1c-bitrix.ru\">www.1c-bitrix.ru</a></td></tr><tr>	<td class=\"bx-gadget-gray\">Сайт сдан:</td>	<td>12 декабря 2010 г.</td></tr><tr>	<td class=\"bx-gadget-gray\">Ответственное лицо:</td>	<td>Иван Иванов</td></tr><tr>	<td class=\"bx-gadget-gray\">E-mail:</td>	<td><a href=\"mailto:info@1c-bitrix.ru\">info@1c-bitrix.ru</a></td></tr></table>\";}s:8:\"SETTINGS\";a:1:{s:9:\"TITLE_STD\";s:34:\"Информация о сайте\";}}s:24:\"ADMIN_SECURITY@555555555\";a:3:{s:6:\"COLUMN\";i:1;s:3:\"ROW\";i:1;s:4:\"HIDE\";s:1:\"N\";}s:23:\"ADMIN_PERFMON@666666666\";a:3:{s:6:\"COLUMN\";i:1;s:3:\"ROW\";i:3;s:4:\"HIDE\";s:1:\"N\";}s:24:\"ADMIN_PRODUCTS@111111111\";a:3:{s:6:\"COLUMN\";i:1;s:3:\"ROW\";i:6;s:4:\"HIDE\";s:1:\"N\";}s:20:\"ADMIN_INFO@333333333\";a:3:{s:6:\"COLUMN\";i:1;s:3:\"ROW\";i:7;s:4:\"HIDE\";s:1:\"N\";}s:25:\"ADMIN_CHECKLIST@777888999\";a:3:{s:6:\"COLUMN\";i:1;s:3:\"ROW\";i:8;s:4:\"HIDE\";s:1:\"N\";}s:19:\"RSSREADER@777777777\";a:4:{s:6:\"COLUMN\";i:1;s:3:\"ROW\";i:9;s:4:\"HIDE\";s:1:\"N\";s:8:\"SETTINGS\";a:3:{s:9:\"TITLE_STD\";s:33:\"Новости 1С-Битрикс\";s:3:\"CNT\";i:10;s:7:\"RSS_URL\";s:45:\"https://www.1c-bitrix.ru/about/life/news/rss/\";}}s:23:\"ADMIN_MARKETPALCE@22549\";a:3:{s:6:\"COLUMN\";i:1;s:3:\"ROW\";i:4;s:4:\"HIDE\";s:1:\"N\";}s:22:\"ADMIN_MOBILESHOP@13391\";a:3:{s:6:\"COLUMN\";i:1;s:3:\"ROW\";i:5;s:4:\"HIDE\";s:1:\"N\";}s:22:\"ADMIN_NETWORK@44444444\";a:3:{s:6:\"COLUMN\";i:0;s:3:\"ROW\";i:0;s:4:\"HIDE\";s:1:\"N\";}s:25:\"ADMIN_SITESPEED@666666777\";a:3:{s:6:\"COLUMN\";i:1;s:3:\"ROW\";i:2;s:4:\"HIDE\";s:1:\"N\";}}}}','Y'),(2,1,'admin_panel','settings','a:3:{s:4:\"edit\";s:3:\"off\";s:3:\"fix\";s:2:\"on\";s:9:\"collapsed\";s:2:\"on\";}','N'),(3,1,'favorite','favorite_menu','a:1:{s:5:\"stick\";s:1:\"N\";}','N'),(4,1,'admin_menu','pos','a:3:{s:8:\"sections\";s:528:\"menu_iblock_/content/1,menu_webforms_list,menu_iblock_/result,menu_iblock_/result/4,menu_iblock_/content/5,menu_iblock_/content/2,iblock_redirect,menu_iblock_/content/7,menu_system,menu_iblock_/content/9,menu_iblock_/content/10,menu_iblock_/content/11,menu_iblock_/content/8,cluser_group_1,backup,menu_util,menu_perfmon,sprint_migrations,menu_highloadblock,menu_catalog_prices,menu_module_settings,diag,menu_iblock_/car_catalogue_demo/2,menu_fileman,menu_fileman_file_s1_,menu_iblock_/catalog/1,iblock_admin,menu_iblock_/catalog\";s:5:\"width\";s:3:\"537\";s:3:\"ver\";s:2:\"on\";}','N'),(5,1,'fileman','code_editor','a:1:{s:5:\"theme\";s:5:\"light\";}','N'),(6,1,'html_editor','user_settings__filesrc_pub','a:3:{s:13:\"taskbar_shown\";s:1:\"1\";s:4:\"view\";s:4:\"code\";s:14:\"split_vertical\";s:1:\"0\";}','N'),(8,0,'form','form_element_1','a:1:{s:4:\"tabs\";s:857:\"edit6--#--Подробно--,--DETAIL_PICTURE--#--Детальная картинка--,--DETAIL_TEXT--#--Детальное описание--;--edit1--#--Элемент--,--ACTIVE--#--Активность--,--ACTIVE_FROM--#--*Начало активности--,--ACTIVE_TO--#--Окончание активности--,--NAME--#--*Название--,--CODE--#--Символьный код--,--SORT--#--Сортировка--,--IBLOCK_ELEMENT_PROP_VALUE--#----Значения свойств--,--PROPERTY_3--#--Дополнительное фото--,--PROPERTY_8--#--Единица измерения--,--PROPERTY_7--#--Количество товара--,--PROPERTY_1--#--Местоположение--,--PROPERTY_2--#--Телефон--,--PROPERTY_6--#--Тип объявления--,--PROPERTY_5--#--Тип товара--,--PROPERTY_4--#--Торг--;--\";}','Y'),(11,1,'BX.WindowManager.9.5','size_bx_component_properties_res','a:2:{s:5:\"width\";s:3:\"863\";s:6:\"height\";s:3:\"639\";}','N'),(12,1,'BX.WindowManager.9.5','size_/bitrix/admin/public_file_edit.php','a:2:{s:5:\"width\";s:4:\"1503\";s:6:\"height\";s:3:\"762\";}','N'),(13,1,'fileman','file_dialog_config','s:21:\"s1;/123;list;type;asc\";','N'),(14,1,'edit','admin_tabs','a:2:{s:10:\"fix_bottom\";s:2:\"on\";s:7:\"fix_top\";s:2:\"on\";}','N'),(15,1,'edit','tabControl_8fb0db4f9d2e367f30fc091c1b096d08','a:1:{s:6:\"expand\";s:3:\"off\";}','N'),(16,1,'form','form_element_6','a:1:{s:4:\"tabs\";s:282:\"edit1--#--Элемент--,--ACTIVE--#--Активность--,--NAME--#--*Название--,--SORT--#--Сортировка--,--IBLOCK_ELEMENT_PROP_VALUE--#----Значения свойств--,--PROPERTY_26--#--Регион--,--PROPERTY_25--#--Запрос и позиция--;--\";}','N'),(17,0,'form','form_element_6','a:1:{s:4:\"tabs\";s:282:\"edit1--#--Элемент--,--ACTIVE--#--Активность--,--NAME--#--*Название--,--SORT--#--Сортировка--,--IBLOCK_ELEMENT_PROP_VALUE--#----Значения свойств--,--PROPERTY_26--#--Регион--,--PROPERTY_25--#--Запрос и позиция--;--\";}','Y'),(18,1,'BX.WindowManager.9.5','size_/bitrix/admin/public_file_edit_src.php','a:2:{s:5:\"width\";s:4:\"1200\";s:6:\"height\";s:3:\"573\";}','N'),(20,0,'form','form_element_5','a:1:{s:4:\"tabs\";s:318:\"edit1--#--Элемент--,--ACTIVE--#--Активность--,--NAME--#--*Название--,--IBLOCK_ELEMENT_PROP_VALUE--#----Значения свойств--,--PROPERTY_21--#--Баллы--,--PROPERTY_20--#--Отзыв--,--PROPERTY_23--#--ID пользователя--,--PROPERTY_22--#--ID объявления--;--\";}','Y'),(21,1,'form','form_element_7','a:1:{s:4:\"tabs\";s:520:\"edit1--#--Элемент--,--ACTIVE--#--Активность--,--NAME--#--*Название--,--SORT--#--Сортировка--,--IBLOCK_ELEMENT_PROP_VALUE--#----Значения свойств--,--PROPERTY_27--#--Количество запросов--,--PROPERTY_28--#--Тех. поддержка--,--PROPERTY_29--#--Контент--,--PROPERTY_33--#--Контекстная реклама--,--PROPERTY_30--#--Аналитика--,--PROPERTY_31--#--Кому подойдет--,--PROPERTY_32--#--Стоимость--;--\";}','N'),(22,0,'form','form_element_7','a:1:{s:4:\"tabs\";s:520:\"edit1--#--Элемент--,--ACTIVE--#--Активность--,--NAME--#--*Название--,--SORT--#--Сортировка--,--IBLOCK_ELEMENT_PROP_VALUE--#----Значения свойств--,--PROPERTY_27--#--Количество запросов--,--PROPERTY_28--#--Тех. поддержка--,--PROPERTY_29--#--Контент--,--PROPERTY_33--#--Контекстная реклама--,--PROPERTY_30--#--Аналитика--,--PROPERTY_31--#--Кому подойдет--,--PROPERTY_32--#--Стоимость--;--\";}','Y'),(23,1,'fileman','last_pathes','s:283:\"a:10:{i:0;s:8:\"/account\";i:1;s:5:\"/test\";i:2;s:10:\"/mess_data\";i:3;s:24:\"/bitrix/templates/linkor\";i:4;s:17:\"/bitrix/templates\";i:5;s:18:\"/razrabotka-saytov\";i:6;s:28:\"/bitrix/templates/linkor/css\";i:7;s:12:\"/test/in_dev\";i:8;s:29:\"/optimizatsiya-i-prodvizhenie\";i:9;s:8:\"/novosti\";}\";','N'),(24,1,'BX.WindowManager.9.5','size_/bitrix/admin/component_props.php','a:2:{s:5:\"width\";s:3:\"997\";s:6:\"height\";s:3:\"451\";}','N'),(25,1,'html_editor','type_selector_DETAIL_TEXT10','a:1:{s:4:\"type\";s:6:\"editor\";}','N'),(26,1,'html_editor','user_settings__DETAIL_TEXT','a:1:{s:4:\"view\";s:4:\"code\";}','N'),(27,1,'BX.WindowManager.9.5','size_/bitrix/admin/iblock_element_edit.php','a:2:{s:5:\"width\";s:4:\"1044\";s:6:\"height\";s:3:\"493\";}','N'),(28,1,'html_editor','type_selector_PREVIEW_TEXT10','a:1:{s:4:\"type\";s:6:\"editor\";}','N'),(29,1,'html_editor','user_settings__PREVIEW_TEXT','a:1:{s:4:\"view\";s:4:\"code\";}','N'),(30,1,'main','helper_hero_admin','a:1:{s:4:\"time\";s:10:\"1496514492\";}','N'),(31,1,'socialservices','networkPopup','a:2:{s:9:\"showcount\";s:1:\"4\";s:8:\"dontshow\";s:1:\"Y\";}','N'),(49,1,'html_editor','user_settings_','a:3:{s:4:\"view\";s:5:\"split\";s:13:\"taskbar_shown\";s:1:\"1\";s:14:\"split_vertical\";s:1:\"0\";}','N'),(59,1,'perfmon','last_tables','s:15:\"b_event_message\";','N'),(70,1,'filter','tbl_catalog_round_rules_filter','a:1:{s:4:\"rows\";s:1:\"0\";}','N'),(99,1,'filter','tbl_filtered_items_filter_id','a:1:{s:4:\"rows\";s:1:\"0\";}','N'),(110,1,'form','form_element_1_disabled','a:1:{s:8:\"disabled\";s:1:\"Y\";}','N'),(143,1,'main','bx_img_upl_1','a:1:{s:8:\"template\";s:7:\"reduced\";}','N'),(148,1,'photogallery','template','a:1:{s:8:\"template\";s:7:\"default\";}','N'),(176,1,'intranet','~gadgets_admin_index','a:1:{i:0;a:1:{s:7:\"GADGETS\";a:6:{s:25:\"ADMIN_SITESPEED@666666777\";a:3:{s:6:\"COLUMN\";i:0;s:3:\"ROW\";i:0;s:4:\"HIDE\";s:1:\"N\";}s:23:\"ADMIN_PERFMON@666666666\";a:3:{s:6:\"COLUMN\";i:0;s:3:\"ROW\";i:1;s:4:\"HIDE\";s:1:\"N\";}s:20:\"ADMIN_INFO@333333333\";a:3:{s:6:\"COLUMN\";i:0;s:3:\"ROW\";i:2;s:4:\"HIDE\";s:1:\"N\";}s:19:\"HTML_AREA@444444444\";a:5:{s:6:\"COLUMN\";i:1;s:3:\"ROW\";i:0;s:4:\"HIDE\";s:1:\"N\";s:8:\"USERDATA\";a:1:{s:7:\"content\";s:797:\"<table class=\"bx-gadgets-info-site-table\" cellspacing=\"0\"><tr>	<td class=\"bx-gadget-gray\">Создатель сайта:</td>	<td>Группа компаний &laquo;1С-Битрикс&raquo;.</td>	<td class=\"bx-gadgets-info-site-logo\" rowspan=\"5\"><img src=\"/bitrix/components/bitrix/desktop/templates/admin/images/site_logo.png\"></td></tr><tr>	<td class=\"bx-gadget-gray\">Адрес сайта:</td>	<td><a href=\"http://www.1c-bitrix.ru\">www.1c-bitrix.ru</a></td></tr><tr>	<td class=\"bx-gadget-gray\">Сайт сдан:</td>	<td>12 декабря 2010 г.</td></tr><tr>	<td class=\"bx-gadget-gray\">Ответственное лицо:</td>	<td>Иван Иванов</td></tr><tr>	<td class=\"bx-gadget-gray\">E-mail:</td>	<td><a href=\"mailto:info@1c-bitrix.ru\">info@1c-bitrix.ru</a></td></tr></table>\";}s:8:\"SETTINGS\";a:1:{s:9:\"TITLE_STD\";s:34:\"Информация о сайте\";}}s:24:\"ADMIN_PRODUCTS@111111111\";a:3:{s:6:\"COLUMN\";i:1;s:3:\"ROW\";i:1;s:4:\"HIDE\";s:1:\"N\";}s:19:\"RSSREADER@777777777\";a:4:{s:6:\"COLUMN\";i:1;s:3:\"ROW\";i:2;s:4:\"HIDE\";s:1:\"N\";s:8:\"SETTINGS\";a:3:{s:9:\"TITLE_STD\";s:33:\"Новости 1С-Битрикс\";s:3:\"CNT\";i:10;s:7:\"RSS_URL\";s:45:\"https://www.1c-bitrix.ru/about/life/news/rss/\";}}}}}','N'),(180,0,'socialnetwork','~log_filter_s1','a:4:{i:0;a:4:{s:2:\"ID\";s:4:\"work\";s:4:\"SORT\";i:100;s:4:\"NAME\";s:6:\"#WORK#\";s:6:\"FILTER\";a:1:{s:8:\"EVENT_ID\";a:3:{i:0;s:5:\"tasks\";i:1;s:13:\"timeman_entry\";i:2;s:6:\"report\";}}}i:1;a:4:{s:2:\"ID\";s:9:\"favorites\";s:4:\"SORT\";i:200;s:4:\"NAME\";s:11:\"#FAVORITES#\";s:6:\"FILTER\";a:1:{s:17:\"FAVORITES_USER_ID\";s:1:\"Y\";}}i:2;a:4:{s:2:\"ID\";s:2:\"my\";s:4:\"SORT\";i:300;s:4:\"NAME\";s:4:\"#MY#\";s:6:\"FILTER\";a:1:{s:13:\"CREATED_BY_ID\";s:17:\"#CURRENT_USER_ID#\";}}i:3;a:4:{s:2:\"ID\";s:9:\"important\";s:4:\"SORT\";i:350;s:4:\"NAME\";s:11:\"#important#\";s:6:\"FILTER\";a:1:{s:14:\"EXACT_EVENT_ID\";s:19:\"blog_post_important\";}}}','Y'),(227,1,'filter','tbl_items_type_filter_id','a:1:{s:4:\"rows\";s:1:\"0\";}','N'),(251,1,'form','form_element_5','a:1:{s:4:\"tabs\";s:318:\"edit1--#--Элемент--,--ACTIVE--#--Активность--,--NAME--#--*Название--,--IBLOCK_ELEMENT_PROP_VALUE--#----Значения свойств--,--PROPERTY_21--#--Баллы--,--PROPERTY_20--#--Отзыв--,--PROPERTY_23--#--ID пользователя--,--PROPERTY_22--#--ID объявления--;--\";}','N'),(274,1,'BX.WindowManager.9.5','options_83cbe30f54dca424e20c23ccfa826033','a:4:{s:3:\"pin\";s:5:\"false\";s:9:\"transform\";s:5:\"false\";s:3:\"top\";s:5:\"false\";s:4:\"left\";s:5:\"false\";}','N'),(279,1,'list','tbl_iblock_element_9a69a6451cab0a759d32366faef2ae32','a:4:{s:7:\"columns\";s:55:\"NAME,ACTIVE,SORT,TIMESTAMP_X,PROPERTY_20,PROPERTY_22,ID\";s:2:\"by\";s:11:\"timestamp_x\";s:5:\"order\";s:4:\"desc\";s:9:\"page_size\";s:2:\"20\";}','N'),(280,0,'list','tbl_iblock_element_9a69a6451cab0a759d32366faef2ae32','a:4:{s:7:\"columns\";s:55:\"NAME,ACTIVE,SORT,TIMESTAMP_X,PROPERTY_20,PROPERTY_22,ID\";s:2:\"by\";s:11:\"timestamp_x\";s:5:\"order\";s:4:\"desc\";s:9:\"page_size\";s:2:\"20\";}','Y'),(284,2,'main','helper_hero_admin','a:1:{s:4:\"time\";s:10:\"1495993781\";}','N'),(285,2,'socialservices','networkPopup','a:1:{s:9:\"showcount\";s:1:\"3\";}','N'),(286,2,'admin_panel','settings','a:1:{s:4:\"edit\";s:3:\"off\";}','N'),(332,1,'filter','tbl_user_messages_filter_id','a:1:{s:4:\"rows\";s:1:\"0\";}','N'),(356,1,'BX.WindowManager.9.5','size_/bitrix/admin/public_menu_edit.php','a:2:{s:5:\"width\";s:3:\"761\";s:6:\"height\";s:3:\"590\";}','N');
/*!40000 ALTER TABLE `b_user_option` ENABLE KEYS */;
UNLOCK TABLES;

--
-- Table structure for table `b_user_stored_auth`
--

DROP TABLE IF EXISTS `b_user_stored_auth`;
/*!40101 SET @saved_cs_client     = @@character_set_client */;
/*!40101 SET character_set_client = utf8 */;
CREATE TABLE `b_user_stored_auth` (
  `ID` int(18) NOT NULL AUTO_INCREMENT,
  `USER_ID` int(18) NOT NULL,
  `DATE_REG` datetime NOT NULL,
  `LAST_AUTH` datetime NOT NULL,
  `STORED_HASH` varchar(32) COLLATE utf8_unicode_ci NOT NULL,
  `TEMP_HASH` char(1) COLLATE utf8_unicode_ci NOT NULL DEFAULT 'N',
  `IP_ADDR` int(10) unsigned NOT NULL,
  PRIMARY KEY (`ID`),
  KEY `ux_user_hash` (`USER_ID`)
) ENGINE=InnoDB AUTO_INCREMENT=2 DEFAULT CHARSET=utf8 COLLATE=utf8_unicode_ci;
/*!40101 SET character_set_client = @saved_cs_client */;

--
-- Dumping data for table `b_user_stored_auth`
--

LOCK TABLES `b_user_stored_auth` WRITE;
/*!40000 ALTER TABLE `b_user_stored_auth` DISABLE KEYS */;
INSERT INTO `b_user_stored_auth` VALUES (1,1,'2017-03-19 21:27:41','2017-03-19 21:27:41','1a20cda98590a939b57f27324a1585e1','N',2130706433);
/*!40000 ALTER TABLE `b_user_stored_auth` ENABLE KEYS */;
UNLOCK TABLES;

--
-- Table structure for table `b_utm_blog_comment`
--

DROP TABLE IF EXISTS `b_utm_blog_comment`;
/*!40101 SET @saved_cs_client     = @@character_set_client */;
/*!40101 SET character_set_client = utf8 */;
CREATE TABLE `b_utm_blog_comment` (
  `ID` int(11) NOT NULL AUTO_INCREMENT,
  `VALUE_ID` int(11) NOT NULL,
  `FIELD_ID` int(11) NOT NULL,
  `VALUE` text COLLATE utf8_unicode_ci,
  `VALUE_INT` int(11) DEFAULT NULL,
  `VALUE_DOUBLE` float DEFAULT NULL,
  `VALUE_DATE` datetime DEFAULT NULL,
  PRIMARY KEY (`ID`),
  KEY `ix_utm_BLOG_COMMENT_1` (`FIELD_ID`),
  KEY `ix_utm_BLOG_COMMENT_2` (`VALUE_ID`)
) ENGINE=InnoDB DEFAULT CHARSET=utf8 COLLATE=utf8_unicode_ci;
/*!40101 SET character_set_client = @saved_cs_client */;

--
-- Dumping data for table `b_utm_blog_comment`
--

LOCK TABLES `b_utm_blog_comment` WRITE;
/*!40000 ALTER TABLE `b_utm_blog_comment` DISABLE KEYS */;
/*!40000 ALTER TABLE `b_utm_blog_comment` ENABLE KEYS */;
UNLOCK TABLES;

--
-- Table structure for table `b_utm_blog_post`
--

DROP TABLE IF EXISTS `b_utm_blog_post`;
/*!40101 SET @saved_cs_client     = @@character_set_client */;
/*!40101 SET character_set_client = utf8 */;
CREATE TABLE `b_utm_blog_post` (
  `ID` int(11) NOT NULL AUTO_INCREMENT,
  `VALUE_ID` int(11) NOT NULL,
  `FIELD_ID` int(11) NOT NULL,
  `VALUE` text COLLATE utf8_unicode_ci,
  `VALUE_INT` int(11) DEFAULT NULL,
  `VALUE_DOUBLE` float DEFAULT NULL,
  `VALUE_DATE` datetime DEFAULT NULL,
  PRIMARY KEY (`ID`),
  KEY `ix_utm_BLOG_POST_1` (`FIELD_ID`),
  KEY `ix_utm_BLOG_POST_2` (`VALUE_ID`)
) ENGINE=InnoDB DEFAULT CHARSET=utf8 COLLATE=utf8_unicode_ci;
/*!40101 SET character_set_client = @saved_cs_client */;

--
-- Dumping data for table `b_utm_blog_post`
--

LOCK TABLES `b_utm_blog_post` WRITE;
/*!40000 ALTER TABLE `b_utm_blog_post` DISABLE KEYS */;
/*!40000 ALTER TABLE `b_utm_blog_post` ENABLE KEYS */;
UNLOCK TABLES;

--
-- Table structure for table `b_utm_forum_message`
--

DROP TABLE IF EXISTS `b_utm_forum_message`;
/*!40101 SET @saved_cs_client     = @@character_set_client */;
/*!40101 SET character_set_client = utf8 */;
CREATE TABLE `b_utm_forum_message` (
  `ID` int(11) NOT NULL AUTO_INCREMENT,
  `VALUE_ID` int(11) NOT NULL,
  `FIELD_ID` int(11) NOT NULL,
  `VALUE` text COLLATE utf8_unicode_ci,
  `VALUE_INT` int(11) DEFAULT NULL,
  `VALUE_DOUBLE` float DEFAULT NULL,
  `VALUE_DATE` datetime DEFAULT NULL,
  PRIMARY KEY (`ID`),
  KEY `ix_utm_FORUM_MESSAGE_1` (`FIELD_ID`),
  KEY `ix_utm_FORUM_MESSAGE_2` (`VALUE_ID`)
) ENGINE=MyISAM DEFAULT CHARSET=utf8 COLLATE=utf8_unicode_ci;
/*!40101 SET character_set_client = @saved_cs_client */;

--
-- Dumping data for table `b_utm_forum_message`
--

LOCK TABLES `b_utm_forum_message` WRITE;
/*!40000 ALTER TABLE `b_utm_forum_message` DISABLE KEYS */;
/*!40000 ALTER TABLE `b_utm_forum_message` ENABLE KEYS */;
UNLOCK TABLES;

--
-- Table structure for table `b_utm_user`
--

DROP TABLE IF EXISTS `b_utm_user`;
/*!40101 SET @saved_cs_client     = @@character_set_client */;
/*!40101 SET character_set_client = utf8 */;
CREATE TABLE `b_utm_user` (
  `ID` int(11) NOT NULL AUTO_INCREMENT,
  `VALUE_ID` int(11) NOT NULL,
  `FIELD_ID` int(11) NOT NULL,
  `VALUE` text COLLATE utf8_unicode_ci,
  `VALUE_INT` int(11) DEFAULT NULL,
  `VALUE_DOUBLE` float DEFAULT NULL,
  `VALUE_DATE` datetime DEFAULT NULL,
  PRIMARY KEY (`ID`),
  KEY `ix_utm_USER_1` (`FIELD_ID`),
  KEY `ix_utm_USER_2` (`VALUE_ID`)
) ENGINE=MyISAM DEFAULT CHARSET=utf8 COLLATE=utf8_unicode_ci;
/*!40101 SET character_set_client = @saved_cs_client */;

--
-- Dumping data for table `b_utm_user`
--

LOCK TABLES `b_utm_user` WRITE;
/*!40000 ALTER TABLE `b_utm_user` DISABLE KEYS */;
/*!40000 ALTER TABLE `b_utm_user` ENABLE KEYS */;
UNLOCK TABLES;

--
-- Table structure for table `b_uts_blog_comment`
--

DROP TABLE IF EXISTS `b_uts_blog_comment`;
/*!40101 SET @saved_cs_client     = @@character_set_client */;
/*!40101 SET character_set_client = utf8 */;
CREATE TABLE `b_uts_blog_comment` (
  `VALUE_ID` int(11) NOT NULL,
  `UF_BLOG_COMMENT_DOC` text COLLATE utf8_unicode_ci,
  `UF_BLOG_COMM_URL_PRV` int(11) DEFAULT NULL,
  PRIMARY KEY (`VALUE_ID`)
) ENGINE=InnoDB DEFAULT CHARSET=utf8 COLLATE=utf8_unicode_ci;
/*!40101 SET character_set_client = @saved_cs_client */;

--
-- Dumping data for table `b_uts_blog_comment`
--

LOCK TABLES `b_uts_blog_comment` WRITE;
/*!40000 ALTER TABLE `b_uts_blog_comment` DISABLE KEYS */;
/*!40000 ALTER TABLE `b_uts_blog_comment` ENABLE KEYS */;
UNLOCK TABLES;

--
-- Table structure for table `b_uts_blog_post`
--

DROP TABLE IF EXISTS `b_uts_blog_post`;
/*!40101 SET @saved_cs_client     = @@character_set_client */;
/*!40101 SET character_set_client = utf8 */;
CREATE TABLE `b_uts_blog_post` (
  `VALUE_ID` int(11) NOT NULL,
  `UF_BLOG_POST_DOC` text COLLATE utf8_unicode_ci,
  `UF_GRATITUDE` int(18) DEFAULT NULL,
  `UF_BLOG_POST_URL_PRV` int(11) DEFAULT NULL,
  PRIMARY KEY (`VALUE_ID`),
  KEY `UX_UF_BLOG_POST_IMPRTNT` (`VALUE_ID`)
) ENGINE=InnoDB DEFAULT CHARSET=utf8 COLLATE=utf8_unicode_ci;
/*!40101 SET character_set_client = @saved_cs_client */;

--
-- Dumping data for table `b_uts_blog_post`
--

LOCK TABLES `b_uts_blog_post` WRITE;
/*!40000 ALTER TABLE `b_uts_blog_post` DISABLE KEYS */;
INSERT INTO `b_uts_blog_post` VALUES (5,NULL,NULL,NULL);
/*!40000 ALTER TABLE `b_uts_blog_post` ENABLE KEYS */;
UNLOCK TABLES;

--
-- Table structure for table `b_uts_forum_message`
--

DROP TABLE IF EXISTS `b_uts_forum_message`;
/*!40101 SET @saved_cs_client     = @@character_set_client */;
/*!40101 SET character_set_client = utf8 */;
CREATE TABLE `b_uts_forum_message` (
  `VALUE_ID` int(11) NOT NULL,
  `UF_FORUM_MES_URL_PRV` int(11) DEFAULT NULL,
  PRIMARY KEY (`VALUE_ID`)
) ENGINE=MyISAM DEFAULT CHARSET=utf8 COLLATE=utf8_unicode_ci;
/*!40101 SET character_set_client = @saved_cs_client */;

--
-- Dumping data for table `b_uts_forum_message`
--

LOCK TABLES `b_uts_forum_message` WRITE;
/*!40000 ALTER TABLE `b_uts_forum_message` DISABLE KEYS */;
/*!40000 ALTER TABLE `b_uts_forum_message` ENABLE KEYS */;
UNLOCK TABLES;

--
-- Table structure for table `b_uts_user`
--

DROP TABLE IF EXISTS `b_uts_user`;
/*!40101 SET @saved_cs_client     = @@character_set_client */;
/*!40101 SET character_set_client = utf8 */;
CREATE TABLE `b_uts_user` (
  `VALUE_ID` int(11) NOT NULL,
  `UF_IM_SEARCH` text COLLATE utf8_unicode_ci,
  `UF_USER_CAR_DEMO` text COLLATE utf8_unicode_ci,
  PRIMARY KEY (`VALUE_ID`)
) ENGINE=MyISAM DEFAULT CHARSET=utf8 COLLATE=utf8_unicode_ci;
/*!40101 SET character_set_client = @saved_cs_client */;

--
-- Dumping data for table `b_uts_user`
--

LOCK TABLES `b_uts_user` WRITE;
/*!40000 ALTER TABLE `b_uts_user` DISABLE KEYS */;
INSERT INTO `b_uts_user` VALUES (1,NULL,'a:0:{}'),(2,NULL,'a:0:{}');
/*!40000 ALTER TABLE `b_uts_user` ENABLE KEYS */;
UNLOCK TABLES;

--
-- Table structure for table `b_vote`
--

DROP TABLE IF EXISTS `b_vote`;
/*!40101 SET @saved_cs_client     = @@character_set_client */;
/*!40101 SET character_set_client = utf8 */;
CREATE TABLE `b_vote` (
  `ID` int(18) NOT NULL AUTO_INCREMENT,
  `CHANNEL_ID` int(18) NOT NULL DEFAULT '0',
  `C_SORT` int(18) DEFAULT '100',
  `ACTIVE` char(1) COLLATE utf8_unicode_ci NOT NULL DEFAULT 'Y',
  `NOTIFY` char(1) COLLATE utf8_unicode_ci NOT NULL DEFAULT 'N',
  `AUTHOR_ID` int(18) DEFAULT NULL,
  `TIMESTAMP_X` datetime NOT NULL DEFAULT '0000-00-00 00:00:00',
  `DATE_START` datetime NOT NULL DEFAULT '0000-00-00 00:00:00',
  `DATE_END` datetime NOT NULL DEFAULT '0000-00-00 00:00:00',
  `URL` varchar(255) COLLATE utf8_unicode_ci DEFAULT NULL,
  `COUNTER` int(11) NOT NULL DEFAULT '0',
  `TITLE` varchar(255) COLLATE utf8_unicode_ci DEFAULT NULL,
  `DESCRIPTION` text COLLATE utf8_unicode_ci,
  `DESCRIPTION_TYPE` varchar(4) COLLATE utf8_unicode_ci NOT NULL DEFAULT 'html',
  `IMAGE_ID` int(18) DEFAULT NULL,
  `EVENT1` varchar(255) COLLATE utf8_unicode_ci DEFAULT NULL,
  `EVENT2` varchar(255) COLLATE utf8_unicode_ci DEFAULT NULL,
  `EVENT3` varchar(255) COLLATE utf8_unicode_ci DEFAULT NULL,
  `UNIQUE_TYPE` int(18) NOT NULL DEFAULT '2',
  `KEEP_IP_SEC` int(18) DEFAULT NULL,
  `DELAY` int(18) DEFAULT NULL,
  `DELAY_TYPE` char(1) COLLATE utf8_unicode_ci DEFAULT NULL,
  `TEMPLATE` varchar(255) COLLATE utf8_unicode_ci DEFAULT NULL,
  `RESULT_TEMPLATE` varchar(255) COLLATE utf8_unicode_ci DEFAULT NULL,
  PRIMARY KEY (`ID`),
  KEY `IX_CHANNEL_ID` (`CHANNEL_ID`)
) ENGINE=InnoDB DEFAULT CHARSET=utf8 COLLATE=utf8_unicode_ci;
/*!40101 SET character_set_client = @saved_cs_client */;

--
-- Dumping data for table `b_vote`
--

LOCK TABLES `b_vote` WRITE;
/*!40000 ALTER TABLE `b_vote` DISABLE KEYS */;
/*!40000 ALTER TABLE `b_vote` ENABLE KEYS */;
UNLOCK TABLES;

--
-- Table structure for table `b_vote_answer`
--

DROP TABLE IF EXISTS `b_vote_answer`;
/*!40101 SET @saved_cs_client     = @@character_set_client */;
/*!40101 SET character_set_client = utf8 */;
CREATE TABLE `b_vote_answer` (
  `ID` int(18) NOT NULL AUTO_INCREMENT,
  `ACTIVE` char(1) COLLATE utf8_unicode_ci NOT NULL DEFAULT 'Y',
  `TIMESTAMP_X` datetime NOT NULL DEFAULT '0000-00-00 00:00:00',
  `QUESTION_ID` int(18) NOT NULL DEFAULT '0',
  `C_SORT` int(18) DEFAULT '100',
  `MESSAGE` text COLLATE utf8_unicode_ci,
  `MESSAGE_TYPE` varchar(4) COLLATE utf8_unicode_ci NOT NULL DEFAULT 'html',
  `COUNTER` int(18) NOT NULL DEFAULT '0',
  `FIELD_TYPE` int(5) NOT NULL DEFAULT '0',
  `FIELD_WIDTH` int(18) DEFAULT NULL,
  `FIELD_HEIGHT` int(18) DEFAULT NULL,
  `FIELD_PARAM` varchar(255) COLLATE utf8_unicode_ci DEFAULT NULL,
  `COLOR` varchar(7) COLLATE utf8_unicode_ci DEFAULT NULL,
  PRIMARY KEY (`ID`),
  KEY `IX_QUESTION_ID` (`QUESTION_ID`)
) ENGINE=InnoDB DEFAULT CHARSET=utf8 COLLATE=utf8_unicode_ci;
/*!40101 SET character_set_client = @saved_cs_client */;

--
-- Dumping data for table `b_vote_answer`
--

LOCK TABLES `b_vote_answer` WRITE;
/*!40000 ALTER TABLE `b_vote_answer` DISABLE KEYS */;
/*!40000 ALTER TABLE `b_vote_answer` ENABLE KEYS */;
UNLOCK TABLES;

--
-- Table structure for table `b_vote_channel`
--

DROP TABLE IF EXISTS `b_vote_channel`;
/*!40101 SET @saved_cs_client     = @@character_set_client */;
/*!40101 SET character_set_client = utf8 */;
CREATE TABLE `b_vote_channel` (
  `ID` int(18) NOT NULL AUTO_INCREMENT,
  `SYMBOLIC_NAME` varchar(255) COLLATE utf8_unicode_ci NOT NULL,
  `C_SORT` int(18) DEFAULT '100',
  `FIRST_SITE_ID` char(2) COLLATE utf8_unicode_ci DEFAULT NULL,
  `ACTIVE` char(1) COLLATE utf8_unicode_ci NOT NULL DEFAULT 'Y',
  `HIDDEN` char(1) COLLATE utf8_unicode_ci NOT NULL DEFAULT 'N',
  `TIMESTAMP_X` datetime NOT NULL DEFAULT '0000-00-00 00:00:00',
  `TITLE` varchar(255) COLLATE utf8_unicode_ci NOT NULL,
  `VOTE_SINGLE` char(1) COLLATE utf8_unicode_ci NOT NULL DEFAULT 'Y',
  `USE_CAPTCHA` char(1) COLLATE utf8_unicode_ci NOT NULL DEFAULT 'N',
  PRIMARY KEY (`ID`)
) ENGINE=InnoDB AUTO_INCREMENT=2 DEFAULT CHARSET=utf8 COLLATE=utf8_unicode_ci;
/*!40101 SET character_set_client = @saved_cs_client */;

--
-- Dumping data for table `b_vote_channel`
--

LOCK TABLES `b_vote_channel` WRITE;
/*!40000 ALTER TABLE `b_vote_channel` DISABLE KEYS */;
INSERT INTO `b_vote_channel` VALUES (1,'UF_BLOG_POST_VOTE',100,NULL,'Y','Y','2017-03-05 10:47:27','UF_BLOG_POST_VOTE','N','N');
/*!40000 ALTER TABLE `b_vote_channel` ENABLE KEYS */;
UNLOCK TABLES;

--
-- Table structure for table `b_vote_channel_2_group`
--

DROP TABLE IF EXISTS `b_vote_channel_2_group`;
/*!40101 SET @saved_cs_client     = @@character_set_client */;
/*!40101 SET character_set_client = utf8 */;
CREATE TABLE `b_vote_channel_2_group` (
  `ID` int(18) NOT NULL AUTO_INCREMENT,
  `CHANNEL_ID` int(18) NOT NULL DEFAULT '0',
  `GROUP_ID` int(18) NOT NULL DEFAULT '0',
  `PERMISSION` int(18) NOT NULL DEFAULT '0',
  PRIMARY KEY (`ID`),
  KEY `IX_VOTE_CHANNEL_ID_GROUP_ID` (`CHANNEL_ID`,`GROUP_ID`)
) ENGINE=InnoDB AUTO_INCREMENT=4 DEFAULT CHARSET=utf8 COLLATE=utf8_unicode_ci;
/*!40101 SET character_set_client = @saved_cs_client */;

--
-- Dumping data for table `b_vote_channel_2_group`
--

LOCK TABLES `b_vote_channel_2_group` WRITE;
/*!40000 ALTER TABLE `b_vote_channel_2_group` DISABLE KEYS */;
INSERT INTO `b_vote_channel_2_group` VALUES (1,1,2,1),(2,1,3,4),(3,1,4,4);
/*!40000 ALTER TABLE `b_vote_channel_2_group` ENABLE KEYS */;
UNLOCK TABLES;

--
-- Table structure for table `b_vote_channel_2_site`
--

DROP TABLE IF EXISTS `b_vote_channel_2_site`;
/*!40101 SET @saved_cs_client     = @@character_set_client */;
/*!40101 SET character_set_client = utf8 */;
CREATE TABLE `b_vote_channel_2_site` (
  `CHANNEL_ID` int(18) NOT NULL DEFAULT '0',
  `SITE_ID` char(2) COLLATE utf8_unicode_ci NOT NULL,
  PRIMARY KEY (`CHANNEL_ID`,`SITE_ID`)
) ENGINE=InnoDB DEFAULT CHARSET=utf8 COLLATE=utf8_unicode_ci;
/*!40101 SET character_set_client = @saved_cs_client */;

--
-- Dumping data for table `b_vote_channel_2_site`
--

LOCK TABLES `b_vote_channel_2_site` WRITE;
/*!40000 ALTER TABLE `b_vote_channel_2_site` DISABLE KEYS */;
INSERT INTO `b_vote_channel_2_site` VALUES (1,'s1');
/*!40000 ALTER TABLE `b_vote_channel_2_site` ENABLE KEYS */;
UNLOCK TABLES;

--
-- Table structure for table `b_vote_event`
--

DROP TABLE IF EXISTS `b_vote_event`;
/*!40101 SET @saved_cs_client     = @@character_set_client */;
/*!40101 SET character_set_client = utf8 */;
CREATE TABLE `b_vote_event` (
  `ID` int(18) NOT NULL AUTO_INCREMENT,
  `VOTE_ID` int(18) NOT NULL DEFAULT '0',
  `VOTE_USER_ID` int(18) NOT NULL DEFAULT '0',
  `DATE_VOTE` datetime NOT NULL DEFAULT '0000-00-00 00:00:00',
  `STAT_SESSION_ID` int(18) DEFAULT NULL,
  `IP` varchar(15) COLLATE utf8_unicode_ci DEFAULT NULL,
  `VALID` char(1) COLLATE utf8_unicode_ci NOT NULL DEFAULT 'Y',
  PRIMARY KEY (`ID`),
  KEY `IX_USER_ID` (`VOTE_USER_ID`),
  KEY `IX_B_VOTE_EVENT_2` (`VOTE_ID`,`IP`)
) ENGINE=InnoDB DEFAULT CHARSET=utf8 COLLATE=utf8_unicode_ci;
/*!40101 SET character_set_client = @saved_cs_client */;

--
-- Dumping data for table `b_vote_event`
--

LOCK TABLES `b_vote_event` WRITE;
/*!40000 ALTER TABLE `b_vote_event` DISABLE KEYS */;
/*!40000 ALTER TABLE `b_vote_event` ENABLE KEYS */;
UNLOCK TABLES;

--
-- Table structure for table `b_vote_event_answer`
--

DROP TABLE IF EXISTS `b_vote_event_answer`;
/*!40101 SET @saved_cs_client     = @@character_set_client */;
/*!40101 SET character_set_client = utf8 */;
CREATE TABLE `b_vote_event_answer` (
  `ID` int(18) NOT NULL AUTO_INCREMENT,
  `EVENT_QUESTION_ID` int(18) NOT NULL DEFAULT '0',
  `ANSWER_ID` int(18) NOT NULL DEFAULT '0',
  `MESSAGE` text COLLATE utf8_unicode_ci,
  PRIMARY KEY (`ID`),
  KEY `IX_EVENT_QUESTION_ID` (`EVENT_QUESTION_ID`)
) ENGINE=InnoDB DEFAULT CHARSET=utf8 COLLATE=utf8_unicode_ci;
/*!40101 SET character_set_client = @saved_cs_client */;

--
-- Dumping data for table `b_vote_event_answer`
--

LOCK TABLES `b_vote_event_answer` WRITE;
/*!40000 ALTER TABLE `b_vote_event_answer` DISABLE KEYS */;
/*!40000 ALTER TABLE `b_vote_event_answer` ENABLE KEYS */;
UNLOCK TABLES;

--
-- Table structure for table `b_vote_event_question`
--

DROP TABLE IF EXISTS `b_vote_event_question`;
/*!40101 SET @saved_cs_client     = @@character_set_client */;
/*!40101 SET character_set_client = utf8 */;
CREATE TABLE `b_vote_event_question` (
  `ID` int(18) NOT NULL AUTO_INCREMENT,
  `EVENT_ID` int(18) NOT NULL DEFAULT '0',
  `QUESTION_ID` int(18) NOT NULL DEFAULT '0',
  PRIMARY KEY (`ID`),
  KEY `IX_EVENT_ID` (`EVENT_ID`)
) ENGINE=InnoDB DEFAULT CHARSET=utf8 COLLATE=utf8_unicode_ci;
/*!40101 SET character_set_client = @saved_cs_client */;

--
-- Dumping data for table `b_vote_event_question`
--

LOCK TABLES `b_vote_event_question` WRITE;
/*!40000 ALTER TABLE `b_vote_event_question` DISABLE KEYS */;
/*!40000 ALTER TABLE `b_vote_event_question` ENABLE KEYS */;
UNLOCK TABLES;

--
-- Table structure for table `b_vote_question`
--

DROP TABLE IF EXISTS `b_vote_question`;
/*!40101 SET @saved_cs_client     = @@character_set_client */;
/*!40101 SET character_set_client = utf8 */;
CREATE TABLE `b_vote_question` (
  `ID` int(18) NOT NULL AUTO_INCREMENT,
  `ACTIVE` char(1) COLLATE utf8_unicode_ci NOT NULL DEFAULT 'Y',
  `TIMESTAMP_X` datetime NOT NULL DEFAULT '0000-00-00 00:00:00',
  `VOTE_ID` int(18) NOT NULL DEFAULT '0',
  `C_SORT` int(18) DEFAULT '100',
  `COUNTER` int(11) NOT NULL DEFAULT '0',
  `QUESTION` text COLLATE utf8_unicode_ci NOT NULL,
  `QUESTION_TYPE` varchar(4) COLLATE utf8_unicode_ci NOT NULL DEFAULT 'html',
  `IMAGE_ID` int(18) DEFAULT NULL,
  `DIAGRAM` char(1) COLLATE utf8_unicode_ci NOT NULL DEFAULT 'Y',
  `REQUIRED` char(1) COLLATE utf8_unicode_ci NOT NULL DEFAULT 'N',
  `DIAGRAM_TYPE` varchar(10) COLLATE utf8_unicode_ci NOT NULL DEFAULT 'histogram',
  `TEMPLATE` varchar(255) COLLATE utf8_unicode_ci DEFAULT NULL,
  `TEMPLATE_NEW` varchar(255) COLLATE utf8_unicode_ci DEFAULT NULL,
  PRIMARY KEY (`ID`),
  KEY `IX_VOTE_ID` (`VOTE_ID`)
) ENGINE=InnoDB DEFAULT CHARSET=utf8 COLLATE=utf8_unicode_ci;
/*!40101 SET character_set_client = @saved_cs_client */;

--
-- Dumping data for table `b_vote_question`
--

LOCK TABLES `b_vote_question` WRITE;
/*!40000 ALTER TABLE `b_vote_question` DISABLE KEYS */;
/*!40000 ALTER TABLE `b_vote_question` ENABLE KEYS */;
UNLOCK TABLES;

--
-- Table structure for table `b_vote_user`
--

DROP TABLE IF EXISTS `b_vote_user`;
/*!40101 SET @saved_cs_client     = @@character_set_client */;
/*!40101 SET character_set_client = utf8 */;
CREATE TABLE `b_vote_user` (
  `ID` int(18) NOT NULL AUTO_INCREMENT,
  `STAT_GUEST_ID` int(18) DEFAULT NULL,
  `AUTH_USER_ID` int(18) DEFAULT NULL,
  `COUNTER` int(18) NOT NULL DEFAULT '0',
  `DATE_FIRST` datetime NOT NULL DEFAULT '0000-00-00 00:00:00',
  `DATE_LAST` datetime NOT NULL DEFAULT '0000-00-00 00:00:00',
  `LAST_IP` varchar(15) COLLATE utf8_unicode_ci DEFAULT NULL,
  PRIMARY KEY (`ID`)
) ENGINE=InnoDB DEFAULT CHARSET=utf8 COLLATE=utf8_unicode_ci;
/*!40101 SET character_set_client = @saved_cs_client */;

--
-- Dumping data for table `b_vote_user`
--

LOCK TABLES `b_vote_user` WRITE;
/*!40000 ALTER TABLE `b_vote_user` DISABLE KEYS */;
/*!40000 ALTER TABLE `b_vote_user` ENABLE KEYS */;
UNLOCK TABLES;

--
-- Table structure for table `items_type`
--

DROP TABLE IF EXISTS `items_type`;
/*!40101 SET @saved_cs_client     = @@character_set_client */;
/*!40101 SET character_set_client = utf8 */;
CREATE TABLE `items_type` (
  `ID` int(11) unsigned NOT NULL AUTO_INCREMENT,
  `UF_ACTIVE` int(18) DEFAULT NULL,
  `UF_CATALOG_SECTION` int(18) DEFAULT NULL,
  `UF_ITEM_TYPE` text,
  PRIMARY KEY (`ID`)
) ENGINE=InnoDB AUTO_INCREMENT=12 DEFAULT CHARSET=utf8;
/*!40101 SET character_set_client = @saved_cs_client */;

--
-- Dumping data for table `items_type`
--

LOCK TABLES `items_type` WRITE;
/*!40000 ALTER TABLE `items_type` DISABLE KEYS */;
INSERT INTO `items_type` VALUES (1,1,8,'Оружие'),(4,1,8,'Жопа с ручкой'),(5,1,8,'курятина1'),(6,1,8,'курятина2'),(7,1,8,'курятина3'),(9,1,24,'мухомор'),(10,1,8,'Говно'),(11,1,8,'штаны льняные');
/*!40000 ALTER TABLE `items_type` ENABLE KEYS */;
UNLOCK TABLES;

--
-- Table structure for table `sprint_migration_versions`
--

DROP TABLE IF EXISTS `sprint_migration_versions`;
/*!40101 SET @saved_cs_client     = @@character_set_client */;
/*!40101 SET character_set_client = utf8 */;
CREATE TABLE `sprint_migration_versions` (
  `id` mediumint(9) NOT NULL AUTO_INCREMENT,
  `version` varchar(255) NOT NULL,
  PRIMARY KEY (`id`),
  UNIQUE KEY `version` (`version`)
) ENGINE=InnoDB DEFAULT CHARSET=utf8;
/*!40101 SET character_set_client = @saved_cs_client */;

--
-- Dumping data for table `sprint_migration_versions`
--

LOCK TABLES `sprint_migration_versions` WRITE;
/*!40000 ALTER TABLE `sprint_migration_versions` DISABLE KEYS */;
/*!40000 ALTER TABLE `sprint_migration_versions` ENABLE KEYS */;
UNLOCK TABLES;

--
-- Table structure for table `user_messages`
--

DROP TABLE IF EXISTS `user_messages`;
/*!40101 SET @saved_cs_client     = @@character_set_client */;
/*!40101 SET character_set_client = utf8 */;
CREATE TABLE `user_messages` (
  `ID` int(11) unsigned NOT NULL AUTO_INCREMENT,
  `UF_USER_ID_FROM` int(18) DEFAULT NULL,
  `UF_USER_ID_TO` int(18) DEFAULT NULL,
  `UF_PRODUCT_ID` int(18) DEFAULT NULL,
  `UF_TYPE` text COLLATE utf8_unicode_ci,
  `UF_TITLE` text COLLATE utf8_unicode_ci,
  `UF_BODY` text COLLATE utf8_unicode_ci,
  `UF_IS_READ` int(18) DEFAULT NULL,
  `UF_IS_DELETED_TO` int(18) DEFAULT NULL,
  `UF_IS_DELETED_FROM` int(18) DEFAULT NULL,
  `UF_TIMESTAMP` datetime DEFAULT NULL,
  PRIMARY KEY (`ID`)
) ENGINE=InnoDB AUTO_INCREMENT=27 DEFAULT CHARSET=utf8 COLLATE=utf8_unicode_ci;
/*!40101 SET character_set_client = @saved_cs_client */;

--
-- Dumping data for table `user_messages`
--

LOCK TABLES `user_messages` WRITE;
/*!40000 ALTER TABLE `user_messages` DISABLE KEYS */;
/*!40000 ALTER TABLE `user_messages` ENABLE KEYS */;
UNLOCK TABLES;
/*!40103 SET TIME_ZONE=@OLD_TIME_ZONE */;

/*!40101 SET SQL_MODE=@OLD_SQL_MODE */;
/*!40014 SET FOREIGN_KEY_CHECKS=@OLD_FOREIGN_KEY_CHECKS */;
/*!40014 SET UNIQUE_CHECKS=@OLD_UNIQUE_CHECKS */;
/*!40101 SET CHARACTER_SET_CLIENT=@OLD_CHARACTER_SET_CLIENT */;
/*!40101 SET CHARACTER_SET_RESULTS=@OLD_CHARACTER_SET_RESULTS */;
/*!40101 SET COLLATION_CONNECTION=@OLD_COLLATION_CONNECTION */;
/*!40111 SET SQL_NOTES=@OLD_SQL_NOTES */;

-- Dump completed on 2017-05-24 20:10:28
